pool_hash,pool_id,retiring_epoch,source,generated_at
0000010af532160ab54da40c2be5b1271714462bb65197afaa470bd8,pool1qqqqzzh4xgtq4d2d5sxzhed3yut3g33tkege0ta2gu9asw0lnwp,217,https://koios.tosidrop.me/api/v1/pool_updates,2026-05-19T23:10:03+00:00
000001442e7b05b3da1efca704b03e50503ed280f0c51f1f8c94bbd9,pool1qqqqz3pw0vzm8ks7ljnsfvp72pgra55q7rz378uvjjaajzrgj7m,229,https://koios.tosidrop.me/api/v1/pool_updates,2026-05-19T23:10:03+00:00
000001eeedc50bb34888dcee3f8b4679ff575408846406d1370c0e8c,pool1qqqqrmhdc59mxjygmnhrlz6x08l4w4qgs3jqd5fhps8gcghjh4t,229,https://koios.tosidrop.me/api/v1/pool_updates,2026-05-19T23:10:03+00:00
00000722842ca5ae6575eecd1ddb629e7a61fef816c22a75bbfb1ad4,pool1qqqqwg5y9jj6uet4amx3mkmzneaxrlhczmpz5admlvddgyhtnug,554,https://koios.tosidrop.me/api/v1/pool_updates,2026-05-19T23:10:03+00:00
000022b3f0b748a43239c5024c58f852c05593cd0a77a798f0bb3a14,pool1qqqz9vlskay2gv3ec5pyck8c2tq9ty7dpfm60x8shvapguhcemt,318,https://koios.tosidrop.me/api/v1/pool_updates,2026-05-19T23:10:03+00:00
00003e2c67a19f5cec109ffb840b4d1ac41604ec8db7fb38e80cc432,pool1qqqrutr85x04emqsnlacgz6drtzpvp8v3kmlkw8gpnzry67qeuz,240,https://koios.tosidrop.me/api/v1/pool_updates,2026-05-19T23:10:03+00:00
00008d6abd6bf0dafbc7f64b68267f5716e1992d0e845eb22d05065b,pool1qqqg664ad0cd47787e9ksfnl2utwrxfdp6z9av3dq5r9k6qfurw,209,https://koios.tosidrop.me/api/v1/pool_updates,2026-05-19T23:10:03+00:00
0000f84794067179f37ea0d80bb2216beca93d1fb8601f427bc36906,pool1qqq0s3u5qechnum75rvqhv3pd0k2j0glhpsp7snmcd5svcycemg,223,https://koios.tosidrop.me/api/v1/pool_updates,2026-05-19T23:10:03+00:00
0001a007008ad930089e1be2de42ef058ac18ce761e8dd2651740b7a,pool1qqq6qpcq3tvnqzy7r03dush0qk9vrr88v85d6fj3ws9h5zj0h8w,302,https://koios.tosidrop.me/api/v1/pool_updates,2026-05-19T23:10:03+00:00
0001a00910e9e6ae309e0f216aa6669b9a711bc627c98cb66e8f11b0,pool1qqq6qzgsa8n2uvy7pusk4fnxnwd8zx7xylycednw3ugmqxk9mps,214,https://koios.tosidrop.me/api/v1/pool_updates,2026-05-19T23:10:03+00:00
000e7d6006ecbe1a52a18ffd45fdaee2c2aff6c9160610889733747f,pool1qq886cqxajlp554p3l75tldwutp2lakfzcrppzyhxd687u86864,262,https://koios.tosidrop.me/api/v1/pool_updates,2026-05-19T23:10:03+00:00
0014cda8c1c48b64d542ae26e8b65d9e1953c0d5562ee620d6900f4c,pool1qq2vm2xpcj9kf42z4cnw3djancv48sx42chwvgxkjq85ceu8k0x,396,https://koios.tosidrop.me/api/v1/pool_updates,2026-05-19T23:10:03+00:00
002215ea4fa2c828b15ed36c3a48348f3cfd40e1a99ccdab956de396,pool1qq3pt6j05tyz3v276dkr5jp53u706s8p4xwvm2u4dh3ev5k6x6q,213,https://koios.tosidrop.me/api/v1/pool_updates,2026-05-19T23:10:03+00:00
002215ea4fa2c828b15ed36c3a48348f3cfd40e1a99ccdab956de396,pool1qq3pt6j05tyz3v276dkr5jp53u706s8p4xwvm2u4dh3ev5k6x6q,231,https://koios.tosidrop.me/api/v1/pool_updates,2026-05-19T23:10:03+00:00
0036c901c2c2221798e5e96edd7d0e600077114ed6f067e21d302a6d,pool1qqmvjqwzcg3p0x89a9hd6lgwvqq8wy2w6mcx0csaxq4x6xz7qyn,479,https://koios.tosidrop.me/api/v1/pool_updates,2026-05-19T23:10:03+00:00
00429f0a3e8c48d644a9b45babd09b86c367efe745a35b31f10e859f,pool1qppf7z3733ydv39fk3d6h5ymsmpk0ml8gk34kv03p6ze78glq8e,228,https://koios.tosidrop.me/api/v1/pool_updates,2026-05-19T23:10:03+00:00
0054fc7a4e34f9a1eef15a05fdfc9d323deeb9b72a4b5ec514247e66,pool1qp20c7jwxnu6rmh3tgzlmlyaxg77awdh9f94a3g5y3lxvr523rn,442,https://koios.tosidrop.me/api/v1/pool_updates,2026-05-19T23:10:03+00:00
0061f1fb011f03e92d0ac7bfd3287703d2b580c62275a48512153610,pool1qpslr7cprup7jtg2c7lax2rhq0fttqxxyf66fpgjz5mpqckfwv0,219,https://koios.tosidrop.me/api/v1/pool_updates,2026-05-19T23:10:03+00:00
008371cdb3cb14331b4ccd3bac369274906a26c8a00604e9b2785890,pool1qzphrndnev2rxx6ve5a6cd5jwjgx5fkg5qrqf6dj0pvfq92qgsk,319,https://koios.tosidrop.me/api/v1/pool_updates,2026-05-19T23:10:03+00:00
00899a514284b2fd60e472fb86e73a47e06f8c7687fdfd0360def9aa,pool1qzye552zsje06c8ywtacdee6glsxlrrksl7l6qmqmmu655vxjq3,287,https://koios.tosidrop.me/api/v1/pool_updates,2026-05-19T23:10:03+00:00
0089edb03016268a135babbbe8fb1f12f5789fc7718e67255bfbe570,pool1qzy7mvpszcng5y6m4wa737clzt6h3878wx8xwf2ml0jhqkk7h8l,361,https://koios.tosidrop.me/api/v1/pool_updates,2026-05-19T23:10:03+00:00
008d0cccc133f9bc62b019ff9ebfa91f87bb0098b200589c97498ba4,pool1qzxsenxpx0umcc4sr8lea0afr7rmkqyckgq938yhfx96guljry6,318,https://koios.tosidrop.me/api/v1/pool_updates,2026-05-19T23:10:03+00:00
00a6461d1561987241f41c34d42c5c5830a11510d3007a32d33f007e,pool1qznyv8g4vxv8ys05rs6dgtzutqc2z9gs6vq85vkn8uq8u0c83we,531,https://koios.tosidrop.me/api/v1/pool_updates,2026-05-19T23:10:03+00:00
00ada001da33509b92d06bf6673c5a0898a32299be8b15b0521fdff3,pool1qzk6qqw6xdgfhyksd0mxw0z6pzv2xg5eh693tvzjrl0lxn9k2tt,230,https://koios.tosidrop.me/api/v1/pool_updates,2026-05-19T23:10:03+00:00
00beef05265868691b25930b35ec40bedbd65758f13e9f1303ea81bc,pool1qzlw7pfxtp5xjxe9jv9ntmzqhmdav46c7ylf7ycra2qmctqgr2h,272,https://koios.tosidrop.me/api/v1/pool_updates,2026-05-19T23:10:03+00:00
00beef093364aeb927bd422c74bae9b1ce7aae4e73057cf8027cc79f,pool1qzlw7zfnvjhtjfaaggk8fwhfk8884tjwwvzhe7qz0nre7y7vv7a,211,https://koios.tosidrop.me/api/v1/pool_updates,2026-05-19T23:10:03+00:00
00d601ddf129870ea2fb5cb8403fec9460ccf2228288e3ae8eaa71c0,pool1qrtqrh039xrsaghmtjuyq0lvj3sveu3zs2yw8t5w4fcuquvct4f,288,https://koios.tosidrop.me/api/v1/pool_updates,2026-05-19T23:10:03+00:00
00f1cc7638e0099f09131633d4485b69b695eaa715abfa4962e2c7aa,pool1qrcuca3cuqye7zgnzceagjzmdxmft648zk4l5jtzutr65g8j9ax,320,https://koios.tosidrop.me/api/v1/pool_updates,2026-05-19T23:10:03+00:00
010135d6c273b169481091d1b1486ec8e21b978de354c1572f3c4429,pool1qyqnt4kzwwckjjqsj8gmzjrwer3ph9udud2vz4e083zzja6trg9,287,https://koios.tosidrop.me/api/v1/pool_updates,2026-05-19T23:10:03+00:00
01068ca3277b664a7141bf52c9d78a7561d4cf4c82532b9aa0d963d2,pool1qyrgege80dny5u2phafvn4u2w4safn6vsffjhx4qm93ay0dkknl,318,https://koios.tosidrop.me/api/v1/pool_updates,2026-05-19T23:10:03+00:00
0115102819d567aeb897189fd2fbf68d442c3101b2b3560377940fa8,pool1qy23q2qe64n6awyhrz0a97lk34zzcvgpk2e4vqmhjs86swwp9gn,341,https://koios.tosidrop.me/api/v1/pool_updates,2026-05-19T23:10:03+00:00
011980611145371918f7328e4a411603365fe4be278c915f9cad16a2,pool1qyvcqcg3g5m3jx8hx28y5sgkqvm9le97y7xfzhuu45t2yjednzu,247,https://koios.tosidrop.me/api/v1/pool_updates,2026-05-19T23:10:03+00:00
011a724a13116f7468939dc20b25ce4e2b0312e08d58abf11f8ea737,pool1qyd8yjsnz9hhg6ynnhpqkfwwfc4sxyhq34v2hugl36nnwdy0xne,259,https://koios.tosidrop.me/api/v1/pool_updates,2026-05-19T23:10:03+00:00
0126c482283df9e693f28a25fb7e0ad890db5a269c695361069dfc81,pool1qynvfq3g8hu7dylj3gjlkls2mzgdkk3xn354xcgxnh7gz4zmct2,250,https://koios.tosidrop.me/api/v1/pool_updates,2026-05-19T23:10:03+00:00
012abf0f0a65192fcba3e5e305fe13478f0cd58f271873b0f20ddb10,pool1qy4t7rc2v5vjljaruh3stlsng78se4v0yuv88v8jphd3qmcmff4,470,https://koios.tosidrop.me/api/v1/pool_updates,2026-05-19T23:10:03+00:00
01319224f035ed6a4566ce83a0190c0e14b5615254a91605ba4834d8,pool1qyceyf8sxhkk53txe6p6qxgvpc2t2c2j2j53vpd6fq6dszga2mh,280,https://koios.tosidrop.me/api/v1/pool_updates,2026-05-19T23:10:03+00:00
01c1b3f6a85328ea68000141a3e10965a9c83b5ba151d3ebfc85ded7,pool1q8qm8a4g2v5w56qqq9q68cgfvk5usw6m59ga86lush0dw77gsvp,269,https://koios.tosidrop.me/api/v1/pool_updates,2026-05-19T23:10:03+00:00
01ce3b3f62a8beeee50023b546797699c35e554c26fc5888719d7c42,pool1q88rk0mz4zlwaegqyw65v7tkn8p4u42vym793zr3n47yycjvqsw,538,https://koios.tosidrop.me/api/v1/pool_updates,2026-05-19T23:10:03+00:00
01db6bb95c32c2002a4ad315cff5512005cd51ff8cc4bd7c43d2dd1b,pool1q8dkhw2uxtpqq2j26v2ula23yqzu650l3nzt6lzr6tw3kdu63w5,264,https://koios.tosidrop.me/api/v1/pool_updates,2026-05-19T23:10:03+00:00
01f74d694b5ade280d69d8747015cc617f06b68f52ff468d2a3d6213,pool1q8m5662ttt0zsrtfmp68q9wvv9lsdd502tl5drf2843px92x3gs,223,https://koios.tosidrop.me/api/v1/pool_updates,2026-05-19T23:10:03+00:00
0225819c5f6b82556ac9d336fc6a317271dddb39093e80e18e5550db,pool1qgjcr8zldwp926kf6vm0c633wfcamkeepylgpcvw24gdksr0ng2,322,https://koios.tosidrop.me/api/v1/pool_updates,2026-05-19T23:10:03+00:00
02365aa8d82d1c74e8103298d8d1178020424587387586efb7351db7,pool1qgm942xc95w8f6qsx2vd35ghsqsyy3v88p6cdmahx5wmwjscahf,309,https://koios.tosidrop.me/api/v1/pool_updates,2026-05-19T23:10:03+00:00
023d9e51823822cfa51fd51858883823db06bac93932a390cd923bda,pool1qg7eu5vz8q3vlfgl65v93zpcy0dsdwkf8ye28yxdjgaa5xtekx3,274,https://koios.tosidrop.me/api/v1/pool_updates,2026-05-19T23:10:03+00:00
0245270d7c0918233fab0d03d8ecea67a0712b2020129ebd03091359,pool1qfzjwrtupyvzx0atp5pa3m82v7s8z2eqyqffa0grpyf4j349h6r,286,https://koios.tosidrop.me/api/v1/pool_updates,2026-05-19T23:10:03+00:00
0245609e0cc7bb72b13cc636d3251e987f515f89abac21431764c1a8,pool1qfzkp8svc7ah9vfuccmdxfg7npl4zhuf4wkzzschvnq6s03z7jr,366,https://koios.tosidrop.me/api/v1/pool_updates,2026-05-19T23:10:03+00:00
02628b1252ace3adaea5d7da6b432eae66fa072e1b064e9a6e29a87b,pool1qf3gkyjj4n36mt496ldxksew4en05pewrvryaxnw9x58kclhzxt,258,https://koios.tosidrop.me/api/v1/pool_updates,2026-05-19T23:10:03+00:00
027a08f49ad5ece08e3a1575fb9cd8e8d7cf3b7815807a20b1a715f1,pool1qfaq3ay66hkwpr36z46lh8xcartu7wmczkq85g935u2lzxsq47c,244,https://koios.tosidrop.me/api/v1/pool_updates,2026-05-19T23:10:03+00:00
029a95029b1f7549397ee13dff9c8b551ac9b2f588b6aca9ee7a0cb3,pool1q2df2q5mra65jwt7uy7ll8yt25dvnvh43zm2e20w0gxtxh896gt,214,https://koios.tosidrop.me/api/v1/pool_updates,2026-05-19T23:10:03+00:00
02a0713356dde60c05d703f63c3eecf87a23d655ea1d133efed8b1a5,pool1q2s8zv6kmhnqcpwhq0mrc0hvlpaz84j4agw3x0h7mzc628g245l,255,https://koios.tosidrop.me/api/v1/pool_updates,2026-05-19T23:10:03+00:00
02a952734e210af569b3c78cd23fdb3113ee70ffb5e42b2da1e3e085,pool1q254yu6wyy9026dnc7xdy07mxyf7uu8lkhjzktdpu0sg22q0uhz,277,https://koios.tosidrop.me/api/v1/pool_updates,2026-05-19T23:10:03+00:00
02c7bc63afd139ca2f651259abf66bb6d4605feaade7b41ed3d9bc19,pool1qtrmcca06yuu5tm9zfv6hantkm2xqhl24hnmg8knmx7pjt2cw7m,514,https://koios.tosidrop.me/api/v1/pool_updates,2026-05-19T23:10:03+00:00
02c7fc9aa1f415c8596f0957f68a3908dbdf458da4d09be93ddd608b,pool1qtrlex4p7s2uskt0p9tldz3eprda73vd5ngfh6fam4sgkpmazfx,506,https://koios.tosidrop.me/api/v1/pool_updates,2026-05-19T23:10:03+00:00
02d8d38081492f1c5163f3084efad8d51827e47c5c16351153e3def8,pool1qtvd8qypfyh3c5tr7vyya7kc65vz0erutstr2y2nu000shrg0uj,417,https://koios.tosidrop.me/api/v1/pool_updates,2026-05-19T23:10:03+00:00
02e5d85c1cfbfb380646c5a1ebe96d9d94aa5dcd3feffc0995f33bde,pool1qtjashqul0anspjxcks7h6tdnk225hwd8lhlczv47vaauvwwvn7,239,https://koios.tosidrop.me/api/v1/pool_updates,2026-05-19T23:10:03+00:00
02e74c92941cb2a3cdc0d62cc8ccc91565cdd547a33d2f9867175f14,pool1qtn5ey55rje28nwq6ckv3nxfz4jum4285v7jlxr8za03gld7yep,361,https://koios.tosidrop.me/api/v1/pool_updates,2026-05-19T23:10:03+00:00
0325dd2b87d4aaa9a87f4813db0ace4ab8e873d5002d4471cbc8e916,pool1qvja62u86j42n2rlfqfakzkwf2uwsu74qqk5guwter53vjr9vy5,420,https://koios.tosidrop.me/api/v1/pool_updates,2026-05-19T23:10:03+00:00
033a87edb0478f47318210a7b38aa7b0ccdb4c7de73ca605553eda26,pool1qvag0mdsg785wvvzzznm8z48krxdknrauu72vp248mdzv0lns4t,416,https://koios.tosidrop.me/api/v1/pool_updates,2026-05-19T23:10:03+00:00
033c7a00ae33e9a0fa6802b388ccfa5ca9633d712231c41c468c2d39,pool1qv785q9wx056p7ngq2ec3n86tj5kx0t3ygcug8zx3sknj038rsd,590,https://koios.tosidrop.me/api/v1/pool_updates,2026-05-19T23:10:03+00:00
033fa1cdc17193fa3d549e795591999621e749fd7ef48f7380468d14,pool1qvl6rnwpwxfl5025neu4tyvejcs7wj0a0m6g7uuqg6x3gr3wkur,303,https://koios.tosidrop.me/api/v1/pool_updates,2026-05-19T23:10:03+00:00
0370b99b4ed111d7b904ff65d80535f5457ea931a7d238a3456a1aa4,pool1qdctnx6w6yga0wgylajaspf474zha2f35lfr3g69dgd2gr64j7l,247,https://koios.tosidrop.me/api/v1/pool_updates,2026-05-19T23:10:03+00:00
03836e2e21474489420ce67e01c863e07402210d5881232ac41eec7f,pool1qwpkut3pgazgjssvuelqrjrrup6qyggdtzqjx2kyrmk87wgcvkf,222,https://koios.tosidrop.me/api/v1/pool_updates,2026-05-19T23:10:03+00:00
039a94f0e1106857118e448297db4d6d33faded2618f74432e31d1fa,pool1qwdffu8pzp59wyvwgjpf0k6dd5el4hkjvx8hgsewx8gl505cmr9,401,https://koios.tosidrop.me/api/v1/pool_updates,2026-05-19T23:10:03+00:00
03bca14f8d509c90e8f071143ce29cb9e9bc55c5651489f5e2931fd2,pool1qw72znud2zwfp68swy2rec5uh85mc4w9v52gna0zjv0aytl6dqm,228,https://koios.tosidrop.me/api/v1/pool_updates,2026-05-19T23:10:03+00:00
0406f5ce50f326e20e8c48b8fda2295c451e39bd1e92e0761bb85a12,pool1qsr0tnjs7vnwyr5vfzu0mg3ft3z3uwdar6fwqasmhpdpy0ct3mt,296,https://koios.tosidrop.me/api/v1/pool_updates,2026-05-19T23:10:03+00:00
0409605581b12bb96d1f5c90570a481a7a828f331ea9e2b5e82311a9,pool1qsykq4vpky4mjmgltjg9wzjgrfag9renr6579d0gyvg6jh5erye,270,https://koios.tosidrop.me/api/v1/pool_updates,2026-05-19T23:10:03+00:00
0409605581b12bb96d1f5c90570a481a7a828f331ea9e2b5e82311a9,pool1qsykq4vpky4mjmgltjg9wzjgrfag9renr6579d0gyvg6jh5erye,273,https://koios.tosidrop.me/api/v1/pool_updates,2026-05-19T23:10:03+00:00
04357793d81097a7d2c15ec6cd6067a58cdd2fb21aaf07e56c306ecf,pool1qs6h0y7czzt605kptmrv6cr85kxd6tajr2hs0etvxphv7tr7nqu,513,https://koios.tosidrop.me/api/v1/pool_updates,2026-05-19T23:10:03+00:00
044867116172ed6a79df01f00ac86737822b5a6eb6aa5635ab077649,pool1q3yxwytpwtkk57wlq8cq4jr8x7pzkknwk649vddtqamyjwm5r5g,288,https://koios.tosidrop.me/api/v1/pool_updates,2026-05-19T23:10:03+00:00
0493d748b01aaaa2f52700aa08dbacba5147edbb04fbd9112e413f95,pool1qjfawj9sr2429af8qz4q3kavhfg50mdmqnaajyfwgyle24v70rw,265,https://koios.tosidrop.me/api/v1/pool_updates,2026-05-19T23:10:03+00:00
0499a15733ca24d227895517b90a687f19da73d90c37e75f6f2cb0f2,pool1qjv6z4enegjdyfuf25tmjzng0uva5u7epsm7whm09jc0ytja8ft,386,https://koios.tosidrop.me/api/v1/pool_updates,2026-05-19T23:10:03+00:00
04d4b5c168596a9e003476585977581fad1028a32b3544a1ab0d24bb,pool1qn2ttstgt94fuqp5wev9ja6cr7k3q29r9v65fgdtp5jtk0uxs37,244,https://koios.tosidrop.me/api/v1/pool_updates,2026-05-19T23:10:03+00:00
0504d2a4baed91d293179c49dd39d83b302fd093b622f7537eb0234b,pool1q5zd9f96akga9ychn3ya6wwc8vczl5ynkc30w5m7kq35kk868dv,266,https://koios.tosidrop.me/api/v1/pool_updates,2026-05-19T23:10:03+00:00
05356b3a781e404891032968cae3eec753fc059c27a893299abbc6b1,pool1q56kkwncreqy3ygr995v4clwcaflcpvuy75fx2v6h0rtzh2xxmh,230,https://koios.tosidrop.me/api/v1/pool_updates,2026-05-19T23:10:03+00:00
0544810c1e75cafe8e5364473349c7518ed0def7a198f348f9e92bc6,pool1q4zgzrq7wh90arjnv3rnxjw82x8dphhh5xv0xj8eay4uvfuzf4p,416,https://koios.tosidrop.me/api/v1/pool_updates,2026-05-19T23:10:03+00:00
05567e8f3d1166916dd8c5eba9ac45efecd9d1ca1da24ef7a8ffb968,pool1q4t8areaz9nfzmwcch46ntz9alkdn5w2rk3yaaagl7uks4qyps3,302,https://koios.tosidrop.me/api/v1/pool_updates,2026-05-19T23:10:03+00:00
059673370c7788baec5794300b633de55f12e5f6a54eccf2a9674556,pool1qkt8xdcvw7yt4mzhjscqkceau4039e0k548veu4fvaz4vrdn0fz,471,https://koios.tosidrop.me/api/v1/pool_updates,2026-05-19T23:10:03+00:00
059782e0f9aa533efb2aef7f960caf0787f87d0a357716101a12000f,pool1qktc9c8e4ffna7e2aalevr90q7rlslg2x4m3vyq6zgqq7ydvdme,304,https://koios.tosidrop.me/api/v1/pool_updates,2026-05-19T23:10:03+00:00
05bbc9d838b4c9eab301bfd151de99077899c997cf146abf8436edf2,pool1qkaunkpckny74vcphlg4rh5eqaufnjvheu2x40uyxmklydefjeg,426,https://koios.tosidrop.me/api/v1/pool_updates,2026-05-19T23:10:03+00:00
05f2d3793dd3092f6146916467a65f83b2898eb0a8470d5b10bede38,pool1qhedx7fa6vyj7c2xj9jx0fjlswegnr4s4prs6kcshm0rsthj38k,379,https://koios.tosidrop.me/api/v1/pool_updates,2026-05-19T23:10:03+00:00
06052f95a93fd322bda515f1ef3b643bf8539b0f4d358ad0323697cb,pool1qczjl9df8lfj90d9zhc77wmy80u98xc0f56c45pjx6tukffncsu,294,https://koios.tosidrop.me/api/v1/pool_updates,2026-05-19T23:10:03+00:00
0607d3ed1e6765c2e0dd6d7094932f10234cf50a53da61ce59564c20,pool1qcra8mg7vaju9cxad4cffye0zq35eag220dxrnje2exzq683u4x,606,https://koios.tosidrop.me/api/v1/pool_updates,2026-05-19T23:10:03+00:00
06122931cfcef487a82e900334df4ad3f214669ffc451f62d7c13f09,pool1qcfzjvw0em6g02pwjqpnfh6260epge5ll3z37ckhcylsjuktkvp,338,https://koios.tosidrop.me/api/v1/pool_updates,2026-05-19T23:10:03+00:00
0649226025ca5ed18c5d0478527dd8f83b4d0bf49d48df5166715588,pool1qeyjycp9ef0drrzaq3u9ylwclqa56zl5n4yd75txw92csug3mzn,209,https://koios.tosidrop.me/api/v1/pool_updates,2026-05-19T23:10:03+00:00
06ae6a95e0c6c5350a679b227944740708b74738fafc71b008dfb6eb,pool1q6hx490qcmzn2zn8nv38j3r5quytw3eclt78rvqgm7mwkkutafu,296,https://koios.tosidrop.me/api/v1/pool_updates,2026-05-19T23:10:03+00:00
06b79f3a9d8db8ebdda62113f3b09d7221820278e35c7d74309316cb,pool1q6me7w5a3kuwhhdxyyfl8vyawgscyqncudw86apsjvtvk7r2d3v,438,https://koios.tosidrop.me/api/v1/pool_updates,2026-05-19T23:10:03+00:00
06e9a21e2c134e559dff1156a314f6cf2c6e8bfbc9fbec19487fa561,pool1qm56y83vzd89t80lz9t2x98keukxazlme8a7cx2g07jkzu60zps,442,https://koios.tosidrop.me/api/v1/pool_updates,2026-05-19T23:10:03+00:00
07175f6efa70645146007138a4fdd00b9e8db2a73baecdd704ebccfd,pool1qut47mh6wpj9z3sqwyu2flwspw0gmv488whvm4cya0x06sjfva8,286,https://koios.tosidrop.me/api/v1/pool_updates,2026-05-19T23:10:03+00:00
071e5664b4c8055da08899fa7a4af70e33aa78ff625908fd6ca27eba,pool1qu09ve95eqz4mgygn8a85jhhpce6578lvfvs3ltv5flt5xv66vk,543,https://koios.tosidrop.me/api/v1/pool_updates,2026-05-19T23:10:03+00:00
071edba3430c8cb8811473a5574e647ff0ddcd613d793486068760c3,pool1qu0dhg6rpjxt3qg5wwj4wnny0lcdmntp84unfpsxsasvxe346ww,532,https://koios.tosidrop.me/api/v1/pool_updates,2026-05-19T23:10:03+00:00
0721bdbf1504db39ab8bce845f2593207bdadb3595e57d381b79193a,pool1qusmm0c4qndnn2ute6z97fvnypaa4ke4jhjh6wqm0yvn5r4488r,232,https://koios.tosidrop.me/api/v1/pool_updates,2026-05-19T23:10:03+00:00
0722d1a2e9c53cd4c97cee7cafdb4be4103f429e61f733dbc50a0b0b,pool1qu3drghfc57dfjtuae72lk6tusgr7s57v8mn8k79pg9sk2jlntz,493,https://koios.tosidrop.me/api/v1/pool_updates,2026-05-19T23:10:03+00:00
072a8239c6435190c5710b50d2aa78f88b6b8f55a36f3d24441eedce,pool1qu4gywwxgdgep3t3pdgd92nclz9khr645dhn6fzyrmkuu4jk6th,230,https://koios.tosidrop.me/api/v1/pool_updates,2026-05-19T23:10:03+00:00
07377c78a5d32467d98c0387c97ba92ba8807ad72beb4e8025bf061f,pool1qumhc7996vjx0kvvqwruj7af9w5gq7kh9045aqp9hurp76zgrvy,370,https://koios.tosidrop.me/api/v1/pool_updates,2026-05-19T23:10:03+00:00
078fb5ceaa78ef2939174efeee13b094720d5293bdc1181ac4bc5def,pool1q78mtn420rhjjwghfmlwuyasj3eq655nhhq3sxkyh3w77dj8zy8,343,https://koios.tosidrop.me/api/v1/pool_updates,2026-05-19T23:10:03+00:00
07a67bcb6002c6531874c7c6fdb4cfd32d7caecb885ff8bde89bc6df,pool1q7n8hjmqqtr9xxr5clr0mdx06vkhetkt3p0l300gn0rd7r9nj4w,300,https://koios.tosidrop.me/api/v1/pool_updates,2026-05-19T23:10:03+00:00
07b5253fa93b08b85ac7cc9ea8d493b8b23ec3fea7ce6b5b46606611,pool1q76j20af8vytskk8ej0234ynhzerasl75l8xkk6xvpnpzkfnkyp,395,https://koios.tosidrop.me/api/v1/pool_updates,2026-05-19T23:10:03+00:00
07b7039bd43c697a84738de43530f02a7b84293774248aec786497a6,pool1q7ms8x75835h4prn3hjr2v8s9facg2fhwsjg4mrcvjt6v4ugyw7,343,https://koios.tosidrop.me/api/v1/pool_updates,2026-05-19T23:10:03+00:00
07b960bfb24f21d474043f47034ed62f89f8ac1d3f7bf8c170a2dc7b,pool1q7ukp0ajfusagaqy8arsxnkk97yl3tqa8aal3sts5tw8kuq4jlw,420,https://koios.tosidrop.me/api/v1/pool_updates,2026-05-19T23:10:03+00:00
07f251477fd52f1e6351c4f2d67b010b33f2935249d4cef85e18301a,pool1qle9z3ml65h3uc63cnedv7cppvel9y6jf82va7z7rqcp5a95sfe,542,https://koios.tosidrop.me/api/v1/pool_updates,2026-05-19T23:10:03+00:00
080aa40bcc98c8de57b9a2fadbbacef2a0c684b6de52047de11b55ed,pool1pq92gz7vnrydu4ae5tadhwkw72svdp9kmefqgl0prd276hftua7,304,https://koios.tosidrop.me/api/v1/pool_updates,2026-05-19T23:10:03+00:00
08140e10dace23fd395a17e23d7d8664b146690560e999308d2ac0fe,pool1pq2quyx6ec3l6w26zl3r6lvxvjc5v6g9vr5ejvyd9tq0un4yd0d,256,https://koios.tosidrop.me/api/v1/pool_updates,2026-05-19T23:10:03+00:00
0814ccefa9013382c9417995885e3f28ec984520fb9bd2980adb2c19,pool1pq2vemafqyec9j2p0x2csh3l9rkfs3fqlwda9xq2mvkpj082vt0,225,https://koios.tosidrop.me/api/v1/pool_updates,2026-05-19T23:10:03+00:00
081787c832877ae083b26fe5aeb7fe1dbc311ee5ec05f2f15102a122,pool1pqtc0jpjsaawpqajdlj6adl7rk7rz8h9aszl9u23q2sjyyxp9r4,259,https://koios.tosidrop.me/api/v1/pool_updates,2026-05-19T23:10:03+00:00
082a41a081b0a75e916a0f598337d08546d051ff221420fbd93986b3,pool1pq4yrgypkzn4ayt2pavcxd7ss4rdq50lyg2zp77e8xrtxvcsvkr,270,https://koios.tosidrop.me/api/v1/pool_updates,2026-05-19T23:10:03+00:00
0836ac65915682ad8c7c138a61f354e31711f92f1b53442cd4a89b0b,pool1pqm2cev326p2mrruzw9xru65uvt3r7f0rdf5gtx54zdskxqhmur,632,https://koios.tosidrop.me/api/v1/pool_updates,2026-05-19T23:10:03+00:00
083dca44606da9360da4d3fe9bc8c4891a0cd08d97a90e0b0dda8934,pool1pq7u53rqdk5nvrdy60lfhjxy3ydqe5ydj75suzcdm2yngfsegsa,342,https://koios.tosidrop.me/api/v1/pool_updates,2026-05-19T23:10:03+00:00
084fcf7ff164e141800c33c0736b9e9516b658064e38f07e951f0ae0,pool1pp8u7ll3vns5rqqvx0q8x6u7j5ttvkqxfcu0ql54ru9wqrrzpl5,285,https://koios.tosidrop.me/api/v1/pool_updates,2026-05-19T23:10:03+00:00
0851fdfd2647eecd10a05a9dab2c7f1abd40cba5ce641145e194ceb6,pool1ppglmlfxglhv6y9qt2w6ktrlr275pja9eejpz30pjn8tvnlrspd,338,https://koios.tosidrop.me/api/v1/pool_updates,2026-05-19T23:10:03+00:00
08617868d4117fba421618f3c3caa4c0c8d6b79df8fca9078d0ea331,pool1ppshs6x5z9lm5sskrreu8j4ycrydddualr72jpudp63nzls94zh,314,https://koios.tosidrop.me/api/v1/pool_updates,2026-05-19T23:10:03+00:00
08635d4c628b1d427241621855fe2cbb66bce416069b725921a4285a,pool1pp346nrz3vw5yujpvgv9tl3vhdnteeqkq6dhykfp5s595jq75rj,413,https://koios.tosidrop.me/api/v1/pool_updates,2026-05-19T23:10:03+00:00
0873b6f578d5e2739af833ecd2d18d5115f26b02d22720e79f8a772b,pool1ppemdatc6h388xhcx0kd95vd2y2ly6cz6gnjpeul3fmjk27hfsn,301,https://koios.tosidrop.me/api/v1/pool_updates,2026-05-19T23:10:03+00:00
087b166ec94c5159d94ab9b8d61e0ea4f6bbd83fa0dcba324658293e,pool1ppa3vmkff3g4nk22hxudv8sw5nmthkpl5rwt5vjxtq5nukj6tts,289,https://koios.tosidrop.me/api/v1/pool_updates,2026-05-19T23:10:03+00:00
08b0c54264e2713931ba9de737e8bc9189d45ebf60983cb8dc7e3573,pool1pzcv2snyufcnjvd6nhnn069ujxyagh4lvzvrewxu0c6hxdnw7yl,389,https://koios.tosidrop.me/api/v1/pool_updates,2026-05-19T23:10:03+00:00
08c561b26adde5596fafde4481f358e4160a14a052a6183e6ca318e3,pool1przkrvn2mhj4jma0mezgru6custq599q22nps0nv5vvwxtvyyc6,261,https://koios.tosidrop.me/api/v1/pool_updates,2026-05-19T23:10:03+00:00
08cb09442b121d0f0967088640a5b309596b63fa56db4268962f29c8,pool1pr9sj3ptzgws7zt8pzrypfdnp9vkkcl62md5y6yk9u5usyyadxa,211,https://koios.tosidrop.me/api/v1/pool_updates,2026-05-19T23:10:03+00:00
08cb09442b121d0f0967088640a5b309596b63fa56db4268962f29c8,pool1pr9sj3ptzgws7zt8pzrypfdnp9vkkcl62md5y6yk9u5usyyadxa,214,https://koios.tosidrop.me/api/v1/pool_updates,2026-05-19T23:10:03+00:00
08dd84d27f00aa9ee6caf195d81256a3d217dd345857cd8be60f18b0,pool1prwcf5nlqz4faek27x2asyjk50fp0hf5tptumzlxpuvtqh3ulv9,525,https://koios.tosidrop.me/api/v1/pool_updates,2026-05-19T23:10:03+00:00
09057e19ffafeedf64cadcb4d02ebf78e9726ffcacb07b77489f62fa,pool1pyzhux0l4lhd7ex2mj6dqt4l0r5hymlu4jc8ka6gna305jn4vhm,606,https://koios.tosidrop.me/api/v1/pool_updates,2026-05-19T23:10:03+00:00
090b35f42bab1c9010a9c144db84c4bb34855e0ce44136c98057eed4,pool1py9ntapt4vwfqy9fc9zdhpxyhv6g2hsvu3qndjvq2lhdg38f92v,295,https://koios.tosidrop.me/api/v1/pool_updates,2026-05-19T23:10:03+00:00
090b35f42bab1c9010a9c144db84c4bb34855e0ce44136c98057eed4,pool1py9ntapt4vwfqy9fc9zdhpxyhv6g2hsvu3qndjvq2lhdg38f92v,351,https://koios.tosidrop.me/api/v1/pool_updates,2026-05-19T23:10:03+00:00
093281f3d46eaa6422b2b9e257d67059d303805adb166073ab656a3b,pool1pyegru75d64xgg4jh83904nst8fs8qz6mvtxquatv44rkartevc,596,https://koios.tosidrop.me/api/v1/pool_updates,2026-05-19T23:10:03+00:00
094dd5ec76789aec588bc28a2fcfabadef31c6d071e1684e10af45bb,pool1p9xatmrk0zdwckytc29zlnat4hhnr3ksw8sksnss4azmk85v0mj,388,https://koios.tosidrop.me/api/v1/pool_updates,2026-05-19T23:10:03+00:00
09672e99bb9368ead8f42382522dded15cb6cd236f51d611a6948648,pool1p9njaxdmjd5w4k85ywp9ytw769wtdnfrdagavydxjjrysnaj3gu,248,https://koios.tosidrop.me/api/v1/pool_updates,2026-05-19T23:10:03+00:00
09854fecdc9016f60a9f399a8eb8f467db9d05a55ed95a1264577944,pool1pxz5lmxujqt0vz5l8xdgaw85vlde6pd9tmv45yny2au5g60lqx8,227,https://koios.tosidrop.me/api/v1/pool_updates,2026-05-19T23:10:03+00:00
09908cf9812bab5b807087621f7256badcfd61512bb57133518606c9,pool1pxgge7vp9w44hqrssa3p7ujkhtw06c239w6hzv63scrvj0jtcr6,300,https://koios.tosidrop.me/api/v1/pool_updates,2026-05-19T23:10:03+00:00
09a0c14484d3f421e813bfd509b102be1d327aa1077aae3076f5efec,pool1pxsvz3yy606zr6qnhl2snvgzhcwny74pqaa2uvrk7hh7cwnal8r,310,https://koios.tosidrop.me/api/v1/pool_updates,2026-05-19T23:10:03+00:00
09b7c3930388c851dcb077a63e90908f3008e9c4ffba1a2bb057bfc4,pool1pxmu8ycr3ry9rh9sw7nrayys3ucq36wyl7ap52as27lugrm538k,246,https://koios.tosidrop.me/api/v1/pool_updates,2026-05-19T23:10:03+00:00
09d3bcf783239668483d1af00eb24d164dae67ef6a11081ec5cc5088,pool1p8fmeaurywtxsjpartcqavjdzex6uel0dggss8k9e3ggs8zr8js,269,https://koios.tosidrop.me/api/v1/pool_updates,2026-05-19T23:10:03+00:00
09dabf44935f1bad86f053902dcc88586944ed16cbeea1aed581416a,pool1p8dt73yntud6mphs2wgzmnygtp55fmgke0h2rtk4s9qk5j5uqs3,302,https://koios.tosidrop.me/api/v1/pool_updates,2026-05-19T23:10:03+00:00
09ea4d885842e0be1d2bee2132d19d1fba770b3fec9ee8352b27b7d2,pool1p84ymzzcgtstu8ftacsn95var7a8wzelaj0wsdfty7mayccmgqx,270,https://koios.tosidrop.me/api/v1/pool_updates,2026-05-19T23:10:03+00:00
09f09ed39180706668e4527ea642a4ffa22429214db65770ba547d08,pool1p8cfa5u3spcxv68y2fl2vs4yl73zg2fpfkm9wu96237sss9hux0,298,https://koios.tosidrop.me/api/v1/pool_updates,2026-05-19T23:10:03+00:00
09f18631593fdf9e9a64dfcd9c7fc74f914fd3765dfd561e70073e29,pool1p8ccvv2e8l0eaxnymlxecl78f7g5l5mkth74v8nsqulzj3kz38q,516,https://koios.tosidrop.me/api/v1/pool_updates,2026-05-19T23:10:03+00:00
09fa1d3156d3ed6eb2370631777d66bf1c14b9405c8eb361d58603ed,pool1p8ap6v2k60kkav3hqcchwltxhuwpfw2qtj8txcw4scp76hdvgmc,624,https://koios.tosidrop.me/api/v1/pool_updates,2026-05-19T23:10:03+00:00
0a0ab7018c7e4ad84415995b8694c9e71e6a9b8f1f4a35ac0f23a8f2,pool1pg9twqvv0e9ds3q4n9dcd9xfuu0x4xu0ra9rttq0yw50yhp4frg,309,https://koios.tosidrop.me/api/v1/pool_updates,2026-05-19T23:10:03+00:00
0a0d79488687b7820b8f2b948bcc3dcb6ab51db15dd3b1803edadd7f,pool1pgxhjjyxs7mcyzu09w2ghnpaed4t28d3thfmrqp7mtwh78rn9jn,243,https://koios.tosidrop.me/api/v1/pool_updates,2026-05-19T23:10:03+00:00
0a0d79488687b7820b8f2b948bcc3dcb6ab51db15dd3b1803edadd7f,pool1pgxhjjyxs7mcyzu09w2ghnpaed4t28d3thfmrqp7mtwh78rn9jn,250,https://koios.tosidrop.me/api/v1/pool_updates,2026-05-19T23:10:03+00:00
0a0da3c46e71b2a41e5eb3789df44ff512daa19091f1ec71d277759c,pool1pgx683rwwxe2g8j7kdufmaz075fd4gvsj8c7cuwjwa6ecm7nnm2,392,https://koios.tosidrop.me/api/v1/pool_updates,2026-05-19T23:10:03+00:00
0a25b49067e48fe2d5d139a4427290078be7652fd1f3c8e7f8077ba8,pool1pgjmfyr8uj8794w38xjyyu5sq797wef068eu3elcqaa6s75s432,391,https://koios.tosidrop.me/api/v1/pool_updates,2026-05-19T23:10:03+00:00
0a2770bc6e1f0ce3ec5e12ad457a2d20275e803c96dbaf81098b5741,pool1pgnhp0rwruxw8mz7z2k5273dyqn4aqpujmd6lqgf3dt5z333a9w,211,https://koios.tosidrop.me/api/v1/pool_updates,2026-05-19T23:10:03+00:00
0a3b0f901ea0d1a78127c856a94a360f3323b9b0a7ebb71ea8298b2d,pool1pgaslyq75rg60qf8ept2jj3kpuej8wds5l4mw84g9x9j6e60x8q,276,https://koios.tosidrop.me/api/v1/pool_updates,2026-05-19T23:10:03+00:00
0a4d8ee5d81fe3c14e8d9cc189b8db5b0edfc7e0d27eaf23d2ec3b29,pool1pfxcaewcrl3uzn5dnnqcnwxmtv8dl3lq6fl27g7jasajjke2zfw,263,https://koios.tosidrop.me/api/v1/pool_updates,2026-05-19T23:10:03+00:00
0a627257cebd81cebc366f8796e6fa9dfec4a756c58c7316e617cc72,pool1pf38y47whkqua0pkd7redeh6nhlvff6kckx8x9hxzlx8yakmruz,370,https://koios.tosidrop.me/api/v1/pool_updates,2026-05-19T23:10:03+00:00
0a66ecde1dd768a0c52d24ca1e42aec806af4cdd5e38a4f8ad5cb47d,pool1pfnwehsa6a52p3fdyn9pus4weqr27nxatcu2f79dtj686whp3k4,231,https://koios.tosidrop.me/api/v1/pool_updates,2026-05-19T23:10:03+00:00
0a7e78413c9a62a0e68d24d79ffb20c551c5e6514947e7dcf0879916,pool1pfl8ssfunf32pe5dyntel7eqc4gutej3f9r70h8ss7v3vesdtks,314,https://koios.tosidrop.me/api/v1/pool_updates,2026-05-19T23:10:03+00:00
0a8dfe076b9c31aabc1aca643c94767a65f4cdf01a2fe4fa34019e3a,pool1p2xlupmtnsc640q6efjre9rk0fjlfn0srgh7f735qx0r5kznfrl,386,https://koios.tosidrop.me/api/v1/pool_updates,2026-05-19T23:10:03+00:00
0a8e559e598e166b7ef5b76a7f60d81fce421852c991921080b026f3,pool1p289t8je3ctxklh4ka487cxcrl8yyxzjexgeyyyqkqn0x3yuhus,443,https://koios.tosidrop.me/api/v1/pool_updates,2026-05-19T23:10:03+00:00
0a9db4326c331c435c9ebe91c14b3003831b70eba5a16c73fa2cd56f,pool1p2wmgvnvxvwyxhy7h6guzjesqwp3ku8t5kskcul69n2k7n7gyk2,419,https://koios.tosidrop.me/api/v1/pool_updates,2026-05-19T23:10:03+00:00
0aae36c29f6e23383d3dacb7d0f4d92c3402fdf23e35e55ecd5a45f0,pool1p2hrds5ldc3ns0fa4jmapaxe9s6q9l0j8c672hkdtfzlq5xrhtr,256,https://koios.tosidrop.me/api/v1/pool_updates,2026-05-19T23:10:03+00:00
0abbd36b0912edac61eac26e8787beac559d9fb42b9a497566c34a5f,pool1p2aax6cfztk6cc02cfhg0pa7432em8a59wdyjatxcd997n7knjs,601,https://koios.tosidrop.me/api/v1/pool_updates,2026-05-19T23:10:03+00:00
0b0dc07553ba9cee3846551eb2772c7e04f8b638c51f8a7b75263b8f,pool1pvxuqa2nh2wwuwzx250tyaev0cz03d3cc50c57m4ycac7uhsz2w,361,https://koios.tosidrop.me/api/v1/pool_updates,2026-05-19T23:10:03+00:00
0b1b02b137a24cac53c14c0c51d741ac02e85a85da4d4fe512c8bac8,pool1pvds9vfh5fx2c57pfsx9r46p4spwsk59mfx5legjezavs59d2vn,260,https://koios.tosidrop.me/api/v1/pool_updates,2026-05-19T23:10:03+00:00
0b2b7bb0876d99ff8fcfd01ff093850935fc27426b7f577c9371a384,pool1pv4hhvy8dkvllr706q0lpyu9py6lcf6zddl4wlynwx3cglxajmg,470,https://koios.tosidrop.me/api/v1/pool_updates,2026-05-19T23:10:03+00:00
0b3247c3599f94605caf5d1aa820501ccf5b8785cf2ecce6600ca574,pool1pvey0s6en72xqh90t5d2sgzsrn84hpu9euhveenqpjjhgc9s8fh,403,https://koios.tosidrop.me/api/v1/pool_updates,2026-05-19T23:10:03+00:00
0b3e6df559142a44c734caa1212c8799e92b0041bca83d0a13ad3344,pool1pvlxma2ezs4yf3e5e2sjzty8n85jkqzphj5r6zsn45e5gwrm4fv,250,https://koios.tosidrop.me/api/v1/pool_updates,2026-05-19T23:10:03+00:00
0b489d47a3e0675427678e828e78122419cb3dd275368b34de49be40,pool1pdyf63arupn4gfm836pgu7qjysvuk0wjw5mgkdx7fxlyqs5rkfv,278,https://koios.tosidrop.me/api/v1/pool_updates,2026-05-19T23:10:03+00:00
0b613140fd4afd748226c6d88fad6566e7874190716940a8b31f4e8a,pool1pdsnzs8aft7hfq3xcmvgltt9vmncwsvsw955p29nra8g5hves4x,349,https://koios.tosidrop.me/api/v1/pool_updates,2026-05-19T23:10:03+00:00
0bc92cdf065d9a7ab4a984a322791f28d8c1a28c383d17654d13c823,pool1p0yjehcxtkd84d9fsj3jy7gl9rvvrg5v8q73we2dz0yzxmgx4dv,435,https://koios.tosidrop.me/api/v1/pool_updates,2026-05-19T23:10:03+00:00
0bcac2089ce5849bbb1e29293c5ae2b0ec29004975ccb5e772f2df63,pool1p09vyzyuukzfhwc79y5nckhzkrkzjqzfwhxttemj7t0kx00fucf,285,https://koios.tosidrop.me/api/v1/pool_updates,2026-05-19T23:10:03+00:00
0bcd2020dc516dcf9b9065d7dfaa5cfc07a490850d0d2aa64042e443,pool1p0xjqgxu29kulxusvhtal2julsr6fyy9p5xj4fjqgtjyxnus9p0,260,https://koios.tosidrop.me/api/v1/pool_updates,2026-05-19T23:10:03+00:00
0bdc3be19c80c866466e577dee8f220a6806f5a15e92608e09886e58,pool1p0wrhcvusryxv3nw2a77arezpf5qdadpt6fxprsf3ph9s3k7qq6,524,https://koios.tosidrop.me/api/v1/pool_updates,2026-05-19T23:10:03+00:00
0be6e444abeeb9f109e2c032e9986259d3a5e5860e3c33fff5d6cebc,pool1p0nwg39ta6ulzz0zcqewnxrzt8f6tevxpc7r8ll46m8tcnah7hg,283,https://koios.tosidrop.me/api/v1/pool_updates,2026-05-19T23:10:03+00:00
0c144feba6fde9c10a0b294c2b5bc67a6ffd8fc67c632f637bd9d465,pool1ps2yl6axlh5uzzst99xzkk7x0fhlmr7x033j7cmmm82x2a9n8lj,446,https://koios.tosidrop.me/api/v1/pool_updates,2026-05-19T23:10:03+00:00
0c3c3d8ef8de724c6e675acb82b80eba4204dbd0a016134a51e54601,pool1ps7rmrhcmeeycmn8tt9c9wqwhfpqfk7s5qtpxjj3u4rqz0u9ps4,532,https://koios.tosidrop.me/api/v1/pool_updates,2026-05-19T23:10:03+00:00
0c3d695b2e7f88a67137b194dc99a769909d75eb86131e969966d14d,pool1ps7kjkew07y2vufhkx2dexd8dxgf6a0tscf3a95evmg56gjljrv,264,https://koios.tosidrop.me/api/v1/pool_updates,2026-05-19T23:10:03+00:00
0c5340f72901e42409aee5a9073c20fd7a24e1fe922270a7ed0941ce,pool1p3f5paefq8jzgzdwuk5sw0pql4azfc07jg38pfldp9quuxfd6zk,249,https://koios.tosidrop.me/api/v1/pool_updates,2026-05-19T23:10:03+00:00
0cb0d0a50f4e53a1a401b626a015c81db006f89bf149055cad0c4cee,pool1pjcdpfg0fef6rfqpkcn2q9wgrkcqd7ym79ys2h9dp3xwu985afv,337,https://koios.tosidrop.me/api/v1/pool_updates,2026-05-19T23:10:03+00:00
0cbc37bbfc5161da696ae49bb5313f510def4ba6711de70c2beaf80d,pool1pj7r0wlu29sa56t2ujdm2vfl2yx77jaxwyw7wrptatuq65skf66,524,https://koios.tosidrop.me/api/v1/pool_updates,2026-05-19T23:10:03+00:00
0cc657e3372e4eb1ad07aa492e6343e0266fa1af4ff478dc0bf67162,pool1pnr90ceh9e8trtg84fyjuc6ruqnxlgd0fl683hqt7eckymjtmrq,301,https://koios.tosidrop.me/api/v1/pool_updates,2026-05-19T23:10:03+00:00
0cd6f211429ac91cbb60bae84f30073bf629dde45603aebb2cfb6c84,pool1pnt0yy2znty3ewmqht5y7vq880mznh0y2cp6awevldkgg2v4u8t,348,https://koios.tosidrop.me/api/v1/pool_updates,2026-05-19T23:10:03+00:00
0ce419383f713032a4e2855f79b11df092e820d9a970304128b4a6cb,pool1pnjpjwplwycr9f8zs40hnvga7zfwsgxe49crqsfgkjnvkn54sd5,343,https://koios.tosidrop.me/api/v1/pool_updates,2026-05-19T23:10:03+00:00
0d1a3b53c2ea10985096a337585f77b9f5814b487ca3debca3680be9,pool1p5drk57zaggfs5yk5vm4shmhh86czj6g0j3aa09rdq97jdzgk3m,235,https://koios.tosidrop.me/api/v1/pool_updates,2026-05-19T23:10:03+00:00
0d294c73cd8c6558d344155c3a5a9363aa185ed25a14717b162149e0,pool1p555cu7d33j4356yz4wr5k5nvw4pshkjtg28z7cky9y7qf9h309,262,https://koios.tosidrop.me/api/v1/pool_updates,2026-05-19T23:10:03+00:00
0d4fbe8a8742e8c50f1f2518504e049c0732a0ed1e7f966b33bd5014,pool1p48maz58gt5v2rcly5v9qnsynsrn9g8drelev6enh4gpggj9yz3,433,https://koios.tosidrop.me/api/v1/pool_updates,2026-05-19T23:10:03+00:00
0d83921d3ced0f0032ce195d5110d79b060bcf989f0e856381ca1102,pool1pkpey8fua58sqvkwr9w4zyxhnvrqhnucnu8g2cupeggsyxee6ke,629,https://koios.tosidrop.me/api/v1/pool_updates,2026-05-19T23:10:03+00:00
0d8fb11358f653adc406c1508d27f9c1741c4eb06b75bef6d676489a,pool1pk8mzy6c7ef6m3qxc9gg6flec96pcn4sdd6maakkweyf5whuuu7,436,https://koios.tosidrop.me/api/v1/pool_updates,2026-05-19T23:10:03+00:00
0da39172366f403b08e6c6db47afa89b0c4dfb578132aeaf790f31e6,pool1pk3ezu3kdaqrkz8xcmd50tagnvxym76hsye2atmepuc7vh4j8hu,342,https://koios.tosidrop.me/api/v1/pool_updates,2026-05-19T23:10:03+00:00
0db4a3630360d1ba4db658da4bc4d22e42d7481fa01f86224f4c55bf,pool1pk62xccrvrgm5ndktrdyh3xj9epdwjql5q0cvgj0f32m7urkxva,236,https://koios.tosidrop.me/api/v1/pool_updates,2026-05-19T23:10:03+00:00
0dbd895b0d875c64aa8d76fefcfc8765e46f383e983b38464eeafb3c,pool1pk7cjkcdsawxf25dwml0ely8vhjx7wp7nqans3jwatanceyqae0,592,https://koios.tosidrop.me/api/v1/pool_updates,2026-05-19T23:10:03+00:00
0dbd895b0d875c64aa8d76fefcfc8765e46f383e983b38464eeafb3c,pool1pk7cjkcdsawxf25dwml0ely8vhjx7wp7nqans3jwatanceyqae0,593,https://koios.tosidrop.me/api/v1/pool_updates,2026-05-19T23:10:03+00:00
0dd4dcb0970b3e10c05082716d8fa446a377a214af4c5408f7889984,pool1ph2devyhpvlppszssfckmrayg63h0gs54ax9gz8h3zvcgtm043e,234,https://koios.tosidrop.me/api/v1/pool_updates,2026-05-19T23:10:03+00:00
0dda2d4271340a92116cb8032c16b49117b27752ab0ff8b3d6813021,pool1phdz6sn3xs9fyytvhqpjc945jytmya6j4v8l3v7ksyczzdplawf,554,https://koios.tosidrop.me/api/v1/pool_updates,2026-05-19T23:10:03+00:00
0deabfea77fa4fffe204e09b10b36ef42cd807da33fb86e8735545f9,pool1ph4tl6nhlf8llcsyuzd3pvmw7skdsp76x0acd6rn24zljgw4nyq,472,https://koios.tosidrop.me/api/v1/pool_updates,2026-05-19T23:10:03+00:00
0dedea6dd97bfd6b0d3ddf8e42375266ade6ec6a9c1aceb8efeecdab,pool1phk75mwe007kkrfam78yyd6jv6k7dmr2nsdvaw80amx6k4q5nl0,382,https://koios.tosidrop.me/api/v1/pool_updates,2026-05-19T23:10:03+00:00
0dfc32f8d8071aef1b8cdfd87d044a1804290acc09d751ff853680f7,pool1ph7r97xcqudw7xuvmlv86pz2rqzzjzkvp8t4rlu9x6q0w4eq794,286,https://koios.tosidrop.me/api/v1/pool_updates,2026-05-19T23:10:03+00:00
0dfc460e9532ef7b3c1c9a81185e3abc362ec28b3c90e8c9e6cf7033,pool1ph7yvr54xthhk0qun2q3sh36hsmzas5t8jgw3j0xeacrxa70fjk,526,https://koios.tosidrop.me/api/v1/pool_updates,2026-05-19T23:10:03+00:00
0e08914df268676abee57e6feef44e54c7c2d6549bb7d57d1158aacf,pool1pcyfzn0jdpnk40h90eh7aazw2nru94j5nwma2lg3tz4v7fyvxyp,259,https://koios.tosidrop.me/api/v1/pool_updates,2026-05-19T23:10:03+00:00
0e0926d5eeca04c15aecda464f8a08ac6e5d292a131180a0b7c2b475,pool1pcyjd40wegzvzkhvmfrylzsg43h962f2zvgcpg9hc26826wefsn,299,https://koios.tosidrop.me/api/v1/pool_updates,2026-05-19T23:10:03+00:00
0e0926d5eeca04c15aecda464f8a08ac6e5d292a131180a0b7c2b475,pool1pcyjd40wegzvzkhvmfrylzsg43h962f2zvgcpg9hc26826wefsn,301,https://koios.tosidrop.me/api/v1/pool_updates,2026-05-19T23:10:03+00:00
0e1f4e04f568c332fd0c653587a07db26d5bcd293cb5e3f505085e03,pool1pc05up84drpn9lgvv56c0grakfk4hnff8j678ag9pp0qx86lmzy,330,https://koios.tosidrop.me/api/v1/pool_updates,2026-05-19T23:10:03+00:00
0e212a8bebee0026cb2980204241168dec3e40cd0d7845bdb9fe4737,pool1pcsj4zltacqzdjefsqsyysgk3hkrusxdp4uyt0delernwcusn2g,473,https://koios.tosidrop.me/api/v1/pool_updates,2026-05-19T23:10:03+00:00
0e2b4673f655512bef9c943620ae0d0020e9182f4a13d8b20873e2bc,pool1pc45vulk24gjhmuujsmzptsdqqswjxp0fgfa3vsgw03tc0lp2ts,290,https://koios.tosidrop.me/api/v1/pool_updates,2026-05-19T23:10:03+00:00
0e38907811f35fb996d029dc33e943b6c21d94fddd70ca758ca71544,pool1pcufq7q37d0mn9ks98wr862rkmppm98am4cv5avv5u25gl4ll45,284,https://koios.tosidrop.me/api/v1/pool_updates,2026-05-19T23:10:03+00:00
0e3949846c2cfe51f586d1b7123b98e9bc9c0ad38a373411888c67d5,pool1pcu5nprv9nl9ravx6xm3ywucax7fczkn3gmngyvg33na2pyrf7u,296,https://koios.tosidrop.me/api/v1/pool_updates,2026-05-19T23:10:03+00:00
0e3f803915a37af7b6a121409192363e9de658524276c20c26f511ee,pool1pclcqwg45da00d4py9qfry3k86w7vkzjgfmvyrpx75g7u8t9nwf,557,https://koios.tosidrop.me/api/v1/pool_updates,2026-05-19T23:10:03+00:00
0e5dc570ccef2f0a8e9706100ee0409354728fbfdebcd0818a6520d0,pool1pewu2uxvauhs4r5hqcgqaczqjd289ralm67dpqv2v5sdqzjzxf0,322,https://koios.tosidrop.me/api/v1/pool_updates,2026-05-19T23:10:03+00:00
0e76c44520b9d7f2e211eccd82de49350288368802c7aaa72a13c3fa,pool1pemvg3fqh8tl9cs3anxc9hjfx5pgsd5gqtr64fe2z0pl5nk6krq,278,https://koios.tosidrop.me/api/v1/pool_updates,2026-05-19T23:10:03+00:00
0e8d16944b4e7f2061ce389ab2e06d5c1900404dba69a039888ab3f8,pool1p6x3d9ztfeljqcww8zdt9crdtsvsqszdhf56qwvg32elsy8e38v,392,https://koios.tosidrop.me/api/v1/pool_updates,2026-05-19T23:10:03+00:00
0e9787bb378f72bd3e5ce663f9ace6ae802616dc3f9dedf3c55f8f78,pool1p6tc0weh3aet60juue3lnt8x46qzv9ku87w7mu79t78hs4xx3tq,268,https://koios.tosidrop.me/api/v1/pool_updates,2026-05-19T23:10:03+00:00
0ef395f417fc1b8a124784c279575708e05d8917363fa8b3172d1631,pool1pmeetaqhlsdc5yj8snp8j46hprs9mzghxcl63vch95trz3xwpln,409,https://koios.tosidrop.me/api/v1/pool_updates,2026-05-19T23:10:03+00:00
0f581255fdb8e8e88d3676a3cbede33e1f2456171cbe39266b3db679,pool1pavpy40ahr5w3rfkw63uhm0r8c0jg4shrjlrjfnt8km8jewpjan,580,https://koios.tosidrop.me/api/v1/pool_updates,2026-05-19T23:10:03+00:00
0f87331c5289ba6b4c477d5b71e73c1c210464a780161119df1ea2fb,pool1p7rnx8zj3xaxknz804dhreeursssge98sqtpzxwlr630ks7axdp,294,https://koios.tosidrop.me/api/v1/pool_updates,2026-05-19T23:10:03+00:00
0f87725d29b3bc6cbbe7c2b0f6ffbdabf40f01225a1573763d7578ae,pool1p7rhyhffkw7xewl8c2c0dlaa406q7qfztg2hxa3aw4u2uaqlqla,590,https://koios.tosidrop.me/api/v1/pool_updates,2026-05-19T23:10:03+00:00
0f8f44b562a3abc9c975cfcfd93722401511c8accc4f4f33cd7e8802,pool1p785fdtz5w4unjt4el8ajdezgq23rj9ve3857v7d06yqytpyvtk,259,https://koios.tosidrop.me/api/v1/pool_updates,2026-05-19T23:10:03+00:00
0f918d1fc7afc9057af8a12caa0b79129e7258263915718e80d88bd8,pool1p7gc68784lys27hc5yk25zmez208ykpx8y2hrr5qmz9aspdyrky,313,https://koios.tosidrop.me/api/v1/pool_updates,2026-05-19T23:10:03+00:00
1039b534fbe622e972346c78e0b2d64edbbdc35b15d3c605bab9186d,pool1zqum2d8muc3wju35d3uwpvkkfmdmms6mzhfuvpd6hyvx624qwwa,224,https://koios.tosidrop.me/api/v1/pool_updates,2026-05-19T23:10:03+00:00
105a6816701a47f2fd43239a9340606640913012811485543bb05968,pool1zpdxs9nsrfrl9l2rywdfxsrqveqfzvqjsy2g24pmkpvkslky3v5,571,https://koios.tosidrop.me/api/v1/pool_updates,2026-05-19T23:10:03+00:00
107031e72d1c286de341342a2bbd020feb2a20118be8d04c864d2600,pool1zpcrreedrs5xmc6pxs4zh0gzpl4j5gq3305dqnyxf5nqqhfzhmn,316,https://koios.tosidrop.me/api/v1/pool_updates,2026-05-19T23:10:03+00:00
1092f4056ec01a7924aab78f398f9d5d8e66fb73ced871a2c785f3f7,pool1zzf0gptwcqd8jf92k78nnruatk8xd7mnemv8rgk8shelwvq8whm,531,https://koios.tosidrop.me/api/v1/pool_updates,2026-05-19T23:10:03+00:00
10afb96159de0f4debc8586a063458482fdb3e65dbcec06f808feaa0,pool1zzhmjc2emc85m67gtp4qvdzcfqhak0n9m08vqmuq3l42qalr3qw,358,https://koios.tosidrop.me/api/v1/pool_updates,2026-05-19T23:10:03+00:00
10e00ad48c211e1c474ffe31850705c1893a86eba5c17bf450519aea,pool1zrsq44yvyy0pc360lccc2pc9cxyn4pht5hqhhazs2xdw58r057q,230,https://koios.tosidrop.me/api/v1/pool_updates,2026-05-19T23:10:03+00:00
10e18fee68dd18ce97d063c6429f6d1f1aeddd98baa07bad4b59c624,pool1zrsclmngm5vva97sv0ry98mdrudwmhvch2s8ht2tt8rzgc8sy7d,380,https://koios.tosidrop.me/api/v1/pool_updates,2026-05-19T23:10:03+00:00
10e3b57ce86b8e7c2feedb52840dec8ff4396da37ddc76b218a61e64,pool1zr3m2l8gdw88ctlwmdfggr0v3l6rjmdr0hw8dvsc5c0xg048wtw,277,https://koios.tosidrop.me/api/v1/pool_updates,2026-05-19T23:10:03+00:00
10ecebfb1bbb0d1132c41952f9de613431d4fef626b2de8050e1a80b,pool1zrkwh7cmhvx3zvkyr9f0nhnpxscaflhky6edaqzsux5qkj7r5v6,486,https://koios.tosidrop.me/api/v1/pool_updates,2026-05-19T23:10:03+00:00
11049c12ebde61e94531eb2d022b44ba4fdbc48eea14bf6cbf2a6f44,pool1zyzfcyhtmes7j3f3avksy26yhf8ah3ywag2t7m9l9fh5g8yaerl,610,https://koios.tosidrop.me/api/v1/pool_updates,2026-05-19T23:10:03+00:00
11152917b1e01cb25ac9d993b207bfed11c097b34b77a5ce6f97cfa9,pool1zy2jj9a3uqwtykkfmxfmypala5gup9anfdm6tnn0jl86jsjjlxx,431,https://koios.tosidrop.me/api/v1/pool_updates,2026-05-19T23:10:03+00:00
112bd1da11c5c23e1171505fbbb81c8802d410de9e64373f530723c1,pool1zy4arks3chpruyt32p0mhwqu3qpdgyx7nejrw06nqu3uzfuv3aw,500,https://koios.tosidrop.me/api/v1/pool_updates,2026-05-19T23:10:03+00:00
117dc116c2125b9b4a43d9990fb0c2248b2c874bba6b7cd00bde1bd0,pool1z97uz9kzzfdekjjrmxvslvxzyj9jep6thf4he5qtmcdaqvznl8c,439,https://koios.tosidrop.me/api/v1/pool_updates,2026-05-19T23:10:03+00:00
118af2b045067d1eb1816bc9e0030e11d294b27c0e89c02b27b83f58,pool1zx909vz9qe73avvpd0y7qqcwz8fffvnup6yuq2e8hql4svk9xr7,616,https://koios.tosidrop.me/api/v1/pool_updates,2026-05-19T23:10:03+00:00
11bed93f1c04fcbd2dd33c5f9450993c542892fe4404db6658aa5503,pool1zxldj0cuqn7t6twn830eg5ye832z3yh7gszdkejc4f2sx02y84p,456,https://koios.tosidrop.me/api/v1/pool_updates,2026-05-19T23:10:03+00:00
11c5ea16604355fe508272826bdba02ac118562b52eb6b479bde758c,pool1z8z759nqgd2lu5yzw2pxhkaq9tq3s43t2t4kk3umme6cc50zj3d,324,https://koios.tosidrop.me/api/v1/pool_updates,2026-05-19T23:10:03+00:00
11c660b87cb43e4720b053895b3137b4c08f367dbd030127c9c6de9e,pool1z8rxpwrukslywg9s2wy4kvfhknqg7dnah5pszf7fcm0fu2valeh,580,https://koios.tosidrop.me/api/v1/pool_updates,2026-05-19T23:10:03+00:00
11cad31f95526b86724c84b818228fc2500bca5ce9b2864a85b94058,pool1z89dx8u42f4cvujvsjupsg50cfgqhjjuaxegvj59h9q9scra5fy,405,https://koios.tosidrop.me/api/v1/pool_updates,2026-05-19T23:10:03+00:00
11d6c617087878549e728bcbce59ca23a399455ba7bbf2a5993a9c70,pool1z8tvv9cg0pu9f8nj309uukw2yw3ej32m57al9fve82w8q26ma5j,405,https://koios.tosidrop.me/api/v1/pool_updates,2026-05-19T23:10:03+00:00
11ebe9e877fca62b67ef2ca4ab91056f627e742a21a39646da0f88b0,pool1z847n6rhljnzkel09jj2hyg9da38uap2yx3ev3k6p7ytqs3fpyp,252,https://koios.tosidrop.me/api/v1/pool_updates,2026-05-19T23:10:03+00:00
11f7a9d2369bf3797ab5d8e9f5fc17483fcebbb9320ab92a4db0f745,pool1z8m6n53kn0ehj744mr5ltlqhfqluawaexg9tj2jdkrm52kg2x93,363,https://koios.tosidrop.me/api/v1/pool_updates,2026-05-19T23:10:03+00:00
120164437b85877822cc5141bac269be53254e2fa58cef6c94238dc7,pool1zgqkgsmmskrhsgkv29qm4snfhefj2n305kxw7my5ywxuwf7pxu0,272,https://koios.tosidrop.me/api/v1/pool_updates,2026-05-19T23:10:03+00:00
121f02efc111b66b0d0db96dac2707e80067069175e1e9cccaf57673,pool1zg0s9m7pzxmxkrgdh9k6cfc8aqqxwp53whs7nnx274m8xhdszkj,222,https://koios.tosidrop.me/api/v1/pool_updates,2026-05-19T23:10:03+00:00
124ec3afff73cfa61ea65bf10870c82d44c3fec6d970675efd58b212,pool1zf8v8tllw086v84xt0cssuxg94zv8lkxm9cxwhhatzepy6yyr2l,281,https://koios.tosidrop.me/api/v1/pool_updates,2026-05-19T23:10:03+00:00
125b520d5bd2e0c5f608535365ead3cc07f3e9b6255da682c85c85c7,pool1zfd4yr2m6tsvtasg2dfkt6knesrl86dky4w6dqkgtjzuwxc3zaw,298,https://koios.tosidrop.me/api/v1/pool_updates,2026-05-19T23:10:03+00:00
126f84b8f88fd0f65de921ef521f2aa637e5e465cea06042c103fe22,pool1zfhcfw8c3lg0vh0fy8h4y8e25cm7ter9e6sxqskpq0lzyy2wzvm,403,https://koios.tosidrop.me/api/v1/pool_updates,2026-05-19T23:10:03+00:00
1271d7f74967ff48837ba66f8b7e8c17b5232184c7cb1b8344c1db4c,pool1zfca0a6fvll53qmm5ehckl5vz76jxgvycl93hq6yc8d5cgf4tx6,307,https://koios.tosidrop.me/api/v1/pool_updates,2026-05-19T23:10:03+00:00
1277374ed3b0eecbeb6b5d870a56488bb7e2e34c873fea82f68b6d7f,pool1zfmnwnknkrhvh6mttkrs54jg3wm79c6vsul74qhk3dkh7x48gwd,287,https://koios.tosidrop.me/api/v1/pool_updates,2026-05-19T23:10:03+00:00
1285e74b0ad83a6b2bf1d765103253b4f15e624468236292ca718183,pool1z2z7wjc2mqaxk2l36aj3qvjnknc4ucjydq3k9yk2wxqcxlpmvnr,402,https://koios.tosidrop.me/api/v1/pool_updates,2026-05-19T23:10:03+00:00
12b17458543e3cd8436aec7d6cc075deab40b7d9006bb2d705e1fc38,pool1z2chgkz58c7dssm2a37kesr4m645pd7eqp4m94c9u87rs8ek2mc,335,https://koios.tosidrop.me/api/v1/pool_updates,2026-05-19T23:10:03+00:00
12e033db11689b225c7f336a71cab849f724aec8b55dd5ebebc6f033,pool1ztsr8kc3dzdjyhrlxd48rj4cf8mjftkgk4wat6ltcmcrxdxvueq,316,https://koios.tosidrop.me/api/v1/pool_updates,2026-05-19T23:10:03+00:00
12e4492617ac5590657d6a4eae3b86b7eea39b07a0b01b85c0d6f791,pool1ztjyjfsh432eqetadf82uwuxklh28xc85zcphpwq6mmezavzad2,240,https://koios.tosidrop.me/api/v1/pool_updates,2026-05-19T23:10:03+00:00
131719731bf99518d44caadc1dfd37f9a7ddb86109f82011cd2ccb5c,pool1zvt3jucmlx2334zv4twpmlfhlxnamwrpp8uzqywd9n94cmvf2xh,418,https://koios.tosidrop.me/api/v1/pool_updates,2026-05-19T23:10:03+00:00
1321d9a678e8874e352f83e0ff5c4d7e5f3b02e2e95a7bd4fc903546,pool1zvsanfncazr5udf0s0s07hzd0e0nkqhza9d8h48ujq65vuamnu3,602,https://koios.tosidrop.me/api/v1/pool_updates,2026-05-19T23:10:03+00:00
134389055732f9fa6b7094bd815406f2a1bf7767731b49f42852e1c7,pool1zdpcjp2hxtul56msjj7cz4qx72sm7am8wvd5napg2tsuwmfle8e,386,https://koios.tosidrop.me/api/v1/pool_updates,2026-05-19T23:10:03+00:00
134b0ad4f7109b0b4514d666a838a5e14291e72ed99ff27488791dd5,pool1zd9s448hzzdsk3g56en2sw99u9pfreewmx0lyayg0ywa2l6kvry,300,https://koios.tosidrop.me/api/v1/pool_updates,2026-05-19T23:10:03+00:00
13633ea7519adae5da20b7e3aa1af6540bb7c992f1cbc390b620a4eb,pool1zd3naf63ntdwtk3qkl365xhk2s9m0jvj789u8y9kyzjwkz2tmzr,314,https://koios.tosidrop.me/api/v1/pool_updates,2026-05-19T23:10:03+00:00
13842b66c481acf01b849e9af56c7c9a041c66523e7d7b768f0b6d9d,pool1zwzzkekysxk0qxuyn6d02mrungzpcejj8e7hka50pdke690jafx,306,https://koios.tosidrop.me/api/v1/pool_updates,2026-05-19T23:10:03+00:00
13913da4d22cec06a4c6069a64e747b827edcbea4594bb52ece17860,pool1zwgnmfxj9nkqdfxxq6dxfe68hqn7mjl2gk2tk5hvu9uxqrtdw5e,468,https://koios.tosidrop.me/api/v1/pool_updates,2026-05-19T23:10:03+00:00
1392b9f04cf0d7083651b4e922ed5dfd171d5e593061e84c5cf244c1,pool1zwftnuzv7rtssdj3kn5j9m2al5t36hjexps7snzu7fzvzjjn95x,491,https://koios.tosidrop.me/api/v1/pool_updates,2026-05-19T23:10:03+00:00
139525b7fbdcc607ea06f1c7301efd2bdaf34228274c30623ff9b252,pool1zw2jtdlmmnrq06sx78rnq8ha90d0xs3gyaxrqc3llxe9y4edtv8,343,https://koios.tosidrop.me/api/v1/pool_updates,2026-05-19T23:10:03+00:00
13a22477d08111ef88003dc696757f88ccda5ed8f6fc66bfc88501a1,pool1zw3zga7ssyg7lzqq8hrfvatl3rxd5hkc7m7xd07gs5q6zk4ptx9,249,https://koios.tosidrop.me/api/v1/pool_updates,2026-05-19T23:10:03+00:00
13cbe75dec1a6909a22a25cd3620657c6a744663878f6cf1a409cef9,pool1z097wh0vrf5sng32yhxnvgr90348g3nrs78keudyp880jeqlefg,291,https://koios.tosidrop.me/api/v1/pool_updates,2026-05-19T23:10:03+00:00
13d3a7c2fbc1e210ce97ac1a3973bc4bc9d03f7d3906545a19782f7a,pool1z0f60shmc83ppn5h4sdrjuauf0yaq0ma8yr9gkse0qhh56q49af,514,https://koios.tosidrop.me/api/v1/pool_updates,2026-05-19T23:10:03+00:00
13e14af49abae0b3468261e9ab9438c6f0cc51258f5ecebd528c71a3,pool1z0s54ay6htstx35zv856h9pccmcvc5f93a0va02j33c6xc4prjg,225,https://koios.tosidrop.me/api/v1/pool_updates,2026-05-19T23:10:03+00:00
1412128f996c01a2c29bf591d1cec22b5de9dc12cd54dffbf80e4a94,pool1zsfp9ruedsq69s5m7kgarnkz9dw7nhqje42dl7lcpe9fgyfssv2,299,https://koios.tosidrop.me/api/v1/pool_updates,2026-05-19T23:10:03+00:00
141f45ef41daec5ff8cdb898d2ca176d85d34559902674a569dee753,pool1zs05tm6pmtk9l7xdhzvd9jshdkzax32ejqn8fftfmmn4xfualye,531,https://koios.tosidrop.me/api/v1/pool_updates,2026-05-19T23:10:03+00:00
144b21b3b3434d052b3f3c61360118fe0920cb52c1b12b50de8fc535,pool1z39jrvangdxs22el83snvqgclcyjpj6jcxcjk5x73lzn27059m6,527,https://koios.tosidrop.me/api/v1/pool_updates,2026-05-19T23:10:03+00:00
146fd3a33e8dec017db9599d3f8772311b6a7e745aa48480c878e8f5,pool1z3ha8ge73hkqzldetxwnlpmjxydk5ln5t2jgfqxg0r502km65hp,402,https://koios.tosidrop.me/api/v1/pool_updates,2026-05-19T23:10:03+00:00
147591868c4a1e7393e9a7107d21936cd0f9cc4af5db82c298f53f94,pool1z36erp5vfg088ylf5ug86gvndng0nnz27hdc9s5c75leghwpf6a,228,https://koios.tosidrop.me/api/v1/pool_updates,2026-05-19T23:10:03+00:00
14a6ab7f0530072a0ae80710270da3fc46f4b97f181f939defba6b66,pool1zjn2klc9xqrj5zhgqugzwrdrl3r0fwtlrq0e8800hf4kvkdues6,298,https://koios.tosidrop.me/api/v1/pool_updates,2026-05-19T23:10:03+00:00
14b3891df6cdd7239c24aaa45b998980413663ccc0079652d8824822,pool1zjecj80kehtj88py42j9hxvfspqnvc7vcqrev5kcsfyzyn0a4kn,600,https://koios.tosidrop.me/api/v1/pool_updates,2026-05-19T23:10:03+00:00
14c5dd786fb6f84d7e28046b7a30092202d59d483f210a2dbee06790,pool1znza67r0kmuy6l3gq34h5vqfygpdt82g8uss5td7upneqqyqwnr,225,https://koios.tosidrop.me/api/v1/pool_updates,2026-05-19T23:10:03+00:00
14f011c66a328a9777382f55282feb69c87f33bbd41c05cb61b90224,pool1zncpr3n2x29fwaec9a2jstltd8y87vam6swqtjmphypzgpzppgs,263,https://koios.tosidrop.me/api/v1/pool_updates,2026-05-19T23:10:03+00:00
150217c1e72aeb12c9023f9f1b7d90c99531a4157b380023bad5d890,pool1z5pp0s089t439jgz8703klvsex2nrfq40vuqqga66hvfqw6ucxr,390,https://koios.tosidrop.me/api/v1/pool_updates,2026-05-19T23:10:03+00:00
15343989c5a8cc6dd36eb10c96b9399512dbbede7d3480434eb8ceb2,pool1z56rnzw94rxxm5mwkyxfdwfej5fdh0k7056gqs6whr8tyjn48wq,350,https://koios.tosidrop.me/api/v1/pool_updates,2026-05-19T23:10:03+00:00
15343989c5a8cc6dd36eb10c96b9399512dbbede7d3480434eb8ceb2,pool1z56rnzw94rxxm5mwkyxfdwfej5fdh0k7056gqs6whr8tyjn48wq,352,https://koios.tosidrop.me/api/v1/pool_updates,2026-05-19T23:10:03+00:00
1540b52c65bb31735676c8efecc4e7c7b7da7f3c8ff209f3c5f313e2,pool1z4qt2tr9hvchx4nkerh7e388c7ma5leu3leqnu797vf7yxt55vv,265,https://koios.tosidrop.me/api/v1/pool_updates,2026-05-19T23:10:03+00:00
158144a30f7bb9b14443e72099782d6708f016ab20a6f0ee67f878e4,pool1zkq5fgc00wumz3zruusfj7pdvuy0q94tyzn0pmn8lpuwgkjrv7l,305,https://koios.tosidrop.me/api/v1/pool_updates,2026-05-19T23:10:03+00:00
1596878503f749aa3f6c33583e1e98ca240ef984a1cb7cf1afa6a814,pool1zktg0pgr7ay650mvxdvru85cegjqa7vy589heud0565pg6hxhq9,443,https://koios.tosidrop.me/api/v1/pool_updates,2026-05-19T23:10:03+00:00
15a500a4ae7a375347deaf879a65d54a481de9073005734b3c85fdf3,pool1zkjspf9w0gm4x37747re5ew4ffypm6g8xqzhxjeush7lx9tcptt,231,https://koios.tosidrop.me/api/v1/pool_updates,2026-05-19T23:10:03+00:00
15b6baa720cfa78f1a52aa49cc6b364f9a8de5d97005a2ce17e365a8,pool1zkmt4feqe7nc7xjj4fyuc6ekf7dgmewewqz69nshudj6spwhz48,427,https://koios.tosidrop.me/api/v1/pool_updates,2026-05-19T23:10:03+00:00
15b6baa720cfa78f1a52aa49cc6b364f9a8de5d97005a2ce17e365a8,pool1zkmt4feqe7nc7xjj4fyuc6ekf7dgmewewqz69nshudj6spwhz48,444,https://koios.tosidrop.me/api/v1/pool_updates,2026-05-19T23:10:03+00:00
15b80fb09b9541a2786a7dda7c516178f9acef18ef9c98d7146f5d2e,pool1zkuqlvymj4q6y7r20hd8c5tp0ru6emcca7wf34c5dawjukusvzr,489,https://koios.tosidrop.me/api/v1/pool_updates,2026-05-19T23:10:03+00:00
15c87b6bb073730ba288aac7a3071714399c78793f9b53d7370ac642,pool1zhy8k6aswdeshg5g4tr6xpchzsuec7re87d484ehptryyrpxe9j,265,https://koios.tosidrop.me/api/v1/pool_updates,2026-05-19T23:10:03+00:00
15d6799404843152298307427ee27a92752082cb04573ff1fbb5c146,pool1zht8n9qyssc4y2vrqap8acn6jf6jpqktq3tnlu0mkhq5vm8sv2x,338,https://koios.tosidrop.me/api/v1/pool_updates,2026-05-19T23:10:03+00:00
15d9a3670238083dca759e80dee207ee68b118d67cd58486f53818a2,pool1zhv6xecz8qyrmjn4n6qdacs8ae5tzxxk0n2cfph48qv2ylq8fmv,382,https://koios.tosidrop.me/api/v1/pool_updates,2026-05-19T23:10:03+00:00
15de4fcacf6ffcfb9a58c931765783e221c62d36b6f0a1b8b20bb630,pool1zh0yljk0dl70hxjceychv4urugsuvtfkkmc2rw9jpwmrqlhwgnp,252,https://koios.tosidrop.me/api/v1/pool_updates,2026-05-19T23:10:03+00:00
15e5672aa78de979bda529fb34008907fa9f1303402f68f727649e07,pool1zhjkw2483h5hn0d998angqyfqlaf7ycrgqhk3ae8vj0qwe9kelq,254,https://koios.tosidrop.me/api/v1/pool_updates,2026-05-19T23:10:03+00:00
15e94d5b8ab9ff7e7eaa0479a1bb7209bdca5f29ff7af1cf98d6c176,pool1zh556ku2h8lhul42q3u6rwmjpx7u5heflaa0rnuc6mqhvj8xm42,395,https://koios.tosidrop.me/api/v1/pool_updates,2026-05-19T23:10:03+00:00
15f99adf570f4150897548f9eb3aecc186f0bbb6ecc6231351ec9282,pool1zhue4h6hpaq4pzt4fru7kwhvcxr0pwakanrzxy63ajfgyzrd9we,220,https://koios.tosidrop.me/api/v1/pool_updates,2026-05-19T23:10:03+00:00
16136c2df8c84334a9c05c16d193c3f38fb8396442f11ad64a1fc2a7,pool1zcfkct0ceppnf2wqtstdry7r7w8mswtygtc344j2rlp2wmgvxyu,213,https://koios.tosidrop.me/api/v1/pool_updates,2026-05-19T23:10:03+00:00
162197363f33fa28c8174ab64b534c97aa7ba854acbb0c3933f5b204,pool1zcsewd3lx0az3jqhf2myk56vj748h2z54jascwfn7keqgn6vah3,272,https://koios.tosidrop.me/api/v1/pool_updates,2026-05-19T23:10:03+00:00
162abbdce50954eca8744579b5ddd7c9ed48e40fdce0db7a930ff558,pool1zc4thh89p92we2r5g4umthwhe8k53eq0mnsdk75npl64s62zw8y,314,https://koios.tosidrop.me/api/v1/pool_updates,2026-05-19T23:10:03+00:00
1634c08e606f0f68bed8d88ba0ab87980994a5872ce68afdd0064e40,pool1zc6vprnqdu8k30kcmz96p2u8nqyeffv89nng4lwsqe8yq7wez50,416,https://koios.tosidrop.me/api/v1/pool_updates,2026-05-19T23:10:03+00:00
1663610a0f8c45da8cbae578d6b923f3dac67ad489ebd31e03eb942c,pool1ze3kzzs033za4r96u4uddwfr70dvv7k5384ax8sraw2zcavh0ss,380,https://koios.tosidrop.me/api/v1/pool_updates,2026-05-19T23:10:03+00:00
16712d380315b12dfdac18ca550571c6ab040ef6be4c682e2a837f09,pool1zecj6wqrzkcjmldvrr992pt3c64sgrhkhexxst32sdlsjwkpmfh,409,https://koios.tosidrop.me/api/v1/pool_updates,2026-05-19T23:10:03+00:00
168b1fb18159fc3b126f9690924742fcfae2ecad94e13d76a8244ea5,pool1z693lvvpt87rkyn0j6gfy36zlnaw9m9djnsn6a4gy3822vykzau,434,https://koios.tosidrop.me/api/v1/pool_updates,2026-05-19T23:10:03+00:00
16aab2e3f5dfc8c4df0534b9f434b1172563bed28cd0dacfe2ca4dfe,pool1z64t9cl4mlyvfhc9xjulgd93zujk80kj3ngd4nlzefxluh7vd93,217,https://koios.tosidrop.me/api/v1/pool_updates,2026-05-19T23:10:03+00:00
16bc9f69ea9a788e504fa2e6a5d0319a53d4d8ac28d26b38776caa36,pool1z67f7602nfugu5z05tn2t5p3nffafk9v9rfxkwrhdj4rv6dg3sm,286,https://koios.tosidrop.me/api/v1/pool_updates,2026-05-19T23:10:03+00:00
16f6e9a767dbb9400d3dbe9f7374eef7c706bda870592a7dabd47a75,pool1zmmwnfm8mwu5qrfah60hxa8w7lrsd0dgwpvj5ldt63a82c63xgc,442,https://koios.tosidrop.me/api/v1/pool_updates,2026-05-19T23:10:03+00:00
170eb4123271182faf0910ac1955a4699a30ff7c1fcf4271e313ef83,pool1zu8tgy3jwyvzltcfzzkpj4dydxdrplmurl85yu0rz0hcxu7zdd0,217,https://koios.tosidrop.me/api/v1/pool_updates,2026-05-19T23:10:03+00:00
17111382071c508d881306c86b0a3511228c178e886742a2884c9d83,pool1zug38qs8r3ggmzqnqmyxkz34zy3gc9uw3pn59g5gfjwcxdskxjf,322,https://koios.tosidrop.me/api/v1/pool_updates,2026-05-19T23:10:03+00:00
17111382071c508d881306c86b0a3511228c178e886742a2884c9d83,pool1zug38qs8r3ggmzqnqmyxkz34zy3gc9uw3pn59g5gfjwcxdskxjf,323,https://koios.tosidrop.me/api/v1/pool_updates,2026-05-19T23:10:03+00:00
17111382071c508d881306c86b0a3511228c178e886742a2884c9d83,pool1zug38qs8r3ggmzqnqmyxkz34zy3gc9uw3pn59g5gfjwcxdskxjf,370,https://koios.tosidrop.me/api/v1/pool_updates,2026-05-19T23:10:03+00:00
171e3557237f793cc50709479a2f5067f74c5e618e3eba66ab89e1a4,pool1zu0r24er0aune3g8p9re5t6svlm5chnp3clt5e4t38s6g5tyu3d,311,https://koios.tosidrop.me/api/v1/pool_updates,2026-05-19T23:10:03+00:00
173fc6e5c2a006c179dae5895c1f68c1d598dae63a4eec2f4e25598b,pool1zuludewz5qrvz7w6uky4c8mgc82e3khx8f8wct6wy4vckhfjkt8,266,https://koios.tosidrop.me/api/v1/pool_updates,2026-05-19T23:10:03+00:00
175201a131cd66211ec60fd1c91b7812c528bed6d0a42e691f461ee8,pool1zafqrgf3e4nzz8kxplgujxmcztzj30kk6zjzu6glgc0wsqe8vp3,237,https://koios.tosidrop.me/api/v1/pool_updates,2026-05-19T23:10:03+00:00
17525aab031e0a4c40ab7349911a2a584793b985d1dc7aeae641601f,pool1zaf942crrc9ycs9twdyezx32tpre8wv968w846hxg9sp7amwp7s,399,https://koios.tosidrop.me/api/v1/pool_updates,2026-05-19T23:10:03+00:00
1757715fae9cc06796a1f2ba7fc3ced4610a87de189a2a897e7624dd,pool1zathzhawnnqx094p72a8ls7w63ss4p77rzdz4zt7wcjd6jy7045,264,https://koios.tosidrop.me/api/v1/pool_updates,2026-05-19T23:10:03+00:00
1765393a0b11be385de2dd7ca26f76b69db83efb300daa59441600df,pool1zajnjwstzxlrsh0zm472ymmkk6wms0hmxqx65k2yzcqd7920w3m,402,https://koios.tosidrop.me/api/v1/pool_updates,2026-05-19T23:10:03+00:00
1784413b65c86721d861798781219b765b27ac6d8e7c7688fbf2276c,pool1z7zyzwm9epnjrkrp0xrczgvmwedj0trd3e78dz8m7gnkck8lwj4,450,https://koios.tosidrop.me/api/v1/pool_updates,2026-05-19T23:10:03+00:00
17bea1a17e637f63039f0b16c0157d85e22411b058497cd7c35998fb,pool1z7l2rgt7vdlkxqulpvtvq9tash3zgydstpyhe47rtxv0kggyzf2,281,https://koios.tosidrop.me/api/v1/pool_updates,2026-05-19T23:10:03+00:00
17c0d3a812eb2df3c6c62b69d35b2e2ae1050ea4e362c6c4bdb1a659,pool1zlqd82qjavkl83kx9d5axkew9tss2r4yud3vd39akxn9j9mr5rj,288,https://koios.tosidrop.me/api/v1/pool_updates,2026-05-19T23:10:03+00:00
17c3516de1c3bdc73d3e573178c1a40a3c6a038baaf056f9ec7ce88a,pool1zlp4zm0pcw7uw0f72uch3sdypg7x5qut4tc9d70v0n5g5xuazmx,552,https://koios.tosidrop.me/api/v1/pool_updates,2026-05-19T23:10:03+00:00
17c3e5b58bc2965396f311a199deb6f556baa1c143def86d2579e52d,pool1zlp7tdvtc2t989hnzxsenh4k74tt4gwpg000smf908jj64w4vg4,475,https://koios.tosidrop.me/api/v1/pool_updates,2026-05-19T23:10:03+00:00
17fa4d6590f413e5b699ae8c859c32ef427e95b81f167e1a2dc3c2f1,pool1zlay6evs7sf7td5e46xgt8pjaap8a9dcrut8ux3dc0p0zsku8zp,305,https://koios.tosidrop.me/api/v1/pool_updates,2026-05-19T23:10:03+00:00
183334ab61d5af1ffbdb3b350e95d0afc09290013c30c4581a209ffe,pool1rqenf2mp6kh3l77m8v6sa9ws4lqf9yqp8scvgkq6yz0lujad9fh,318,https://koios.tosidrop.me/api/v1/pool_updates,2026-05-19T23:10:03+00:00
1837b2a379fb455215d78e9d93e2e94efafd2431859aabdb29e9a73b,pool1rqmm9gmeldz4y9wh36we8chffma06fp3skd2hkefaxnnkydzwrf,225,https://koios.tosidrop.me/api/v1/pool_updates,2026-05-19T23:10:03+00:00
183e9fc46f818419103dccb84318911cd3e7a4afd383e4eae650b875,pool1rqlfl3r0sxzpjypaejuyxxy3rnf70f906wp7f6hx2zu82em7ps3,340,https://koios.tosidrop.me/api/v1/pool_updates,2026-05-19T23:10:03+00:00
184f9b71917abc374496e25d3f0aacee1739097767f2284132b151f9,pool1rp8ekuv3027rw3ykufwn7z4vactnjzthvlezssfjk9gljcsafkf,278,https://koios.tosidrop.me/api/v1/pool_updates,2026-05-19T23:10:03+00:00
1870ec80a8c03e357a1a74b7af365bda92afd3be50b900c52aa46b5b,pool1rpcweq9gcqlr27s6wjm67djmm2f2l5a72zusp3f25344kaxuqcd,330,https://koios.tosidrop.me/api/v1/pool_updates,2026-05-19T23:10:03+00:00
188d429c9e1b559b3ed53529ec4cc948d72e4a8f2e5849523bb789d9,pool1rzx598y7rd2ek0k4x557cnxffrtjuj509evyj53mk7yajppymde,469,https://koios.tosidrop.me/api/v1/pool_updates,2026-05-19T23:10:03+00:00
1891b30d2c186b8b95d22e872e4f4989685b3d7c79cc434cf04d0441,pool1rzgmxrfvrp4ch9wj96rjun6f3959k0tu08xyxn8sf5zyz9qmzrl,430,https://koios.tosidrop.me/api/v1/pool_updates,2026-05-19T23:10:03+00:00
18d55e1060368606c01803afa75168339b9c1cd3a867e0f967d160ed,pool1rr24uyrqx6rqdsqcqwh6w5tgxwdec8xn4pn7p7t869sw69pddv9,237,https://koios.tosidrop.me/api/v1/pool_updates,2026-05-19T23:10:03+00:00
18f2fef01a1ba073827e8a6caec02af32f130a50a3b1254da50095b1,pool1rre0auq6rws88qn73fk2asp27vh3xzjs5wcj2nd9qz2mzz798dp,416,https://koios.tosidrop.me/api/v1/pool_updates,2026-05-19T23:10:03+00:00
1901fe3a22a4ec7df4f098c9ff56d3a40c9bbf0103880a8538d391b6,pool1ryqluw3z5nk8ma8snryl74kn5sxfh0cpqwyq4pfc6wgmvp7jd4k,215,https://koios.tosidrop.me/api/v1/pool_updates,2026-05-19T23:10:03+00:00
190ab13987bcd4925f21c030678cee3ce4f846f32f19749a5557d8e3,pool1ry9tzwv8hn2fyhepcqcx0r8w8nj0s3hn9uvhfxj42lvwx2cyxmj,319,https://koios.tosidrop.me/api/v1/pool_updates,2026-05-19T23:10:03+00:00
1918d67ca2ea2d29e0c747d2dda6546f1263ba3db310ebcd1777e845,pool1ryvdvl9zagkjncx8glfdmfj5dufx8w3akvgwhnghwl5y27ryt5q,220,https://koios.tosidrop.me/api/v1/pool_updates,2026-05-19T23:10:03+00:00
194430bee1245b2d7e19a33e52635e5328ef24431874a0cb191c0195,pool1r9zrp0hpy3dj6lse5vl9yc672v5w7fzrrp62pjcersqe2djm409,467,https://koios.tosidrop.me/api/v1/pool_updates,2026-05-19T23:10:03+00:00
19648e5a6b470dad674a6faaef693f70fb1471a60c223adbe5ff13d2,pool1r9jgukntgux66e62d74w76flwra3gudxps3r4kl9lufaya4zxdu,253,https://koios.tosidrop.me/api/v1/pool_updates,2026-05-19T23:10:03+00:00
198248595db9855aab60e859585d630f5ad72bf0e712dca0a884a53d,pool1rxpysk2ahxz442mqapv4shtrpaddw2lsuufdeg9gsjjn6gjr5tx,280,https://koios.tosidrop.me/api/v1/pool_updates,2026-05-19T23:10:03+00:00
19919041e987de7c3c61ee703b3cf8278119b22eebd6e12be51c4ba3,pool1rxgeqs0fsl08c0rpaecrk08cy7q3nv3wa0twz2l9r396xw0594z,250,https://koios.tosidrop.me/api/v1/pool_updates,2026-05-19T23:10:03+00:00
19958cbebbc90524bbc05c022fd8f73ea369527775aeb87a5dab1618,pool1rx2ce04meyzjfw7qtspzlk8h863kj5nhwkhts7ja4vtpsk934tg,214,https://koios.tosidrop.me/api/v1/pool_updates,2026-05-19T23:10:03+00:00
19a7295abe2d83e4c5876ef30f21a44ca3877107fe5529a926cc1647,pool1rxnjjk479kp7f3v8dmes7gdyfj3cwug8le2jn2fxestyw6k4f3x,316,https://koios.tosidrop.me/api/v1/pool_updates,2026-05-19T23:10:03+00:00
19baf409a231aa295a81fab2a7d72e9b2f3b8605acbad0e427f22368,pool1rxa0gzdzxx4zjk5pl2e204ewnvhnhps94jadpep87g3ks88ym72,251,https://koios.tosidrop.me/api/v1/pool_updates,2026-05-19T23:10:03+00:00
19c42d8284523585c953c98c88aa2ac97eb4f9745da11badafd97a10,pool1r8zzmq5y2g6ctj2nexxg3232e9ltf7t5tks3htd0m9apq5ml2y8,304,https://koios.tosidrop.me/api/v1/pool_updates,2026-05-19T23:10:03+00:00
19c56be8538786b0b1ddaeb4049faf6a00df0ca2df15e05b0472a866,pool1r8zkh6zns7rtpvwa466qf8a0dgqd7r9zmu27qkcyw25xv46y97s,552,https://koios.tosidrop.me/api/v1/pool_updates,2026-05-19T23:10:03+00:00
19cec83f40645921cdacbe5ceb89e716356efb2071989ac17095233a,pool1r88vs06qv3vjrndvhewwhz08zc6ka7eqwxvf4stsj53n50nr8n7,275,https://koios.tosidrop.me/api/v1/pool_updates,2026-05-19T23:10:03+00:00
19cec83f40645921cdacbe5ceb89e716356efb2071989ac17095233a,pool1r88vs06qv3vjrndvhewwhz08zc6ka7eqwxvf4stsj53n50nr8n7,285,https://koios.tosidrop.me/api/v1/pool_updates,2026-05-19T23:10:03+00:00
19d38fe6260aa65342c1cef1762c19771ab2c7de35a4b0a4d7b06373,pool1r8fcle3xp2n9xskpemchvtqewudt9377xkjtpfxhkp3hxx87ssx,247,https://koios.tosidrop.me/api/v1/pool_updates,2026-05-19T23:10:03+00:00
19d392c8e3b2e9415f41e7b0b6352786b418e440fff668403a0c581a,pool1r8fe9j8rkt55zh6pu7ctvdf8s66p3ezqllmxssp6p3vp56e0m2l,235,https://koios.tosidrop.me/api/v1/pool_updates,2026-05-19T23:10:03+00:00
19e397043c50cd043700c7c54ab3ce86cb4595b912d637ae7abdb3f9,pool1r83ewppu2rxsgdcqclz54v7wsm95t9dezttr0tn6hkelj6nurf9,403,https://koios.tosidrop.me/api/v1/pool_updates,2026-05-19T23:10:03+00:00
1a1119aa4fcf8db858b826d7cb899dad49ee855bdc9351f90c6f418e,pool1rgg3n2j0e7xmsk9cymtuhzva44y7ap2mmjf4r7gvdaqcu629hs4,393,https://koios.tosidrop.me/api/v1/pool_updates,2026-05-19T23:10:03+00:00
1a1415bd2087dbdd605ab186f580726ca85d42c7e715076e3123375d,pool1rg2pt0fqslda6cz6kxr0tqrjdj596sk8uu2swm33yvm46awgew7,228,https://koios.tosidrop.me/api/v1/pool_updates,2026-05-19T23:10:03+00:00
1a1cdea166abb174068398174443ce2f2abfbcdab0e09ab7d2962bfb,pool1rgwdagtx4wchgp5rnqt5gs7w9u4tl0x6krsf4d7jjc4lk8ywjmv,226,https://koios.tosidrop.me/api/v1/pool_updates,2026-05-19T23:10:03+00:00
1a84b07b5c4b1c647ea1263cf59d18c74390779b6c88cd7105d2382d,pool1r2ztq76ufvwxgl4pyc70t8gccapeqaumdjyv6ug96guz6230e69,380,https://koios.tosidrop.me/api/v1/pool_updates,2026-05-19T23:10:03+00:00
1aad61d60bebe5ec44fd2474f64d306fe71c68d31ea25705806bfb82,pool1r2kkr4sta0j7c38ay360vnfsdln3c6xnr639wpvqd0acy9akg97,375,https://koios.tosidrop.me/api/v1/pool_updates,2026-05-19T23:10:03+00:00
1aaeb638ddbe97171e35d5338d93b3a40fecdf22eca60d112bb59641,pool1r2htvwxah6t3w83465ecmyan5s87ehezajnq6yftkktyz0fnhrx,299,https://koios.tosidrop.me/api/v1/pool_updates,2026-05-19T23:10:03+00:00
1abc4b63943d87337c2f29e7e38f2a1a4d127f68624093d673283e93,pool1r27ykcu58krnxlp098n78re2rfx3ylmgvfqf84nn9qlfx5j2lsu,410,https://koios.tosidrop.me/api/v1/pool_updates,2026-05-19T23:10:03+00:00
1ae474a832cb712bf8f922938ab99d5c899e373ddebf066a135addc6,pool1rtj8f2pjedcjh78ey2fc4wvatjyeudeam6lsv6snttwuvhn2vsq,341,https://koios.tosidrop.me/api/v1/pool_updates,2026-05-19T23:10:03+00:00
1ae7d65e3b6669429f1f77b2c8789c28ac23aeaca74826b188a8f6f7,pool1rtnavh3mve5598clw7evs7yu9zkz8t4v5ayzdvvg4rm0wamxl69,255,https://koios.tosidrop.me/api/v1/pool_updates,2026-05-19T23:10:03+00:00
1af3f4c7cf153326f0d988e74dda8c1b0064538c4200c889567e30f7,pool1rtelf370z5ejduxe3rn5mk5vrvqxg5uvggqv3z2k0cc0wxy3c4j,324,https://koios.tosidrop.me/api/v1/pool_updates,2026-05-19T23:10:03+00:00
1af9675471ebcf3dd3d6eac7cafb8e3e1df10c82bbccae5dca0e26fc,pool1rtukw4r3a08nm57katru47uw8cwlzryzh0x2uhw2pcn0c84xjxw,404,https://koios.tosidrop.me/api/v1/pool_updates,2026-05-19T23:10:03+00:00
1b031c8c8f9d30fb9cac13e3c2871315076f6d29cc55120d42d5ef35,pool1rvp3ery0n5c0h89vz03u9pcnz5rk7mffe323yr2z6hhn2s3e2tr,231,https://koios.tosidrop.me/api/v1/pool_updates,2026-05-19T23:10:03+00:00
1b256ec39b71ef86b13a1ce4baffe5456f9db7e43cfe5937c8fd8a90,pool1rvjkasumw8hcdvf6rnjt4ll9g4hemdly8nl9jd7glk9fqxg4zpq,257,https://koios.tosidrop.me/api/v1/pool_updates,2026-05-19T23:10:03+00:00
1b39e57d6a93c4f04922f82f8c318ce159ebcb9abcdabb75091318c9,pool1rvu72lt2j0z0qjfzlqhccvvvu9v7hju6hndtkagfzvvvjgy6zds,502,https://koios.tosidrop.me/api/v1/pool_updates,2026-05-19T23:10:03+00:00
1b3e71112aacede2d50464f41bec1af5ee717d54deb441c42563570d,pool1rvl8zyf24nk794gyvn6phmq67hh8zl25m66yr3p9vdts6029z9l,311,https://koios.tosidrop.me/api/v1/pool_updates,2026-05-19T23:10:03+00:00
1b4ea708f8c961db4c66e3fca6ca854f062c3ec2471e6a120293d6eb,pool1rd82wz8ce9saknrxu072dj59furzc0kzgu0x5yszj0twk25fyt5,332,https://koios.tosidrop.me/api/v1/pool_updates,2026-05-19T23:10:03+00:00
1b5f8eb4c3de5274fca5cab708ac8b100feaed5db8fbdc9923b8663d,pool1rd0cadxrmef8fl99e2ms3tytzq874m2ahraaexfrhpnr67d7s8a,411,https://koios.tosidrop.me/api/v1/pool_updates,2026-05-19T23:10:03+00:00
1b6a8898001c9656ce871eeff7872285f14514cad2defe0db55be27d,pool1rd4g3xqqrjt9dn58rmhl0pezshc529x26t00urd4t0386yw5jtp,258,https://koios.tosidrop.me/api/v1/pool_updates,2026-05-19T23:10:03+00:00
1b6f9f775b3605816ccb3a8d5a8d46aad8cd2f675c0712cd9fa0bca6,pool1rdhe7a6mxczczmxt82x44r2x4tvv6tm8tsr39nvl5z72v6nqgp8,231,https://koios.tosidrop.me/api/v1/pool_updates,2026-05-19T23:10:03+00:00
1b802032c4b0a260000cf5a36a30d0749baae45e9392626daea1cd05,pool1rwqzqvkykz3xqqqv7k3k5vxswjd64ez7jwfxymdw58xs2xtlx7r,229,https://koios.tosidrop.me/api/v1/pool_updates,2026-05-19T23:10:03+00:00
1b9bf256c280fbaaa578a8809c570cad2bce820d7947d7638ac2e81f,pool1rwdly4kzsra64ftc4zqfc4cv454uaqsd09rawcu2ct5p78duteh,382,https://koios.tosidrop.me/api/v1/pool_updates,2026-05-19T23:10:03+00:00
1bcea294f78ded5097cbbf746b9343d46608784c7443c1433f3c0a5a,pool1r082998h3hk4p97tha6xhy6r63nqs7zvw3puzsel8s995u0f538,229,https://koios.tosidrop.me/api/v1/pool_updates,2026-05-19T23:10:03+00:00
1bd4ab43ba3fa005aa245d550a149e3825d1e20f78afc25e5fa0dd06,pool1r022ksa687sqt23yt42s59y78qjarcs00zhuyhjl5rwsv9uy9sv,467,https://koios.tosidrop.me/api/v1/pool_updates,2026-05-19T23:10:03+00:00
1bdb8db050fb6cfd13a8e34ddec812e0aec77c589f71fc396cd9d950,pool1r0dcmvzsldk06yagudxaajqjuzhvwlzcnaclcwtvm8v4qmsn7l0,493,https://koios.tosidrop.me/api/v1/pool_updates,2026-05-19T23:10:03+00:00
1be8cf4af5014a027983ba8dd8da6195a34b08e1dc956ee12ab929bb,pool1r05v7jh4q99qy7vrh2xa3knpjk35kz8pmj2kacf2hy5mke6vjcj,299,https://koios.tosidrop.me/api/v1/pool_updates,2026-05-19T23:10:03+00:00
1c0e6221a71b41290e9cdc1ee2f02e2f1c31d99c6124c01dcc1c6d9b,pool1rs8xygd8rdqjjr5ums0w9upw9uwrrkvuvyjvq8wvr3kekhjkpl3,392,https://koios.tosidrop.me/api/v1/pool_updates,2026-05-19T23:10:03+00:00
1c220012e987c342ec4b4c6cea04501d0cf003459804b0e7018d3c73,pool1rs3qqyhfslp59mztf3kw5pzsr5x0qq69nqztpecp3578xq64cd3,384,https://koios.tosidrop.me/api/v1/pool_updates,2026-05-19T23:10:03+00:00
1c2bf407fe43d5bbe6609450b296b9f7ed77cc2ef04582c6b3574297,pool1rs4lgpl7g02mhenqj3gt994e7lkh0npw7pzc934n2apfwrpmklh,278,https://koios.tosidrop.me/api/v1/pool_updates,2026-05-19T23:10:03+00:00
1c2e3e1c3bd11f227a53c6d7a009303f2a9a03b44309789ec8ce3daf,pool1rshru8pm6y0jy7jncmt6qzfs8u4f5qa5gvyh38kgec767t20z3d,342,https://koios.tosidrop.me/api/v1/pool_updates,2026-05-19T23:10:03+00:00
1c62abf4b46dcb3c5bce2a91e35738923f8f491eff96d6e273725ec4,pool1r332ha95dh9nck7w92g7x4ecjglc7jg7l7tddcnnwf0vg97lk89,383,https://koios.tosidrop.me/api/v1/pool_updates,2026-05-19T23:10:03+00:00
1c908c07101f9c99aea3febc41f556d50e4060a4d5e2215ba0a18a3f,pool1rjggcpcsr7wfnt4rl67yra2k658yqc9y6h3zzkaq5x9r766zlz7,433,https://koios.tosidrop.me/api/v1/pool_updates,2026-05-19T23:10:03+00:00
1c98f54e80591b99d12361091af1bf146605d89cf555b45f10738f3b,pool1rjv02n5qtyden5frvyy34udlz3nqtkyu742mghcsww8nk4qycsh,300,https://koios.tosidrop.me/api/v1/pool_updates,2026-05-19T23:10:03+00:00
1caddfa1cfd86bbbc4e4084c7de0b07b489546cbe03e20041f6ea3ce,pool1rjkalgw0mp4mh38yppx8mc9s0dyf23ktuqlzqpqld63uufvhudd,629,https://koios.tosidrop.me/api/v1/pool_updates,2026-05-19T23:10:03+00:00
1cd122b3ccee22046d1b1dd46a6f3a1d339de527656b88ab55a16ae4,pool1rngj9v7vac3qgmgmrh2x5me6r5eemef8v44c3264594wg4ehrwq,240,https://koios.tosidrop.me/api/v1/pool_updates,2026-05-19T23:10:03+00:00
1cd54093f91b20c6188b19f83a69698d7c2c0ddde6c3980d85f6d3ff,pool1rn25pylervsvvxytr8ur56tf347zcrwaumpesrv97mfl70d4syy,394,https://koios.tosidrop.me/api/v1/pool_updates,2026-05-19T23:10:03+00:00
1ce7d4c4bbcf7cf48b6d0ca945a6e26eab52d67db0a71ed4a2fb6987,pool1rnnaf39mea70fzmdpj55tfhzd64494nakzn3a49zld5cw035qh4,316,https://koios.tosidrop.me/api/v1/pool_updates,2026-05-19T23:10:03+00:00
1d16410b41789505024be1e89800eae0783a02a2cd5c9bae246fa583,pool1r5tyzz6p0z2s2qjtu85fsq82upur5q4ze4wfht3yd7jcxrjj4wj,392,https://koios.tosidrop.me/api/v1/pool_updates,2026-05-19T23:10:03+00:00
1d1a0727f1cae44f801091fe2b80d5589f3ffed24c602a8df7cdb2a3,pool1r5dqwfl3etjylqqsj8lzhqx4tz0nllkjf3sz4r0heke2xs5kwap,485,https://koios.tosidrop.me/api/v1/pool_updates,2026-05-19T23:10:03+00:00
1d2af62e81695d4f6530a5750dfc10c0992415909c3e0b36f4223669,pool1r540vt5pd9w57efs546smlqsczvjg9vsnslqkdh5ygmxjtsdqdv,266,https://koios.tosidrop.me/api/v1/pool_updates,2026-05-19T23:10:03+00:00
1d46e6eaa039ad1d6f4e53200a9c49c6d2693da6207006876455e6e4,pool1r4rwd64q8xk36m6w2vsq48zfcmfxj0dxypcqdpmy2hnwg9vwv59,210,https://koios.tosidrop.me/api/v1/pool_updates,2026-05-19T23:10:03+00:00
1d55b4fc5047f49ceb29956e0491c6574ec1e6493b38ca66d3f94f0c,pool1r42mflzsgl6fe6efj4hqfywx2a8vrejf8vuv5eknl98sc7eqtm4,294,https://koios.tosidrop.me/api/v1/pool_updates,2026-05-19T23:10:03+00:00
1d55ec3880c09f0dbb4a1a0dfee1e0faec21805638d9438c81457d7a,pool1r427cwyqcz0smw62rgxlac0qltkzrqzk8rv58rypg47h5tuz9dz,252,https://koios.tosidrop.me/api/v1/pool_updates,2026-05-19T23:10:03+00:00
1d6f28d31f664d603e4fc751830d652d6980fba8143ec91829e9528d,pool1r4hj35clvexkq0j0cagcxrt9945cp7agzslvjxpfa9fg62qpemv,275,https://koios.tosidrop.me/api/v1/pool_updates,2026-05-19T23:10:03+00:00
1d9cc6b732016e62b7ac8ff4a9c5d467c5020490bef1459b024b2123,pool1rkwvddejq9hx9dav3l62n3w5vlzsypyshmc5txczfvsjxs0g9uy,395,https://koios.tosidrop.me/api/v1/pool_updates,2026-05-19T23:10:03+00:00
1dbb250d88c1fad40a30eb2fc8ccd6033dc5540bfa1c500d209e38e4,pool1rkaj2rvgc8adgz3savhu3nxkqv7u24qtlgw9qrfqncuwgfzcfyg,217,https://koios.tosidrop.me/api/v1/pool_updates,2026-05-19T23:10:03+00:00
1dcdee8507e36964d9bbc3b05ca3d210d6aa6ee44e7527d223835cbd,pool1rhx7apg8ud5kfkdmcwc9eg7jzrt25mhyfe6j053rsdwt60tc579,293,https://koios.tosidrop.me/api/v1/pool_updates,2026-05-19T23:10:03+00:00
1df1a30b47543af146219ff8317d0ffc9ea5c4ecf6d11f9f74a299e6,pool1rhc6xz682sa0z33pnlurzlg0lj02t38v7mg3l8m552v7v7lxagm,435,https://koios.tosidrop.me/api/v1/pool_updates,2026-05-19T23:10:03+00:00
1df219217b1487843371e0d145f8ef6d6aca2e999b5a963c30a32446,pool1rhepjgtmzjrcgvm3urg5t780d44v5t5enddfv0ps5vjyvefncn6,307,https://koios.tosidrop.me/api/v1/pool_updates,2026-05-19T23:10:03+00:00
1df26dd464ae81742c0517e4f1b617d33d43b87aa24d34ebd334b1ba,pool1rhexm4ry46qhgtq9zlj0rdsh6v758wr65fxnf67nxjcm5kva8aw,328,https://koios.tosidrop.me/api/v1/pool_updates,2026-05-19T23:10:03+00:00
1e00764c7fa28e57cd8b7c5ef7786805b96af4453d9a51619cac7a8b,pool1rcq8vnrl52890nvt0300w7rgqkuk4az98kd9zcvu43agk3u84ms,343,https://koios.tosidrop.me/api/v1/pool_updates,2026-05-19T23:10:03+00:00
1e03426efdbb47ce2eae0006d2585aac36d67427b97ca62c8d3d6d42,pool1rcp5ymhahdruut4wqqrdykz64smdvap8h972vtyd84k5ykemp7l,333,https://koios.tosidrop.me/api/v1/pool_updates,2026-05-19T23:10:03+00:00
1e0ea508fc7e5414857427cb021516df482d636122070b974e16228f,pool1rc822z8u0e2pfpt5yl9sy9gkmayz6cmpygrsh96wzc3g765e33d,253,https://koios.tosidrop.me/api/v1/pool_updates,2026-05-19T23:10:03+00:00
1e0f6bc690f244f1159ffea5b8dedc7edaa680585fed14dbbdde7941,pool1rc8kh35s7fz0z9vll6jm3hku0md2dqzctlk3fkaameu5zv4uzjr,402,https://koios.tosidrop.me/api/v1/pool_updates,2026-05-19T23:10:03+00:00
1e1027bb346218950adfb6e788a661877abfe00523451a440e5a6be7,pool1rcgz0we5vgvf2zklkmnc3fnpsaatlcq9ydz353qwtf47wfxj7f0,270,https://koios.tosidrop.me/api/v1/pool_updates,2026-05-19T23:10:03+00:00
1e255b3a33c852170f5052c48044d1cedd5a4caea1dfa8c8a7bc4e38,pool1rcj4kw3nepfpwr6s2tzgq3x3emw45n9w58063j98h38rse482k0,237,https://koios.tosidrop.me/api/v1/pool_updates,2026-05-19T23:10:03+00:00
1e29d8901dabb4556aa564fa2c3a972f459fb71146348b36c5c2ff31,pool1rc5a3yqa4w692649vnazcw5h9azeldc3gc6gkdk9ctlnzwsgqtd,474,https://koios.tosidrop.me/api/v1/pool_updates,2026-05-19T23:10:03+00:00
1e3adabdf86819c05cf029aa335ade679467d4338db9875495e3a3a3,pool1rcad400cdqvuqh8s9x4rxkk7v72x04pn3kucw4y4uw36xlfcy4f,380,https://koios.tosidrop.me/api/v1/pool_updates,2026-05-19T23:10:03+00:00
1e56f8172082bd3639f6f134c633d3126e1347a7d00929feb30f8b0b,pool1ret0s9eqs27nvw0k7y6vvv7nzfhpx3a86qyjnl4np79sk29q8f8,254,https://koios.tosidrop.me/api/v1/pool_updates,2026-05-19T23:10:03+00:00
1e5f4eebc56a6726fd36af2f870b3bd62b204f3cd1b36e32e8a56737,pool1re05a679dfnjdlfk4uhcwzem6c4jqneu6xekuvhg54nnwuat2pf,548,https://koios.tosidrop.me/api/v1/pool_updates,2026-05-19T23:10:03+00:00
1e69f6c6a6cfe573c4a19e1fb5689d31031d63efc1d3d933861875fe,pool1re5ld34xeljh839pnc0m26yaxyp36cl0c8fajvuxrp6lu69fqpz,442,https://koios.tosidrop.me/api/v1/pool_updates,2026-05-19T23:10:03+00:00
1e96da3b460b39f8468917521847cd6597521771445a186be48d814f,pool1r6td5w6xpvuls35fzafps37dvkt4y9m3g3dps6ly3kq57jzzjtp,336,https://koios.tosidrop.me/api/v1/pool_updates,2026-05-19T23:10:03+00:00
1ea4d9e25ae203c16197cd2d51d4e566ea6e38bebcb2d08d09729d83,pool1r6jdncj6ugpuzcvhe5k4r489vm4xuw97hjedprgfw2wcxavms4z,369,https://koios.tosidrop.me/api/v1/pool_updates,2026-05-19T23:10:03+00:00
1eb47cce1db470bb81853cbc381a1bf8e09464bf1688b75f87e5e986,pool1r668ensak3cthqv98j7rsxsmlrsfge9lz6ytwhu8uh5cvd6c8mx,298,https://koios.tosidrop.me/api/v1/pool_updates,2026-05-19T23:10:03+00:00
1eb8db496ce426376b1e77b5fb97f7256af7d4b3ac3b5d6626b5d197,pool1r6udkjtvusnrw6c7w76lh9lhy440049n4sa46e3xkhgewdc7dqt,295,https://koios.tosidrop.me/api/v1/pool_updates,2026-05-19T23:10:03+00:00
1ec79eb55cbd7f46bf8a53c6bed8cfc7bc6edbaacae8cc2bec9d9cb6,pool1rmread2uh4l5d0u220rtakx0c77xaka2et5vc2lvnkwtv059uj0,266,https://koios.tosidrop.me/api/v1/pool_updates,2026-05-19T23:10:03+00:00
1ecd93831b0250b370b7c5a6c53d57dddcaf1d3312ce174f0daec49a,pool1rmxe8qcmqfgtxu9hcknv202hmhw278fnzt8pwncd4mzf54cuv67,526,https://koios.tosidrop.me/api/v1/pool_updates,2026-05-19T23:10:03+00:00
1ed222def904c9c32fa599a845a8470e69fa76fc42349577bb0bdf78,pool1rmfz9hheqnyuxta9nx5yt2z8pe5l5ahugg6f2aamp00hsx59r8p,312,https://koios.tosidrop.me/api/v1/pool_updates,2026-05-19T23:10:03+00:00
1ed4fce12691c3f5ea8f2905fc50c7a460a5b832b6d8712de192c656,pool1rm20ecfxj8plt6509yzlc5x853s2twpjkmv8zt0pjtr9vhlmyhq,606,https://koios.tosidrop.me/api/v1/pool_updates,2026-05-19T23:10:03+00:00
1ed9bb5ed9e686c0ae6bfbcd8f61f7189b56c77d1ec42eb2b3465323,pool1rmvmkhkeu6rvptntl0xc7c0hrzd4d3marmzzav4ngefjxjcj8cy,414,https://koios.tosidrop.me/api/v1/pool_updates,2026-05-19T23:10:03+00:00
1edaed9aff15add8caadb96c6e833e6d7ea327483128d9ece970e8e0,pool1rmdwmxhlzkka3j4dh9kxaqe7d4l2xf6gxy5dnm8fwr5wqjgnsmx,322,https://koios.tosidrop.me/api/v1/pool_updates,2026-05-19T23:10:03+00:00
1edd8fef3c5e1adf25f0b2f1963bbacbba1b9b2246416a5f0983981b,pool1rmwclmeutcdd7f0sktcevwa6ewaphxezgeqk5hcfswvpkaq2hmg,306,https://koios.tosidrop.me/api/v1/pool_updates,2026-05-19T23:10:03+00:00
1ee4ad1e4194f0018dfbc665e727d3a7f78c59850c685cd5a1f55bc0,pool1rmj268jpjncqrr0mcej7wf7n5lmcckv9p359e4dp74duqe7tljn,342,https://koios.tosidrop.me/api/v1/pool_updates,2026-05-19T23:10:03+00:00
1f01a5b3bf1afdce578a9173c4312fb944f7924847501235e096f647,pool1ruq6tvalrt7uu4u2j9eugvf0h9z00yjggagpyd0qjmmywa6za7y,270,https://koios.tosidrop.me/api/v1/pool_updates,2026-05-19T23:10:03+00:00
1f142bd5512f9ba690cd143eea0742ae32e944f30ffc118650b33c92,pool1ru2zh42397d6dyxdzslw5p6z4cewj38npl7prpjskv7fyl0gpga,221,https://koios.tosidrop.me/api/v1/pool_updates,2026-05-19T23:10:03+00:00
1f3f45493d69e49cd733be465aad78e0fcbb9ba7a9263cc3722f0d5b,pool1rul52jfad8jfe4enher94ttcur7thxa84ynresmj9ux4kgl6umv,259,https://koios.tosidrop.me/api/v1/pool_updates,2026-05-19T23:10:03+00:00
1f5f27af3ce63f8837aa8ba989438771d73c67c0f72154b788faab2a,pool1ra0j0teuuclcsda23w5cjsu8w8tnce7q7us4fdugl24j5f909lt,220,https://koios.tosidrop.me/api/v1/pool_updates,2026-05-19T23:10:03+00:00
1f668638c8f43d9335bbc83ec004d6ded246c4149ce342d5268af928,pool1rangvwxg7s7exddmeqlvqpxkmmfyd3q5nn3594fx3tujsjfrpwn,631,https://koios.tosidrop.me/api/v1/pool_updates,2026-05-19T23:10:03+00:00
1f7ed20ebdd7ec3b76cd81494b190e6f1589f33a70b35403bcb58ad7,pool1raldyr4a6lkrkakds9y5kxgwdu2cnue6wze4gqaukk9dw0kuw0e,458,https://koios.tosidrop.me/api/v1/pool_updates,2026-05-19T23:10:03+00:00
1f88c128f1e00e1b2c14faa2301b4856ba58421ead5035170f49e380,pool1r7yvz283uq8pktq5l23rqx6g26a9sss744gr29c0f83cq04g8ey,286,https://koios.tosidrop.me/api/v1/pool_updates,2026-05-19T23:10:03+00:00
1fac440dc1ba86dcdad330ac1e2c751ff324bef729e2a50e35187510,pool1r7kygrwph2rdekknxzkputr4rlejf0hh98322r34rp63qx09rmj,281,https://koios.tosidrop.me/api/v1/pool_updates,2026-05-19T23:10:03+00:00
1fbf1129cdae0a21f4b9f3d5bef58626fc489e9f09a2a3ef6a2a7f8f,pool1r7l3z2wd4c9zra9e702maavxym7y385lpx328mm29flc7jw9c02,363,https://koios.tosidrop.me/api/v1/pool_updates,2026-05-19T23:10:03+00:00
1fc7ef132408f5c20bbc0e9bb98b17e0f4d3838668e2ad9f5d73d703,pool1rlr77yeypr6uyzaup6dmnzchur6d8quxdr32m86aw0tsxnr8wr6,276,https://koios.tosidrop.me/api/v1/pool_updates,2026-05-19T23:10:03+00:00
1fd0eca427ee981623e60337f1cc53230b06687f2f08bb08ed93bc15,pool1rlgwefp8a6vpvglxqvmlrnznyv9sv6rl9uytkz8djw7p24a0hnf,318,https://koios.tosidrop.me/api/v1/pool_updates,2026-05-19T23:10:03+00:00
1fd1a22c53e08de6bae42053ce40d5c0f7e0b52b33eb728867505a36,pool1rlg6ytznuzx7dwhyypfuusx4crm7pdftx04h9zr82pdrv0tve0z,272,https://koios.tosidrop.me/api/v1/pool_updates,2026-05-19T23:10:03+00:00
1fd74867f25e9acd663606a6c09ccb7e10000987246b591ad19bd917,pool1rlt5seljt6dv6e3kq6nvp8xt0cgqqzv8y344jxk3n0v3wzedrpn,285,https://koios.tosidrop.me/api/v1/pool_updates,2026-05-19T23:10:03+00:00
20044bf1900d8419427fdd4791b3fed11ee4623b6709851ab41c6558,pool1yqzyhuvspkzpjsnlm4rervl76y0wgc3mvuyc2x45r3j4scmufmv,468,https://koios.tosidrop.me/api/v1/pool_updates,2026-05-19T23:10:03+00:00
200e673127a68d199251a9d17bbb2877ce8400fe44be1d39042ee053,pool1yq8xwvf856x3nyj348ghhwegwl8ggq87gjlp6wgy9ms9xznny84,337,https://koios.tosidrop.me/api/v1/pool_updates,2026-05-19T23:10:03+00:00
202c9e1d8bff700a9d93c6674bd703a646a06a6f93dc566e5079087d,pool1yqkfu8vtlacq48vncen5h4cr5er2q6n0j0w9vmjs0yy86zmud80,263,https://koios.tosidrop.me/api/v1/pool_updates,2026-05-19T23:10:03+00:00
2049561efa660fb2224173d6812e4528c50bd51d9e37f48070c44992,pool1ypy4v8h6vc8mygjpw0tgztj99rzsh4gancmlfqrsc3yey5f2ujm,348,https://koios.tosidrop.me/api/v1/pool_updates,2026-05-19T23:10:03+00:00
204f49517b4b9df91efb81b030a9b33738f4f0f43819fd2c39cb438b,pool1yp85j5tmfwwlj8hmsxcrp2dnxuu0fu858qvl6tpeedpckt9zvkj,580,https://koios.tosidrop.me/api/v1/pool_updates,2026-05-19T23:10:03+00:00
206292eab4479f3c24724baa877bc80cd27783c6089dfc64a7f22a7b,pool1yp3f9645g70ncfrjfw4gw77gpnf80q7xpzwlce987g48k9lxsh9,326,https://koios.tosidrop.me/api/v1/pool_updates,2026-05-19T23:10:03+00:00
2064da38531dad327135edd98003032cefa059c4c8c50c2b0440c63d,pool1ypjd5wznrkknyuf4ahvcqqcr9nh6qkwyerzsc2cygrrr6md3kqv,320,https://koios.tosidrop.me/api/v1/pool_updates,2026-05-19T23:10:03+00:00
2065c73cf62e8dbcbd3d40ea4052a9af0c3c97b1f7622f7fb27b87ca,pool1ypjuw08k96xme0fagr4yq54f4uxre9a37a3z7laj0wru5ye47uz,402,https://koios.tosidrop.me/api/v1/pool_updates,2026-05-19T23:10:03+00:00
2073ea19999beaae9f6e106c6053ef5754db181c794e9eb19d08cecc,pool1ype75xven042a8mwzpkxq5l02a2dkxqu098favvapr8vcjk36s0,251,https://koios.tosidrop.me/api/v1/pool_updates,2026-05-19T23:10:03+00:00
207af17d403fd8c872524f790596427fffd8ed71c084eb9287fbedc5,pool1ypa0zl2q8lvvsujjfaust9jz0lla3mt3czzwhy58l0ku2r92rxn,211,https://koios.tosidrop.me/api/v1/pool_updates,2026-05-19T23:10:03+00:00
208f5223e03f39deb009b86e3559580cfa2ba7ba5f15a5c306613102,pool1yz84yglq8uuaavqfhphr2k2cpnazhfa6tu26tscxvycsyzzstm5,247,https://koios.tosidrop.me/api/v1/pool_updates,2026-05-19T23:10:03+00:00
2099857fb19f10292c0a18e272dc216dcafcff1a5387fbeca6a2f284,pool1yzvc2la3nugzjtq2rr389hppdh90elc62wrlhm9x5teggg0eymw,245,https://koios.tosidrop.me/api/v1/pool_updates,2026-05-19T23:10:03+00:00
20abf75c081efec5cd005a3665e995d69480b79caf6b8c1ecec3db70,pool1yz4lwhqgrmlvtngqtgmxt6v4662gpduu4a4cc8kwc0dhqfj4ucx,360,https://koios.tosidrop.me/api/v1/pool_updates,2026-05-19T23:10:03+00:00
20bc094872b416468a408768f8548a2eaf46c974105227d1d61b070f,pool1yz7qjjrjkstydzjqsa50s4y296h5djt5zpfz05wkrvrs7w8z80d,445,https://koios.tosidrop.me/api/v1/pool_updates,2026-05-19T23:10:03+00:00
20c0dedfc0337f6286b75d4a86065cdbbf9b5b3ac90ace1926c82392,pool1yrqdah7qxdlk9p4ht49gvpjumwlekke6ey9vuxfxeq3eys3sydt,287,https://koios.tosidrop.me/api/v1/pool_updates,2026-05-19T23:10:03+00:00
20c0dedfc0337f6286b75d4a86065cdbbf9b5b3ac90ace1926c82392,pool1yrqdah7qxdlk9p4ht49gvpjumwlekke6ey9vuxfxeq3eys3sydt,288,https://koios.tosidrop.me/api/v1/pool_updates,2026-05-19T23:10:03+00:00
20d72d4a07d2e1951d9d1ef27b6bab3c810444d667b13387eae89d77,pool1yrtj6js86tse28varme8k6at8jqsg3xkv7cn8pl2azwhwdtujgl,266,https://koios.tosidrop.me/api/v1/pool_updates,2026-05-19T23:10:03+00:00
210dcf4be0386f028e6716927a9fdc646879d3f66471841ce94c5e3a,pool1yyxu7jlq8phs9rn8z6f8487uv358n5lkv3ccg88ff30r56c7ua0,211,https://koios.tosidrop.me/api/v1/pool_updates,2026-05-19T23:10:03+00:00
21163363f10413f03d16ed9e92a47806bcc3ac958a873936bb9dbfdf,pool1yytrxcl3qsflq0gkak0f9frcq67v8ty432rnjd4mnkla7858699,325,https://koios.tosidrop.me/api/v1/pool_updates,2026-05-19T23:10:03+00:00
21163790d074a33d2ff5aa6826d223276d67cd3d1d426f3a8ea55d23,pool1yytr0yxswj3n6tl44f5zd53ryakk0nfar4px7w5w54wjxwj89cw,270,https://koios.tosidrop.me/api/v1/pool_updates,2026-05-19T23:10:03+00:00
213ebabe0814687378f8b5fc6df1b62e95dbe4bc4ea15cf29e11ad7e,pool1yylt40sgz358x78ckh7xmudk962ahe9uf6s4eu57zxkhuuempsg,340,https://koios.tosidrop.me/api/v1/pool_updates,2026-05-19T23:10:03+00:00
214d4b335dc737939c66a4f9e96506c9a870d619394bfc2240038f4d,pool1y9x5kv6acume88rx5nu7jegxex58p4se899lcgjqqw8565dsspr,427,https://koios.tosidrop.me/api/v1/pool_updates,2026-05-19T23:10:03+00:00
215622e669c0f0c09828ec4100a4c689b1f9c148f542b0192b6ed00d,pool1y9tz9enfcrcvpxpga3qspfxx3xclns2g74ptqxftdmgq6ghyrn0,212,https://koios.tosidrop.me/api/v1/pool_updates,2026-05-19T23:10:03+00:00
216c4e92bef5b9692600324c241e8af852c095b11e534646c2d817af,pool1y9kyay477kukjfsqxfxzg852lpfvp9d3ref5v3kzmqt67hywn08,355,https://koios.tosidrop.me/api/v1/pool_updates,2026-05-19T23:10:03+00:00
217fa9844ec04caf91122fe39ef546269e321a29a3987d3c9cf67700,pool1y9l6npzwcpx2lygj9l3eaa2xy60ryx3f5wv860yu7emsqj2q5kq,399,https://koios.tosidrop.me/api/v1/pool_updates,2026-05-19T23:10:03+00:00
2191a50e38d946f0980fce56cd338d6d74781b6ee03e491bcb8cdaa2,pool1yxg62r3cm9r0pxq0eetv6vudd468sxmwuqlyjx7t3nd2yqkqux7,388,https://koios.tosidrop.me/api/v1/pool_updates,2026-05-19T23:10:03+00:00
219d4d25bf44d3ace7c84e1a71f391bc214732e5dc47c7fd5f5f4516,pool1yxw56fdlgnf6ee7gfcd8ruu3hss5wvh9m3ru0l2ltaz3v2pqf7k,226,https://koios.tosidrop.me/api/v1/pool_updates,2026-05-19T23:10:03+00:00
219e518fef19494da1507317c1a171bf6402387bb48ecdd789689c07,pool1yx09rrl0r9y5mg2swvturgt3hajqywrmkj8vm4ufdzwqwsq70zp,216,https://koios.tosidrop.me/api/v1/pool_updates,2026-05-19T23:10:03+00:00
21ad7ca84128f182623df17e6cb29ca1e83889e0013f1004cf5beb73,pool1yxkhe2zp9rccyc3a79lxev5u585r3z0qqyl3qpx0t04hxhmlqgp,580,https://koios.tosidrop.me/api/v1/pool_updates,2026-05-19T23:10:03+00:00
21ae98f98fa835820d27ed51aa9a1b6642e4516a161e0c038097c37a,pool1yxhf37v04q6cyrf8a4g64xsmvepwg5t2zc0qcquqjlph55ye2ef,241,https://koios.tosidrop.me/api/v1/pool_updates,2026-05-19T23:10:03+00:00
21f4cf72b4ad57029d1a6c6b370bd4697ffccba368760155e39f12eb,pool1y86v7u4544ts98g6d34nwz75d9llejardpmqz40rnufwkmmpjef,292,https://koios.tosidrop.me/api/v1/pool_updates,2026-05-19T23:10:03+00:00
22267d5aef5031bc52f4f4ff7264bda96f8682b17e39b36dcae2056c,pool1ygn86kh02qcmc5h57nlhye9a49hcdq430cumxmw2ugzkc9f75g4,380,https://koios.tosidrop.me/api/v1/pool_updates,2026-05-19T23:10:03+00:00
222c897174e01dff2d8146d2d58dd5e8633336092f05ca8955d5e734,pool1ygkgjut5uqwl7tvpgmfdtrw4ap3nxdsf9uzu4z246hnngl9glx7,333,https://koios.tosidrop.me/api/v1/pool_updates,2026-05-19T23:10:03+00:00
22326323f15f379f375567566360b6cf112f80566da91a90c2285b15,pool1ygexxgl3tume7d64vatxxc9keugjlqzkdk534yxz9pd32ppxc6w,441,https://koios.tosidrop.me/api/v1/pool_updates,2026-05-19T23:10:03+00:00
22532ae4a83dec91387b1a0ddd3306e086b80fb36ae850e2376d75bf,pool1yffj4e9g8hkfzwrmrgxa6vcxuzrtsrandt59pc3hd46m7vm3pa2,263,https://koios.tosidrop.me/api/v1/pool_updates,2026-05-19T23:10:03+00:00
226ab72c289945eded248cd928eb5cdaf1421f27ba291f1f3873b8ff,pool1yf4twtpgn9z7mmfy3nvj366umtc5y8e8hg5378ecwwu07y47sf5,372,https://koios.tosidrop.me/api/v1/pool_updates,2026-05-19T23:10:03+00:00
22768ec6e0e446cbf44912d8a134e327c87f3b4322ed6b79acadbe2f,pool1yfmga3hqu3rvhazfztv2zd8ryly87w6rytkkk7dv4klz73w4w2r,531,https://koios.tosidrop.me/api/v1/pool_updates,2026-05-19T23:10:03+00:00
229049e2c50b6b99d062dbc7cc81aa06fd071cbd06ed89ada72958c5,pool1y2gynck9pd4en5rzm0rueqd2qm7sw89aqmkcntd899vv237qj38,350,https://koios.tosidrop.me/api/v1/pool_updates,2026-05-19T23:10:03+00:00
229049e2c50b6b99d062dbc7cc81aa06fd071cbd06ed89ada72958c5,pool1y2gynck9pd4en5rzm0rueqd2qm7sw89aqmkcntd899vv237qj38,352,https://koios.tosidrop.me/api/v1/pool_updates,2026-05-19T23:10:03+00:00
22cda0a4a533ba5de8fccf6dd0979a699c06b186ab6d84f022caee00,pool1ytx6pf99xwa9m68ueakap9u6dxwqdvvx4dkcfupzethqqc5kpny,247,https://koios.tosidrop.me/api/v1/pool_updates,2026-05-19T23:10:03+00:00
234f88d47748cadef68c43853c410121a35fd56b82f77ca031e19554,pool1yd8c34rhfr9daa5vgwzncsgpyx34l4ttstmhegp3ux24gujl55s,393,https://koios.tosidrop.me/api/v1/pool_updates,2026-05-19T23:10:03+00:00
2352f8c7d0b9f0bf5b342c135d5b25c910491deec1440bd9d27799a6,pool1ydf0337sh8ct7ke59sf46ke9eygyj80wc9zqhkwjw7v6vmlxp59,580,https://koios.tosidrop.me/api/v1/pool_updates,2026-05-19T23:10:03+00:00
2362f0ee574b88f6dc2c6afb7bdf68005e033a3de129dded7be215f4,pool1yd30pmjhfwy0dhpvdtahhhmgqp0qxw3auy5ammtmug2lgfm2vn7,346,https://koios.tosidrop.me/api/v1/pool_updates,2026-05-19T23:10:03+00:00
237502244179f471ad873612b7c6c273fb58006c5bc6b23b9255abfc,pool1yd6syfzp0868rtv8xcft03kzw0a4sqrvt0rtywuj2k4lcrtputx,322,https://koios.tosidrop.me/api/v1/pool_updates,2026-05-19T23:10:03+00:00
237795878bfa5352cca325012e073b344ce337a1dd752cd3d5ea4cdc,pool1ydmetputlff49n9ry5qjupemx3xwxdapm46je574afxdcy0907y,526,https://koios.tosidrop.me/api/v1/pool_updates,2026-05-19T23:10:03+00:00
23968c7cb462d243caf71ea1c7979f6070402147aa810e07ab27c54b,pool1ywtgcl95vtfy8jhhr6su09ulvpcyqg2842qsupatylz5k43epzd,215,https://koios.tosidrop.me/api/v1/pool_updates,2026-05-19T23:10:03+00:00
239f1c834e4c8ab97c311e625e08c64a6cd50552648824d748a0a717,pool1yw03eq6wfj9tjlp3re39uzxxffkd2p2jvjyzf46g5zn3wsrl83p,295,https://koios.tosidrop.me/api/v1/pool_updates,2026-05-19T23:10:03+00:00
23a699e9bdc35ab249d5b327a17cc62ce6a4555922ffe3c282849b52,pool1ywnfn6dacddtyjw4kvn6zlxx9nn2g42eytl78s5zsjd4yaff9e3,213,https://koios.tosidrop.me/api/v1/pool_updates,2026-05-19T23:10:03+00:00
23c3d7bcf08c81925998f577d1bfd35e522ac1da93df1692a12d1e35,pool1y0pa008s3jqeykvc74mar07ntefz4sw6j003dy4p950r2y0fdtz,418,https://koios.tosidrop.me/api/v1/pool_updates,2026-05-19T23:10:03+00:00
23d6e5c33118cbebc9906d2d6261c83a07c55d49e9356a670688887c,pool1y0twtse3rr97hjvsd5kkycwg8gru2h2fay6k5ecx3zy8cx5mdwm,232,https://koios.tosidrop.me/api/v1/pool_updates,2026-05-19T23:10:03+00:00
23da1ec17a28535f8b8305ae758e2548116060813663bfc307d93c62,pool1y0dpast69pf4lzurqkh8tr39fqgkqcypxe3mlsc8my7xydtcr4m,285,https://koios.tosidrop.me/api/v1/pool_updates,2026-05-19T23:10:03+00:00
23daffaee011a07501e488a32b14a19759e87ba80e52de9806e0aaff,pool1y0d0lthqzxs82q0y3z3jk99pjav7s7agpefdaxqxuz407r5f7m3,400,https://koios.tosidrop.me/api/v1/pool_updates,2026-05-19T23:10:03+00:00
2412ac3192e68fa6179ca3a84cfcb080a7007e7a8c4958dc9c2c4d72,pool1ysf2cvvju686v9uu5w5yel9ssznsqln633y43hyu93xhyghspxs,565,https://koios.tosidrop.me/api/v1/pool_updates,2026-05-19T23:10:03+00:00
2426bf52129fd2f8243250dfcffdbeb7df273d3cdac3a7136ecf3d9a,pool1ysnt75sjnlf0sfpj2r0ulld7kl0jw0fumtp6wymweu7e5k94tp8,290,https://koios.tosidrop.me/api/v1/pool_updates,2026-05-19T23:10:03+00:00
243499b53228f5953bb906c8af0fb996002dd78712e430aa7d116964,pool1ys6fndfj9r6e2waeqmy27raejcqzm4u8ztjrp2naz95kgwyv9qu,580,https://koios.tosidrop.me/api/v1/pool_updates,2026-05-19T23:10:03+00:00
2437ad27ae35fa49013740e9548a010c4965b77909980d9f4685ef68,pool1ysm66fawxhayjqfhgr54fzspp3yktdmepxvqm86xshhksj0qezh,370,https://koios.tosidrop.me/api/v1/pool_updates,2026-05-19T23:10:03+00:00
24485259019df0c69cf2513079f67bae6e28b8625bdf9229212ccca4,pool1y3y9ykgpnhcvd88j2yc8nanm4ehz3wrzt00ey2fp9nx2g59yu4f,278,https://koios.tosidrop.me/api/v1/pool_updates,2026-05-19T23:10:03+00:00
244c18d1f1f3c8049344a59d504562cd3729fceb5cec8c9d450bd23d,pool1y3xp350370yqfy6y5kw4q3tze5mjnl8ttnkge829p0fr6665fme,276,https://koios.tosidrop.me/api/v1/pool_updates,2026-05-19T23:10:03+00:00
245250300ae6d209edee53fa4e18ffc0b17c76d78b28e1565411cbd0,pool1y3f9qvq2umfqnm0w20ayux8lczchcakh3v5wz4j5z89aqfc73ea,408,https://koios.tosidrop.me/api/v1/pool_updates,2026-05-19T23:10:03+00:00
246059d893724b6c3a9fe434ed6d7d189dd3c0c22b357a31bd3953c7,pool1y3s9nkynwf9kcw5lus6w6mtarzwa8sxz9v6h5vda89fuwvy00g5,301,https://koios.tosidrop.me/api/v1/pool_updates,2026-05-19T23:10:03+00:00
248a66f38e131b6c3b6ade0a639622068f537824edeb2e9c5b107e86,pool1yj9xduuwzvdkcwm2mc9x893zq684x7pyah4ja8zmzplgvxz6wgk,230,https://koios.tosidrop.me/api/v1/pool_updates,2026-05-19T23:10:03+00:00
248a66f38e131b6c3b6ade0a639622068f537824edeb2e9c5b107e86,pool1yj9xduuwzvdkcwm2mc9x893zq684x7pyah4ja8zmzplgvxz6wgk,342,https://koios.tosidrop.me/api/v1/pool_updates,2026-05-19T23:10:03+00:00
24bd62ae985cfaabb04e11614928385884390f1629b1977a4d9315f4,pool1yj7k9t5ctna2hvzwz9s5j2pctzzrjrck9xcew7jdjv2lgyaz8tg,347,https://koios.tosidrop.me/api/v1/pool_updates,2026-05-19T23:10:03+00:00
24bfb62716d755bbf035fcb3f7e87a8d325fde0f04062e692aff3216,pool1yjlmvfck6a2mhup4ljel06r635e9lhs0qsrzu6f2luepvsd42lv,560,https://koios.tosidrop.me/api/v1/pool_updates,2026-05-19T23:10:03+00:00
24cf0d8a414d0686b4685ebb3c8613a87ff5936f0e6c1f064a3b79a7,pool1yn8smzjpf5rgddrgt6anepsn4plltym0pekp7pj28du6w0eal3k,256,https://koios.tosidrop.me/api/v1/pool_updates,2026-05-19T23:10:03+00:00
25122cd0fce3f01b6f8510e9ab2482921293bf7219d158ce1ba9c9b3,pool1y5fze58uu0cpkmu9zr56kfyzjgff80mjr8g43nsm48ymxeezq8f,275,https://koios.tosidrop.me/api/v1/pool_updates,2026-05-19T23:10:03+00:00
2518d909e839ee7dd775c933172a58bbc3339ecf0d6af7d1146b5f47,pool1y5vdjz0g88h8m4m4eye3w2jch0pn88k0p44005g5dd05wr2f8vn,329,https://koios.tosidrop.me/api/v1/pool_updates,2026-05-19T23:10:03+00:00
2542912669f44fa5da940b6c1e279d74af0c0152d797a3bd2d4792d5,pool1y4pfzfnf7386tk55pdkpufuawjhscq2j67t680fdg7fd2rzmpva,448,https://koios.tosidrop.me/api/v1/pool_updates,2026-05-19T23:10:03+00:00
254cd515c18ba5439eb0cda34db0d04fcc96af2c3c99839ba9da6d6d,pool1y4xd29wp3wj5884sek35mvxsflxfdtev8jvc8xafmfkk62wwgk4,266,https://koios.tosidrop.me/api/v1/pool_updates,2026-05-19T23:10:03+00:00
257e089871e17a4ca88774854e88dca1674c0a710cb733414d5b7913,pool1y4lq3xr3u9aye2y8wjz5azxu59n5czn3pjmnxs2dtdu3xx249ah,531,https://koios.tosidrop.me/api/v1/pool_updates,2026-05-19T23:10:03+00:00
258e41d1df2d51ca3669c5a2701cbfc22f6da1a7ee4961ff7e74418f,pool1yk8yr5wl94gu5dnfck38q89lcghkmgd8aeykrlm7w3qc703alar,406,https://koios.tosidrop.me/api/v1/pool_updates,2026-05-19T23:10:03+00:00
2595f0a5ff4145f3d6ee09e81c2488bdfe2079004eda635a6dce1515,pool1yk2lpf0lg9zl84hwp85pcfyghhlzq7gqfmdxxkndec23288wlgl,297,https://koios.tosidrop.me/api/v1/pool_updates,2026-05-19T23:10:03+00:00
259d8027c33ee454ec2319531269495c07fefcdb52a513c5090f59ed,pool1ykwcqf7r8mj9fmprr9f3y62ftsrlalxm22j383gfpav76ddrc25,434,https://koios.tosidrop.me/api/v1/pool_updates,2026-05-19T23:10:03+00:00
25afde0f51702ca7627c9d5a62a05f661a4fdb5710596e54ec5371e6,pool1ykhaur63wqk2wcnun4dx9gzlvcdylk6hzpvku48v2dc7vhsynkq,255,https://koios.tosidrop.me/api/v1/pool_updates,2026-05-19T23:10:03+00:00
25dbae9d8c0bc6feb611d4aa2938de9704b4eb080f54906caddbe0bf,pool1yhd6a8vvp0r0ads36j4zjwx7juztf6cgpa2fqm9dm0st790ptf2,262,https://koios.tosidrop.me/api/v1/pool_updates,2026-05-19T23:10:03+00:00
25ee82c7a1b2c8158e9c4480e08ede426c4a2324a2c102faaf3e763c,pool1yhhg93apktyptr5ugjqwprk7gfky5gey5tqs97408emrcyp2ek6,296,https://koios.tosidrop.me/api/v1/pool_updates,2026-05-19T23:10:03+00:00
261789e4d39000aa333495d4dbe850708a7fe7a996011a6be98060db,pool1yctcnexnjqq25ve5jh2dh6zswz98leafjcq356lfspsdk9z690e,350,https://koios.tosidrop.me/api/v1/pool_updates,2026-05-19T23:10:03+00:00
261789e4d39000aa333495d4dbe850708a7fe7a996011a6be98060db,pool1yctcnexnjqq25ve5jh2dh6zswz98leafjcq356lfspsdk9z690e,352,https://koios.tosidrop.me/api/v1/pool_updates,2026-05-19T23:10:03+00:00
261aadf9b265e7902793822da66e9374c4c720dec8c74a4314698dc5,pool1ycd2m7djvhneqfunsgk6vm5nwnzvwgx7err55sc5dxxu2gh4crv,270,https://koios.tosidrop.me/api/v1/pool_updates,2026-05-19T23:10:03+00:00
2626fb63aa91b4b745a4572a4e9c12907f30d2325e8fc0a23857e141,pool1ycn0kca2jx6tw3dy2u4ya8qjjplnp53jt68upg3c2ls5zqst96x,258,https://koios.tosidrop.me/api/v1/pool_updates,2026-05-19T23:10:03+00:00
263578cc21e4acdfb86ca47a90fbb9200a203e45975e6fea423fb438,pool1yc6h3nppujkdlwrv53afp7aeyq9zq0j9ja0xl6jz876rszrmd8l,356,https://koios.tosidrop.me/api/v1/pool_updates,2026-05-19T23:10:03+00:00
26418769855d77d899fd00923bfbb0a9052a843bc0b0f7a5a94bbc73,pool1yeqcw6v9t4ma3x0aqzfrh7as4yzj4ppmczc00fdffw78xw9qvz4,331,https://koios.tosidrop.me/api/v1/pool_updates,2026-05-19T23:10:03+00:00
2665996c922a74292985c7541937dccbedd38605eee578e22bdab7b5,pool1yejejmyj9f6zj2v9ca2pjd7ue0ka8ps9amjh3c3tm2mm2w0wey8,261,https://koios.tosidrop.me/api/v1/pool_updates,2026-05-19T23:10:03+00:00
269129b2a0009cb3e1704d6898eba76027e70ff864f784acad1a6434,pool1y6gjnv4qqzwt8ctsf45f36a8vqn7wrlcvnmcft9drfjrgs2shaq,442,https://koios.tosidrop.me/api/v1/pool_updates,2026-05-19T23:10:03+00:00
26b88cb17dd4354a9ce59431624a99fecbb049c8614dfe832e38aad0,pool1y6ugevta6s654889jsckyj5elm9mqjwgv9xlaqew8z4dqpjnka2,258,https://koios.tosidrop.me/api/v1/pool_updates,2026-05-19T23:10:03+00:00
26d2e140cb8d11143501d7883d1cf5a6adba156e1f8f27d327f10b57,pool1ymfwzsxt35g3gdgp67yr688456km59twr78j05e87y94w04tj9m,547,https://koios.tosidrop.me/api/v1/pool_updates,2026-05-19T23:10:03+00:00
26d6cd9e6b52156b2167ae28fc9186174f8ba562d4a47f38f522ca96,pool1ymtvm8nt2g2kkgt84c50eyvxza8chftz6jj87w84yt9fva56wf0,250,https://koios.tosidrop.me/api/v1/pool_updates,2026-05-19T23:10:03+00:00
2712cdefc15797977ebce6c165c442fcd312cae1d395f5ebd1b0492c,pool1yufvmm7p27tewl4uumqkt3zzlnf39jhp6w2lt673kpyjck0h9q3,267,https://koios.tosidrop.me/api/v1/pool_updates,2026-05-19T23:10:03+00:00
272b0833655c3cf6edacb91cd135e7beb402c54d5d117d791f8c5656,pool1yu4ssvm9ts70dmdvhywdzd08h66q932dt5gh67gl33t9v2qzg8g,252,https://koios.tosidrop.me/api/v1/pool_updates,2026-05-19T23:10:03+00:00
2730ca79a60b3b3f29b709bd39c21d66cb2c83e5441c479f755d0a3d,pool1yucv57dxpvan72dhpx7nnssavm9jeql9gswy08m4t59r6cshny6,487,https://koios.tosidrop.me/api/v1/pool_updates,2026-05-19T23:10:03+00:00
27451ce86ae5e8599a8c59b642493e9e9cca5759bd4d60019f2dc45d,pool1yaz3e6r2uh59nx5vtxmyyjf7n6wv546eh4xkqqvl9hz96u8jtgx,312,https://koios.tosidrop.me/api/v1/pool_updates,2026-05-19T23:10:03+00:00
27496a126357c9eac043c5675104667b9d3509d7977a73de18c3adca,pool1yayk5ynr2ly74szrc4n4zprx0wwn2zwhjaa88hsccwku5qa4mzd,217,https://koios.tosidrop.me/api/v1/pool_updates,2026-05-19T23:10:03+00:00
2776a773d3744f514970cade5e5729f53843d5fb90f912cf97dbcdd0,pool1yam2wu7nw384zjtset09u4ef75uy840mjru39nuhm0xaqj8lw78,528,https://koios.tosidrop.me/api/v1/pool_updates,2026-05-19T23:10:03+00:00
277a12172ea62110319a288c6700e19c6563e09f596de857326314b8,pool1yaapy9ew5cs3qvv69zxxwq8pn3jk8cylt9k7s4ejvv2tsu4czh2,504,https://koios.tosidrop.me/api/v1/pool_updates,2026-05-19T23:10:03+00:00
277b4daf3e85094412cb9471891ac0495a158794518bc82b38dca607,pool1yaa5mte7s5y5gyktj3ccjxkqf9dptpu52x9us2ecmjnqw29ja2v,414,https://koios.tosidrop.me/api/v1/pool_updates,2026-05-19T23:10:03+00:00
27814ffdea37e4b3ac8e412b8b2dfaba1f7105beaf2cb892b4ac6c14,pool1y7q5ll02xljt8tywgy4ckt06hg0hzpd74ukt3y4543kpgup74zr,434,https://koios.tosidrop.me/api/v1/pool_updates,2026-05-19T23:10:03+00:00
2784c0b0dbe79b069b41fe5f66b7ebea08fa8f7e30b01731c0224067,pool1y7zvpvxmu7dsdx6ple0kddltagy04rm7xzcpwvwqyfqxwtqkf7s,252,https://koios.tosidrop.me/api/v1/pool_updates,2026-05-19T23:10:03+00:00
278bf7f19fa766e625ed9f6d97e9de189a40da6bd94044cf10d3edb2,pool1y79l0uvl5anwvf0dnake06w7rzdypkntm9qyfncs60kmymtm694,528,https://koios.tosidrop.me/api/v1/pool_updates,2026-05-19T23:10:03+00:00
279d3af9d898261a19860ebc05eed79104915f05ad9f6960b530c3a2,pool1y7wn47wcnqnp5xvxp67qtmkhjyzfzhc94k0kjc94xrp6y0wyaxe,580,https://koios.tosidrop.me/api/v1/pool_updates,2026-05-19T23:10:03+00:00
27a928bf72561cd73f08c3177b639e61b942a8d99984b3e28f11ae01,pool1y75j30mj2cwdw0cgcvthkcu7vxu592xenxzt8c50zxhqzf3xncg,264,https://koios.tosidrop.me/api/v1/pool_updates,2026-05-19T23:10:03+00:00
27b1b4470c84db78ce1ffbfff77bb068abb4e47d43cb6009caaa3523,pool1y7cmg3cvsndh3nsll0llw7asdz4mferag09kqzw24g6jx2ce5ws,386,https://koios.tosidrop.me/api/v1/pool_updates,2026-05-19T23:10:03+00:00
27c32bedcc265fe3c5974ad292cba34c6434bbb2bdab3b25ea4ff496,pool1ylpjhmwvye0783vhftff9jarf3jrfwajhk4nkf02fl6fv37jgwz,304,https://koios.tosidrop.me/api/v1/pool_updates,2026-05-19T23:10:03+00:00
27c58abdd30fd5a88d25144937482ce79419dc6afd770e91a0f750e3,pool1ylzc40wnpl263rf9z3ynwjpvu72pnhr2l4msaydq7agwxurl2du,233,https://koios.tosidrop.me/api/v1/pool_updates,2026-05-19T23:10:03+00:00
27ca1ffda65d1ef326c9e6a717210c98b10a0e17910c0ab6d9eeb6fb,pool1yl9plldxt500xfkfu6n3wggvnzcs5rshjyxq4dkea6m0kt7qg9v,466,https://koios.tosidrop.me/api/v1/pool_updates,2026-05-19T23:10:03+00:00
27eba5dbeb2b52f5613aa452cf54cab7f9894538d6efb7d271ccc36f,pool1yl46tklt9df02cf653fv74x2klucj3fc6mhm05n3enpk7lgxfjv,531,https://koios.tosidrop.me/api/v1/pool_updates,2026-05-19T23:10:03+00:00
27f3f042175fcf8a85babce3e5777e2d0c2dcd1927abbbb2b7493787,pool1ylelqsshtl8c4pd6hn372am795xzmngey74mhv4hfymcwpwt7fy,420,https://koios.tosidrop.me/api/v1/pool_updates,2026-05-19T23:10:03+00:00
27f4e3c309659f824026893b811dd6e70332881867cb2cba4974191c,pool1yl6w8scfvk0cyspx3yacz8wkuupn9zqcvl9jewjfwsv3cprqmwz,232,https://koios.tosidrop.me/api/v1/pool_updates,2026-05-19T23:10:03+00:00
27fb4323252932d68f0b83c9d2cf5ab44ca60f1dc5e73d8b8a600121,pool1yla5xge99yeddrcts0ya9n66k3x2vrcachnnmzu2vqqjzm6fw3k,327,https://koios.tosidrop.me/api/v1/pool_updates,2026-05-19T23:10:03+00:00
2816dc41ce4b38c03065a1121b68f3bef9f0e6a4be8c8a9d4c5281ae,pool19qtdcswwfvuvqvr95yfpk68nhmulpe4yh6xg482v22q6ut0m9hl,250,https://koios.tosidrop.me/api/v1/pool_updates,2026-05-19T23:10:03+00:00
2874b680bc1c296c1bddaeee13fdb88ca2b8e7b537c549fc9987634c,pool19p6tdq9urs5kcx7a4mhp8ldc3j3t3ea4xlz5nlyesa35cqhheul,279,https://koios.tosidrop.me/api/v1/pool_updates,2026-05-19T23:10:03+00:00
28811ea05b77e6b0158444c4ecabbb8948abc1bd6b6a8ec370da976d,pool19zq3agzmwlntq9vygnzwe2am39y2hsdadd4gasmsm2tk6qn3suv,612,https://koios.tosidrop.me/api/v1/pool_updates,2026-05-19T23:10:03+00:00
288cf0ece7e0701f06fefb765a6ff8fd660d1263eef8f10bcb823cee,pool19zx0pm88upcp7ph7ldm95mlcl4nq6ynramu0zz7tsg7wuesmn0n,229,https://koios.tosidrop.me/api/v1/pool_updates,2026-05-19T23:10:03+00:00
288ecda1ab853f05d8e2a7f07da051e9e5742218824b82219c13d8be,pool19z8vmgdts5lstk8z5lc8mgz3a8jhggscsf9cygvuz0vtuzcsxyu,237,https://koios.tosidrop.me/api/v1/pool_updates,2026-05-19T23:10:03+00:00
28b5fca3583fae546c845da216f9ba63dcc7cb3bc2ba45da0460215c,pool19z6leg6c87h9gmyytk3pd7d6v0wv0jemc2aytksyvqs4c34kadf,253,https://koios.tosidrop.me/api/v1/pool_updates,2026-05-19T23:10:03+00:00
28e0a3969fa22f29d5b13e0a00826a6d6bdd80dec01b1cf60deb29bf,pool19rs2895l5ghjn4d38c9qpqn2d44amqx7cqd3easdav5m786w6ng,513,https://koios.tosidrop.me/api/v1/pool_updates,2026-05-19T23:10:03+00:00
28e5890e049966347a37ad0e179ba5f49771282e418bafff4081510f,pool19rjcjrsyn9nrg73h458p0xa97jthz2pwgx96ll6qs9gs7zn8hzq,357,https://koios.tosidrop.me/api/v1/pool_updates,2026-05-19T23:10:03+00:00
2925d0946a0f4bdfb9b21e30208dbbd064adcae9e4a2f579c477f82f,pool19yjap9r2pa9alwdjrcczprdm6pj2mjhfuj3027wywluz7t782fj,261,https://koios.tosidrop.me/api/v1/pool_updates,2026-05-19T23:10:03+00:00
29356b3c35351f5d44c6603e86fefda33d0e3a2ed61a30ccf3da5d71,pool19y6kk0p4x50463xxvqlgdlha5v7suw3w6cdrpn8nmfwhzkmwmza,310,https://koios.tosidrop.me/api/v1/pool_updates,2026-05-19T23:10:03+00:00
29922e25f02aeded44ce084f842e156bd8ffc8a773db0ee990bceea2,pool19xfzuf0s9tk763xwpp8cgts4d0v0lj98w0dsa6vshnh2yrzuclc,224,https://koios.tosidrop.me/api/v1/pool_updates,2026-05-19T23:10:03+00:00
29bcf1f21c766609fb07b5b7ba2a593ae339ad32e893b8df1db70a2d,pool19x70rusuwenqn7c8kkmm52je8t3nntfjazfm3hcaku9z6qzxnjs,303,https://koios.tosidrop.me/api/v1/pool_updates,2026-05-19T23:10:03+00:00
29da1ba4704f7f5c89add87bb065b9197f2aa6da7e0f1ef50336c06b,pool198dphfrsfal4ezddmpamqeder9lj4fk60c83aagrxmqxk2yyvnh,346,https://koios.tosidrop.me/api/v1/pool_updates,2026-05-19T23:10:03+00:00
29db67496a0725cd1b3714e755c17b1f8c156d9be3d51237c0b2253f,pool198dkwjt2quju6xehznn4tstmr7xp2mvmu023yd7qkgjn7e8hn30,434,https://koios.tosidrop.me/api/v1/pool_updates,2026-05-19T23:10:03+00:00
29e5ca03af4629e6ff587a1a75b6358b48a1f58927af813c78b17d27,pool198ju5qa0gc57dl6c0gd8td343dy2ravfy7hcz0rck97jwv35csh,280,https://koios.tosidrop.me/api/v1/pool_updates,2026-05-19T23:10:03+00:00
2a14a4862b47e69f1e9d0bf1d34fd161886a127cae19c4ce60f1bb31,pool19g22fp3tglnf785ap0caxn73vxyx5ynu4cvufnnq7xanzc5d292,301,https://koios.tosidrop.me/api/v1/pool_updates,2026-05-19T23:10:03+00:00
2a26f03b3690383777d7b3db5e5bc70ff30334d2dc93be067c025df0,pool19gn0qwekjqurwa7hk0d4uk78plesxdxjmjfmupnuqfwlqauhrn5,300,https://koios.tosidrop.me/api/v1/pool_updates,2026-05-19T23:10:03+00:00
2a2e1a173d2d1ad2b0faf881ab28dfd512bda29da78e201ee56bc2b7,pool19ghp59ea95dd9v86lzq6k2xl65ftmg5a578zq8h9d0ptwu4dekf,250,https://koios.tosidrop.me/api/v1/pool_updates,2026-05-19T23:10:03+00:00
2a46b8dba635aac1d4d174fbd0cd7c7f3ef6c330e7bce483bd76297a,pool19frt3kaxxk4vr4x3wnaapntu0ul0dsesu77wfqaawc5h5ffgfgt,629,https://koios.tosidrop.me/api/v1/pool_updates,2026-05-19T23:10:03+00:00
2a6cd710365d9a665fe3169291816727edf2f45603002afcd301d0d3,pool19fkdwypktkdxvhlrz6ffrqt8ylkl9azkqvqz4lxnq8gdx4d7k6t,256,https://koios.tosidrop.me/api/v1/pool_updates,2026-05-19T23:10:03+00:00
2a70a609a9506d55738a3d4e11884fa71bc68ffb759688315069f76d,pool19fc2vzdf2pk42uu2848przz05ududrlmwktgsv2sd8mk69vuech,271,https://koios.tosidrop.me/api/v1/pool_updates,2026-05-19T23:10:03+00:00
2a846f59c0d7e545acf6af8fd74faebf1c9c7a91acc9d78b1cd18458,pool192zx7kwq6lj5tt8k478awnawhuwfc7534nya0zcu6xz9sxyp5nl,246,https://koios.tosidrop.me/api/v1/pool_updates,2026-05-19T23:10:03+00:00
2ad1d20d7a1720d4c90b0a3b4d9a57d42b90f97ecc0eba3759cd7940,pool19tgayrt6zusdfjgtpga5mxjh6s4ep7t7es8t5d6ee4u5qtf65n4,302,https://koios.tosidrop.me/api/v1/pool_updates,2026-05-19T23:10:03+00:00
2ada0d184c5c8e08b829f4e27b8fc7da196fad29ae353849c7873176,pool19tdq6xzvtj8q3wpf7n38hr78mgvkltff4c6nsjw8suchvyzr8lm,219,https://koios.tosidrop.me/api/v1/pool_updates,2026-05-19T23:10:03+00:00
2b0217f1b7d017ca35856ba10eec105acde17a65dfd4ecb75e93c2db,pool19vpp0udh6qtu5dv9dwssamqsttx7z7n9ml2wed67j0pdkck9vnj,397,https://koios.tosidrop.me/api/v1/pool_updates,2026-05-19T23:10:03+00:00
2b4cc7c209a3e3e5aaf05bd5d8af3dc2fafccdcb37a5a1980959af48,pool19dxv0ssf5037t2hst02a3teacta0enwtx7j6rxqftxh5sngfame,403,https://koios.tosidrop.me/api/v1/pool_updates,2026-05-19T23:10:03+00:00
2b5029056ae3276c63a5c4c62b3063cd43aa1fd983ab83b90b23e25f,pool19dgzjpt2uvnkcca9cnrzkvrre4p6587esw4c8wgty0397c552a7,341,https://koios.tosidrop.me/api/v1/pool_updates,2026-05-19T23:10:03+00:00
2b50e2f8ac887a63db0f5152f5de3c81caa4f19ff85b49141bc13a4d,pool19dgw979v3pax8kc029f0th3us892fuvllpd5j9qmcyay6vgr444,338,https://koios.tosidrop.me/api/v1/pool_updates,2026-05-19T23:10:03+00:00
2b671e1d72ba846692ef7af104ae0b140ef9dfd11ce61ace5adbbaf7,pool19dn3u8tjh2zxdyh00tcsftstzs80nh73rnnp4nj6mwa0whe4t45,287,https://koios.tosidrop.me/api/v1/pool_updates,2026-05-19T23:10:03+00:00
2b830258888a09e846b63474c642ad4e18aecd08dafb1f2a4d653e80,pool19wpsykyg3gy7s34kx36vvs4dfcv2anggmta372jdv5lgqx0gs2t,244,https://koios.tosidrop.me/api/v1/pool_updates,2026-05-19T23:10:03+00:00
2b86af0e2d02fde9b5e06785870bb271d3f891ecd14d40a75180a7ce,pool19wr27r3dqt77nd0qv7zcwzajw8fl3y0v69x5pf63sznuugg9p35,247,https://koios.tosidrop.me/api/v1/pool_updates,2026-05-19T23:10:03+00:00
2b88135bb280ef62e3193ef3a21031c19446022754679801133b7c79,pool19wypxkajsrhk9cce8me6yyp3cx2yvq3823nesqgn8d78ju8crwq,483,https://koios.tosidrop.me/api/v1/pool_updates,2026-05-19T23:10:03+00:00
2b8947643348d28cc439a7c28812a8c8b00567a81479c0db77f64e6e,pool19wy5wepnfrfge3pe5lpgsy4gezcq2eagz3uupkmh7e8xuhjetc2,258,https://koios.tosidrop.me/api/v1/pool_updates,2026-05-19T23:10:03+00:00
2b9d3d40328396cb13ce9f4973b22cd231cef04bc1ae0cc41705d1b1,pool19wwn6spjswtvky7wnayh8v3v6gcuauztcxhqe3qhqhgmz2ry777,223,https://koios.tosidrop.me/api/v1/pool_updates,2026-05-19T23:10:03+00:00
2ba75b3eac9ad7733173b56148190cf086b8e025af55811394cdfb33,pool19wn4k04vntthxvtnk4s5sxgv7zrt3cp94a2czyu5ehanxwlk4ax,270,https://koios.tosidrop.me/api/v1/pool_updates,2026-05-19T23:10:03+00:00
2ba87b4820ab8ef3ccfb4245c5a7b69a38d748836a3a7dd9911158eb,pool19w58kjpq4w808n8mgfzutfakngudwjyrdga8mkv3z9vwkn4x9p9,274,https://koios.tosidrop.me/api/v1/pool_updates,2026-05-19T23:10:03+00:00
2bb9f44f2e70730140e80e304b46139652678c2504f33e56762c5c03,pool19wulgnewwpeszs8gpccyk3snjefx0rp9qnenu4nk93wqxv4w2rc,303,https://koios.tosidrop.me/api/v1/pool_updates,2026-05-19T23:10:03+00:00
2bd5401d6cf45162f64f1fb8a7998de54c3321c083b7da3fabdf25a8,pool19025q8tv73gk9aj0r7u20xvdu4xrxgwqswma50atmuj6s6km8x7,537,https://koios.tosidrop.me/api/v1/pool_updates,2026-05-19T23:10:03+00:00
2c0ec3ddbf0826eea45476221bd04becabb7ee6ab67bf4a2a2ebb6ee,pool19s8v8hdlpqnwafz5wc3ph5ztaj4m0mn2kealfg4zawmwurpg06d,355,https://koios.tosidrop.me/api/v1/pool_updates,2026-05-19T23:10:03+00:00
2c1caa9b986db96b9244275de4a6df6e45afed30cb94c057628597bc,pool19sw24xucdkukhyjyyaw7ffkldez6lmfsew2vq4mzsktmckwhhxr,322,https://koios.tosidrop.me/api/v1/pool_updates,2026-05-19T23:10:03+00:00
2c3390339aba47100f9ab1a230d6d726e10e9d527be49dc5bab479da,pool19seeqvu6hfr3qru6kx3rp4khymssa82j00jfm3d6k3ua590wdwv,476,https://koios.tosidrop.me/api/v1/pool_updates,2026-05-19T23:10:03+00:00
2c69d99ffc76e27f3913369ade254b3093728278e75290a44487363f,pool1935an8luwm387wgnx6dduf2txzfh9qncuaffpfzysumr7nmq67k,291,https://koios.tosidrop.me/api/v1/pool_updates,2026-05-19T23:10:03+00:00
2c88e3a7f6279bda114f92dbbcd78b734f0ebff40ff2bdce647e9c53,pool19jyw8flky7da5y20jtdme4utwd8sa0l5pletmnny06w9xx05eqc,580,https://koios.tosidrop.me/api/v1/pool_updates,2026-05-19T23:10:03+00:00
2cb2d6b90785c35c172dc7b035e9e86caead1b0a5b3a3e2f768e13de,pool19jeddwg8shp4c9edc7crt60gdjh26xc2tvarutmk3cfau7ry6f4,427,https://koios.tosidrop.me/api/v1/pool_updates,2026-05-19T23:10:03+00:00
2cb6cb2d40bdfe095a94daac2a9233acc7e756b20cc9517c53a158d0,pool19jmvkt2qhhlqjk55m2kz4y3n4nr7w44jpny4zlzn59vdqdk60qn,328,https://koios.tosidrop.me/api/v1/pool_updates,2026-05-19T23:10:03+00:00
2cc6046dce11cdc2c4bcf8616e588a002828e99592e6ec434500fc62,pool19nrqgmwwz8xu939ulpskuky2qq5z36v4jtnwcs69qr7xy4j495y,237,https://koios.tosidrop.me/api/v1/pool_updates,2026-05-19T23:10:03+00:00
2cd1d343ca9e16e97261ac6b93c0fade1e1cc3e45408c26f115f3a94,pool19ngaxs72nctwjunp434e8s86mc0pesly2syvymc3tuafgzy9xu8,304,https://koios.tosidrop.me/api/v1/pool_updates,2026-05-19T23:10:03+00:00
2cdc5cef88f1c15e19c33fd8f47d9bd89c3d7ee4fa09512fbd44a126,pool19nw9emug78q4uxwr8lv0glvmmzwr6lhylgy4ztaagjsjvyqjylw,547,https://koios.tosidrop.me/api/v1/pool_updates,2026-05-19T23:10:03+00:00
2ce9bfc4e0a732d21ec8739cbfc3b10957b4e3297fd320d556f48ada,pool19n5ml38q5uedy8kgwwwtlsa3p9tmfcef0lfjp42k7j9d5mpgs2m,354,https://koios.tosidrop.me/api/v1/pool_updates,2026-05-19T23:10:03+00:00
2cea0cd549658d03a4b45e97d81f08661fcb6767f666543fbd666bd9,pool19n4qe42fvkxs8f95t6tas8cgvc0ukem87en9g0aave4aj4y57e3,505,https://koios.tosidrop.me/api/v1/pool_updates,2026-05-19T23:10:03+00:00
2cee0f3bdd6b020194cf1b5bc0a08d4f44080f928877f78a1d1d66e4,pool19nhq7w7advpqr9x0rddupgydfazqsruj3pml0zsar4nwgn4p5s0,382,https://koios.tosidrop.me/api/v1/pool_updates,2026-05-19T23:10:03+00:00
2cf87fadec7130c7e41910492073ae4dbe65ca462c1fdc3d2a56d015,pool19nu8lt0vwycv0eqezpyjquawfklxtjjx9s0ac0f22mgp2ggpsvy,580,https://koios.tosidrop.me/api/v1/pool_updates,2026-05-19T23:10:03+00:00
2d0120df50a059af1b526df286d2ec55163235fbe4e7d3af876f92a2,pool195qjph6s5pv67x6jdhegd5hv25tryd0munna8tu8d7f2ydhvkw3,531,https://koios.tosidrop.me/api/v1/pool_updates,2026-05-19T23:10:03+00:00
2d13883a146158e4aa46aaec59b7e6e45602bfebeae1a025d373f4a4,pool195fcsws5v9vwf2jx4tk9ndlxu3tq90ltats6qfwnw062gmsnycz,340,https://koios.tosidrop.me/api/v1/pool_updates,2026-05-19T23:10:03+00:00
2d30d61ef2bc7a7f82fb1d1a7cb9cc39914e7453ade564d628919b3a,pool195cdv8hjh3a8lqhmr5d8ewwv8xg5uazn4hjkf43gjxdn53kkfuk,257,https://koios.tosidrop.me/api/v1/pool_updates,2026-05-19T23:10:03+00:00
2d4b292a16151000089cd462dfc6e21c0ac2ebdd373070fb0c511f12,pool1949jj2skz5gqqzyu633dl3hzrs9v967axuc8p7cv2y03ytxgu8e,258,https://koios.tosidrop.me/api/v1/pool_updates,2026-05-19T23:10:03+00:00
2d6765748cc86efe862f5abeb0c0271f91d368d300123ecedc078ef2,pool194nk2ayveph0ap30t2ltpsp8r7gax6xnqqfrankuq780ysdrhrk,403,https://koios.tosidrop.me/api/v1/pool_updates,2026-05-19T23:10:03+00:00
2d69d779fa2f0292982bd7196c2c723f1d2e44072a75ece905ded523,pool1945aw7069upf9xpt6uvkctrj8uwju3q89f67e6g9mm2jx3xcy59,606,https://koios.tosidrop.me/api/v1/pool_updates,2026-05-19T23:10:03+00:00
2d794c9fd580ff3f4a0220a4282fa1262eb1f5a02b5940f860906070,pool194u5e874srln7jszyzjzstapychtradq9dv5p7rqjps8qe8gvs8,277,https://koios.tosidrop.me/api/v1/pool_updates,2026-05-19T23:10:03+00:00
2d7b9cc48f42146174e7097239d04fe7e05722d639b8b5fa2c62f2d6,pool194aee3y0gg2xza88p9ern5z0uls9wgkk8xutt73vvtedvyhegmq,241,https://koios.tosidrop.me/api/v1/pool_updates,2026-05-19T23:10:03+00:00
2d7ddd270a9d91cecb3c58af77267cdb5e14c05fcdb1bfa2b3f5fc4f,pool1947a6fc2nkguajeutzhhwfnumd0pfszlekcmlg4n7h7y7lgtedx,294,https://koios.tosidrop.me/api/v1/pool_updates,2026-05-19T23:10:03+00:00
2d8020dd75f88a07870ad2633639e843853644c9bdd9b53bf6363358,pool19kqzpht4lz9q0pc26f3nvw0ggwznv3xfhhvm2wlkxce4srjm5p8,223,https://koios.tosidrop.me/api/v1/pool_updates,2026-05-19T23:10:03+00:00
2d859dd5c623ce45d5d3d56374d2c83397b62f0ed5429e138a0a11cc,pool19kzem4wxy08yt4wn643hf5kgxwtmvtcw64pfuyu2pggucvtnd5f,284,https://koios.tosidrop.me/api/v1/pool_updates,2026-05-19T23:10:03+00:00
2dabd15e4759334738940a65e06b6589f674a29347db0a36d75a5d36,pool19k4azhj8tye5wwy5pfj7q6m938m8fg5nglds5dkhtfwnvcg3s0k,629,https://koios.tosidrop.me/api/v1/pool_updates,2026-05-19T23:10:03+00:00
2dc980bb8c0374ea0ae331cbd3727ed06edf2e5b05163d9a42e50c75,pool19hycpwuvqd6w5zhrx89axun76phd7tjmq5trmxjzu5x82qa0lwk,442,https://koios.tosidrop.me/api/v1/pool_updates,2026-05-19T23:10:03+00:00
2dd26a3b9dd2372c8c483c730d2a47a6f51e51c06b4a9c248f6dd3ac,pool19hfx5wua6gmjerzg83es62j85m63u5wqdd9fcfy0dhf6cs8kx02,304,https://koios.tosidrop.me/api/v1/pool_updates,2026-05-19T23:10:03+00:00
2dd68004efab62c52b1fbb3ce999ee48aefe5c78e168495afd43cce4,pool19htgqp804d3v22clhv7wnx0wfzh0uhrcu95yjkhag0xwgwnv2t7,416,https://koios.tosidrop.me/api/v1/pool_updates,2026-05-19T23:10:03+00:00
2df8b84771381a50adb13d107eef452caf389879741e4c1a02889f48,pool19huts3m38qd9ptd385g8am699jhn3xrews0ycxsz3z05s4h9qdv,290,https://koios.tosidrop.me/api/v1/pool_updates,2026-05-19T23:10:03+00:00
2df92e9f9cbe0a719bb26f2fe264c829d435c40cd43ee0a623f7114b,pool19huja8uuhc98rxajduh7yexg982rt3qv6slwpf3r7ug5ke37g0g,260,https://koios.tosidrop.me/api/v1/pool_updates,2026-05-19T23:10:03+00:00
2e1721d12bf5202897579bd69d4e15b928e2fcb20aa578ecfb36bb86,pool19ctjr5ft75sz396hn0tf6ns4hy5w9l9jp2jh3m8mx6acvm2cn7j,211,https://koios.tosidrop.me/api/v1/pool_updates,2026-05-19T23:10:03+00:00
2e3a931ab9fba9dfe38934350134d5ebd30056c800626ddea07bca3c,pool19cafxx4elw5alcufxs6szdx4a0fsq4kgqp3xmh4q009rcweqk93,230,https://koios.tosidrop.me/api/v1/pool_updates,2026-05-19T23:10:03+00:00
2e6d553325ba456c7334044709f1a173b920e35e5ebe403cab931c8d,pool19ek42ve9hfzkcue5q3rsnudpwwujpc67t6lyq09tjvwg62htfj6,235,https://koios.tosidrop.me/api/v1/pool_updates,2026-05-19T23:10:03+00:00
2eac123f4a385bfdbc01cb6139cf0b1f2643470c5bf88efc72af55b3,pool196kpy0628pdlm0qpedsnnnctrunyx3cvt0ugalrj4a2mxr72uk6,391,https://koios.tosidrop.me/api/v1/pool_updates,2026-05-19T23:10:03+00:00
2ec242e784676dae418deff1227cf603069f52093fc56c3e7f2e4fb7,pool19mpy9euyvak6usvdalcjyl8kqvrf75sf8lzkc0nl9e8mw4kzhyk,441,https://koios.tosidrop.me/api/v1/pool_updates,2026-05-19T23:10:03+00:00
2ee55d7b009062a5d33b00908795d136fa5fb1de4f7e188a16024b22,pool19mj467cqjp32t5emqzgg09w3xma9lvw7falp3zskqf9jy3nwk8k,401,https://koios.tosidrop.me/api/v1/pool_updates,2026-05-19T23:10:03+00:00
2ee658bc6437e77e492d2216191e28dd076d88c7f0c0c4949092fe34,pool19mn930ryxlnhujfdygtpj83gm5rkmzx87rqvf9ysjtlrgxxepj2,244,https://koios.tosidrop.me/api/v1/pool_updates,2026-05-19T23:10:03+00:00
2eef0a98437ac60379192b966508d3032eb94d460a0982f274bf2079,pool19mhs4xzr0trqx7ge9wtx2zxnqvhtjn2xpgyc9un5hus8jeq352s,531,https://koios.tosidrop.me/api/v1/pool_updates,2026-05-19T23:10:03+00:00
2ef61f31fa9bb81abc8cb1619b88d3af6ecfe5f1462304d8e13077da,pool19mmp7v06nwup40yvk9sehzxn4ahvle03gc3sfk8pxpma5rnfhr7,330,https://koios.tosidrop.me/api/v1/pool_updates,2026-05-19T23:10:03+00:00
2efcfd92f766bbeaa79ad07ab4ff648f11ec17c029e66d2abe343937,pool19m70myhhv6a74fu66patflmy3ug7c97q98nx6247xsunw0pl9m6,387,https://koios.tosidrop.me/api/v1/pool_updates,2026-05-19T23:10:03+00:00
2f139120da8d853f0a9e44410e66c295e4895aadabd949923213a61c,pool19ufezgx63kzn7z57g3qsuekzjhjgjk4d40v5ny3jzwnpc98326f,392,https://koios.tosidrop.me/api/v1/pool_updates,2026-05-19T23:10:03+00:00
2f228fca2b2e1f3810481b7426de727e5b46db5e76d914c353c3fcf5,pool19u3glj3t9c0nsyzgrd6zdhnj0ed5dk67wmv3fs6nc0702xzh94y,605,https://koios.tosidrop.me/api/v1/pool_updates,2026-05-19T23:10:03+00:00
2f355f79ee007502d116ecb07e36f985b34cebf2d84118f5c6b455a1,pool19u64770wqp6s95gkajc8udheske5e6ljmpq33awxk326zjaza0q,225,https://koios.tosidrop.me/api/v1/pool_updates,2026-05-19T23:10:03+00:00
2f4e768d6769a2ee28b93d198f974e9424b2b3f3fca8b1d48d90007d,pool19a88drt8dx3wu29e85vcl96wjsjt9vlnlj5tr4ydjqq86sfa84w,507,https://koios.tosidrop.me/api/v1/pool_updates,2026-05-19T23:10:03+00:00
2f5de17f4aef94923d82520eb9787d3081772bdea1264d919dcf48cb,pool19aw7zl62a72fy0vz2g8tj7raxzqhw2775ynymyvaeayvk8xf9er,514,https://koios.tosidrop.me/api/v1/pool_updates,2026-05-19T23:10:03+00:00
2f71128bcabd325bc5f53fcf57100d744b2f26b9b36db0066978b216,pool19ac39z72h5e9h3048l84wyqdw39j7f4ekdkmqpnf0zepvgg0nka,317,https://koios.tosidrop.me/api/v1/pool_updates,2026-05-19T23:10:03+00:00
2f711ee4abc0b1bbbec7a6941f37c6798f6a20fa8e624285f3050438,pool19ac3ae9tczcmh0k8562p7d7x0x8k5g863e3y9p0nq5zrseqxypm,295,https://koios.tosidrop.me/api/v1/pool_updates,2026-05-19T23:10:03+00:00
2f711ee4abc0b1bbbec7a6941f37c6798f6a20fa8e624285f3050438,pool19ac3ae9tczcmh0k8562p7d7x0x8k5g863e3y9p0nq5zrseqxypm,351,https://koios.tosidrop.me/api/v1/pool_updates,2026-05-19T23:10:03+00:00
2f7f25d5e3a92417e216d8805260473b2339be5c529b645d095ef8da,pool19aljt40r4yjp0cskmzq9ycz88v3nn0ju22dkghgftmud5e6548y,346,https://koios.tosidrop.me/api/v1/pool_updates,2026-05-19T23:10:03+00:00
2f84862edc15efa430dd3f6c5056db69b1c676f5e005499e5d315b3b,pool197zgvtkuzhh6gvxa8ak9q4kmdxcuvah4uqz5n8jax9dnkq3uzte,213,https://koios.tosidrop.me/api/v1/pool_updates,2026-05-19T23:10:03+00:00
2f9bb503374940213698c211e5d395b965414a9aec1924702bca4364,pool197dm2qehf9qzzd5ccgg7t5u4h9j5zj56asvjguptefpkgxhd5al,547,https://koios.tosidrop.me/api/v1/pool_updates,2026-05-19T23:10:03+00:00
2fb278dabca47fa59ac720cf17bfd94a3ac9a39d3ba6e0bdee898607,pool197e83k4u53l6txk8yr83007efgavngua8wnwp00w3xrqw3pmr4x,609,https://koios.tosidrop.me/api/v1/pool_updates,2026-05-19T23:10:03+00:00
2fcdce5a5045123f929c261b35dc1a428c6c574cdae6d6b832fddfef,pool19lxuukjsg5frly5uycdnthq6g2xxc46vmtnddwpjlh077v00ace,327,https://koios.tosidrop.me/api/v1/pool_updates,2026-05-19T23:10:03+00:00
2fce76dab5c44fdd3bcaa886264a94014c0b94524dc1a4568dc1f10e,pool19l88dk44c38a6w724zrzvj55q9xqh9zjfhq6g45dc8csurs0gxe,522,https://koios.tosidrop.me/api/v1/pool_updates,2026-05-19T23:10:03+00:00
2fdb1ab579ccb74153ac19e87cf608d9b9c87485e1fac72bdc0a64e5,pool19ld34dteejm5z5avr858easgmxuusay9u8avw27upfjw22t9th7,309,https://koios.tosidrop.me/api/v1/pool_updates,2026-05-19T23:10:03+00:00
3010f955ac5dcd632746e2af4fbca2c94d6d278edda0d95dc0fb9c78,pool1xqg0j4dvthxkxf6xu2h5l09ze9xk6fuwmksdjhwqlww8srhxjz2,410,https://koios.tosidrop.me/api/v1/pool_updates,2026-05-19T23:10:03+00:00
302f38b9b9cf8ace04859882b78e885cec18ee88832e7267224c2b28,pool1xqhn3wdee79vupy9nzpt0r5gtnkp3m5gsvh8yeezfs4js9c2050,551,https://koios.tosidrop.me/api/v1/pool_updates,2026-05-19T23:10:03+00:00
303a7a4330164ba8768d093fb16b6489065fa350fbcce761e3f53250,pool1xqa85sesze96sa5dpylmz6my3yr9lg6sl0xwwc0r75e9qlq5a5g,302,https://koios.tosidrop.me/api/v1/pool_updates,2026-05-19T23:10:03+00:00
30432a0b85b6f80b3e9cd356d8b76b9793f5530c91050c1688da4922,pool1xppj5zu9kmuqk05u6dtd3dmtj7fl25cvjyzsc95gmfyjywaslnp,548,https://koios.tosidrop.me/api/v1/pool_updates,2026-05-19T23:10:03+00:00
304a6897d2810395ad08512169011449ebb4f63963c6149a0ce448a8,pool1xp9x397jsypettgg2yskjqg5f84mfa3ev0rpfxsvu3y2se830sl,264,https://koios.tosidrop.me/api/v1/pool_updates,2026-05-19T23:10:03+00:00
3052743f778dfb9a0ee8d811fffc1ce672b0e7b01e773c35170ea5af,pool1xpf8g0mh3hae5rhgmqglllquueetpeasremncdghp6j675pehcp,333,https://koios.tosidrop.me/api/v1/pool_updates,2026-05-19T23:10:03+00:00
305aa2d5d6f9797f4a54f76c58b28d3208c44638db7f156a05858829,pool1xpd294wkl9uh7jj57ak93v5dxgyvg33cmdl326s9skyzjq5m0fq,319,https://koios.tosidrop.me/api/v1/pool_updates,2026-05-19T23:10:03+00:00
308a5ead611c6e954e3058599428ea3596ee012adfab7bdf1cf80e8a,pool1xz99attpr3hf2n3stpveg282xktwuqf2m74hhhculq8g5nmycyf,304,https://koios.tosidrop.me/api/v1/pool_updates,2026-05-19T23:10:03+00:00
308ec56da70b03f64e04649545dced6d2b2c95ee12e90b47bbcead0d,pool1xz8v2md8pvplvnsyvj25th8dd54je90wzt5sk3ame6ks6w3t0dg,333,https://koios.tosidrop.me/api/v1/pool_updates,2026-05-19T23:10:03+00:00
30923de78639f58b376acdad15c4d9562f4d6b5bf08ddd356f10d3ba,pool1xzfrmeux886ckdm2ekk3t3xe2ch5666m7zxa6dt0zrfm5mq2ksm,451,https://koios.tosidrop.me/api/v1/pool_updates,2026-05-19T23:10:03+00:00
30927c849a77698e30deac80ffff6e0f3953e0793fdbaf77ee2139e3,pool1xzf8epy6wa5cuvx74jq0llmwpuu48cre8ld67alwyyu7xjerfm4,213,https://koios.tosidrop.me/api/v1/pool_updates,2026-05-19T23:10:03+00:00
30c3386cefe12b15ca1d88be666db917e51a860722913ec4058c8359,pool1xrpnsm80uy43tjsa3zlxvmdezlj34ps8y2gna3q93jp4jvzvph9,319,https://koios.tosidrop.me/api/v1/pool_updates,2026-05-19T23:10:03+00:00
30ecbbdcd3888296c1c61f88388068fd2b4954c29488b50b6465ba8c,pool1xrkthhxn3zpfdswxr7yr3qrgl545j4xzjjyt2zmyvkagc8lrgzz,266,https://koios.tosidrop.me/api/v1/pool_updates,2026-05-19T23:10:03+00:00
310daa501ac5ead2953ccb9cbb35d23516c48de31019b766fb560229,pool1xyx655q6ch4d99fuewwtkdwjx5tvfr0rzqvmwehm2cpzj7e2wgl,479,https://koios.tosidrop.me/api/v1/pool_updates,2026-05-19T23:10:03+00:00
31155cfabfb1a7c7e367b87cfc25b6681322836aa56ae5ef37d41c08,pool1xy24e74lkxnu0cm8hp70cfdkdqfj9qm2544wtmeh6swqssq6ltt,225,https://koios.tosidrop.me/api/v1/pool_updates,2026-05-19T23:10:03+00:00
312a9995761468b21a60df3f5dfad6904daf5506c85ce000d5e2b515,pool1xy4fn9tkz35tyxnqmul4m7kkjpx674gxepwwqqx4u2632xv4zzh,298,https://koios.tosidrop.me/api/v1/pool_updates,2026-05-19T23:10:03+00:00
312dc5f4a4a7d733a544651d0871604d4b8712e3ebf232f64bb5d4d5,pool1xykuta9y5ltn8f2yv5wssutqf49cwyhra0er9ajtkh2d2nuyy68,318,https://koios.tosidrop.me/api/v1/pool_updates,2026-05-19T23:10:03+00:00
313a134f69e39d6b1783d5b4a0ad4ef57e5afe68afd7f9790a506190,pool1xyapxnmfuwwkk9ur6k62pt2w74l94lng4ltlj7g22pseq2ufgdr,250,https://koios.tosidrop.me/api/v1/pool_updates,2026-05-19T23:10:03+00:00
313bc7d92f6ea2aff7f1dbdb3e35fbe1fe52ae890414f5b26f31b8cd,pool1xyau0kf0d632lal3m0dnud0mu8l99t5fqs20tvn0xxuv6d4949c,333,https://koios.tosidrop.me/api/v1/pool_updates,2026-05-19T23:10:03+00:00
3142541a65de91842eb1c6d44fcc6867c1c428f5a6c0da87617039b4,pool1x9p9gxn9m6gcgt43cm2ylnrgvlqug2845mqd4pmpwqumg8ljkfa,317,https://koios.tosidrop.me/api/v1/pool_updates,2026-05-19T23:10:03+00:00
314b757983bc2f7649e4ef72a22ef1561605988a3f25e9fed8ff6bfa,pool1x99h27vrhshhvj0yaae2yth32ctqtxy28uj7nlkcla4l5u0k4sk,280,https://koios.tosidrop.me/api/v1/pool_updates,2026-05-19T23:10:03+00:00
31510980a19f0acc9876c79ef29abdb3dba532dbf2b64d32e9201d2d,pool1x9gsnq9pnu9vexrkc7009x4ak0d62vkm72my6vhfyqwj6sp5445,315,https://koios.tosidrop.me/api/v1/pool_updates,2026-05-19T23:10:03+00:00
3162c21a847e9869471ae27b7f1f52600291c1f5bbbea8e3572d3f8f,pool1x93vyx5y06vxj3c6ufah786jvqpfrs04hwl23c6h95lc7yhwu5y,369,https://koios.tosidrop.me/api/v1/pool_updates,2026-05-19T23:10:03+00:00
3165cba21f4b12d8077c0f54ab699828b90341b64b4ef938df4ec9b7,pool1x9juhgslfvfdspmupa22k6vc9zusxsdkfd80jwxlfmymw3hxln5,367,https://koios.tosidrop.me/api/v1/pool_updates,2026-05-19T23:10:03+00:00
317e5eb2c7ab9dc7e95a3fb39fd6586fd675c78d57960d0f0fe7c252,pool1x9l9avk84wwu062687eel4jcdlt8t3ud27tq6rc0ulp9yq4p2v9,254,https://koios.tosidrop.me/api/v1/pool_updates,2026-05-19T23:10:03+00:00
31936b317654f36cde59e4c23a04b92e6565b8d95f261b74e94c823f,pool1xxfkkvtk2nekehjeunpr5p9e9ejktwxetunpka8ffjpr7amg45v,296,https://koios.tosidrop.me/api/v1/pool_updates,2026-05-19T23:10:03+00:00
319e8f27164f0caedbebce3abc6e4d17ca8b002028fca330b9ae3740,pool1xx0g7fckfux2akltecatcmjdzl9gkqpq9r72xv9e4cm5qwq5m3z,261,https://koios.tosidrop.me/api/v1/pool_updates,2026-05-19T23:10:03+00:00
31c4a56aec831daf9de9a038f9681f0720b9638d9f62f0b2d4aad007,pool1x8z226hvsvw6l80f5qu0j6qlqustjcudna30pvk54tgqwd8lche,446,https://koios.tosidrop.me/api/v1/pool_updates,2026-05-19T23:10:03+00:00
31d1d830873e05316b9a4b549617dc4a380b775e5431dfc13d312d88,pool1x8gasvy88cznz6u6fd2fv97ufguqka672scalsfaxykcsdn00tc,221,https://koios.tosidrop.me/api/v1/pool_updates,2026-05-19T23:10:03+00:00
31da45799477b63af0bef7cf60073c7f02d5682b84792304c50a361b,pool1x8dy27v5w7mr4u977l8kqpeu0upd26pts3ujxpx9pgmpka9ztr6,449,https://koios.tosidrop.me/api/v1/pool_updates,2026-05-19T23:10:03+00:00
31decc344873fc96bd98c8fe97b02e86a6a5387eeb1861cd408f69be,pool1x80vcdzgw07fd0vcerlf0vpws6n22wr7avvxrn2q3a5muu6t27c,357,https://koios.tosidrop.me/api/v1/pool_updates,2026-05-19T23:10:03+00:00
31e61233fae9f29fe946b4d0ed821533b32646c565e77d79ea332bc1,pool1x8npyvl6a8efl62xkngwmqs4xwejv3k9vhnh6702xv4uz06qhal,244,https://koios.tosidrop.me/api/v1/pool_updates,2026-05-19T23:10:03+00:00
31f92814e82bdb8bb8f6673dc3c8535b6faa6b91f692cf0d9a564f59,pool1x8ujs98g90dchw8kvu7u8jzntdh656u376fv7rv62e84jmznsr9,237,https://koios.tosidrop.me/api/v1/pool_updates,2026-05-19T23:10:03+00:00
3200ed8ab323773d4d1a64333a0d79b93dc8f3a45c37f88141e34317,pool1xgqwmz4nydmn6ng6vsen5rtehy7u3uaytsml3q2pudp3w35uaxu,580,https://koios.tosidrop.me/api/v1/pool_updates,2026-05-19T23:10:03+00:00
32084cd013aa9ac2ac62955bcce340f5ff76ca72487172a44b4955a7,pool1xgyye5qn42dv9trzj4duec6q7hlhdjnjfpch9fztf926w3xpp2g,298,https://koios.tosidrop.me/api/v1/pool_updates,2026-05-19T23:10:03+00:00
320f46a8e7eea131e1fa9781d04dcd068e6816ae0d68f184d9aa5418,pool1xg85d288a6snrc06j7qaqnwdq68xs94wp450rpxe4f2psaljdlt,221,https://koios.tosidrop.me/api/v1/pool_updates,2026-05-19T23:10:03+00:00
321cc307b088cf3620a27a6986e083a69d724edf2b43d7f2c10544b9,pool1xgwvxpas3r8nvg9z0f5cdcyr56whynkl9dpa0ukpq4ztjfspk9r,460,https://koios.tosidrop.me/api/v1/pool_updates,2026-05-19T23:10:03+00:00
322b4060366aa7c5c067b08e37bf64f935444d806db324f7c38a91aa,pool1xg45qcpkd2nutsr8kz8r00myly65gnvqdkejfa7r32g65zl68as,445,https://koios.tosidrop.me/api/v1/pool_updates,2026-05-19T23:10:03+00:00
322cfdc94e4f9c958f07a103ddb64cf2d9e360f9281c0a2197dafe02,pool1xgk0mj2wf7wftrc85ypamdjv7tv7xc8e9qwq5gvhmtlqym4202w,387,https://koios.tosidrop.me/api/v1/pool_updates,2026-05-19T23:10:03+00:00
3255c0e0a0f673b09de6bd68dda3bb31a7cfc7959e316930642c107e,pool1xf2upc9q7eemp80xh45dmgamxxnul3u4ncckjvry9sg8ulyppr7,266,https://koios.tosidrop.me/api/v1/pool_updates,2026-05-19T23:10:03+00:00
325b0ae898cd61e798973d0d7cc48508eeb4189d92e356fee1757b60,pool1xfds46yce4s70xyh85xhe3y9prhtgxyajt34dlhpw4akq345ad5,232,https://koios.tosidrop.me/api/v1/pool_updates,2026-05-19T23:10:03+00:00
326d38a945099c9df79fe95962c335e0e86a05869f8fbf4b51cad18c,pool1xfkn3229pxwfmaula9vk9se4ur5x5pvxn78m7j63etgcczdhcs9,313,https://koios.tosidrop.me/api/v1/pool_updates,2026-05-19T23:10:03+00:00
32756c3fcf8089160aa50c5fa90f3fe9726b3c77ffd0ca5b5fd70bf5,pool1xf6kc070szy3vz49p306jrela9exk0rhllgv5k6l6u9l27nrlx8,271,https://koios.tosidrop.me/api/v1/pool_updates,2026-05-19T23:10:03+00:00
32982e903eb2320a4606a0010a5af35f15f7b024455b672c3a06b489,pool1x2vzayp7kgeq53sx5qqs5khntu2l0vpyg4dkwtp6q66gjdjagyh,310,https://koios.tosidrop.me/api/v1/pool_updates,2026-05-19T23:10:03+00:00
32a23d767ee9c805e4327fe079391eb29048532f8ad7be6b4446aa0d,pool1x23r6an7a8yqtepj0ls8jwg7k2gys5e03ttmu66yg64q6n2xa75,266,https://koios.tosidrop.me/api/v1/pool_updates,2026-05-19T23:10:03+00:00
32a2698f33c3b617b661611e4d2866069843be387ce9886297312380,pool1x23xnrencwmp0dnpvy0y62rxq6vy803c0n5csc5hxy3cqp68693,270,https://koios.tosidrop.me/api/v1/pool_updates,2026-05-19T23:10:03+00:00
32bb54f680590b9878b6d8fe2953a52c0f66537fd25b63185ba01c10,pool1x2a4fa5qty9es79kmrlzj5a99s8kv5ml6fdkxxzm5qwpqrak55h,267,https://koios.tosidrop.me/api/v1/pool_updates,2026-05-19T23:10:03+00:00
32c1b142a6d12e84e60490794c2f2d2a40d534fef817ab56d1d4e22d,pool1xtqmzs4x6yhgfesyjpu5cted9fqd2d87lqt6k4k36n3z6k7qydp,303,https://koios.tosidrop.me/api/v1/pool_updates,2026-05-19T23:10:03+00:00
32cfd0c41c8ab66ecf56edf3001a96cdabf7515ca5c01508306a216c,pool1xt8ap3qu32mxan6kahesqx5kek4lw52u5hqp2zpsdgskca56ahe,370,https://koios.tosidrop.me/api/v1/pool_updates,2026-05-19T23:10:03+00:00
32d5331e1666f1fd38011fbcd0f0156ee13d646b81efcd9b0ce27e65,pool1xt2nx8skvmcl6wqpr77dpuq4dmsn6erts8humxcvuflx23xl70s,343,https://koios.tosidrop.me/api/v1/pool_updates,2026-05-19T23:10:03+00:00
32f2cc4671c6d5ef9bb43e516b7e764c6d33cb344502ac0a1945ff76,pool1xtevc3n3cm27lxa58egkklnkf3kn8je5g5p2czseghlhvcrja93,308,https://koios.tosidrop.me/api/v1/pool_updates,2026-05-19T23:10:03+00:00
32f6df36b4625d51971dedb0cabd20a6c8577165d5f15530594dbc6b,pool1xtmd7d45vfw4r9caakcv40fq5my9wut96hc42vzefk7xkg07as9,288,https://koios.tosidrop.me/api/v1/pool_updates,2026-05-19T23:10:03+00:00
330c9583aa63560a7ee8c59b6a7ca818775dddd468e4fbc51397c02b,pool1xvxftqa2vdtq5lhgckdk5l9grpm4mhw5drj0h3gnjlqzkd2kqty,513,https://koios.tosidrop.me/api/v1/pool_updates,2026-05-19T23:10:03+00:00
331711ffbc442853ede9bbf478f6c7ddc62772cd1633df72285878d3,pool1xvt3rlaugs598m0fh0683ak8mhrzwukdzcea7u3gtpudx4nx2ff,413,https://koios.tosidrop.me/api/v1/pool_updates,2026-05-19T23:10:03+00:00
335c5a31815bff2521999554de9b4128737722ce55015c2196631bc5,pool1xdw95vvpt0lj2gvej42dax6p9pehwgkw25q4cgvkvvdu2k29y5c,551,https://koios.tosidrop.me/api/v1/pool_updates,2026-05-19T23:10:03+00:00
33a5c6d3fb0de2c1789e8777b954e30a4c8a8428e0717615e6b769a7,pool1xwjud5lmph3vz7y7sammj48rpfxg4ppgupchv90xka56weruuly,532,https://koios.tosidrop.me/api/v1/pool_updates,2026-05-19T23:10:03+00:00
33adcfb2c361b680f2f66e77e75933be05f6c4e0c2f332f9d3586f5c,pool1xwkulvkrvxmgpuhkdem7wkfnhczld38qcten97wntph4crr3q68,284,https://koios.tosidrop.me/api/v1/pool_updates,2026-05-19T23:10:03+00:00
33c5796b7d62d5d5b13526662d03f1d94e16f4ffd236386137e17ec1,pool1x0zhj6mavt2atvf4yenz6ql3m98pda8l6gmrscfhu9lvzy46y5k,459,https://koios.tosidrop.me/api/v1/pool_updates,2026-05-19T23:10:03+00:00
33fa92357b69dfcc725e5f7a0fdf57acbad6ec297ef721edaa74547d,pool1x0afydtmd80ucuj7taaqlh6h4jaddmpf0mmjrmd2w3286qrpz8k,330,https://koios.tosidrop.me/api/v1/pool_updates,2026-05-19T23:10:03+00:00
3407812f0f5b698329dd4db9b7748e7aa6078b5e5f74c0af318385e4,pool1xsrcztc0td5cx2wafkumwayw02nq0z67ta6vpte3swz7g4ta2f2,470,https://koios.tosidrop.me/api/v1/pool_updates,2026-05-19T23:10:03+00:00
3409faed0879eeb5babb7784a5ca62d9e25cf8773e61484d0e06d880,pool1xsyl4mgg08httw4mw7z2tjnzm839e7rh8es5sngwqmvgq2qk235,235,https://koios.tosidrop.me/api/v1/pool_updates,2026-05-19T23:10:03+00:00
3412ef6c600a5092f48fd3f880d75b566f1e11ad8d3ee29317c4e03b,pool1xsfw7mrqpfgf9ay060ugp46m2eh3uydd35lw9ychcnsrk7mar8l,392,https://koios.tosidrop.me/api/v1/pool_updates,2026-05-19T23:10:03+00:00
3418baa1fde5bb8c9d09c11f9291f13a42b8e7b117349ba6eaaa62b8,pool1xsvt4g0aukace8gfcy0e9y038fpt3ea3zu6fhfh24f3tspm84cv,382,https://koios.tosidrop.me/api/v1/pool_updates,2026-05-19T23:10:03+00:00
341a4e6f03f688a3ec2bdcb15d0f9a80ab4348f126b8d2ca68d9528d,pool1xsdyumcr76y28mptmjc46ru6sz45xj83y6ud9jngm9fg6en6zjh,260,https://koios.tosidrop.me/api/v1/pool_updates,2026-05-19T23:10:03+00:00
341e6b4c31d2af9f35db794835e22e23855d1c84359582476d7d6528,pool1xs0xknp362he7dwm09yrtc3wywz468yyxk2cy3md04jjst7fcnk,298,https://koios.tosidrop.me/api/v1/pool_updates,2026-05-19T23:10:03+00:00
342348191904437425d7c05e1ecb32d86188dc33dbcade7a3ac64c8e,pool1xs35sxgeq3phgfwhcp0pajejmpsc3hpnm09du736cexguej2hw6,226,https://koios.tosidrop.me/api/v1/pool_updates,2026-05-19T23:10:03+00:00
343ee6d1a29b68ff30f725c827bce2c553ba094513ae6a562737e19d,pool1xslwd5dznd507v8hyhyz008zc4fm5z29zwhx5438xlse6rxer36,354,https://koios.tosidrop.me/api/v1/pool_updates,2026-05-19T23:10:03+00:00
3448894f1507bb66d7a60dc225fce74f0f650d7a5f0dcc407bbe7cb6,pool1x3ygjnc4q7akd4axphpztl88fu8k2rt6tuxucsrmhe7tvvggr57,239,https://koios.tosidrop.me/api/v1/pool_updates,2026-05-19T23:10:03+00:00
344cec17a25ad0de97250b1af4cea6fad5907e0ce616c8f90840aa0d,pool1x3xwc9azttgda9e9pvd0fn4xlt2eqlsvuctv37gggz4q6e6fjkk,249,https://koios.tosidrop.me/api/v1/pool_updates,2026-05-19T23:10:03+00:00
3458409df732f210a941997483ee39cae5fd968162a2cf4bde7378d1,pool1x3vyp80hxtepp22pn96g8m3eetjlm95pv23v7j77wdudzcnn5s7,232,https://koios.tosidrop.me/api/v1/pool_updates,2026-05-19T23:10:03+00:00
34736425217f45cc1f6e59a88bd253e50b90f47ea206ec7f26afdfc5,pool1x3ekgffp0azuc8mwtx5gh5jnu59epar75grwclex4l0u2w8qlzx,343,https://koios.tosidrop.me/api/v1/pool_updates,2026-05-19T23:10:03+00:00
348138a2f05c360a707358983bb2c6f0a4ba4b885c6109debbe4fa6b,pool1xjqn3ghstsmq5urntzvrhvkx7zjt5jugt3ssnh4munaxkk8ykm6,335,https://koios.tosidrop.me/api/v1/pool_updates,2026-05-19T23:10:03+00:00
348a34cacab673e724f4b3507a83e8dcc55580ea4dcbac8a292ff458,pool1xj9rfjk2kee7wf85kdg84qlgmnz4tq82fh96ez3f9l69s7yr0q7,363,https://koios.tosidrop.me/api/v1/pool_updates,2026-05-19T23:10:03+00:00
349e372e5c9b2c11e2c49e7d623072ebf959dc27f5e99ea37f554a61,pool1xj0rwtjunvkprckyne7kyvrja0u4nhp87h5eagml249xzzsac42,442,https://koios.tosidrop.me/api/v1/pool_updates,2026-05-19T23:10:03+00:00
34bba9993b1f587884e9b27513cb3168d8b410f20935231edaf3cb62,pool1xja6nxfmrav83p8fkf638je3drvtgy8jpy6jx8k6709kyyq7xgt,313,https://koios.tosidrop.me/api/v1/pool_updates,2026-05-19T23:10:03+00:00
34bfc7db500b6e2b6df3afc7aa8407b79c786bd811a4553be9973cbd,pool1xjlu0k6spdhzkm0n4lr64pq8k7w8s67czxj92wlfju7t62d2pgd,241,https://koios.tosidrop.me/api/v1/pool_updates,2026-05-19T23:10:03+00:00
34c671ba43ba95f754abd4ab95f7ac4494eb4ff744e8d9d20a700cd5,pool1xnr8rwjrh22lw49t6j4etaavgj2wknlhgn5dn5s2wqxd2s4d5sn,277,https://koios.tosidrop.me/api/v1/pool_updates,2026-05-19T23:10:03+00:00
34d2d95e6f8cb29b4d152e3b2e3114954cbb6e89d26cae2e78320c2b,pool1xnfdjhn03jefkng49cajuvg5j4xtkm5f6fk2utncxgxzkgvdxxa,275,https://koios.tosidrop.me/api/v1/pool_updates,2026-05-19T23:10:03+00:00
34db4f43dedbbda73146be5fceac7b3a80b6f100d2a2334044412155,pool1xnd57s77mw76wv2xhe0uatrm82qtdugq623rxszygys428a6aqp,448,https://koios.tosidrop.me/api/v1/pool_updates,2026-05-19T23:10:03+00:00
34f513d0f993d188557696d598f54944879c24cb60811aea840fce47,pool1xn63858ej0gcs4tkjm2e3a2fgjrecfxtvzq3465ypl8ywkx7gcv,588,https://koios.tosidrop.me/api/v1/pool_updates,2026-05-19T23:10:03+00:00
3504aa585ec3604c52fc34ab350f0bab533806b6ddcf5320ab73bb44,pool1x5z25kz7cdsyc5huxj4n2rct4dfnsp4kmh84xg9twwa5gel2qjf,265,https://koios.tosidrop.me/api/v1/pool_updates,2026-05-19T23:10:03+00:00
351750220bf8fc0db147cd20c1b232a46606562179d7f097719639d3,pool1x5t4qgstlr7qmv28e5svrv3j53nqv43p08tlp9m3jcuaxk8eq2d,317,https://koios.tosidrop.me/api/v1/pool_updates,2026-05-19T23:10:03+00:00
351c3e804f3d2c08f9b4ec421a4cac88d108eefb9d51c7162a3987cb,pool1x5wraqz085kq37d5a3pp5n9v3rgs3mhmn4guw9328xrukndmhg0,392,https://koios.tosidrop.me/api/v1/pool_updates,2026-05-19T23:10:03+00:00
351d8435256ab7f560255342dd464f7becf8e3bc4f976e0d80a90ef9,pool1x5wcgdf9d2ml2cp92dpd63j000k03cauf7tkurvq4y80jp3vrel,407,https://koios.tosidrop.me/api/v1/pool_updates,2026-05-19T23:10:03+00:00
351ee2911372b304573b259da97dc263f024f5743cc8b39c228f7f7e,pool1x50w9ygnw2esg4emykw6jlwzv0czfat58nyt88pz3alhu2mq4zl,404,https://koios.tosidrop.me/api/v1/pool_updates,2026-05-19T23:10:03+00:00
3525f31818cd5161d6bea81e8c437caf9c904965dda0c53a27e48224,pool1x5jlxxqce4gkr4474q0gcsmu47wfqjt9mksv2w38ujpzgjn83ye,230,https://koios.tosidrop.me/api/v1/pool_updates,2026-05-19T23:10:03+00:00
3538ad60346f8138e2b95f5720163876783af5aceb624caec428a317,pool1x5u26cp5d7qn3c4etatjq93cweur4advad3yetky9z33wfw4j4a,255,https://koios.tosidrop.me/api/v1/pool_updates,2026-05-19T23:10:03+00:00
353bb977d972b79852225f5258f39c674884d95da274954a7842ce7e,pool1x5amja7ew2mes53ztaf93uuuvaygfk2a5f6f2jncgt88uvys5ww,340,https://koios.tosidrop.me/api/v1/pool_updates,2026-05-19T23:10:03+00:00
355986ef712d76569dffcaa0cd3b1ad426129ea5ba8baac4e5e5782d,pool1x4vcdmm394m9d80le2sv6wc66snp9849h2964389u4uz654lzma,519,https://koios.tosidrop.me/api/v1/pool_updates,2026-05-19T23:10:03+00:00
3596a1605872a3a74fc3b11ad89bc37385757ac8bc423d2f4a8d05f2,pool1xkt2zczcw236wn7rkydd3x7rwwzh27kgh3pr6t6235zly54u8nz,278,https://koios.tosidrop.me/api/v1/pool_updates,2026-05-19T23:10:03+00:00
359f35c5dbf9121784988355771054feb9c82d61d1f2b1226cea5448,pool1xk0nt3wmlyfp0pycsd2hwyz5l6uusttp68etzgnvaf2ysc4f3hx,596,https://koios.tosidrop.me/api/v1/pool_updates,2026-05-19T23:10:03+00:00
35a578bf368cc2e85dc2dbd3d7859aabba7284bc18f8893194a39ac9,pool1xkjh30ek3npwshwzm0fa0pv64wa89p9urrugjvv55wdvjct5vk9,312,https://koios.tosidrop.me/api/v1/pool_updates,2026-05-19T23:10:03+00:00
35da8aa474f37a5025658da17218bebbe7e9d680bf44857313ae4e28,pool1xhdg4fr57da9qft93kshyx97h0n7n45qhazg2ucn4e8zs09ku67,420,https://koios.tosidrop.me/api/v1/pool_updates,2026-05-19T23:10:03+00:00
35df6cdd839eabd135a1fa53a42498c1f58960728685f14d386da29d,pool1xh0kehvrn64azddplff6gfycc86cjcrjs6zlznfcdk3f6wj86ed,228,https://koios.tosidrop.me/api/v1/pool_updates,2026-05-19T23:10:03+00:00
35ea81449cabced65787b6d55b39a8f0e8f9fd40770aece966ae398f,pool1xh4gz3yu408dv4u8km24kwdg7r50nl2qwu9we6tx4cuc7qn2jfx,209,https://koios.tosidrop.me/api/v1/pool_updates,2026-05-19T23:10:03+00:00
35f20ce45b66499e9dffb291b8e488e442e2d2ea5dc3ba20a40a6ba4,pool1xheqeezmveyea80lk2gm3eygu3pw95h2thpm5g9ypf46g2dn3w5,382,https://koios.tosidrop.me/api/v1/pool_updates,2026-05-19T23:10:03+00:00
35f3f313d4fc730511982aa4252fa4d69d81dd7643b107f45c65b2a8,pool1xhelxy75l3es2yvc92jz2tay66wcrhtkgwcs0azuvke2s0nwz3r,288,https://koios.tosidrop.me/api/v1/pool_updates,2026-05-19T23:10:03+00:00
362bf45d805ffe1f4800ffb1464801a01209874dcc46e60ccc6167cb,pool1xc4lghvqtllp7jqql7c5vjqp5qfqnp6de3rwvrxvv9nukn200fv,259,https://koios.tosidrop.me/api/v1/pool_updates,2026-05-19T23:10:03+00:00
363830bdd499753d9b76c7c20a5123cbbc5825c73d2457617fe3f34e,pool1xcurp0w5n96nmxmkclpq55frew79sfw885j9wctlu0e5ud95rcw,285,https://koios.tosidrop.me/api/v1/pool_updates,2026-05-19T23:10:03+00:00
3647e79c6cbcec0cd09c5958f9004164d1eea47c12b0838433cc28f8,pool1xer708rvhnkqe5yut9v0jqzpvng7afruz2cg8ppnes50s4zskft,231,https://koios.tosidrop.me/api/v1/pool_updates,2026-05-19T23:10:03+00:00
36838591e519bcfe4914fd8dff2db99f762bbdea247810dacf06042c,pool1x6pcty09rx70ujg5lkxl7tdenamzh002y3uppkk0qczzcxyguyd,230,https://koios.tosidrop.me/api/v1/pool_updates,2026-05-19T23:10:03+00:00
368e7fe18a365aea7039969fe2a21ee5a2dc0f85c1b6a2c16bfa4fa0,pool1x688lcv2xedw5upej6079gs7uk3dcru9cxm29sttlf86q4wkh57,245,https://koios.tosidrop.me/api/v1/pool_updates,2026-05-19T23:10:03+00:00
3691ace29ecad8e937fdf3a71674e01581118c6b488a2b507b930f8e,pool1x6g6ec57etvwjdla7wn3va8qzkq3rrrtfz9zk5rmjv8cuqf328x,298,https://koios.tosidrop.me/api/v1/pool_updates,2026-05-19T23:10:03+00:00
36a108e7d46c7d48bdee39ba5a11ae487c488cddfc2314495cf5b6a5,pool1x6ss3e75d375300w8xa95ydwfp7y3rxals33gj2u7km22ju7534,216,https://koios.tosidrop.me/api/v1/pool_updates,2026-05-19T23:10:03+00:00
36da9e751e8248ccf98e8042dd468e3749001b42bea7cfeeebefb3a9,pool1xmdfuag7sfyve7vwsppd635wxaysqx6zh6nulmhta7e6jjptj0j,264,https://koios.tosidrop.me/api/v1/pool_updates,2026-05-19T23:10:03+00:00
36e47c7a6fc0502168f34bee0a27c23a8aac30ef5db0e395c292375c,pool1xmj8c7n0cpgzz68nf0hq5f7z8292cv80tkcw89wzjgm4c567lj2,246,https://koios.tosidrop.me/api/v1/pool_updates,2026-05-19T23:10:03+00:00
371be666da4ce171dbca55d4a750ad5c0e2641372cd15386a361ba13,pool1xud7vek6fnshrk722h22w59dts8zvsfh9ng48p4rvxapx3ean85,312,https://koios.tosidrop.me/api/v1/pool_updates,2026-05-19T23:10:03+00:00
372e20a3e5488a40e9446d968606775c54aa4ae34d3f88e73780a447,pool1xuhzpgl9fz9yp62ydktgvpnht3225jhrf5lc3eehszjywynznaj,262,https://koios.tosidrop.me/api/v1/pool_updates,2026-05-19T23:10:03+00:00
37378072ce0a2d7b8c1c1181398d5de0b8b95933f68c5010ef71e461,pool1xumcqukwpgkhhrquzxqnnr2auzutjkfn76x9qy80w8jxzy47hze,259,https://koios.tosidrop.me/api/v1/pool_updates,2026-05-19T23:10:03+00:00
3749cc41406e4a3fb7155fc1a3bc932618a11b857623b04868b61004,pool1xayucs2qde9rldc4tlq680ynycv2zxu9wc3mqjrgkcgqg5fp4g6,488,https://koios.tosidrop.me/api/v1/pool_updates,2026-05-19T23:10:03+00:00
374c1852bb8be71a2728c3b3cdc707d047e3055bde189835eff30a18,pool1xaxps54m30n35fegcweum3c86pr7xp2mmcvfsd007v9ps9xu8js,369,https://koios.tosidrop.me/api/v1/pool_updates,2026-05-19T23:10:03+00:00
375324c48d9f4955eec9ef7e65da870f3962bb72767736972aae421b,pool1xafjf3ydnay4tmkfaalxtk58puuk9wmjwemnd9e24eppka33e84,408,https://koios.tosidrop.me/api/v1/pool_updates,2026-05-19T23:10:03+00:00
37683ee88f2980a7dc31dc1a637f6b6a908bc055728dbd717491d3a5,pool1xa5ra6y09xq20hp3msdxxlmtd2gghsz4w2xm6ut5j8f62c7avv8,277,https://koios.tosidrop.me/api/v1/pool_updates,2026-05-19T23:10:03+00:00
3775ca97181f5ec1493ad9dd169a751dbccd9f9dcd6d458156e77816,pool1xa6u49ccra0vzjf6m8w3dxn4rk7vm8uae4k5tq2kuaupv4ght0n,280,https://koios.tosidrop.me/api/v1/pool_updates,2026-05-19T23:10:03+00:00
3782c245cbf14dc7dabc7e52fc7a2b1e7a2bd9ae8f8fa6a2ef227b85,pool1x7pvy3wt79xu0k4u0ef0c73treazhkdw3786dgh0yfac2r3qhnk,535,https://koios.tosidrop.me/api/v1/pool_updates,2026-05-19T23:10:03+00:00
37973f9133e9ce6a6228e1df2c2d0172167b811fd25becc1843bb3d7,pool1x7tnlyfna88x5c3gu80jctgpwgt8hqgl6fd7esvy8weawsgnmug,268,https://koios.tosidrop.me/api/v1/pool_updates,2026-05-19T23:10:03+00:00
37ada0c374e1192da677ae628d75bf788687a325b75e05f59863d98a,pool1x7k6psm5uyvjmfnh4e3g6adl0zrg0ge9ka0qtavcv0vc5akq78p,290,https://koios.tosidrop.me/api/v1/pool_updates,2026-05-19T23:10:03+00:00
37b075d6d99023d08b2007826aaf9fd2534ff46fb7bb88cf2abc746f,pool1x7c8t4kejq3apzeqq7px4tul6ff5lar0k7ac3ne2h36x7m9ayvq,220,https://koios.tosidrop.me/api/v1/pool_updates,2026-05-19T23:10:03+00:00
37c5445d9b011a5f9ba0e297d76240aaa9536213f53845a63c8e874d,pool1xlz5ghvmqyd9lxaqu2tawcjq4254xcsn75uytf3u36r56fqlj9c,226,https://koios.tosidrop.me/api/v1/pool_updates,2026-05-19T23:10:03+00:00
37d4c2da4415b687a46ea10229e33c4516dc96f25a34944cbcf1db75,pool1xl2v9kjyzkmg0frw5ypznceug5tde9hjtg6fgn9u78dh2j59fhn,290,https://koios.tosidrop.me/api/v1/pool_updates,2026-05-19T23:10:03+00:00
37d4f38ba192355785d62d7a43fe8eb6b9f49922d72f075386ff27ab,pool1xl208zapjg640pwk94ay8l5wk6ulfxfz6uhsw5uxlun6kxjvh8u,261,https://koios.tosidrop.me/api/v1/pool_updates,2026-05-19T23:10:03+00:00
37e25aa30c4450c3a35b68db3ef97c39f99cfaaf6202f8dec9a50acb,pool1xl394gcvg3gv8g6mdrdna7tu88uee740vgp03hkf559vkmunstt,531,https://koios.tosidrop.me/api/v1/pool_updates,2026-05-19T23:10:03+00:00
37f76986fb55152af98808613c80b4f19e83ff64ddcab70784865c59,pool1xlmknphm252j47vgppsneq957x0g8lmymh9twpuysew9jlprdql,319,https://koios.tosidrop.me/api/v1/pool_updates,2026-05-19T23:10:03+00:00
37ffc02deb03082b18ee18c02ff753b1bc92305c5c8f6da23543ad5e,pool1xlluqt0tqvyzkx8wrrqzla6nkx7fyvzutj8kmg34gwk4uzhm5pl,413,https://koios.tosidrop.me/api/v1/pool_updates,2026-05-19T23:10:03+00:00
383696c7f29a9a49c1da49ed35bebbd6097cea5b58a95da5c7df27ee,pool18qmfd3ljn2dynsw6f8knt04m6cyhe6jmtz54mfw8mun7u9vqqx6,422,https://koios.tosidrop.me/api/v1/pool_updates,2026-05-19T23:10:03+00:00
383696c7f29a9a49c1da49ed35bebbd6097cea5b58a95da5c7df27ee,pool18qmfd3ljn2dynsw6f8knt04m6cyhe6jmtz54mfw8mun7u9vqqx6,513,https://koios.tosidrop.me/api/v1/pool_updates,2026-05-19T23:10:03+00:00
383ee9f587c77c5683eea207359749784d9af5cd2306d099b9397f3f,pool18qlwnav8ca79dqlw5grnt96f0pxe4awdyvrdpxde89ln7th9utp,425,https://koios.tosidrop.me/api/v1/pool_updates,2026-05-19T23:10:03+00:00
3862e102e1440b150ccafe5d16ac68cd78ce6e46afc4fb0977fcd6bd,pool18p3wzqhpgs932rx2lew3dtrge4uvumjx4lz0kzthlntt6shz4rg,402,https://koios.tosidrop.me/api/v1/pool_updates,2026-05-19T23:10:03+00:00
3866bed6c94a75ab0290bc86d83467c6557cf2275e8d49b3d727c78c,pool18pnta4kfff66kq5shjrdsdr8ce2heu38t6x5nv7hylrcc0hpksk,597,https://koios.tosidrop.me/api/v1/pool_updates,2026-05-19T23:10:03+00:00
386c5cc510bb93b7a85d741af0170e873fe7477534199dec4b2725db,pool18pk9e3gshwfm02zawsd0q9cwsul7w3m4xsvemmztyujakk0snx3,322,https://koios.tosidrop.me/api/v1/pool_updates,2026-05-19T23:10:03+00:00
387740e35134ec4022b08c0b221082b20127d384e5ac720ef8f02b37,pool18pm5pc63xnkyqg4s3s9jyyyzkgqj05uyukk8yrhc7q4nw0gp6en,237,https://koios.tosidrop.me/api/v1/pool_updates,2026-05-19T23:10:03+00:00
3888563b609964c909940a6170be19834759315c89a13b05daadf0b9,pool18zy9vwmqn9jvjzv5pfshp0sesdr4jv2u3xsnkpw64hctj503f5r,263,https://koios.tosidrop.me/api/v1/pool_updates,2026-05-19T23:10:03+00:00
38a2c70da121a6147bfec82d380554e5a1fd6d4d9d8fb1e89a7c8658,pool18z3vwrdpyxnpg7l7eqknsp25uksl6m2dnk8mr6y60jr9sssea0w,247,https://koios.tosidrop.me/api/v1/pool_updates,2026-05-19T23:10:03+00:00
38aec01266622fd78a68387308518dc42cfa6a0b3df572f122001fcc,pool18zhvqynxvgha0zng8pess5vdcsk056st8h6h9ufzqq0ucj0ssar,255,https://koios.tosidrop.me/api/v1/pool_updates,2026-05-19T23:10:03+00:00
38bf97c08ac99e28cf186e9eb13e2f1e515bcf4f53d398497efe1221,pool18zle0sy2ex0z3nccd60tz030reg4hn6020fesjt7lcfzz5mmay6,418,https://koios.tosidrop.me/api/v1/pool_updates,2026-05-19T23:10:03+00:00
39097f8fea50ba89cffc9fe89f197c71d81c013af7ee8c317c8b0563,pool18yyhlrl22zagnnlunl5f7xtuw8vpcqf67lhgcvtu3vzkxuaqqzn,245,https://koios.tosidrop.me/api/v1/pool_updates,2026-05-19T23:10:03+00:00
391738dab49f99bf1030514533e4e31eaf3cfeeb0e347985d7279446,pool18ytn3k45n7vm7yps29zn8e8rr6hnelhtpc68npwhy72yv6xe6wz,408,https://koios.tosidrop.me/api/v1/pool_updates,2026-05-19T23:10:03+00:00
3918054afa129a4314a98019a38121c8113b5986c857636c35cae669,pool18yvq2jh6z2dyx99fsqv68qfpeqgnkkvxeptkxmp4etnxjhfqald,244,https://koios.tosidrop.me/api/v1/pool_updates,2026-05-19T23:10:03+00:00
39274ce1e12cd0183e0dc3b3c5853213b4a0262435a09e79f60aee19,pool18yn5ec0p9ngps0sdcweutpfjzw62qf3yxksfu70kpthpjjv6ant,439,https://koios.tosidrop.me/api/v1/pool_updates,2026-05-19T23:10:03+00:00
39378894384bd8ad830f827d82f26d6fa5aaae11a1458a6bd5e4c460,pool18ymc39pcf0v2mqc0sf7c9undd7j64ts359zc5674unzxqzq08wn,249,https://koios.tosidrop.me/api/v1/pool_updates,2026-05-19T23:10:03+00:00
3959f8499d5c75d225dba59c0f48e561f7620ad90e4eb05b8f66e610,pool189vlsjvat36ayfwm5kwq7j89v8mkyzkepe8tqku0vmnpq8wqcg0,272,https://koios.tosidrop.me/api/v1/pool_updates,2026-05-19T23:10:03+00:00
3962442e0fcabe8f8df6e484bffed5c3db8b3fc774a2aa62acbb8aad,pool1893ygts0e2lglr0kujztllk4c0dck078wj325c4vhw926rn324m,431,https://koios.tosidrop.me/api/v1/pool_updates,2026-05-19T23:10:03+00:00
3978b708940d183edd8bdca3a3a49b60eaf4b2bb7cf057be8dcd9531,pool189utwzy5p5vrahvtmj368fymvr40fv4m0nc9005dek2nzpafljq,318,https://koios.tosidrop.me/api/v1/pool_updates,2026-05-19T23:10:03+00:00
3980b3e6778a7000164cc0adbc13a617424478812cfb29174843d1b3,pool18xqt8enh3fcqq9jvczkmcyaxzapyg7yp9najj96gg0gmxjuglyx,307,https://koios.tosidrop.me/api/v1/pool_updates,2026-05-19T23:10:03+00:00
39890eb30a6f442663c6e8097d2cbad0bfd72381b34444e1e48057ed,pool18xysavc2dazzvc7xaqyh6t966zlawgupkdzyfc0yspt76ggxw6g,502,https://koios.tosidrop.me/api/v1/pool_updates,2026-05-19T23:10:03+00:00
39897b8fe60ea0cbc46119d393ae0739373f1bab437d58be8b3d2a7c,pool18xyhhrlxp6svh3rpr8fe8ts88ymn7xatgd74305t8548ccgtacq,324,https://koios.tosidrop.me/api/v1/pool_updates,2026-05-19T23:10:03+00:00
39a751d32ec5c7ac68b6c0ee68230f8e286d853b692b4e9273a3401d,pool18xn4r5ewchr6c69kcrhxsgc03c5xmpfmdy45aynn5dqp6gvtzy6,380,https://koios.tosidrop.me/api/v1/pool_updates,2026-05-19T23:10:03+00:00
39c6ec8fe6dd619d005f17905dde221e31cbd4aadf5eecef9c611311,pool188rwerlxm4se6qzlz7g9mh3zrccuh492ma0wemuuvyf3zgstqy4,428,https://koios.tosidrop.me/api/v1/pool_updates,2026-05-19T23:10:03+00:00
39d143c3f49b722886983954c83ffe34ec1cb165cf1852d1a88f2f8d,pool188g58sl5ndez3p5c892vs0l7xnkpevt9euv995dg3uhc6yauyyd,331,https://koios.tosidrop.me/api/v1/pool_updates,2026-05-19T23:10:03+00:00
39e1dccf23bfa66ec993fe1755fdc548cdb96da1976b01d7b206ce3b,pool188saenerh7nxajvnlct4tlw9frxmjmdpja4sr4ajqm8rkkfkxn8,528,https://koios.tosidrop.me/api/v1/pool_updates,2026-05-19T23:10:03+00:00
3a0905747c18cf0e4410832fe64b13aaad4c7d03634ddb9f66c22860,pool18gys2arurr8su3qssvh7vjcn42k5clgrvdxah8mxcg5xquvfu8p,340,https://koios.tosidrop.me/api/v1/pool_updates,2026-05-19T23:10:03+00:00
3a0905747c18cf0e4410832fe64b13aaad4c7d03634ddb9f66c22860,pool18gys2arurr8su3qssvh7vjcn42k5clgrvdxah8mxcg5xquvfu8p,341,https://koios.tosidrop.me/api/v1/pool_updates,2026-05-19T23:10:03+00:00
3a0c080b10b148b7ca13161458d29a3516fc35e66e423d15cbe94775,pool18gxqszcsk9yt0jsnzc293556x5t0cd0xdepr69wta9rh23349j5,592,https://koios.tosidrop.me/api/v1/pool_updates,2026-05-19T23:10:03+00:00
3a107d14c00994c4d7875ce00ce43e5998aa91de5ef0df259a581bd4,pool18gg869xqpx2vf4u8tnsqeep7txv24yw7tmcd7fv6tqdagznda9p,290,https://koios.tosidrop.me/api/v1/pool_updates,2026-05-19T23:10:03+00:00
3a33e0dc0c8e154b4203285da69a2adf2d5586d74c992d7b441f697b,pool18ge7phqv3c25kssr9pw6dx32muk4tpkhfjvj676yra5hk6enwv8,284,https://koios.tosidrop.me/api/v1/pool_updates,2026-05-19T23:10:03+00:00
3a391718111f3bcfab1769c9568988f7a75b94f80828d8a6a7c89121,pool18gu3wxq3ruaul2chd8y4dzvg77n4h98cpq5d3f48ezgjz3h6f4x,426,https://koios.tosidrop.me/api/v1/pool_updates,2026-05-19T23:10:03+00:00
3a5202d76cea2cc1fc0be88fe335895eb48c25bd6ab2fa4d03713c84,pool18ffq94mvagkvrlqtaz87xdvft66gcfdad2e05ngrwy7gge48tc4,298,https://koios.tosidrop.me/api/v1/pool_updates,2026-05-19T23:10:03+00:00
3a68da440cf7bbd771a95de413a2c5c31078ebb960a49511c91ed5a7,pool18f5d53qv77aawudfthjp8gk9cvg836aevzjf2ywfrm26wc0vcrs,264,https://koios.tosidrop.me/api/v1/pool_updates,2026-05-19T23:10:03+00:00
3a69892d22415de2e0d027812ad5d7367c1c81e5a4cb2260181ca4b6,pool18f5cjtfzg9w79cxsy7qj44whxe7peq095n9jycqcrjjtvfu6xtc,276,https://koios.tosidrop.me/api/v1/pool_updates,2026-05-19T23:10:03+00:00
3a7a11ae77e80211034ef393e8a7f64cd4e9f37c4b6d8d90deee9b5a,pool18faprtnhaqppzq6w7wf73flkfn2wnumufdkcmyx7a6d4579u3jn,298,https://koios.tosidrop.me/api/v1/pool_updates,2026-05-19T23:10:03+00:00
3a8bcab8c27ddbd5c30f8604d78e31d29c6b1d40f827893a9681bd34,pool1829u4wxz0hdatsc0sczd0r3362wxk82qlqncjw5ksx7ngne07w0,257,https://koios.tosidrop.me/api/v1/pool_updates,2026-05-19T23:10:03+00:00
3a8bcab8c27ddbd5c30f8604d78e31d29c6b1d40f827893a9681bd34,pool1829u4wxz0hdatsc0sczd0r3362wxk82qlqncjw5ksx7ngne07w0,285,https://koios.tosidrop.me/api/v1/pool_updates,2026-05-19T23:10:03+00:00
3a8feb36d0291ae7e87e7d841583291ab3bef366b53cc86ce36152b9,pool18287kdks9ydw06r70kzptqefr2emaumxk57vsm8rv9ftj2whdct,266,https://koios.tosidrop.me/api/v1/pool_updates,2026-05-19T23:10:03+00:00
3ab2437d5d2ab8ef11111272156102e7e377defeea79ed3cc1e414b4,pool182eyxl2a92uw7yg3zfep2cgzul3h0hh7afu760xpus2tg2j4m3c,570,https://koios.tosidrop.me/api/v1/pool_updates,2026-05-19T23:10:03+00:00
3ab933859ca70aff0aa188854b65a3718c45c96fd0c6f3d067aa5aee,pool182un8pvu5u907z4p3zz5kedrwxxytjt06rr085r84fdwuucu53g,298,https://koios.tosidrop.me/api/v1/pool_updates,2026-05-19T23:10:03+00:00
3ac77228722ef0997f2842abd9503ff72f80b1656022ae7f99d1b0f8,pool18trhy2rj9mcfjlegg24aj5pl7uhcpvt9vq32ulue6xc0svehftt,427,https://koios.tosidrop.me/api/v1/pool_updates,2026-05-19T23:10:03+00:00
3ae98bf0c03aa10fc4a9c0b863fc8648e63d7caa47583b095e633156,pool18t5chuxq82ssl39fczux8lyxfrnr6l92gavrkz27vvc4vjwgvjf,442,https://koios.tosidrop.me/api/v1/pool_updates,2026-05-19T23:10:03+00:00
3af17eaeb54eabcf5e32848015691e3777d5aa8af1cae41fe42ad543,pool18tchat44f64u7h3jsjqp26g7xamat252789wg8ly9t25xfnnw07,302,https://koios.tosidrop.me/api/v1/pool_updates,2026-05-19T23:10:03+00:00
3b066c31e418ae43a63b621c148ffc076ad6c0715c1079790a0209f0,pool18vrxcv0yrzhy8f3mvgwpfrluqa4ddsr3tsg8j7g2qgylqw3jqkx,213,https://koios.tosidrop.me/api/v1/pool_updates,2026-05-19T23:10:03+00:00
3b3110ff3c00b32b33f6fc3c003a218150422079980240efb5205e89,pool18vc3pleuqzejkvlkls7qqw3ps9gyygrenqpypma4yp0gjjrm3uf,220,https://koios.tosidrop.me/api/v1/pool_updates,2026-05-19T23:10:03+00:00
3b3cb5614fc76ce5e8a59e92bc4724b6697bc9b213b299330f4b818f,pool18v7t2c20cakwt699n6ftc3eyke5hhjdjzwefjvc0fwqc704an8t,277,https://koios.tosidrop.me/api/v1/pool_updates,2026-05-19T23:10:03+00:00
3b44a4612cd285365101b4e9993beacf8ea6db2ff252924fcf1b1ffd,pool18dz2gcfv62znv5gpkn5ejwl2e782dke07fffyn70rv0l66gclrt,221,https://koios.tosidrop.me/api/v1/pool_updates,2026-05-19T23:10:03+00:00
3b5d8f95b87841d8a5f46d413cfb14fceee129ff0a5300943dbaa869,pool18dwcl9dc0pqa3f05d4qne7c5lnhwz20lpffsp9pah25xjz3cesm,274,https://koios.tosidrop.me/api/v1/pool_updates,2026-05-19T23:10:03+00:00
3b66e176b4cf46a34f9e51c06beb702a22dc2f8449eee28e34cdbccb,pool18dnwza45ear2xnu728qxh6ms9g3dctuyf8hw9r35ek7vkz8a3mq,257,https://koios.tosidrop.me/api/v1/pool_updates,2026-05-19T23:10:03+00:00
3b8638e978411d866ec0e95dc6e2271d708d635aa337f1b7335ddf6d,pool18wrr36tcgywcvmkqa9wudc38r4cg6c665vmlrdenth0k6ue8geh,216,https://koios.tosidrop.me/api/v1/pool_updates,2026-05-19T23:10:03+00:00
3b88a7f2e8a427d744a48965dcdf1981fb69338dbcf2105793b7e391,pool18wy20uhg5snaw39y39jaehces8akjvudhnepq4unkl3ezcjsgx8,327,https://koios.tosidrop.me/api/v1/pool_updates,2026-05-19T23:10:03+00:00
3b9830f055e256681e284c4a49dfd82466d81c0fbc3dcf1399ff2b9f,pool18wvrpuz4uftxs83gf39ynh7cy3nds8q0hs7u7yuelu4e78w237s,309,https://koios.tosidrop.me/api/v1/pool_updates,2026-05-19T23:10:03+00:00
3b9980e8b2e3c0b36a38501d2145b262553321c435335ed18b28cf54,pool18wvcp69ju0qtx63c2qwjz3djvf2nxgwyx5e4a5vt9r84gpnuhjt,285,https://koios.tosidrop.me/api/v1/pool_updates,2026-05-19T23:10:03+00:00
3b9980e8b2e3c0b36a38501d2145b262553321c435335ed18b28cf54,pool18wvcp69ju0qtx63c2qwjz3djvf2nxgwyx5e4a5vt9r84gpnuhjt,299,https://koios.tosidrop.me/api/v1/pool_updates,2026-05-19T23:10:03+00:00
3bc296e50585d6de57d7c49ae55b06b8bc3d04519705991f766c98b9,pool180pfdeg9shtdu47hcjdw2kcxhz7r6pz3juzej8mkdjvtjt7mkm0,304,https://koios.tosidrop.me/api/v1/pool_updates,2026-05-19T23:10:03+00:00
3bc7e7e807aa937117f7655a18afc3c71ab59415326d56cd64d4a9e4,pool180r706q842fhz9lhv4dp3t7rcudtt9q4xfk4dnty6j57gw62lx2,382,https://koios.tosidrop.me/api/v1/pool_updates,2026-05-19T23:10:03+00:00
3be1e0e83e8669fc8dae0d32d8c5a8cdf68303c050fc9f084d935e30,pool180s7p6p7se5lerdwp5ed33dgehmgxq7q2r7f7zzdjd0rq6cu4vn,455,https://koios.tosidrop.me/api/v1/pool_updates,2026-05-19T23:10:03+00:00
3bf2a21afde901deb19f35b3e9c28b0888aaf7e23124f8463ca3cbf6,pool180e2yxhaayqaavvlxke7ns5tpzy24alzxyj0s33u509lvne6qhk,307,https://koios.tosidrop.me/api/v1/pool_updates,2026-05-19T23:10:03+00:00
3bf2a21afde901deb19f35b3e9c28b0888aaf7e23124f8463ca3cbf6,pool180e2yxhaayqaavvlxke7ns5tpzy24alzxyj0s33u509lvne6qhk,308,https://koios.tosidrop.me/api/v1/pool_updates,2026-05-19T23:10:03+00:00
3c28d08beab81c1852ef4787495f5c14cd31880cf0cf108cb6185bd2,pool18s5dpzl2hqwps5h0g7r5jh6uznxnrzqv7r83pr9krpdayu2vq9v,383,https://koios.tosidrop.me/api/v1/pool_updates,2026-05-19T23:10:03+00:00
3c3784c2477fbb805d60661cbf4fa472fdd6d3cface961cb26e31733,pool18smcfsj807acqhtqvcwt7naywt7ad5704n5krjexuvtnxlvfxur,321,https://koios.tosidrop.me/api/v1/pool_updates,2026-05-19T23:10:03+00:00
3c4151d55c0ac9ed51bdb274a9f69f06ebc535e89c94dde418a12808,pool183q4r42upty765dakf62na5lqm4u2d0gnj2dmeqc5y5qsz39s4p,531,https://koios.tosidrop.me/api/v1/pool_updates,2026-05-19T23:10:03+00:00
3c57cc6b808280758b369d694285db1a0fcb420a4b5cc5f363c3657d,pool183tuc6uqs2q8tzekn4559pwmrg8ukss2fdwvtumrcdjh6j8qsu0,253,https://koios.tosidrop.me/api/v1/pool_updates,2026-05-19T23:10:03+00:00
3c647453fb1929284f9dd6dd495dcdee1d7b0e604851da958f0234e9,pool183j8g5lmry5jsnua6mw5jhwdacwhkrnqfpga49v0qg6wjmwndfv,239,https://koios.tosidrop.me/api/v1/pool_updates,2026-05-19T23:10:03+00:00
3c68076a8b81226f6d7da352dda415db00299701624b6cf71d7cc086,pool1835qw65tsy3x7mta5dfdmfq4mvqzn9cpvf9keaca0nqgvguk7j5,526,https://koios.tosidrop.me/api/v1/pool_updates,2026-05-19T23:10:03+00:00
3c7301b939b6ff6d55b23607bffeee76e1ceaacd8d97445d38945211,pool183esrwfekmlk64djxcrmllhwwmsua2kd3kt5ghfcj3fpzymne0s,245,https://koios.tosidrop.me/api/v1/pool_updates,2026-05-19T23:10:03+00:00
3caaa49b3f45a914736c393c97c4bb8611ab7d5f66ecb4e214e93606,pool18j42fxelgk53gumv8y7f039mscg6kl2lvmktfcs5aymqvx728d8,580,https://koios.tosidrop.me/api/v1/pool_updates,2026-05-19T23:10:03+00:00
3ce97744ba787d0e15ac73cee8cd3e822c4a28027583d5b2228268a0,pool18n5hw3960p7su9dvw08w3nf7sgky52qzwkpatv3zsf52qy0vnk6,317,https://koios.tosidrop.me/api/v1/pool_updates,2026-05-19T23:10:03+00:00
3ce97744ba787d0e15ac73cee8cd3e822c4a28027583d5b2228268a0,pool18n5hw3960p7su9dvw08w3nf7sgky52qzwkpatv3zsf52qy0vnk6,323,https://koios.tosidrop.me/api/v1/pool_updates,2026-05-19T23:10:03+00:00
3cfc8eb472b1f9f3c09782d01cf64da1535df8f93d96335cbb7a7b49,pool18n7gadrjk8ul8syhstgpeajd59f4m78e8ktrxh9m0fa5j6x8lty,244,https://koios.tosidrop.me/api/v1/pool_updates,2026-05-19T23:10:03+00:00
3d07c882f25994e564b1f467b33726f0b53483e96b11703258691281,pool185ru3qhjtx2w2e9373nmxdex7z6nfqlfdvghqvjcdyfgzpal4y8,531,https://koios.tosidrop.me/api/v1/pool_updates,2026-05-19T23:10:03+00:00
3d1b7897bb89f2384022f61687719a9023fce898a97ca0f39ddfe15e,pool185dh39am38ersspz7ctgwuv6jq3le6yc4972puuamls4uucpqrk,296,https://koios.tosidrop.me/api/v1/pool_updates,2026-05-19T23:10:03+00:00
3d1b93d63c433ba1492d2b84539cc83bd2eb67589759677034cd6899,pool185de843ugva6zjfd9wz988xg80fwke6cjavkwup5e45fjrw6uha,286,https://koios.tosidrop.me/api/v1/pool_updates,2026-05-19T23:10:03+00:00
3d54d6ec9e30421330d6e3f825097090d05c4978014c57db9f1bad60,pool1842ddmy7xpppxvxku0uz2ztsjrg9cjtcq9x90kulrwkkqte03ef,251,https://koios.tosidrop.me/api/v1/pool_updates,2026-05-19T23:10:03+00:00
3d5f6d2a147cf3c97aed0d7ea973e6a95abdf94255025bdf470c9809,pool1840k62s50neuj7hdp4l2julx49dtm72z25p9hh68pjvqjhhw602,466,https://koios.tosidrop.me/api/v1/pool_updates,2026-05-19T23:10:03+00:00
3d6c43ce268e05c0bf038dd3364ae0eba2e97d6e9e1b2801f2c51864,pool184ky8n3x3czup0cr3hfnvjhqaw3wjltwncdjsq0jc5vxgthu90t,256,https://koios.tosidrop.me/api/v1/pool_updates,2026-05-19T23:10:03+00:00
3d8103dd2ad0838d985a3fc00277c55da15279088f3b1dc11dd814ce,pool18kqs8hf26zpcmxz68lqqya79tks4y7gg3ua3msgamq2vuphfc2z,565,https://koios.tosidrop.me/api/v1/pool_updates,2026-05-19T23:10:03+00:00
3d81f6a805117b2ecd758589d2091fff769c28088be4387a99c0345e,pool18kqld2q9z9ajant4skyayzgllamfc2qg30jrs75ecq69unjwh9p,319,https://koios.tosidrop.me/api/v1/pool_updates,2026-05-19T23:10:03+00:00
3d82913d4c8da690aab6af622651f7a659da40af87dcb4b3b98ce830,pool18kpfz02v3knfp24k4a3zv50h5eva5s90slwtfvae3n5rq4zfget,580,https://koios.tosidrop.me/api/v1/pool_updates,2026-05-19T23:10:03+00:00
3d9acdf1c60be1eb069e3abe2235e0cbaf302463183eb0f6a986e302,pool18kdvmuwxp0s7kp5782lzyd0qewhnqfrrrqltpa4fsm3syxn7jtj,317,https://koios.tosidrop.me/api/v1/pool_updates,2026-05-19T23:10:03+00:00
3da6b08e874c428851db118f590cc08ad8b51fbcdc0b28256410849e,pool18kntpr58f3pgs5wmzx84jrxq3tvt28aums9jsftyzzzfu579m2s,416,https://koios.tosidrop.me/api/v1/pool_updates,2026-05-19T23:10:03+00:00
3db67f65e86b0426a58ab605840c99dc9737f2fbb735a0727de605cf,pool18km87e0gdvzzdfv2kczcgryemjtn0uhmku66qunauczu7uq0h89,230,https://koios.tosidrop.me/api/v1/pool_updates,2026-05-19T23:10:03+00:00
3dc5218de6bf5a29ad6203d9da31b7128c414872e53b8f09767764d4,pool18hzjrr0xhadznttzq0va5vdhz2xyzjrju5ac7ztkwajdg80uvw4,435,https://koios.tosidrop.me/api/v1/pool_updates,2026-05-19T23:10:03+00:00
3dec052cf085697aa6c32a934527f7c5761165a6a6f02a9af30c9ed1,pool18hkq2t8ss45h4fkr92f52flhc4mpzedx5mcz4xhnpj0dzp76028,597,https://koios.tosidrop.me/api/v1/pool_updates,2026-05-19T23:10:03+00:00
3dff374462d503dde653d50c6e52f222023f5972c1bfe6b1490fad85,pool18hlnw3rz65pamejn65xxu5hjygpr7ktjcxl7dv2fp7kc274zaz3,326,https://koios.tosidrop.me/api/v1/pool_updates,2026-05-19T23:10:03+00:00
3e364ca066a77d753b14c169f3ac2b5c7c649174e075882f0a0271f7,pool18cmyegrx5a7h2wc5c95l8tptt37xfyt5up6cstc2qfclwel8lyw,531,https://koios.tosidrop.me/api/v1/pool_updates,2026-05-19T23:10:03+00:00
3e373d93d3bc0bf02f85bebd981f68b36dd3e2132ef593998308a968,pool18cmnmy7nhs9lqtu9h67es8mgkdka8csn9m6e8xvrpz5ksh004jt,304,https://koios.tosidrop.me/api/v1/pool_updates,2026-05-19T23:10:03+00:00
3e51a258fba4b64a3c7723ad270e1ceb86216067384b75079463c725,pool18eg6yk8m5jmy50rhywkjwrsuawrzzcr88p9h2pu5v0rj2mxsv5y,220,https://koios.tosidrop.me/api/v1/pool_updates,2026-05-19T23:10:03+00:00
3e5ae2ec8480ad2e036ae459eece026e98b98e4ebdc11b50719df75c,pool18edw9myyszkjuqm2u3v7anszd6vtnrjwhhq3k5r3nhm4crzwp5q,276,https://koios.tosidrop.me/api/v1/pool_updates,2026-05-19T23:10:03+00:00
3e6479d9f28b967a8628c7e6fbebfb50f19096f31ecdcbab251f340e,pool18ej8nk0j3wt84p3gcln0h6lm2rcep9hnrmxuh2e9ru6qu8ced2r,464,https://koios.tosidrop.me/api/v1/pool_updates,2026-05-19T23:10:03+00:00
3e6745549d2e14d5fd01a95ebae974b69e25a046a3192946b87eaade,pool18en524ya9c2dtlgp490t46t5k60ztgzx5vvjj34c064duzhmgrr,455,https://koios.tosidrop.me/api/v1/pool_updates,2026-05-19T23:10:03+00:00
3e7510d94ad31d6f4a36be66a9c1105397106b1ee4473e7a42d976b3,pool18e63pk226vwk7j3khen2nsgs2wt3q6c7u3rnu7jzm9mtxrj54hu,523,https://koios.tosidrop.me/api/v1/pool_updates,2026-05-19T23:10:03+00:00
3e7e8f72f63a32a231d8239802592e9a9c9652cb731e45d25bbbdc3a,pool18elg7uhk8ge2yvwcywvqykfwn2wfv5ktwv0yt5jmh0wr5vl0hzm,461,https://koios.tosidrop.me/api/v1/pool_updates,2026-05-19T23:10:03+00:00
3e83527db3abcd7c819899523e60d74bc7f6981c9c06fe09a46e23a3,pool186p4yldn40xheqvcn9frucxhf0rldxqunsr0uzdydc36xj6p9lq,418,https://koios.tosidrop.me/api/v1/pool_updates,2026-05-19T23:10:03+00:00
3e8f9989fa313b83e1b9673b599dca2bb1a0d25abe611a021fda6265,pool1868enz06xyac8cdevua4n8w29wc6p5j6hes35qslmf3x234hwjy,242,https://koios.tosidrop.me/api/v1/pool_updates,2026-05-19T23:10:03+00:00
3eb8ea21cdcb7ad87b761bf55b3e80903e61a9d7010326886813d4c8,pool186uw5gwdedads7mkr064k05qjqlxr2whqypjdzrgz02vscmz3yy,442,https://koios.tosidrop.me/api/v1/pool_updates,2026-05-19T23:10:03+00:00
3ec2dce63d9da25c3fa2cb1baef01a08e0f6bc465602856e263d6ce3,pool18mpdee3ank39c0azevd6auq6prs0d0zx2cpg2m3x84kwxuuulp7,216,https://koios.tosidrop.me/api/v1/pool_updates,2026-05-19T23:10:03+00:00
3ed568a452924612e052939f7500bd7ff7ae67f2dc4adcb92d664f9d,pool18m2k3fzjjfrp9czjjw0h2q9a0lm6ueljm39dewfdve8e6f6wzsk,249,https://koios.tosidrop.me/api/v1/pool_updates,2026-05-19T23:10:03+00:00
3ed5ef82d20c3bdd72a292a316285c1d07a372463e089c317318e71a,pool18m27lqkjpsaa6u4zj233v2zur5r6xujx8cyfcvtnrrn35r04dte,461,https://koios.tosidrop.me/api/v1/pool_updates,2026-05-19T23:10:03+00:00
3ed722ce90419da902008c85ff4557d13bf4d8c7c95552894da0e078,pool18mtj9n5sgxw6jqsq3jzl732h6yalfkx8e9249z2d5rs8smduvcv,612,https://koios.tosidrop.me/api/v1/pool_updates,2026-05-19T23:10:03+00:00
3ef2fd2433dd22627c88a1667232e48996c96563ec57d9d1631b07a2,pool18me06fpnm53xylyg59n8yvhy3xtvjetra3tan5trrvr6yuvm8pd,562,https://koios.tosidrop.me/api/v1/pool_updates,2026-05-19T23:10:03+00:00
3ef4d626c6064d57a3209b164eb2fd689d2e97789dddc23e34e68ab2,pool18m6dvfkxqex40geqnvtyavhadzwja9mcnhwuy035u69tydec784,384,https://koios.tosidrop.me/api/v1/pool_updates,2026-05-19T23:10:03+00:00
3f410945cd86c4352dd8ba3adb5422fef965487886af3450ee49c39e,pool18aqsj3wdsmzr2twchgadk4pzlmuk2jrcs6hng58wf8peuswt0kx,249,https://koios.tosidrop.me/api/v1/pool_updates,2026-05-19T23:10:03+00:00
3f4cb28fc23e50fe35a531858a8d5c29a2a539235822551e42266b92,pool18axt9r7z8eg0udd9xxzc4r2u9x322wfrtq3928jzye4ey3jytgq,277,https://koios.tosidrop.me/api/v1/pool_updates,2026-05-19T23:10:03+00:00
3fa23ca8cd6f59060969d30d40fd8f8041036fae56e66e5e93d8db45,pool1873re2xddavsvztf6vx5plv0spqsxmaw2mnxuh5nmrd520saphz,269,https://koios.tosidrop.me/api/v1/pool_updates,2026-05-19T23:10:03+00:00
3fabae270fa58b139011fbda499e1a73372b627f16b7f4a9e6f39548,pool18746ufc05k938yq3l0dyn8s6wvmjkcnlz6mlf20x7w25s6363fe,235,https://koios.tosidrop.me/api/v1/pool_updates,2026-05-19T23:10:03+00:00
4019bb17a56cb1eb076ca6cdc644e5a62217ce8aca6fe286c8c3692e,pool1gqvmk9a9djc7kpmv5mxuv3895c3p0n52efh79pkgcd5junvfqmr,269,https://koios.tosidrop.me/api/v1/pool_updates,2026-05-19T23:10:03+00:00
402347bf8fba7c29392680eb4100cf8ea0e7a7a1be64cd7fb01a9d97,pool1gq3500u0hf7zjwfxsr45zqx036sw0faphejv6lasr2wewck7k04,418,https://koios.tosidrop.me/api/v1/pool_updates,2026-05-19T23:10:03+00:00
403c276d619cbcee266c2f8d73563905ffd8ac7889df11c478704301,pool1gq7zwmtpnj7wufnv97xhx43eqhla3trc3803r3rcwppszc6vh9y,528,https://koios.tosidrop.me/api/v1/pool_updates,2026-05-19T23:10:03+00:00
4045672633587d62688c258870681cab49c0d09a6542614e9a271678,pool1gpzkwf3ntp7ky6yvyky8q6qu4dyup5y6v4pxzn56yut8sqp6k53,606,https://koios.tosidrop.me/api/v1/pool_updates,2026-05-19T23:10:03+00:00
404aaa9c117da737630cb2dd064c5215bfca63cfda0cd79c0fb31fca,pool1gp9248q30knnwccvktwsvnzjzklu5c70mgxd08q0kv0u502r6l5,311,https://koios.tosidrop.me/api/v1/pool_updates,2026-05-19T23:10:03+00:00
404bace510fc9c903659918268b36eb8caddac03941c0771515e3ff5,pool1gp96eegsljwfqdjejxpx3vmwhr9dmtqrjswqwu23tcll2sq2ga2,297,https://koios.tosidrop.me/api/v1/pool_updates,2026-05-19T23:10:03+00:00
4059bcee51333f1ce01970e91ef989453b7cefa3c97e1e3e5b7d1445,pool1gpvmemj3xvl3ecqewr53a7vfg5ahemare9lpu0jm052y2zpweyd,337,https://koios.tosidrop.me/api/v1/pool_updates,2026-05-19T23:10:03+00:00
406a08532d2ca8dd08ea39e082dc8acdc2a3b34d0c517bd0e40af5e1,pool1gp4qs5ed9j5d6z8288sg9hy2ehp28v6dp3ghh58ypt67zhn8r77,312,https://koios.tosidrop.me/api/v1/pool_updates,2026-05-19T23:10:03+00:00
40bf3b012663d15e5d6d8cf6dfe6fdbf13af053ba9d0ef25ea9caf04,pool1gzlnkqfxv0g4uhtd3nmdlehahuf67pfm48gw7f02njhsgnwdjum,224,https://koios.tosidrop.me/api/v1/pool_updates,2026-05-19T23:10:03+00:00
40d983e734ab357dbfa49a5a0ecf88c8950949bd2754936388f7efcf,pool1grvc8ee54v6hm0aynfdqanugez2sjjdaya2fxcug7lhu73dnrl7,266,https://koios.tosidrop.me/api/v1/pool_updates,2026-05-19T23:10:03+00:00
40e5daacb89e62565395417ae78392dee9b0ccc00c2e0253f3031f91,pool1grja4t9cne39v5u4g9aw0qujmm5mpnxqpshqy5lnqv0ezdkyglk,376,https://koios.tosidrop.me/api/v1/pool_updates,2026-05-19T23:10:03+00:00
40e81ed617140994bab5a00619d0269f0dd3af9963e40e09f5ee1a6d,pool1gr5pa4shzsyefw445qrpn5pxnuxa8tuev0jquz04acdx6efjpvg,513,https://koios.tosidrop.me/api/v1/pool_updates,2026-05-19T23:10:03+00:00
40fd2f82c5b6eeee096d761c9d4c8352f3901467bd49a5658f30c6c2,pool1gr7jlqk9kmhwuztdwcwf6nyr2teeq9r8h4y62ev0xrrvyvwly64,623,https://koios.tosidrop.me/api/v1/pool_updates,2026-05-19T23:10:03+00:00
40ff71258d2c73da9e2a5ee3abb9be256e745e7f74c31eb8d4be5299,pool1grlhzfvd93ea4832tm36hwd7y4h8ghnlwnp3awx5heffjttgf0u,580,https://koios.tosidrop.me/api/v1/pool_updates,2026-05-19T23:10:03+00:00
411349ed4daff31feb97ac8f1abcdc427141127ee4552adc36ab2fc8,pool1gyf5nm2d4le3l6uh4j8340xugfc5zyn7u32j4hpk4vhusvtqq2n,303,https://koios.tosidrop.me/api/v1/pool_updates,2026-05-19T23:10:03+00:00
411926ea7159cff212e269e5c021e99880ab3bfb98d086d5c8ba4e3f,pool1gyvjd6n3t88lyyhzd8juqg0fnzq2kwlmnrggd4wghf8r7wndz4v,235,https://koios.tosidrop.me/api/v1/pool_updates,2026-05-19T23:10:03+00:00
411b5ec759f36ebf143d99151909896671fbed8d3244dad1d496f6ed,pool1gyd4a36e7dht79pany23jzvfveclhmvdxfzd45w5jmmw6t0v2a7,258,https://koios.tosidrop.me/api/v1/pool_updates,2026-05-19T23:10:03+00:00
412ddc857057bfcd4e501f2e7f8656ff3f8136f1239a1b063d543f98,pool1gykaepts27lu6njsruh8lpjklulczdh3ywdpkp3a2sles6zg9e4,237,https://koios.tosidrop.me/api/v1/pool_updates,2026-05-19T23:10:03+00:00
412ddc857057bfcd4e501f2e7f8656ff3f8136f1239a1b063d543f98,pool1gykaepts27lu6njsruh8lpjklulczdh3ywdpkp3a2sles6zg9e4,242,https://koios.tosidrop.me/api/v1/pool_updates,2026-05-19T23:10:03+00:00
413b0496a93ff4ef5d7436828e9764d37778d74d60a62451cfbed057,pool1gyasf94f8l6w7ht5x6pga9my6dmh346dvznzg5w0hmg9w4nv8vp,402,https://koios.tosidrop.me/api/v1/pool_updates,2026-05-19T23:10:03+00:00
4159a9cc7339bd2c495ad83239c2f1b97c8d2097eed6b120e08948c9,pool1g9v6nnrn8x7jcj26mqernsh3h97g6gyhamttzg8q39yvjr60g7k,587,https://koios.tosidrop.me/api/v1/pool_updates,2026-05-19T23:10:03+00:00
415a0a81f48061d36dfc8e00624044c489cb098de271e565685e0fea,pool1g9dq4q05spsaxm0u3cqxyszycjyukzvdufc72etgtc875el0key,403,https://koios.tosidrop.me/api/v1/pool_updates,2026-05-19T23:10:03+00:00
415a0a81f48061d36dfc8e00624044c489cb098de271e565685e0fea,pool1g9dq4q05spsaxm0u3cqxyszycjyukzvdufc72etgtc875el0key,404,https://koios.tosidrop.me/api/v1/pool_updates,2026-05-19T23:10:03+00:00
41789345502062dd37bceaff65415b4fd54110386aa749c6a4c21ce2,pool1g9ufx32syp3d6dauatlk2s2mfl25zypcd2n5n34ycgwwyfvzkt9,531,https://koios.tosidrop.me/api/v1/pool_updates,2026-05-19T23:10:03+00:00
41808192b0f5206ad29dadeef49a20dd3163525fa2c649e85cf7888f,pool1gxqgry4s75sx455a4hh0fx3qm5ckx5jl5tryn6zu77yg7y5pgsj,273,https://koios.tosidrop.me/api/v1/pool_updates,2026-05-19T23:10:03+00:00
4189f7d4db7bf8639f67daad4311a6a46cf5f00c79a70e0eca0730be,pool1gxyl04xm00ux88m8m2k5xydx53k0tuqv0xnsurk2quctunga0gt,283,https://koios.tosidrop.me/api/v1/pool_updates,2026-05-19T23:10:03+00:00
4194112bdb4702d01263a5614f48790e23351c867bbe67ca840dbb4a,pool1gx2pz27mgupdqynr54s57jrepc3n28yx0wlx0j5ypka55aan9qx,520,https://koios.tosidrop.me/api/v1/pool_updates,2026-05-19T23:10:03+00:00
41996c3e9ed67d47ea81a59f8831dbc948a00f296d11dd6a6678b543,pool1gxvkc0576e75065p5k0csvwme9y2qrefd5ga66nx0z65xxjt8jk,610,https://koios.tosidrop.me/api/v1/pool_updates,2026-05-19T23:10:03+00:00
41996c3e9ed67d47ea81a59f8831dbc948a00f296d11dd6a6678b543,pool1gxvkc0576e75065p5k0csvwme9y2qrefd5ga66nx0z65xxjt8jk,617,https://koios.tosidrop.me/api/v1/pool_updates,2026-05-19T23:10:03+00:00
41996c3e9ed67d47ea81a59f8831dbc948a00f296d11dd6a6678b543,pool1gxvkc0576e75065p5k0csvwme9y2qrefd5ga66nx0z65xxjt8jk,635,https://koios.tosidrop.me/api/v1/pool_updates,2026-05-19T23:10:03+00:00
419e157df4f4bc1b0f095fa18c301d4531824ae396f1565e7e429d1d,pool1gx0p2l057j7pkrcft7sccvqag5ccyjhrjmc4vhn7g2w366u8ye0,278,https://koios.tosidrop.me/api/v1/pool_updates,2026-05-19T23:10:03+00:00
41b8741536cd484687a4c3adcdc07211cfce03ca58727212336acc5e,pool1gxu8g9fke4yydpaycwkumsrjz88uuq72tpe8yy3ndtx9uy9fv3j,434,https://koios.tosidrop.me/api/v1/pool_updates,2026-05-19T23:10:03+00:00
41b9165ae775d044362adc8d0fd1776f8275018531109b3210e95fb2,pool1gxu3vkh8whgygd32mjxsl5thd7p82qv9xygfkvssa90myrmytus,514,https://koios.tosidrop.me/api/v1/pool_updates,2026-05-19T23:10:03+00:00
41f3b15c7c181a004e178446c33a379c686d404aa99ad680199d8b83,pool1g8emzhrurqdqqnshs3rvxw3hn35x6sz24xdddqqenk9cxtemfd4,330,https://koios.tosidrop.me/api/v1/pool_updates,2026-05-19T23:10:03+00:00
41fbd00a65b1f9d2b31ad13bb1b0430afee3abc32e19d7219b29105d,pool1g8aaqzn9k8ua9vc66yamrvzrptlw827r9cvawgvm9yg96433d7d,254,https://koios.tosidrop.me/api/v1/pool_updates,2026-05-19T23:10:03+00:00
420d1ed89bb8bf46f867936b8c2a7b9b3e759d161e46d561cc6bd985,pool1ggx3akymhzl5d7r8jd4cc2nmnvl8t8gkrerd2cwvd0vc29lwje9,288,https://koios.tosidrop.me/api/v1/pool_updates,2026-05-19T23:10:03+00:00
422acce2a2fb6a9310c6122a258a34770689b92b20077440e287f77f,pool1gg4vec4zld4fxyxxzg4ztz35wurgnwftyqrhgs8zslmh7e09laf,499,https://koios.tosidrop.me/api/v1/pool_updates,2026-05-19T23:10:03+00:00
427b1d869cf8d5645da0ad1b198711b4eb14ed0c3dfe6005c350eb9c,pool1gfa3mp5ulr2kghdq45d3npc3kn43fmgv8hlxqpwr2r4ecpzungy,341,https://koios.tosidrop.me/api/v1/pool_updates,2026-05-19T23:10:03+00:00
429fa9846d5ec9d697c71ae725c98e328feda3d0878bc3c5890fede5,pool1g206nprdtmyad978rtnjtjvwx287mg7ss79u83vfplk72k3elsa,304,https://koios.tosidrop.me/api/v1/pool_updates,2026-05-19T23:10:03+00:00
42aa6008150498c81b2b82ccd76a4d4d9e2caa687f4e52f81f6738af,pool1g24xqzq4qjvvsxetstxdw6jdfk0ze2ng0a8997qlvuu275rc2zg,272,https://koios.tosidrop.me/api/v1/pool_updates,2026-05-19T23:10:03+00:00
42b1001e5ddae03f96bf018273cadda680262fb70d8e18b7182d307c,pool1g2csq8jamtsrl94lqxp88jka56qzvtahpk8p3dcc95c8cfxc2a9,256,https://koios.tosidrop.me/api/v1/pool_updates,2026-05-19T23:10:03+00:00
42b1001e5ddae03f96bf018273cadda680262fb70d8e18b7182d307c,pool1g2csq8jamtsrl94lqxp88jka56qzvtahpk8p3dcc95c8cfxc2a9,273,https://koios.tosidrop.me/api/v1/pool_updates,2026-05-19T23:10:03+00:00
42bdc5d70a927cd01fd7e5279f0fa509f782b9cc287154f0a1ca192e,pool1g27ut4c2jf7dq87hu5ne7ra9p8mc9wwv9pc4fu9pegvju62lvgc,250,https://koios.tosidrop.me/api/v1/pool_updates,2026-05-19T23:10:03+00:00
42cf6f455e5abd7904c57a39aa43dd400e634029057516295568b03e,pool1gt8k7327t27hjpx90gu65s7agq8xxspfq463v224dzcrujhuy5h,441,https://koios.tosidrop.me/api/v1/pool_updates,2026-05-19T23:10:03+00:00
43074c6b0bb32de0591003753e69a5caf6bf3e6fb06f5fed8fb01f78,pool1gvr5c6ctkvk7qkgsqd6nu6d9etmt70n0kph4lmv0kq0hsmhqcd4,285,https://koios.tosidrop.me/api/v1/pool_updates,2026-05-19T23:10:03+00:00
435f7f1af165a0696f8142f8f2863f2e2e71c5cab269d264ad5b6367,pool1gd0h7xh3vksxjmupgtu09p3l9ch8r3w2kf5aye9dtd3kw0cksml,344,https://koios.tosidrop.me/api/v1/pool_updates,2026-05-19T23:10:03+00:00
4366857b44e3464c961500ffa27dce993144f50bc06b50bb00da09a5,pool1gdng276yudrye9s4qrl6ylwwnyc5fagtcp44pwcqmgy62zng607,389,https://koios.tosidrop.me/api/v1/pool_updates,2026-05-19T23:10:03+00:00
436f170421ea00dcc71c8a11225ccbf341e9a470788bacdb10da720a,pool1gdh3wpppagqde3cu3ggjyhxt7dq7nfrs0z96ekcsmfeq5k7zzxv,347,https://koios.tosidrop.me/api/v1/pool_updates,2026-05-19T23:10:03+00:00
43a92030961c6d68bcde62be938a53abd9d97e90101ee2bb7b5a60ab,pool1gw5jqvykr3kk30x7v2lf8zjn40vajl5szq0w9wmmtfs2k5ujytj,391,https://koios.tosidrop.me/api/v1/pool_updates,2026-05-19T23:10:03+00:00
43ec2aad1996672f2a47de9a162db0afeaea927650c26a7c62502396,pool1g0kz4tgejenj72j8m6dpvtds4l4w4ynk2rpx5lrz2q3ev835kru,297,https://koios.tosidrop.me/api/v1/pool_updates,2026-05-19T23:10:03+00:00
4434c562239be0be7d38c97657dc8abb7a8495ef69603c1e3f9fd4ee,pool1gs6v2c3rn0stulfce9m90hy2hdagf900d9src83lnl2wuksc63d,291,https://koios.tosidrop.me/api/v1/pool_updates,2026-05-19T23:10:03+00:00
4456f43e77f883d34d957d1dabc0e09328bea8d219ddd027a702ae5a,pool1g3t0g0nhlzpaxnv405w6hs8qjv5ta2xjr8waqfa8q2h95vddz8j,270,https://koios.tosidrop.me/api/v1/pool_updates,2026-05-19T23:10:03+00:00
44580017128bf1b0d734f12320805c92afff296e0d00dfdd4c39732b,pool1g3vqq9cj30cmp4e57y3jpqzuj2hl72twp5qdlh2v89ejk4vnazs,304,https://koios.tosidrop.me/api/v1/pool_updates,2026-05-19T23:10:03+00:00
445d20288447ae65e6c42e49b3a6f8299abe2f51842bae974834db70,pool1g3wjq2yyg7hxteky9eym8fhc9xdtut63ss46a96gxndhqjgerqv,451,https://koios.tosidrop.me/api/v1/pool_updates,2026-05-19T23:10:03+00:00
4462056395d1ec2cdb1cd5177a0d8559d2b8123cab9249c46268218a,pool1g33q2cu468kzekcu65th5rv9t8ftsy3u4wfyn3rzdqsc5g7002p,255,https://koios.tosidrop.me/api/v1/pool_updates,2026-05-19T23:10:03+00:00
446f60e9628689e2b6ad148e7e8862594cb4824798e26d8cb51abe65,pool1g3hkp6tzs6y79d4dzj88azrzt9xtfqj8nr3xmr94r2lx2ehl02k,403,https://koios.tosidrop.me/api/v1/pool_updates,2026-05-19T23:10:03+00:00
4475941f3a58f50e0f448e12169fe8fcc91e9afa0a2dd8f7019a4975,pool1g36eg8e6tr6sur6y3cfpd8lglny3axh6pgka3acpnfyh22svdth,236,https://koios.tosidrop.me/api/v1/pool_updates,2026-05-19T23:10:03+00:00
448956c289caefd1cffa23ca634ec536d86eeae65035845a41d3cb57,pool1gjy4ds5fetharnl6y09xxnk9xmvxa6hx2q6cgkjp6094w7ee55z,325,https://koios.tosidrop.me/api/v1/pool_updates,2026-05-19T23:10:03+00:00
4491d2771964b45ed9a8e15417e723b73bb1b9d2a61d3955d9178849,pool1gjgayacevj69akdgu92p0eerkuamrwwj5cwnj4wez7yyj4g2jcl,216,https://koios.tosidrop.me/api/v1/pool_updates,2026-05-19T23:10:03+00:00
44e8b30cdee91e1343d8979f97182036ab004c2b9db15e4448b99872,pool1gn5txrx7ay0pxs7cj70ewxpqx64sqnptnkc4u3zghxv8y2y9sxr,469,https://koios.tosidrop.me/api/v1/pool_updates,2026-05-19T23:10:03+00:00
450e3fa88c42639766d50c012fdfde01c4ad95311c855d852f1677b6,pool1g58rl2yvgf3ewek4psqjlh77q8z2m9f3rjz4mpf0zemmvrmn0et,290,https://koios.tosidrop.me/api/v1/pool_updates,2026-05-19T23:10:03+00:00
4523431595deae13cb59db46a3f8c34c88cc89756c57310ea96d8df0,pool1g535x9v4m6hp8j6emdr287xrfjyvezt4d3tnzr4fdkxlq429pqm,233,https://koios.tosidrop.me/api/v1/pool_updates,2026-05-19T23:10:03+00:00
452ae2d628042dae88b72f14cde84bc5053a03e3cea238870738b6b8,pool1g54w943gqsk6az9h9u2vm6ztc5zn5qlre63r3pc88zmtsvdrn9v,329,https://koios.tosidrop.me/api/v1/pool_updates,2026-05-19T23:10:03+00:00
452e275ff02762101856b24be8bce2a882fb7e97937a40f40d8a5d24,pool1g5hzwhlsya3pqxzkkf97308z4zp0kl5hjdaypaqd3fwjgkaq4hk,317,https://koios.tosidrop.me/api/v1/pool_updates,2026-05-19T23:10:03+00:00
4536338415cb826f9cd44859b95e70c3574ddbccf8e6d80ec1ccf33c,pool1g5mr8pq4ewpxl8x5fpvmjhnscdt5mk7vlrndsrkpenencrl6jy9,313,https://koios.tosidrop.me/api/v1/pool_updates,2026-05-19T23:10:03+00:00
453c4d9eb4820322c995e6422b6f19ce8b3afbc733e89e968da1ea35,pool1g57ym845sgpj9jv4uepzkmcee69n4778x05fa95d584r2ew9k04,217,https://koios.tosidrop.me/api/v1/pool_updates,2026-05-19T23:10:03+00:00
4558d3ec5a02ef5e8900acea098ec7950f4e74f9064dabdbdd0260da,pool1g4vd8mz6qth4azgq4n4qnrk8j585ua8eqex6hk7aqfsd53cvx6u,272,https://koios.tosidrop.me/api/v1/pool_updates,2026-05-19T23:10:03+00:00
455be4b1f2d7c6186eca6320c0c8065ddc70e33432ddac7845cbb2de,pool1g4d7fv0j6lrpsmk2vvsvpjqxthw8pce5xtw6c7z9ewedugqfqle,348,https://koios.tosidrop.me/api/v1/pool_updates,2026-05-19T23:10:03+00:00
456dc45e2ed94d02655f6faf315c388230d6142fcdb230855f6dd156,pool1g4kugh3wm9xsye2ld7hnzhpcsgcdv9p0ekerpp2ldhg4v0xzxjq,231,https://koios.tosidrop.me/api/v1/pool_updates,2026-05-19T23:10:03+00:00
456e4209bb0c8b4b34c481312fcb138cc29a75a195d2b7762f5949ca,pool1g4hyyzdmpj95kdxysycjljcn3npf5adpjhftwa30t9yu5yh0qgs,275,https://koios.tosidrop.me/api/v1/pool_updates,2026-05-19T23:10:03+00:00
45822f964089d86a48f9630e0187f26b4dbba9013ac7b1e04c443c82,pool1gkpzl9jq38vx5j8evv8qrpljddxmh2gp8trmrczvgs7gyzmugtu,416,https://koios.tosidrop.me/api/v1/pool_updates,2026-05-19T23:10:03+00:00
45956dccec3785e88f7b4a2be09b6f8e25add18fd00125a33cd96931,pool1gk2kmn8vx7z73rmmfg47pxm03cj6m5v06qqjtgeum95nz5hn8tl,453,https://koios.tosidrop.me/api/v1/pool_updates,2026-05-19T23:10:03+00:00
4599ae4c0a39e3a3d4b601185021527956f019f1be59c872f57cc4ed,pool1gkv6unq28836849kqyv9qg2j09t0qx03hevusuh40nzw6wumhxj,229,https://koios.tosidrop.me/api/v1/pool_updates,2026-05-19T23:10:03+00:00
459d61d30db927b1d236497d6dd144b01384ccb7024f5f27815fa49c,pool1gkwkr5cdhynmr53kf97km52ykqfcfn9hqf847fupt7jfcf97ewg,282,https://koios.tosidrop.me/api/v1/pool_updates,2026-05-19T23:10:03+00:00
45ca9722b8e0bcebf177ce24a12e5e6e4175a2d3f7592465b33cbb27,pool1gh9fwg4cuz7whuthecj2ztj7deqhtgkn7avjgedn8jajw073vpj,275,https://koios.tosidrop.me/api/v1/pool_updates,2026-05-19T23:10:03+00:00
45db53a3789c6d03a447741cd526fbed788380077efc880521ba9dd9,pool1ghd48gmcn3ks8fz8wswd2fhma4ug8qq80m7gspfph2wajuvcsk2,355,https://koios.tosidrop.me/api/v1/pool_updates,2026-05-19T23:10:03+00:00
45dfa4d34b9da5ae5fe91fe6b74f02fa77a5c05bdeb9b4763d9e5935,pool1gh06f56tnkj6uhlfrlntwnczlfm6tszmm6umga3anevn2tvcds4,392,https://koios.tosidrop.me/api/v1/pool_updates,2026-05-19T23:10:03+00:00
45e0ce168917ce9a23fe6e3cc819cd1893d8c0aefe52095e954c5ba1,pool1ghsvu95fzl8f5gl7dc7vsxwdrzfa3s9wlefqjh54f3d6zcrc0nf,449,https://koios.tosidrop.me/api/v1/pool_updates,2026-05-19T23:10:03+00:00
45eb8952f447ed42954d7b979ff62aadd637e267e4988a443be36054,pool1gh4cj5h5glk5992d0wtela324htr0cn8ujvg53pmuds9guxgz2u,266,https://koios.tosidrop.me/api/v1/pool_updates,2026-05-19T23:10:03+00:00
45ecc632956d2ba89378ad4aa57da5579cbc74db7e4b996bd0b9521d,pool1ghkvvv54d5463ymc44922ld927wtcaxm0e9ej67sh9fp62q6s9e,277,https://koios.tosidrop.me/api/v1/pool_updates,2026-05-19T23:10:03+00:00
462c87ae435aa565744e69efbf929b1f7117da18558e23a127ce083e,pool1gckg0tjrt2jk2azwd8hmly5mrac30ksc2k8z8gf8ecyru7qpcdg,488,https://koios.tosidrop.me/api/v1/pool_updates,2026-05-19T23:10:03+00:00
462c87ae435aa565744e69efbf929b1f7117da18558e23a127ce083e,pool1gckg0tjrt2jk2azwd8hmly5mrac30ksc2k8z8gf8ecyru7qpcdg,489,https://koios.tosidrop.me/api/v1/pool_updates,2026-05-19T23:10:03+00:00
4630cc9a12c0742d779dafb0d0b92fa485481d92a1fbb27fd6f66bf2,pool1gccvexsjcp6z6aua47cdpwf05jz5s8vj58amyl7k7e4lyzy67e9,290,https://koios.tosidrop.me/api/v1/pool_updates,2026-05-19T23:10:03+00:00
4647f86d5a076723b985362a71ef667e7c867236a40255b087febdf7,pool1gerlsm26qanj8wv9xc48rmmx0e7gvu3k5sp9tvy8l67lw3l3w3p,568,https://koios.tosidrop.me/api/v1/pool_updates,2026-05-19T23:10:03+00:00
46772701ede42bf7edfcfb01bbcb73e14a4a5337e39b12f153c8bac5,pool1gemjwq0dus4l0m0ulvqmhjmnu99y55ehuwd39u2nezav286y8d4,313,https://koios.tosidrop.me/api/v1/pool_updates,2026-05-19T23:10:03+00:00
467a4884c70898ff5577b20e12ad546beb3d99211c560dfe51bb0c01,pool1geay3px8pzv074thkg8p9t25d04nmxfpr3tqmlj3hvxqzsjygp3,279,https://koios.tosidrop.me/api/v1/pool_updates,2026-05-19T23:10:03+00:00
469fbad36a8a68c5f62f3505ecbe6a461ea262ae20b4de8d39ff08ab,pool1g60m45m23f5vta30x5z7e0n2gc02yc4wyz6darfeluy2kgu65fa,209,https://koios.tosidrop.me/api/v1/pool_updates,2026-05-19T23:10:03+00:00
46a1e410fab850127d532108d8c00c81c407b25cc5608baaa541c62f,pool1g6s7gy86hpgpyl2nyyyd3sqvs8zq0vjuc4sgh249g8rz7fycumq,361,https://koios.tosidrop.me/api/v1/pool_updates,2026-05-19T23:10:03+00:00
46abff66e47e10cccdb0cdb9cf709485458fd0890597e973eb744953,pool1g64l7ehy0cgvendsekuu7uy5s4zcl5yfqkt7jultw3y4x8qnlw8,255,https://koios.tosidrop.me/api/v1/pool_updates,2026-05-19T23:10:03+00:00
46b81236bd193afa31ebb94477ee05b7becdee914c673f02c80dfc97,pool1g6upyd4arya05v0th9z80ms9k7lvmm53f3nn7qkgph7fwzat896,252,https://koios.tosidrop.me/api/v1/pool_updates,2026-05-19T23:10:03+00:00
471f28088341d5dbd417e40defecaf440d499702876a7ec1675a7284,pool1gu0jszyrg82ah4qhusx7lm90gsx5n9czsa48ast8tfegg5ztzuc,296,https://koios.tosidrop.me/api/v1/pool_updates,2026-05-19T23:10:03+00:00
47394f7c6e2dd3136e8cdd7256647352530b2170dca3cb7cd0d2a67d,pool1guu57lrw9hf3xm5vm4e9vern2ffskgtsmj3uklxs62n86ggq45l,302,https://koios.tosidrop.me/api/v1/pool_updates,2026-05-19T23:10:03+00:00
473bceb015204a51f7168f6b490cb4525e6679ab83a2c61bc2cb324a,pool1guauavq4yp99rack3a45jr952f0xv7dtsw3vvx7zevey59k5lfd,305,https://koios.tosidrop.me/api/v1/pool_updates,2026-05-19T23:10:03+00:00
47bddc51beca48b96143c4707fcddf2c27bf84e1f1e87485fa5e40cd,pool1g77ac5d7efytjc2rc3c8lnwl9snmlp8p7858fp06teqv6pcf694,369,https://koios.tosidrop.me/api/v1/pool_updates,2026-05-19T23:10:03+00:00
47cb5e8b0e65d199cdfbe035d3c26d0260614f922460ff2b51c45e10,pool1gl94azcwvhgenn0muq6a8sndqfsxznujy3s07263c30pq0h3pxg,453,https://koios.tosidrop.me/api/v1/pool_updates,2026-05-19T23:10:03+00:00
47cc66d164f7db25f3a660a555c464badabe5d1b46f48c78edb1ac28,pool1glxxd5ty7ldjtuaxvzj4t3ryhtdtuhgmgm6gc78dkxkzsfhljh3,516,https://koios.tosidrop.me/api/v1/pool_updates,2026-05-19T23:10:03+00:00
47d0952dee0eacb0a7dd1b059fdd3c0580172d6d81a497e8f51dd1e6,pool1glgf2t0wp6ktpf7arvzelhfuqkqpwttdsxjf0684rhg7vwmvpv2,467,https://koios.tosidrop.me/api/v1/pool_updates,2026-05-19T23:10:03+00:00
47dde3f397a5149b5f8562a3a07fba054d94f80b34445beb2adf6f79,pool1glw78uuh552fkhu9v236qla6q4xef7qtx3z9h6e2mahhj5c392j,277,https://koios.tosidrop.me/api/v1/pool_updates,2026-05-19T23:10:03+00:00
47e694d52e08b1a65636c07911e7dd4282afbc555bccfda22c3c52f0,pool1glnff4fwpzc6v43kcpu3re7ag2p2l0z4t0x0mg3v83f0qeg58yy,309,https://koios.tosidrop.me/api/v1/pool_updates,2026-05-19T23:10:03+00:00
47e694d52e08b1a65636c07911e7dd4282afbc555bccfda22c3c52f0,pool1glnff4fwpzc6v43kcpu3re7ag2p2l0z4t0x0mg3v83f0qeg58yy,312,https://koios.tosidrop.me/api/v1/pool_updates,2026-05-19T23:10:03+00:00
47e694d52e08b1a65636c07911e7dd4282afbc555bccfda22c3c52f0,pool1glnff4fwpzc6v43kcpu3re7ag2p2l0z4t0x0mg3v83f0qeg58yy,314,https://koios.tosidrop.me/api/v1/pool_updates,2026-05-19T23:10:03+00:00
47ef57355d057b6173ecaf362ed70fb6914c9318ed7fbbbf1a1234e1,pool1glh4wd2aq4akzulv4umza4c0k6g5eycca4lmh0c6zg6wzkf7tqw,295,https://koios.tosidrop.me/api/v1/pool_updates,2026-05-19T23:10:03+00:00
4804717403e8331c9185f82ff6e4495fe50bc2637a287792d208e5d7,pool1fqz8zaqraqe3eyv9lqhldezftljshsnr0g580ykjprjaw0h9lmu,231,https://koios.tosidrop.me/api/v1/pool_updates,2026-05-19T23:10:03+00:00
480d5d246189501028a3868ffcf685c4c41e791dec775770a50234dc,pool1fqx46frp39gpq29rs68lea59cnzpu7gaa3m4wu99qg6dcaqx2mp,337,https://koios.tosidrop.me/api/v1/pool_updates,2026-05-19T23:10:03+00:00
484b79cf04c669ef236a8820882ae503d51b7e29c52710d1d867aedf,pool1fp9hnncyce577gm23qsgs2h9q023kl3fc5n3p5wcv7hd7jy77ne,211,https://koios.tosidrop.me/api/v1/pool_updates,2026-05-19T23:10:03+00:00
4854d852baf7751b69e3ac3fdd5ce1972a0788aab9d576000cf1d4c0,pool1fp2ds5467a63k60r4sla6h8pju4q0z92h82hvqqv782vqqe4z38,244,https://koios.tosidrop.me/api/v1/pool_updates,2026-05-19T23:10:03+00:00
48884756b7647792989da5313bc13358cc5f304acb045f1aa831cee7,pool1fzyyw44hv3me9xya55cnhsfntrx97vz2evz97x4gx88wwx64q6q,383,https://koios.tosidrop.me/api/v1/pool_updates,2026-05-19T23:10:03+00:00
489c79a5c0d3cf84289a2bc795504879d4be89611eed8646076bbc27,pool1fzw8nfwq608cg2y690re25zg082taztprmkcv3s8dw7zwhlqmdk,524,https://koios.tosidrop.me/api/v1/pool_updates,2026-05-19T23:10:03+00:00
48a0b724f48b3e95a8d99f3cdb9643452e1ba41629abce6fe59c9b4b,pool1fzstwf853vlft2xenu7dh9jrg5hphfqk9x4uuml9njd5ky3qgdl,281,https://koios.tosidrop.me/api/v1/pool_updates,2026-05-19T23:10:03+00:00
48b14df69375d393b3728a01bf38a049c0b1eec04d973922cab835c3,pool1fzc5ma5nwhfe8vmj3gqm7w9qf8qtrmkqfktnjgk2hq6uxjdnkz8,508,https://koios.tosidrop.me/api/v1/pool_updates,2026-05-19T23:10:03+00:00
48b18f581c5e77a19870e8399e4d2100c66b2e15243c9557e79f2165,pool1fzcc7kqutem6rxrsaqueunfpqrrxkts4ys7f24l8nusk23v9zac,375,https://koios.tosidrop.me/api/v1/pool_updates,2026-05-19T23:10:03+00:00
48b201a07a78f610163b1be3c8d22b5444f5c1ef594f6641c09288c7,pool1fzeqrgr60rmpq93mr03u353t23z0ts00t98kvswqj2yvwxryc60,261,https://koios.tosidrop.me/api/v1/pool_updates,2026-05-19T23:10:03+00:00
48cb44f463d425fe60980fd8bb9e1d01b577f91a89f73facf8c99f64,pool1fr95farr6sjlucycplvth8saqx6h07g638mnlt8cex0kg353wr4,304,https://koios.tosidrop.me/api/v1/pool_updates,2026-05-19T23:10:03+00:00
48fd30a022a3daaed7806f5c8739516129b32146f0efd1440c1fa14a,pool1fr7npgpz50d2a4uqdawgww23vy5mxg2x7rhaz3qvr7s55zzee3h,301,https://koios.tosidrop.me/api/v1/pool_updates,2026-05-19T23:10:03+00:00
490456ea08739e2e08c2379edda7ec80d7652f3a707f66ce6c99087f,pool1fyz9d6sgww0zuzxzx70dmflvsrtk2te6wplkdnnvnyy87yulp64,221,https://koios.tosidrop.me/api/v1/pool_updates,2026-05-19T23:10:03+00:00
49211551021fac1c4b1f210b1818be9ed44acce3eca278bf04c8a810,pool1fys325gzr7kpcjclyy93sx97nm2y4n8raj3830cyez5pqagkfcg,309,https://koios.tosidrop.me/api/v1/pool_updates,2026-05-19T23:10:03+00:00
49603e150a4abbb2868bcd9cb7e7c41b018ead754fb202d3982d2582,pool1f9sru9g2f2am9p5tekwt0e7yrvqcatt4f7eq95uc95jcypw03hl,380,https://koios.tosidrop.me/api/v1/pool_updates,2026-05-19T23:10:03+00:00
49641c63844ab3337fb81818e12e38d9b434257e4d501b2013533d5c,pool1f9jpccuyf2enxlacrqvwzt3cmx6rgft7f4gpkgqn2v74c6jatyf,492,https://koios.tosidrop.me/api/v1/pool_updates,2026-05-19T23:10:03+00:00
496fb41d19efcaf6a6028c837571ad93cef75215e2096fbc365f1aad,pool1f9hmg8geal90dfsz3jph2uddj080w5s4ugykl0pktud26dd82s4,449,https://koios.tosidrop.me/api/v1/pool_updates,2026-05-19T23:10:03+00:00
49866eaf9f565a45618482a4aa63a982d84824ef973ad1c7bea55414,pool1fxrxatul2edy2cvys2j25cafstvysf80juadr3a7542pggcjvv6,475,https://koios.tosidrop.me/api/v1/pool_updates,2026-05-19T23:10:03+00:00
49a7d7cf28799e20fb0505922bf88821d8104943d9ad5b183c36a1b7,pool1fxna0neg0x0zp7c9qkfzh7ygy8vpqj2rmxk4kxpux6smwufveuc,541,https://koios.tosidrop.me/api/v1/pool_updates,2026-05-19T23:10:03+00:00
49b65b9b53a7fb767c3118ecc145f256626af5e70471cf1f5e3a22a1,pool1fxm9hx6n5lahvlp3rrkvz30j2e3x4a08q3cu78678g32zqfmv4a,255,https://koios.tosidrop.me/api/v1/pool_updates,2026-05-19T23:10:03+00:00
49bf4655f577872b6ad537ee60055bc07cbd039cf77646b77305c946,pool1fxl5v404w7rjk6k4xlhxqp2mcp7t6quu7amyddmnqhy5vn40h5y,217,https://koios.tosidrop.me/api/v1/pool_updates,2026-05-19T23:10:03+00:00
49c24284e61ad58c6e59e865c74e9b0a0a36654eb2091ad846e1c4ec,pool1f8py9p8xrt2ccmjeapjuwn5mpg9rve2wkgy34kzxu8zwcd3wpv6,442,https://koios.tosidrop.me/api/v1/pool_updates,2026-05-19T23:10:03+00:00
49e19f98e8f21cd246eb1bf8ac0f1a16d937c08b934e347cd0947dd8,pool1f8selx8g7gwdy3htr0u2crc6zmvn0sytjd8rglxsj37as8y60gt,264,https://koios.tosidrop.me/api/v1/pool_updates,2026-05-19T23:10:03+00:00
4a28983e56816b4285340198d6323ff0c59dc9e03e55f5eb9331a9bf,pool1fg5fs0jks9459pf5qxvdvv3l7rzemj0q8e2lt6unxx5m7fv3tzn,316,https://koios.tosidrop.me/api/v1/pool_updates,2026-05-19T23:10:03+00:00
4a4b968fae3ca42471841d7f6da8cfc64bfd8cf0cb9cd443da315a7f,pool1ff9edraw8jjzguvyr4lkm2x0ce9lmr8sewwdgs76x9d879n7sxz,360,https://koios.tosidrop.me/api/v1/pool_updates,2026-05-19T23:10:03+00:00
4a4e69f422ffe7f75e22cb05658372351b702b8630ab9a9a7c3f8e60,pool1ff8xnapzllnlwh3zevzktqmjx5dhq2uxxz4e4xnu878xqgmfghx,475,https://koios.tosidrop.me/api/v1/pool_updates,2026-05-19T23:10:03+00:00
4a5398f2855807c02cf1a6c64a9ab115bfef35d9a7d23f46e89e2c23,pool1fffe3u59tqruqt835mry4x43zkl77dwe5lfr73hgnckzxh8rhz0,290,https://koios.tosidrop.me/api/v1/pool_updates,2026-05-19T23:10:03+00:00
4a5398f2855807c02cf1a6c64a9ab115bfef35d9a7d23f46e89e2c23,pool1fffe3u59tqruqt835mry4x43zkl77dwe5lfr73hgnckzxh8rhz0,291,https://koios.tosidrop.me/api/v1/pool_updates,2026-05-19T23:10:03+00:00
4a6c7d55cf912e237e0f8f1768ec2df62c240f9ba4145ebc5b9b62ae,pool1ffk864w0jyhzxls03utk3mpd7ckzgrum5s29a0zmnd32u6jfp4t,299,https://koios.tosidrop.me/api/v1/pool_updates,2026-05-19T23:10:03+00:00
4a7960071ff095db104dfbf3ae80ad81489a0f746ef537bf8f0db930,pool1ffukqpcl7z2akyzdl0e6aq9ds9yf5rm5dm6n00u0pkunqgw27wn,367,https://koios.tosidrop.me/api/v1/pool_updates,2026-05-19T23:10:03+00:00
4a7960071ff095db104dfbf3ae80ad81489a0f746ef537bf8f0db930,pool1ffukqpcl7z2akyzdl0e6aq9ds9yf5rm5dm6n00u0pkunqgw27wn,370,https://koios.tosidrop.me/api/v1/pool_updates,2026-05-19T23:10:03+00:00
4a797aac5a38f6c2af0d483a2ff0ee139d83ee33ba7ef589c02ae01d,pool1ffuh4tz68rmv9tcdfqazlu8wzwwc8m3nhfl0tzwq9tsp649lcxy,309,https://koios.tosidrop.me/api/v1/pool_updates,2026-05-19T23:10:03+00:00
4a8293b7b461807df7708a1a0bc15b512c774d0dcc38fc48d60b4b2b,pool1f2pf8da5vxq8mams3gdqhs2m2yk8wngdesu0cjxkpd9jk7a5v0m,493,https://koios.tosidrop.me/api/v1/pool_updates,2026-05-19T23:10:03+00:00
4a955f3d027dca260e9d810fa09d06897c001e0d150869e8a53df075,pool1f22470gz0h9zvr5asy86p8gx397qq8sdz5yxn6998hc82h8ds04,239,https://koios.tosidrop.me/api/v1/pool_updates,2026-05-19T23:10:03+00:00
4ab37439b37a6007d5e8ca4443e3093264273bf20c783df126639fb6,pool1f2ehgwdn0fsq040gefzy8ccfxfjzwwljp3urmufxvw0mvg08598,254,https://koios.tosidrop.me/api/v1/pool_updates,2026-05-19T23:10:03+00:00
4ac6a21f974a2e1f01b1e7a653e7d8d14920002e915e277b5e37adf4,pool1ftr2y8uhfghp7qd3u7n98e7c69yjqqpwj90zw767x7klgf67fmw,274,https://koios.tosidrop.me/api/v1/pool_updates,2026-05-19T23:10:03+00:00
4ace578417d29b77ce73c4460997773c5458feb239844fb55d5e212f,pool1ft890pqh62dh0nnnc3rqn9mh83293l4j8xzyld2atcsj7qkfdr0,250,https://koios.tosidrop.me/api/v1/pool_updates,2026-05-19T23:10:03+00:00
4b0c30e08dc32f434da6494e4ef029eb6985bdb9823cb655941a58f8,pool1fvxrpcydcvh5xndxf98yaupfad5ct0desg7tv4v5rfv0sql04ks,402,https://koios.tosidrop.me/api/v1/pool_updates,2026-05-19T23:10:03+00:00
4b0c943c381d79bb65b4c1bd24604dec83e7dc62a261c58ad189f8f9,pool1fvxfg0pcr4umked5cx7jgczdajp70hrz5fsutzk338u0jljlfpy,318,https://koios.tosidrop.me/api/v1/pool_updates,2026-05-19T23:10:03+00:00
4b2255684441214b68ba7990e8cc68d4346ba22267ecbd1b7cf697d2,pool1fv3926zygys5k6960xgw3nrg6s6xhg3zvlkt6xmu76tayeampzf,542,https://koios.tosidrop.me/api/v1/pool_updates,2026-05-19T23:10:03+00:00
4b28cfe7a4b56216c35953ec8e187afc2e7f41b84d7c42aafb7dc8bd,pool1fv5vleayk43pds6e20kguxr6lsh87sdcf47y92hm0hyt6vn6sfz,295,https://koios.tosidrop.me/api/v1/pool_updates,2026-05-19T23:10:03+00:00
4b32242e3cbb9179424cd7e9c2aca3ba38a24b487ee783f3eb3b9109,pool1fvezgt3uhwghjsjv6l5u9t9rhgu2yj6g0mnc8ult8wgsj3ek52k,280,https://koios.tosidrop.me/api/v1/pool_updates,2026-05-19T23:10:03+00:00
4b338fdd91714119fdea93c6e0f0e372216ab0667595ed85b0e9e0b3,pool1fveclhv3w9q3nl02j0rwpu8rwgsk4vrxwk27mpdsa8stx27n93q,577,https://koios.tosidrop.me/api/v1/pool_updates,2026-05-19T23:10:03+00:00
4b3adca76ba27b96b8b42806f6f5ddf2e1b1a99f406accf3aae3b83d,pool1fvadefmt5faedw959qr0dawa7tsmr2vlgp4veua2uwur6sa997r,303,https://koios.tosidrop.me/api/v1/pool_updates,2026-05-19T23:10:03+00:00
4b3c5c52ebb93abd110986430b2bfdd4aa1a2d5975e3ae2f4965e51f,pool1fv79c5hthyat6ygfsepsk2la6j4p5t2ewh36ut6fvhj378mg74p,304,https://koios.tosidrop.me/api/v1/pool_updates,2026-05-19T23:10:03+00:00
4b529e4a1f33ea3147bd85466c65b3f82856f300f0c2f5d344940c1a,pool1fdffujslx04rz3aas4rxcednlq59ducq7rp0t56yjsxp589ylkw,239,https://koios.tosidrop.me/api/v1/pool_updates,2026-05-19T23:10:03+00:00
4b9049b66d926ada722408b9beeaae9ef3d2ffe2377d9b17f6e078ef,pool1fwgyndndjf4d5u3ypzuma64wnmea9llzxa7ek9lkupuw786zv32,389,https://koios.tosidrop.me/api/v1/pool_updates,2026-05-19T23:10:03+00:00
4ba59430c63910a45aeb4f122c06493f72412b08ea0f9c9db5a79f25,pool1fwjegvxx8yg2gkhtfufzcpjf8aeyz2cgag8ee8d4570j2l3jxtz,261,https://koios.tosidrop.me/api/v1/pool_updates,2026-05-19T23:10:03+00:00
4bac37ab0850ab91bd1875c08b19dec8e3a6443f115c523448e60f27,pool1fwkr02cg2z4er0gcwhqgkxw7er36v3plz9w9ydzguc8jwgsx3yg,292,https://koios.tosidrop.me/api/v1/pool_updates,2026-05-19T23:10:03+00:00
4bafc2b9423aa741faedcf0fd27cab2387de0e0bbb7c7d98d9b0f421,pool1fwhu9w2z82n5r7hdeu8ayl9tywraursthd78mxxekr6zzdjgpkm,631,https://koios.tosidrop.me/api/v1/pool_updates,2026-05-19T23:10:03+00:00
4bdfe221a4313f1b4a0548cf5d680f07e20ddf0a20c6f2546d32e30a,pool1f007ygdyxyl3kjs9fr8466q0ql3qmhc2yrr0y4rdxt3s5g9ftsd,437,https://koios.tosidrop.me/api/v1/pool_updates,2026-05-19T23:10:03+00:00
4be1c3218b5c9e36750734c79ea7a9f7c71bde50e0e9159354232598,pool1f0suxgvttj0rvag8xnreafaf7lr3hhjsur53ty65yvjesekxpum,357,https://koios.tosidrop.me/api/v1/pool_updates,2026-05-19T23:10:03+00:00
4be4a454d63ef9aab7b44a31440a1f85eea3ee724bd13ca07b9ff255,pool1f0j2g4xk8mu64da5fgc5gzslshh28mnjf0gnegrmnle92l3zpx2,352,https://koios.tosidrop.me/api/v1/pool_updates,2026-05-19T23:10:03+00:00
4bf2256a9ecf6acb62f8582ced612d368e96baab4b3c353ec59e277d,pool1f0ez2657ea4vkchctqkw6cfdx68fdw4tfv7r20k9ncnh6vezp7g,336,https://koios.tosidrop.me/api/v1/pool_updates,2026-05-19T23:10:03+00:00
4bfc123fbeb5521bd8c98e43dad2c5e40b0032d9900ff6a02296e98f,pool1f07py0a7k4fphkxf3epa45k9us9sqvkejq8ldgpzjm5c7j5wyva,226,https://koios.tosidrop.me/api/v1/pool_updates,2026-05-19T23:10:03+00:00
4c0872a19c4d02cd10e7af7d0dc29d76d850aa95f4f766a336a19aa8,pool1fsy89gvuf5pv6y884a7sms5awmv9p2547nmkdgek5xd2s2ncz3f,261,https://koios.tosidrop.me/api/v1/pool_updates,2026-05-19T23:10:03+00:00
4c183da663b189862d4fd53cc7ed4adbac67a700dc4cd879fc144dd4,pool1fsvrmfnrkxycvt20657v0m22mwkx0fcqm3xds70uz3xag64va5h,262,https://koios.tosidrop.me/api/v1/pool_updates,2026-05-19T23:10:03+00:00
4c519110e3f7bc610ae6d0614b350d5258cd801d9b69aa59b1622d27,pool1f3gezy8r777xzzhx6ps5kdgd2fvvmqqand565kd3vgkjwkygr9g,528,https://koios.tosidrop.me/api/v1/pool_updates,2026-05-19T23:10:03+00:00
4c871f0cf30c9b5424076447c94fe4f7fda8ce4785c54591d2240c19,pool1fjr37r8npjd4gfq8v3rujnly7l763nj8shz5tywjysxpjmhm8c9,253,https://koios.tosidrop.me/api/v1/pool_updates,2026-05-19T23:10:03+00:00
4c912d1c216bb55237a69ae4ebdf48580795badb7fce2593ca85cc6c,pool1fjgj68ppdw64ydaxntjwhh6gtqretwkm0l8zty72shxxc4dx0ws,270,https://koios.tosidrop.me/api/v1/pool_updates,2026-05-19T23:10:03+00:00
4ca9249724d0d5229e0538163933f31986599b4d378c7eb26ca2e88b,pool1fj5jf9ey6r2j98s98qtrjvlnrxr9nx6dx7x8avnv5t5gk53lve9,218,https://koios.tosidrop.me/api/v1/pool_updates,2026-05-19T23:10:03+00:00
4cca0662c66d2378708cd332f19ce35f5c53238cef77787630993b6f,pool1fn9qvckxd53hsuyv6ve0r88rtaw9xguvaamhsa3snyak7n34lyn,226,https://koios.tosidrop.me/api/v1/pool_updates,2026-05-19T23:10:03+00:00
4ccf05ec7a62460384a951c590e58c7294a9031309d03834e3496f35,pool1fn8stmr6vfrq8p9f28zepevvw222jqcnp8grsd8rf9hn2zte0hq,266,https://koios.tosidrop.me/api/v1/pool_updates,2026-05-19T23:10:03+00:00
4ce10463955320d8d1bd2389a15d9ff20f59c66eab6037388a40f4f3,pool1fnssgcu42vsd35daywy6zhvl7g84n3nw4dsrwwy2gr60x4n70ea,282,https://koios.tosidrop.me/api/v1/pool_updates,2026-05-19T23:10:03+00:00
4d000df9ea28a76e0be7ac0a090ea3c2c75d8d309fe7fa11988402dd,pool1f5qqm7029znkuzl84s9qjr4rctr4mrfsnlnl5yvcsspd6fec4tk,316,https://koios.tosidrop.me/api/v1/pool_updates,2026-05-19T23:10:03+00:00
4d1b7e29e4e39c2752f93fb3c629068881818ec10e358a3c534ef51a,pool1f5dhu20yuwwzw5he87euv2gx3zqcrrkppc6c50znfm635j8tsn7,220,https://koios.tosidrop.me/api/v1/pool_updates,2026-05-19T23:10:03+00:00
4d41687efa63deb673657e0d45bbfcfd70cde3f07321fde25882429d,pool1f4qkslh6v00tvum90cx5twlul4cvmclswvslmcjcsfpf63045c0,276,https://koios.tosidrop.me/api/v1/pool_updates,2026-05-19T23:10:03+00:00
4d470d31f80c01d797996b43abdfe7339ae5b408fb31cc655a80ccd7,pool1f4rs6v0cpsqa09ueddp6hhl8xwdwtdqglvcuce26srxdwmzxl6v,565,https://koios.tosidrop.me/api/v1/pool_updates,2026-05-19T23:10:03+00:00
4d4e74fd118c8ac009b8c9fcb7e5e8d6ef297bbdc36aa794282c71ef,pool1f488flg33j9vqzdce87t0e0g6mhjj7aacd4209pg93c77lrpywz,309,https://koios.tosidrop.me/api/v1/pool_updates,2026-05-19T23:10:03+00:00
4d639577c4f2907b1db017c7e6e8f1e1c94a3663b558b3db4d4c0315,pool1f43e2a7y72g8k8dszlr7d683u8y55dnrk4vt8k6dfsp32vx0nfu,243,https://koios.tosidrop.me/api/v1/pool_updates,2026-05-19T23:10:03+00:00
4d7a2f6911a0a507b82b5b42456710a26a60144d0bf2834fcd92341b,pool1f4az76g35zjs0wpttdpy2ecs5f4xq9zdp0egxn7djg6pk4y664h,258,https://koios.tosidrop.me/api/v1/pool_updates,2026-05-19T23:10:03+00:00
4d7b7a7b94bfa1f40aa80df4d31fb6829802a53eed6ec09e3e82dece,pool1f4ah57u5h7slgz4gph6dx8aks2vq9ff7a4hvp837st0vuj9gr45,329,https://koios.tosidrop.me/api/v1/pool_updates,2026-05-19T23:10:03+00:00
4d7b7a7b94bfa1f40aa80df4d31fb6829802a53eed6ec09e3e82dece,pool1f4ah57u5h7slgz4gph6dx8aks2vq9ff7a4hvp837st0vuj9gr45,342,https://koios.tosidrop.me/api/v1/pool_updates,2026-05-19T23:10:03+00:00
4d7ec46826abed9fdeb6effba91a7a4cf88592e35bb5740903f747e2,pool1f4lvg6px40kelh4kala6jxn6fnugtyhrtw6hgzgr7ar7ymtr7jd,350,https://koios.tosidrop.me/api/v1/pool_updates,2026-05-19T23:10:03+00:00
4d827f2056879bce6a78963e1feba4825d80dc8a0143db3165931a92,pool1fkp87gzks7duu6ncjclpl6aysfwcphy2q9pakvt9jvdfygqp75t,266,https://koios.tosidrop.me/api/v1/pool_updates,2026-05-19T23:10:03+00:00
4d9333fceb79761fb826b22395c4bff84740fbfa8af232d6f6944eb7,pool1fkfn8l8t09mplwpxkg3et39llpr5p7l63ter94hkj38tw6fnh3g,580,https://koios.tosidrop.me/api/v1/pool_updates,2026-05-19T23:10:03+00:00
4dc06e17d3e9e5ef9120db0de00c36187b6def3640748dd5cfafb4c3,pool1fhqxu97na8j7lyfqmvx7qrpkrpakmmekgp6gm4w0476vxk8vj3j,297,https://koios.tosidrop.me/api/v1/pool_updates,2026-05-19T23:10:03+00:00
4dd159a8528fecc147a7647cd1046d42d1b98a5d40679d0603ece6ee,pool1fhg4n2zj3lkvz3a8v37dzprdgtgmnzjagpne6psrannwufwjr4d,268,https://koios.tosidrop.me/api/v1/pool_updates,2026-05-19T23:10:03+00:00
4dd940ac98c8bc3f7c3b314125c6078a7e1ca0467f6649f275a0ff7e,pool1fhv5ptycez7r7lpmx9qjt3s83flpegzx0anynun45rlhuzn7kwk,565,https://koios.tosidrop.me/api/v1/pool_updates,2026-05-19T23:10:03+00:00
4e352e9709bb37d507f499c7bacf21ee90a9cf82ed20e162e764f461,pool1fc6ja9cfhvma2pl5n8rm4nepa6g2nnuza5swzch8vn6xzshafku,465,https://koios.tosidrop.me/api/v1/pool_updates,2026-05-19T23:10:03+00:00
4e409a54e540fa38e03c2fa62bf1f31d009e26d44920dec16ed832d1,pool1feqf5489grar3cpu97nzhu0nr5qfufk5fysdastwmqedzvfltyf,336,https://koios.tosidrop.me/api/v1/pool_updates,2026-05-19T23:10:03+00:00
4e552ee60cae7eed24adbf0fbf80944983f680fe8b5fe29379c57942,pool1fe2jaesv4elw6f9dhu8mlqy5fxpldq873d079ymec4u5yux8p40,214,https://koios.tosidrop.me/api/v1/pool_updates,2026-05-19T23:10:03+00:00
4e6a59a5d65f0e3bce2480055be685acee7e9516420f72476b70c15a,pool1fe49nfwktu8rhn3ysqz4he594nh8a9gkgg8hy3mtwrq4558rptz,606,https://koios.tosidrop.me/api/v1/pool_updates,2026-05-19T23:10:03+00:00
4e747c047c237eb5dc036f715c592d820d33323a88a73d19e6d400c8,pool1fe68cpruydltthqrdac4ckfdsgxnxv363znn6x0x6sqvsj6rzy2,430,https://koios.tosidrop.me/api/v1/pool_updates,2026-05-19T23:10:03+00:00
4e84e498fd38669e438cf2647b9f9c87e752c3f5a5da11245e2ea9d4,pool1f6zwfx8a8pnfusuv7fj8h8uusln49sl45hdpzfz7965ag00wycf,553,https://koios.tosidrop.me/api/v1/pool_updates,2026-05-19T23:10:03+00:00
4ea4b108b5a3cedd1abec6175e6f97a61520f64d234e555d231a440e,pool1f6jtzz94508d6x47cct4umuh5c2jpajdyd892hfrrfzquyyza8m,434,https://koios.tosidrop.me/api/v1/pool_updates,2026-05-19T23:10:03+00:00
4eb1fac09251f8af19ad6b7e06b71cbad09dbe896b481e4670fe565d,pool1f6cl4syj28u27xddddlqddcuhtgfm05fddypu3nslet9639sr9l,243,https://koios.tosidrop.me/api/v1/pool_updates,2026-05-19T23:10:03+00:00
4ec969524032c26e3d47a29e5e8e3e5f5d45074701fd3da34c0e2d77,pool1fmykj5jqxtpxu0285209ar37taw52p68q87nmg6vpckhwrtje5w,574,https://koios.tosidrop.me/api/v1/pool_updates,2026-05-19T23:10:03+00:00
4ee9e4c2ec6fc68850330dbc75ccd7ebf7951f20e1085d324f36cf44,pool1fm57fshvdlrgs5pnpk78tnxha0me28equyy96vj0xm85gy5chv0,217,https://koios.tosidrop.me/api/v1/pool_updates,2026-05-19T23:10:03+00:00
4f0fa098d08e0b044adb0b8c76ab8dc59742149847bbb0b5272d7efc,pool1fu86pxxs3c9sgjkmpwx8d2udckt5y9ycg7ampdf894l0cuv787y,252,https://koios.tosidrop.me/api/v1/pool_updates,2026-05-19T23:10:03+00:00
4f355dad7bf34ff94dbcadc5a3b5344d830e7051e49518b8510064f6,pool1fu64mttm7d8ljndu4hz68df5fkpsuuz3uj233wz3qpj0vfk9k4d,606,https://koios.tosidrop.me/api/v1/pool_updates,2026-05-19T23:10:03+00:00
4f3b25244f700e309c222d6946f8e14332d91389a9d1fa134df5fca8,pool1fuaj2fz0wq8rp8pz9455d78pgvedjyuf48gl5y6d7h72st5wmy9,340,https://koios.tosidrop.me/api/v1/pool_updates,2026-05-19T23:10:03+00:00
4f57b82ff7024b1712ff9b02d1bf8df1ef23db589d94fd2be0b61810,pool1fatmstlhqf93wyhlnvpdr0ud78hj8k6cnk2062lqkcvpq6lw8wu,333,https://koios.tosidrop.me/api/v1/pool_updates,2026-05-19T23:10:03+00:00
4f57b82ff7024b1712ff9b02d1bf8df1ef23db589d94fd2be0b61810,pool1fatmstlhqf93wyhlnvpdr0ud78hj8k6cnk2062lqkcvpq6lw8wu,344,https://koios.tosidrop.me/api/v1/pool_updates,2026-05-19T23:10:03+00:00
4f58313318902985e56ee0d63c1b3e8d71e17efa7a6add2bacd746ba,pool1favrzvccjq5ctetwurtrcxe734c7zlh60f4d62av6art527tssd,228,https://koios.tosidrop.me/api/v1/pool_updates,2026-05-19T23:10:03+00:00
4f58313318902985e56ee0d63c1b3e8d71e17efa7a6add2bacd746ba,pool1favrzvccjq5ctetwurtrcxe734c7zlh60f4d62av6art527tssd,232,https://koios.tosidrop.me/api/v1/pool_updates,2026-05-19T23:10:03+00:00
4f7244201a4b0664869302a1ee8b1b6eeec6ec3651cfad777b88c834,pool1faeyggq6fvrxfp5nq2s7azcmdmhvdmpk28866amm3ryrgmxs7ct,531,https://koios.tosidrop.me/api/v1/pool_updates,2026-05-19T23:10:03+00:00
4fbb9ac6b2c977ee76da892315fb1e26697a87bf8b54917efaa60053,pool1f7ae434je9m7uak63y33t7c7ye5h4pal3d2fzlh65cq9xm73u5p,325,https://koios.tosidrop.me/api/v1/pool_updates,2026-05-19T23:10:03+00:00
4fcee8a36d22b0254a9e3bb9065eea380d1adc35aff6a5e17b0bc272,pool1fl8w3gmdy2cz2j578wusvhh28qx34hp44lm2tctmp0p8ycvdcvv,261,https://koios.tosidrop.me/api/v1/pool_updates,2026-05-19T23:10:03+00:00
4fe880d45cd6170400e70adc79591d8562cbfee07e25e506422da0d7,pool1fl5gp4zu6ctsgq88ptw8jkgas43vhlhq0cj72pjz9ksdwes50hw,419,https://koios.tosidrop.me/api/v1/pool_updates,2026-05-19T23:10:03+00:00
5007483bab60674a9000dced43d83717cad17b885b76377a4bfada1e,pool12qr5swatvpn54yqqmnk58kphzl9dz7ugtdmrw7jtltdpuyy89dq,220,https://koios.tosidrop.me/api/v1/pool_updates,2026-05-19T23:10:03+00:00
5043304bc71793312dde1b90a435f9788238ec054423741b2f9e937b,pool12ppnqj78z7fnztw7rwg2gd0e0zpr3mq9gs3hgxe0n6fhkzfmzu4,348,https://koios.tosidrop.me/api/v1/pool_updates,2026-05-19T23:10:03+00:00
504aff7150f5ee7ae26734d5ab9c8b6ad2b1b2bc3a73a30a7fa9bb06,pool12p907u2s7hh84cn8xn26h8ytdtftrv4u8fe6xznl4xasvckxd8r,609,https://koios.tosidrop.me/api/v1/pool_updates,2026-05-19T23:10:03+00:00
5056dbaa618c3f1c1446ef4543dbbef52ec888a9acc8144e8dfdc2f7,pool12ptdh2np3sl3c9zxaaz58ka775hv3z9f4nypgn5dlhp0w4qcd0e,577,https://koios.tosidrop.me/api/v1/pool_updates,2026-05-19T23:10:03+00:00
5092fe048e513f260e49256ddcb43fa9e52b80e81bcd70c193d1a11c,pool12zf0upyw2yljvrjfy4kaedpl48jjhq8gr0xhpsvn6xs3cv4z9k4,300,https://koios.tosidrop.me/api/v1/pool_updates,2026-05-19T23:10:03+00:00
50be768ac27bc1215d326a9b13c4f9ffd90d4fb131eb79f537b558b1,pool12zl8dzkz00qjzhfjd2d3838ellvs6na3x84hnafhk4vtzz8nwk6,266,https://koios.tosidrop.me/api/v1/pool_updates,2026-05-19T23:10:03+00:00
50ec1c61547baef8efd5fb3a0bce4759cbcdf72a62948022834d7cf2,pool12rkpcc250wh03m74lvaqhnj8t89umae2v22gqg5rf470yhg6l4v,300,https://koios.tosidrop.me/api/v1/pool_updates,2026-05-19T23:10:03+00:00
50fc7a05a9e12d48131d284d0f2a10900c1222bd10c319429232b2ba,pool12r785pdfuyk5syca9pxs72ssjqxpyg4azrp3js5jx2et596vvwp,525,https://koios.tosidrop.me/api/v1/pool_updates,2026-05-19T23:10:03+00:00
510da142c69b2ceecb6a570ea89299f7834243a2d062b21b468b7d43,pool12yx6zskxnvkwajm22u823y5e77p5ysaz6p3tyx6x3d75xm0x45j,248,https://koios.tosidrop.me/api/v1/pool_updates,2026-05-19T23:10:03+00:00
51409c9a829260f51821b6eaccddddd02525408d353fd222287f909e,pool129qfex5zjfs02xppkm4vehwa6qjj2sydx5layg3g07gfu498cnc,531,https://koios.tosidrop.me/api/v1/pool_updates,2026-05-19T23:10:03+00:00
51588318f3e0309016945846d10f8949a1da232551c4dec42641b150,pool129vgxx8nuqcfq955tprdzruffxsa5ge928zda3pxgxc4qyeczzp,222,https://koios.tosidrop.me/api/v1/pool_updates,2026-05-19T23:10:03+00:00
51694f0d52a25a3ade521472a9c575205651b2c1253410449e1c1de9,pool129557r2j5fdr4hjjz3e2n3t4ypt9rvkpy56pq3y7rsw7jzvalq0,335,https://koios.tosidrop.me/api/v1/pool_updates,2026-05-19T23:10:03+00:00
516bfd8fb3a7fa26668d690faeb3c8df6441d9c223d9a63d67d3b478,pool1294lmran5lazve5ddy86av7gmajyrkwzy0v6v0t86w68s6s35jp,252,https://koios.tosidrop.me/api/v1/pool_updates,2026-05-19T23:10:03+00:00
516e4db049756708db3c69c4d285a309bb4ac917802ea9565235eadc,pool129hymvzfw4ns3keud8zd9pdrpxa54jghsqh2j4jjxh4dcljet2f,577,https://koios.tosidrop.me/api/v1/pool_updates,2026-05-19T23:10:03+00:00
516fe4e20724ad0a9f8ace8b9be7ca778417a5e71cf500717d175792,pool129h7fcs8yjks48u2e69ehe72w7zp0f08rn6squtazateyfu8ms8,298,https://koios.tosidrop.me/api/v1/pool_updates,2026-05-19T23:10:03+00:00
5175ee9d87674546f82c0deed9ec0f87c68ab6337b83ef2928dbeb95,pool12967a8v8vaz5d7pvphhdnmq0slrg4d3n0wp772fgm04e2g2m9gv,436,https://koios.tosidrop.me/api/v1/pool_updates,2026-05-19T23:10:03+00:00
51a352c4bad2fe2ff58a6770ea310d1ebac9fe9f1e71f43a91d8ef3d,pool12x3493966tlzlav2vacw5vgdr6avnl5lreclgw53mrhn6s75vcv,266,https://koios.tosidrop.me/api/v1/pool_updates,2026-05-19T23:10:03+00:00
51a6135f11063eb4358395bb30cd991a36bf4e5b2e25528fb50610f7,pool12xnpxhc3qcltgdvrjkanpnvergmt7njm9cj49ra4qcg0w6fuplu,378,https://koios.tosidrop.me/api/v1/pool_updates,2026-05-19T23:10:03+00:00
51c46851f53579f04ac4dfe8cde1182976d78b058abd4f1f7a59d4b3,pool128zxs504x4ulqjkyml5vmcgc99md0zc9327578m6t82txvgg4tv,341,https://koios.tosidrop.me/api/v1/pool_updates,2026-05-19T23:10:03+00:00
51c7495138f90db82aa09fc78f97a1bf96045c3453fff84f338420fc,pool128r5j5fclyxms24qnlrcl9aph7tqghp520llsnensss0c2hcfev,339,https://koios.tosidrop.me/api/v1/pool_updates,2026-05-19T23:10:03+00:00
51d306ed4cd70638c98db411cc1dc1c7e515854014bd8971207bd784,pool128fsdm2v6urr3jvdksguc8wpclj3tp2qzj7cjufq00tcgr6582t,272,https://koios.tosidrop.me/api/v1/pool_updates,2026-05-19T23:10:03+00:00
51e95f6752d0a3843a17291fd012b8e578a9a3d92cd27b2e12c38729,pool128547e6j6z3cgwsh9y0aqy4cu4u2ng7e9nf8ktsjcwrjjpxmk4u,318,https://koios.tosidrop.me/api/v1/pool_updates,2026-05-19T23:10:03+00:00
51f52854909b904cb5fec81da86b0ef887a06cf08431ed97278ea2bc,pool1286js4ysnwgyed07eqw6s6cwlzr6qm8sssc7m9e8363tc9mfc7g,261,https://koios.tosidrop.me/api/v1/pool_updates,2026-05-19T23:10:03+00:00
5201765589793cc9a04d8f378bc85125ec0ef7bf70beb84d01692c82,pool12gqhv4vf0y7vngzd3umchjz3yhkqaaalwzltsngpdykgyud5rhz,445,https://koios.tosidrop.me/api/v1/pool_updates,2026-05-19T23:10:03+00:00
520f61b7635f317f089e4c8d14217d243be7b6c80328be88b53f4959,pool12g8krdmrtuch7zy7fjx3ggtaysa70dkgqv5taz948ay4jtty4x3,261,https://koios.tosidrop.me/api/v1/pool_updates,2026-05-19T23:10:03+00:00
52122387c3e805e5d97bda13a85a384ba63110bbf6045df79b29f922,pool12gfz8p7raqz7tktmmgf6sk3cfwnrzy9m7cz9maum98ujyelhrf8,271,https://koios.tosidrop.me/api/v1/pool_updates,2026-05-19T23:10:03+00:00
522863cdbe29a7e33ec8250ae1c2f8b520eb229fcdbc2f551c27ee5e,pool12g5x8nd79xn7x0kgy59wrshck5swkg5lek7z74guylh9uk6dmsq,315,https://koios.tosidrop.me/api/v1/pool_updates,2026-05-19T23:10:03+00:00
522f3ba6291bea350a96539605e82bf6d5dfb94ef4a8d5b397d235ee,pool12ghnhf3fr04r2z5k2wtqt6pt7m2alw2w7j5dtvuh6g67ur8f3ph,323,https://koios.tosidrop.me/api/v1/pool_updates,2026-05-19T23:10:03+00:00
52475f2885fb85223e944078c099a4a43e1cbf3253c24b373d5fe851,pool12fr472y9lwzjy055gpuvpxdy5slpe0ej20pykdeatl59zg9ren2,614,https://koios.tosidrop.me/api/v1/pool_updates,2026-05-19T23:10:03+00:00
524b008d5a0dc654e0b585d3bcf087bb2e0feea58a982f3292f174ba,pool12f9spr26phr9fc94shfmeuy8hvhqlm4932vz7v5j796t5tyyrj0,306,https://koios.tosidrop.me/api/v1/pool_updates,2026-05-19T23:10:03+00:00
525d08026a8d84c30ff1a7d84776240c09efb4751360aa9e61f103cb,pool12fwssqn23kzvxrl35lvywa3ypsy7ldr4zds248np7ypukm4a5y5,536,https://koios.tosidrop.me/api/v1/pool_updates,2026-05-19T23:10:03+00:00
5262e4a2d03c3c8eeadf5cbe53f49f9121c8a168c34de7406eaf9ea8,pool12f3wfgks8s7ga6kltjl98ayljysu3gtgcdx7wsrw4702sfkl3v5,287,https://koios.tosidrop.me/api/v1/pool_updates,2026-05-19T23:10:03+00:00
526c3c546e931faab198e07c40b7c94bb3b67b985ef116ca22e8b8f0,pool12fkrc4rwjv064vvcup7ypd7ffwemv7uctmc3dj3zazu0qjyh7hm,247,https://koios.tosidrop.me/api/v1/pool_updates,2026-05-19T23:10:03+00:00
5271fc86fd9c25613c138c4aef6f8593b2952c95897b079facebbc9e,pool12fclephansjkz0qn339w7mu9jwef2ty439as08avaw7fuyk56j6,500,https://koios.tosidrop.me/api/v1/pool_updates,2026-05-19T23:10:03+00:00
52887c69a0b24faafdfc31a623f05a7b703331bba3b528bd42f256f5,pool122y8c6dqkf864l0uxxnz8uz60dcrxvdm5w6j302z7ft0265f3xu,300,https://koios.tosidrop.me/api/v1/pool_updates,2026-05-19T23:10:03+00:00
52920b87c9b71d14d6a2f7e22625cda6b64e8ac9a920018fc18c151d,pool122fqhp7fkuw3f44z7l3zvfwd56myazkf4ysqrr7p3s236ehx59e,244,https://koios.tosidrop.me/api/v1/pool_updates,2026-05-19T23:10:03+00:00
52a3f4a6c1d742de4d3108e6915303e9d2456d506dba2b7e0a758917,pool1223lffkp6apdunf3prnfz5cra8fy2m2sdkazkls2wky3wdguw59,219,https://koios.tosidrop.me/api/v1/pool_updates,2026-05-19T23:10:03+00:00
52a547cce776ff015648b97080f66ff8b16dd4216ed63f455f96455c,pool122j50n88wmlsz4jgh9cgpan0lzckm4ppdmtr732ljez4cpmaf9e,231,https://koios.tosidrop.me/api/v1/pool_updates,2026-05-19T23:10:03+00:00
52b3a87b1cc6eb25c54878f2db610eaa06e454d9526a3883a6bb52c7,pool122e6s7cucm4jt32g0redkcgw4grwg4xe2f4r3qaxhdfvw5kxmkg,230,https://koios.tosidrop.me/api/v1/pool_updates,2026-05-19T23:10:03+00:00
5308082c3c654eb441444269e987fa0dc50c0d3ffd75f2034b757f53,pool12vyqstpuv48tgs2ygf57npl6phzscrfll46lyq6tw4l4xknp54k,528,https://koios.tosidrop.me/api/v1/pool_updates,2026-05-19T23:10:03+00:00
53228453540d4190af4cae49be60cc6e8219682ecc2bbbced7d8f20b,pool12v3gg565p4qept6v4eymucxvd6ppj6pwes4mhnkhmreqkc6a3xx,266,https://koios.tosidrop.me/api/v1/pool_updates,2026-05-19T23:10:03+00:00
532d0ff7ce3720cb99ebbd7377f7af0221b2c1102f2315ea0f062342,pool12vksla7wxusvhx0th4eh0aa0qgsm9sgs9u33t6s0qc35y0u6kyu,378,https://koios.tosidrop.me/api/v1/pool_updates,2026-05-19T23:10:03+00:00
532d1ce67115629be0fd0de2af690f0bf37945c3bc40ba9b7d377ca8,pool12vk3een3z43fhc8aph3276g0p0ehj3wrh3qt4xmaxa72sqnkqfq,286,https://koios.tosidrop.me/api/v1/pool_updates,2026-05-19T23:10:03+00:00
533a710c19bdddc144ab19900d37a81488088259981a5d4885031ce3,pool12va8zrqehhwuz39trxgq6dagzjyq3qjenqd96jy9qvwwx2372zv,580,https://koios.tosidrop.me/api/v1/pool_updates,2026-05-19T23:10:03+00:00
53a3cc1645e57cd6c798ef1f44567783c6fe719c1749f3a95da04dd9,pool12w3uc9j9u47dd3ucau05g4nhs0r0uuvuzayl822a5pxajuwasp9,262,https://koios.tosidrop.me/api/v1/pool_updates,2026-05-19T23:10:03+00:00
53a4d2a67a0a9a3904c5308a26ea6e1674de3ee486bc1a410f099215,pool12wjd9fn6p2drjpx9xz9zd6nwze6du0hys67p5sg0pxfp28pgvxe,315,https://koios.tosidrop.me/api/v1/pool_updates,2026-05-19T23:10:03+00:00
53df43dd16e98f68c01e6ee2c502d999eec4fbea667569d928b5cbe7,pool120058hgkax8k3sq7dm3v2qken8hvf7l2ve6knkfgkh97wx5vgdc,216,https://koios.tosidrop.me/api/v1/pool_updates,2026-05-19T23:10:03+00:00
53e4623da254dd1cc7f7a5af399ed708dbae073a5ec565a207717a9b,pool120jxy0dz2nw3e3lh5khnn8khprd6upe6tmzktgs8w9afkrkrm0z,379,https://koios.tosidrop.me/api/v1/pool_updates,2026-05-19T23:10:03+00:00
53e9a8bbe55121016b5965abc2fcdbf0afa4594e741e24e4f90d72f4,pool120563wl92yssz66evk4u9lxm7zh6gk2wws0zfe8ep4e0gc77ypt,309,https://koios.tosidrop.me/api/v1/pool_updates,2026-05-19T23:10:03+00:00
53f1bf9a204bc868885157cd862b3e3abe0ac48a515eb168a31f9253,pool120cmlx3qf0yx3zz32lxcv2e782lq43y2290tz69rr7f9xp7dre4,453,https://koios.tosidrop.me/api/v1/pool_updates,2026-05-19T23:10:03+00:00
5436aae9098f59db46e7b056267e2a23c54334427e8900fa0c283d84,pool12sm246gf3avak3h8kptzvl32y0z5xdzz06ysp7sv9q7cgu96h5s,343,https://koios.tosidrop.me/api/v1/pool_updates,2026-05-19T23:10:03+00:00
544345d38d9d6b76973e0eff46d6f1c221bfbaa78fa163c112115a89,pool123p5t5udn44hd9e7pml5d4h3cgsmlw4837sk8sgjz9dgjr4m5zj,313,https://koios.tosidrop.me/api/v1/pool_updates,2026-05-19T23:10:03+00:00
544345d38d9d6b76973e0eff46d6f1c221bfbaa78fa163c112115a89,pool123p5t5udn44hd9e7pml5d4h3cgsmlw4837sk8sgjz9dgjr4m5zj,314,https://koios.tosidrop.me/api/v1/pool_updates,2026-05-19T23:10:03+00:00
54473ed925d69194dc2202068e25ce3a28eb4a751a2f8b963a23a8aa,pool123rnakf966gefhpzqgrgufww8g5wkjn4rghch936yw5257e46gf,510,https://koios.tosidrop.me/api/v1/pool_updates,2026-05-19T23:10:03+00:00
544f3bd05446573ca9902c174e27ddada4578771efdcd90b48e541ff,pool1238nh5z5getne2vs9st5uf7a4kj90pm3alwdjz6gu4ql78eecm9,279,https://koios.tosidrop.me/api/v1/pool_updates,2026-05-19T23:10:03+00:00
545222d246ff149401791e5b001b7fa5223597f0e17298d156ea37e0,pool123fz95jxlu2fgqteredsqxml553rt9lsu9ef352kagm7qlejem4,590,https://koios.tosidrop.me/api/v1/pool_updates,2026-05-19T23:10:03+00:00
5454fcb62e996b921c63f25e3f987a10debd626b3796c478dbe46034,pool12320ed3wn94ey8rr7f0rlxr6zr0t6cntx7tvg7xmu3srghgc05y,333,https://koios.tosidrop.me/api/v1/pool_updates,2026-05-19T23:10:03+00:00
5459e7848ea2c566b9c8e229a9680456e082dc2c739f20f42066105d,pool123v70pyw5tzkdwwgug56j6qy2msg9hpvww0jpapqvcg96ep4nj8,305,https://koios.tosidrop.me/api/v1/pool_updates,2026-05-19T23:10:03+00:00
5485ec90f25b4b9b44ca240dd341092734a087bf90f1118a151688d6,pool12jz7ey8jtd9ek3x2ysxaxsgfyu62ppaljrc3rzs4z6ydvx9rcs8,229,https://koios.tosidrop.me/api/v1/pool_updates,2026-05-19T23:10:03+00:00
5495cd8cf4c50b22ad965a16183b2b5a2f42dfe94f546466242f687c,pool12j2umr85c59j9tvktgtpswettgh59hlffa2xge3y9a58cdj99ex,296,https://koios.tosidrop.me/api/v1/pool_updates,2026-05-19T23:10:03+00:00
54a7cf8a1e91ff0b72a3577c0d2f39d2d7ad1fca63ae0b9e4662053d,pool12jnulzs7j8lsku4r2a7q6tee6tt66872vwhqh8jxvgzn6837jtl,560,https://koios.tosidrop.me/api/v1/pool_updates,2026-05-19T23:10:03+00:00
54c109792745199eb31cf185ab96972d03c45a7a9cb27c2aff8f3fbf,pool12nqsj7f8g5veavcu7xz6h95h95pugkn6nje8c2hl3ulm7m9zu5u,315,https://koios.tosidrop.me/api/v1/pool_updates,2026-05-19T23:10:03+00:00
54c20622d6ef6595c10ac79e028dff8205178e7952c042300ae9b2a1,pool12npqvgkkaajetsg2c70q9r0lsgz30rne2tqyyvq2axe2zm43zc0,285,https://koios.tosidrop.me/api/v1/pool_updates,2026-05-19T23:10:03+00:00
54c4c68b99589468656a50304b7796d79ccfb1150608461cae9d7621,pool12nzvdzuetz2xset22qcykauk67wvlvg4qcyyv89wn4mzzsvxwvc,281,https://koios.tosidrop.me/api/v1/pool_updates,2026-05-19T23:10:03+00:00
54c55cc110c9b42680a07a9e7438a2b346b8a6aa18ed948ba6074021,pool12nz4esgsex6zdq9q0208gw9zkdrt3f42rrkefzaxqaqzzlwjku7,224,https://koios.tosidrop.me/api/v1/pool_updates,2026-05-19T23:10:03+00:00
54c55cc110c9b42680a07a9e7438a2b346b8a6aa18ed948ba6074021,pool12nz4esgsex6zdq9q0208gw9zkdrt3f42rrkefzaxqaqzzlwjku7,226,https://koios.tosidrop.me/api/v1/pool_updates,2026-05-19T23:10:03+00:00
54e2ca1629ae284dec65686eb740820338166e597d4418c037f23d4c,pool12n3v593f4c5ymmr9dphtwsyzqvupvmje04zp3sph7g75cyl3q5c,401,https://koios.tosidrop.me/api/v1/pool_updates,2026-05-19T23:10:03+00:00
54e85031e5655b9f63cf8dbbe3136a4203d2d1efc4dd05d32cdfa0bd,pool12n59qv09v4de7c703ka7xym2ggpa9500cnwst5evm7st6anvaj4,216,https://koios.tosidrop.me/api/v1/pool_updates,2026-05-19T23:10:03+00:00
54f5f2618a3da4bb0b384895d8f3922189acbb8e9637201ebb26bc18,pool12n6lycv28kjtkzecfz2a3uujyxy6ewuwjcmjq84my67psqmgagv,531,https://koios.tosidrop.me/api/v1/pool_updates,2026-05-19T23:10:03+00:00
5514fe0fefd18e1bb215c3a3cad254d6c480799fbde3c5858d9fad8f,pool12520url06x8phvs4cw3u45j56mzgq7vlhh3utpvdn7kc7n8hayr,275,https://koios.tosidrop.me/api/v1/pool_updates,2026-05-19T23:10:03+00:00
551ac8adfb28d1d417f848ce663e85627ff7d0b62746c7e327b13ed8,pool125dv3t0m9rgag9lcfr8xv059vfll059kyarv0ce8kyldsamx47m,388,https://koios.tosidrop.me/api/v1/pool_updates,2026-05-19T23:10:03+00:00
552ae2e999e5d5c9a5c68b62b07be8bf7c5363cdc662a99c76fa38b8,pool1254w96veuh2unfwx3d3tq7lgha79xc7dce32n8rklgutsjmrthz,240,https://koios.tosidrop.me/api/v1/pool_updates,2026-05-19T23:10:03+00:00
55362695bb37ecc43d114f1df2e8666d65b15fbef34b964f2bfb45fd,pool125mzd9dmxlkvg0g3fuwl96rxd4jmzha77d9evnetldzl66lvpvz,337,https://koios.tosidrop.me/api/v1/pool_updates,2026-05-19T23:10:03+00:00
553d6eaffc63f43828570d6e8b3955491e0b9bc3e3d8ff5634745389,pool1257katluv06rs2zhp4hgkw24fy0qhx7ru0v07435w3fcjskqp4s,378,https://koios.tosidrop.me/api/v1/pool_updates,2026-05-19T23:10:03+00:00
553d6eaffc63f43828570d6e8b3955491e0b9bc3e3d8ff5634745389,pool1257katluv06rs2zhp4hgkw24fy0qhx7ru0v07435w3fcjskqp4s,379,https://koios.tosidrop.me/api/v1/pool_updates,2026-05-19T23:10:03+00:00
55812682f7fd4f48180681de44ccea4a3d76bcf3f6cf4a00c9047421,pool12kqjdqhhl485sxqxs80yfn82fg7hd08n7m855qxfq36zzk3zppl,209,https://koios.tosidrop.me/api/v1/pool_updates,2026-05-19T23:10:03+00:00
558adc3953efcd4b567d62078e73e4dc698ac86ae80035312bd627f6,pool12k9dcw2nalx5k4navgrcuulym35c4jr2aqqr2vft6cnlvxh5rye,539,https://koios.tosidrop.me/api/v1/pool_updates,2026-05-19T23:10:03+00:00
55964de467de1dcc3c672df37289b509729891e8f997a1a8f02eb03c,pool12ktymer8mcwuc0r89heh9zd4p9ef3y0glxt6r28s96crccm6xnn,214,https://koios.tosidrop.me/api/v1/pool_updates,2026-05-19T23:10:03+00:00
55bb59472b2bdcd3a52e257c1610368f8993d3cbdbcb96e8ea1381e6,pool12ka4j3et90wd8ffwy47pvypk37ye857tm09ed682zwq7vtetztu,240,https://koios.tosidrop.me/api/v1/pool_updates,2026-05-19T23:10:03+00:00
55d13e4bc12b27a66be24b006bad3e91afd1d249d98ddebb7140e714,pool12hgnuj7p9vn6v6lzfvqxhtf7jxhar5jfmxxaawm3grn3g4lq065,263,https://koios.tosidrop.me/api/v1/pool_updates,2026-05-19T23:10:03+00:00
55e86276c0040f1bdd9d9801274564fd9b927ae98b8843a06ba3718d,pool12h5xyakqqs83hhvanqqjw3tylkdey7hf3wyy8grt5dcc683g0a2,344,https://koios.tosidrop.me/api/v1/pool_updates,2026-05-19T23:10:03+00:00
55ef56b00435fec8ff85dd88c0ce16df755526511323039bfde555db,pool12hh4dvqyxhlv3lu9mkyvpnskma642fj3zv3s8xlau42ak9m60hf,307,https://koios.tosidrop.me/api/v1/pool_updates,2026-05-19T23:10:03+00:00
55f517ab5c01bd161e2292dc74bfcb98141da3521e5bb07c92694ab9,pool12h63026uqx73v83zjtw8f07tnq2pmg6jredmqlyjd99tjdlal4w,344,https://koios.tosidrop.me/api/v1/pool_updates,2026-05-19T23:10:03+00:00
55f76e0156b8ddd00ab5ef65d705f32ab6125a33be4c8e49a532f910,pool12hmkuq2khrwaqz44aajawp0n92mpyk3nhexgujd9xtu3q4exnau,291,https://koios.tosidrop.me/api/v1/pool_updates,2026-05-19T23:10:03+00:00
5606dd286691c8323217da1d630bbee6e3cbf48173659cfca7fcec9a,pool12crd62rxj8yryvshmgwkxza7um3uhaypwdjeel98lnkf529qdw5,338,https://koios.tosidrop.me/api/v1/pool_updates,2026-05-19T23:10:03+00:00
5607a51436a8430c16be6978b543c363bad351ebb7f13012f17e8cc2,pool12cr629pk4ppsc947d9ut2s7rvwadx50tklcnqyh306xvyz6tq42,216,https://koios.tosidrop.me/api/v1/pool_updates,2026-05-19T23:10:03+00:00
5607a51436a8430c16be6978b543c363bad351ebb7f13012f17e8cc2,pool12cr629pk4ppsc947d9ut2s7rvwadx50tklcnqyh306xvyz6tq42,218,https://koios.tosidrop.me/api/v1/pool_updates,2026-05-19T23:10:03+00:00
5642f146ea05d38dc3febfbed0a135c265fe0cac2fc0ef9cd273620b,pool12ep0z3h2qhfcmsl7h7ldpgf4cfjlur9v9lqwl8xjwd3qked73f5,364,https://koios.tosidrop.me/api/v1/pool_updates,2026-05-19T23:10:03+00:00
564acaa1cf750a1c89ebb65c26986af16a9c1c1faa9ad8abf3f79088,pool12e9v4gw0w59pez0tkewzdxr2794fc8ql42dd32ln77ggssl9nq0,223,https://koios.tosidrop.me/api/v1/pool_updates,2026-05-19T23:10:03+00:00
56553cb0fcca695abbb710ab06b3137bcd798f46abc326f6b96fffc4,pool12e2nev8uef544wahzz4sdvcn00xhnr6x40pjda4edllugl4lktn,298,https://koios.tosidrop.me/api/v1/pool_updates,2026-05-19T23:10:03+00:00
565f63bbfd9a21853f4561abeee1ee2f05468f81c337002021765cb3,pool12e0k8wlangsc2069vx47ac0w9uz5drupcvmsqgppwewtx6dzmxd,255,https://koios.tosidrop.me/api/v1/pool_updates,2026-05-19T23:10:03+00:00
566eb6f2974a521c8105d1d0b08313933d7726515c2e6c38ff447cb0,pool12ehtdu5hfffpeqg968gtpqcnjv7hwfj3tshxcw8lg37tqcquhaq,397,https://koios.tosidrop.me/api/v1/pool_updates,2026-05-19T23:10:03+00:00
56714893c8eab56c28be590504c29529bf4f086c515e3ec3dd75489f,pool12ec53y7ga26kc297tyzsfs549xl57zrv290ras7aw4yf786mle5,275,https://koios.tosidrop.me/api/v1/pool_updates,2026-05-19T23:10:03+00:00
5677fab89e35cbc000bf68d7c8f8c0c8641e8a97c80f090e296b5b2f,pool12eml4wy7xh9uqq9ldrtu37xqepjpaz5heq8sjr3fdddj7h9j00t,289,https://koios.tosidrop.me/api/v1/pool_updates,2026-05-19T23:10:03+00:00
5687ecfeaf19ed1a7ec20a9332ff80c8ad6fc5ace97cfb7276d256a2,pool126r7el40r8k35lkzp2fn9luqezkkl3dva970kunk6ft2ycsmp2t,212,https://koios.tosidrop.me/api/v1/pool_updates,2026-05-19T23:10:03+00:00
56941db5d98b2c3d650d8247056bdd0ba9aae6be60924d27a7c629f7,pool1262pmdwe3vkr6egdsfrs267apw564e47vzfy6fa8cc5lwq387wm,261,https://koios.tosidrop.me/api/v1/pool_updates,2026-05-19T23:10:03+00:00
5694bb13ac6c404f9bfbefc41cbf956df315c44c6648f39dd43e4368,pool1262tkyavd3qylxlmalzpe0u4dhe3t3zvvey088w58epksevpj2k,303,https://koios.tosidrop.me/api/v1/pool_updates,2026-05-19T23:10:03+00:00
56982230cd75d836624305ae87e2b238728e9cfa73bc043dbd6eb722,pool126vzyvxdwhvrvcjrqkhg0c4j8pega886ww7qg0dad6mjy73pe2k,559,https://koios.tosidrop.me/api/v1/pool_updates,2026-05-19T23:10:03+00:00
56b8ba4a80151c87961230e5c46e570121f47765c125eeabd4214bfd,pool126ut5j5qz5wg09sjxrjugmjhqyslgam9cyj7a275y99l6n3gql0,251,https://koios.tosidrop.me/api/v1/pool_updates,2026-05-19T23:10:03+00:00
56ba9fbae781524086ac0d798ffbdffc0bb767cb2fb34a021d36f206,pool126aflwh8s9fypp4vp4ucl77lls9mwe7t97e55qsaxmeqvygpszj,332,https://koios.tosidrop.me/api/v1/pool_updates,2026-05-19T23:10:03+00:00
56df4a97d46f5fa337f0954e17c5ae3d5a98f3370de20ffc294863e3,pool12m054975da06xdlsj48p03dw84df3uehph3qllpffp37xgzdxav,384,https://koios.tosidrop.me/api/v1/pool_updates,2026-05-19T23:10:03+00:00
56f8839adfff7f7f62de80d1c297d4eb1916738900e91af7038bd4fb,pool12mug8xkllalh7ck7srgu9975avv3vuufqr534acr3020kzcn8gy,382,https://koios.tosidrop.me/api/v1/pool_updates,2026-05-19T23:10:03+00:00
5707e4254180d481a4f1e690be0c2c54b3a618051d907df7e4434c0b,pool12ur7gf2psr2grf83u6gturpv2je6vxq9rkg8malygdxqkwnqc5h,385,https://koios.tosidrop.me/api/v1/pool_updates,2026-05-19T23:10:03+00:00
571082807a8c8363d3193290924e07f366e5ab3d604107e6663ec130,pool12ugg9qr63jpk85cex2gfyns87dnwt2eavpqs0enx8mqnqdjgyrt,300,https://koios.tosidrop.me/api/v1/pool_updates,2026-05-19T23:10:03+00:00
573956faa9e2fcab759efacc93f17e716e2c91567e72f11465526379,pool12uu4d74fut72kav7ltxf8ut7w9hzey2k0ee0z9r92f3hjpw73ay,483,https://koios.tosidrop.me/api/v1/pool_updates,2026-05-19T23:10:03+00:00
5743eadfe603697cc90475d453db2c167620755db8b4da4951f17211,pool12ap74hlxqd5hejgywh298kevzemzqa2ahz6d5j2379epzsf008m,309,https://koios.tosidrop.me/api/v1/pool_updates,2026-05-19T23:10:03+00:00
576c1b8f96d9bd504aa9d3a271fe65a3667ebb5fdb7b0c596c561e57,pool12akphrukmx74qj4f6w38rln95dn8aw6lmdascktv2c09w0srxw0,232,https://koios.tosidrop.me/api/v1/pool_updates,2026-05-19T23:10:03+00:00
576e0390ac54e3751afdaa8aa256f41b84a6324006f23991f6fdefb7,pool12ahq8y9v2n3h2xha4292y4h5rwz2vvjqqmerny0klhhmwn54aq8,347,https://koios.tosidrop.me/api/v1/pool_updates,2026-05-19T23:10:03+00:00
57862f850b669a910d66afff6b080de6385c32cf268ce05b932b9bde,pool127rzlpgtv6dfzrtx4llkkzqducu9cvk0y6xwqkun9wdaucxdmwn,408,https://koios.tosidrop.me/api/v1/pool_updates,2026-05-19T23:10:03+00:00
57b96e4bba415642e43182dad6b706986702b687d427b2c8ad67ba4f,pool127ukuja6g9ty9ep3stddddcxnpns9d586snm9j9dv7ay7z8qvzp,319,https://koios.tosidrop.me/api/v1/pool_updates,2026-05-19T23:10:03+00:00
57e114f88c748ff328bf3272165a9f593bfd4346d5f03344c00a4273,pool12ls3f7yvwj8lx29lxfepvk5ltyal6s6x6hcrx3xqpfp8xxmtwg9,389,https://koios.tosidrop.me/api/v1/pool_updates,2026-05-19T23:10:03+00:00
57f5b9353079d7441414e62c7dbaaa20cff50ec6b2b560fe580d42fe,pool12l6mjdfs08t5g9q5uck8mw42yr8l2rkxk26kpljcp4p0u9zz9v7,444,https://koios.tosidrop.me/api/v1/pool_updates,2026-05-19T23:10:03+00:00
57f6917153d55a65b2340d3bba82e2b1b35e1b033653a8893c27d8e1,pool12lmfzu2n64dxtv35p5am4qhzkxe4uxcrxef63zfuylvwzly3zm4,429,https://koios.tosidrop.me/api/v1/pool_updates,2026-05-19T23:10:03+00:00
57ff19460990690bc6a2edfae4dbaaa56ce2fedbcec9b37334d33a1c,pool12ll3j3sfjp5sh34zahawfka254kw9lkmemymxue56vapcmwafu8,322,https://koios.tosidrop.me/api/v1/pool_updates,2026-05-19T23:10:03+00:00
5805a77fe71062313d5211f7f86b737543d2d9d65f0b4f68a1d6b198,pool1tqz6wll8zp3rz02jz8mls6mnw4pa9kwktu95769p66cesh8xmqp,264,https://koios.tosidrop.me/api/v1/pool_updates,2026-05-19T23:10:03+00:00
582d833069ed6fc3835b73167082ffc91ad922746cc74611e5881280,pool1tqkcxvrfa4hu8q6mwvt8pqhleyddjgn5dnr5vy093qfgqnffexc,308,https://koios.tosidrop.me/api/v1/pool_updates,2026-05-19T23:10:03+00:00
583a990a405650be6b1c0128a69f8b9b82fda3c2870adfbd1e0aef1a,pool1tqafjzjq2egtu6cuqy52d8utnwp0mg7zsu9dl0g7pth35pvskz3,486,https://koios.tosidrop.me/api/v1/pool_updates,2026-05-19T23:10:03+00:00
5855b25e5e0a7a19c9c30a8dd377becf074cbe7795b87d658775abe4,pool1tp2myhj7pfapnjwrp2xaxaa7eur5e0nhjku86ev8wk47g2s9ukc,272,https://koios.tosidrop.me/api/v1/pool_updates,2026-05-19T23:10:03+00:00
588b679644fee76f545eab14b89eb0da4811fb0e08990a41aa7523e7,pool1tz9k09jylmnk74z74v2t384smfypr7cwpzvs5sd2w537wu5jlrk,221,https://koios.tosidrop.me/api/v1/pool_updates,2026-05-19T23:10:03+00:00
588b679644fee76f545eab14b89eb0da4811fb0e08990a41aa7523e7,pool1tz9k09jylmnk74z74v2t384smfypr7cwpzvs5sd2w537wu5jlrk,277,https://koios.tosidrop.me/api/v1/pool_updates,2026-05-19T23:10:03+00:00
58920efd533bc451664937d03c14176b0693a1800326933f3abbc6e8,pool1tzfqal2n80z9zejfxlgrc9qhdvrf8gvqqvnfx0e6h0rws4gqyxj,470,https://koios.tosidrop.me/api/v1/pool_updates,2026-05-19T23:10:03+00:00
58b5c7e14957e2f32e988440b0e353ff939dc1597f5c8a4674b53d47,pool1tz6u0c2f2l30xt5cs3qtpc6nl7fems2e0awg53n5k575w9x5auy,334,https://koios.tosidrop.me/api/v1/pool_updates,2026-05-19T23:10:03+00:00
58ddb4ec6839d4e3b69b733a95d17b76ab44e8fd939bb7af183fc73a,pool1trwmfmrg882w8d5mwvaft5tmw645f68ajwdm0tcc8lrn5xcmy9j,232,https://koios.tosidrop.me/api/v1/pool_updates,2026-05-19T23:10:03+00:00
58f356d69e115c172a18b20a720f1108791235aff7757a448c037de1,pool1tre4d457z9wpw2sckg98yrc3ppu3ydd07a6h53yvqd77z4h3yh5,269,https://koios.tosidrop.me/api/v1/pool_updates,2026-05-19T23:10:03+00:00
590a6b0c770c7937343a8093bcf0ac40a7e0592c07f230fa45df0f83,pool1ty9xkrrhp3unwdp6szfmeu9vgzn7qkfvqlerp7j9mu8cxl4rsnl,485,https://koios.tosidrop.me/api/v1/pool_updates,2026-05-19T23:10:03+00:00
5922daef4131f5384773c5c08ddb550e712f6427480a74a5be49a987,pool1ty3d4m6px86ns3mnchqgmk64pecj7ep8fq98ffd7fx5cwgpma70,340,https://koios.tosidrop.me/api/v1/pool_updates,2026-05-19T23:10:03+00:00
59239a40488fab7b31797465d3fa77f15a0cf765c81145edc297c925,pool1ty3e5szg374hkvtew3ja87nh79dqeam9eqg5tmwzjlyj2kx2qr6,268,https://koios.tosidrop.me/api/v1/pool_updates,2026-05-19T23:10:03+00:00
596a06cadce501b584dcfc8738324dc2d097c07a62791ae410c897d9,pool1t94qdjkuu5qmtpxuljrnsvjdctgf0sr6vfu34eqseztajsxhsw8,528,https://koios.tosidrop.me/api/v1/pool_updates,2026-05-19T23:10:03+00:00
597b1eecc6fc0f06cfa4622b02604aae55adb0634036f5c3f63533ef,pool1t9a3amxxls8sdnayvg4sycz24e26mvrrgqm0tslkx5e77he89f5,528,https://koios.tosidrop.me/api/v1/pool_updates,2026-05-19T23:10:03+00:00
597cbfdfbfd88ddf1d55afe46eba40fdccf1a39b315e025a226e53c5,pool1t97tlhalmzxa78244ljxawjqlhx0rgumx90qyk3zdefu25k2p0s,298,https://koios.tosidrop.me/api/v1/pool_updates,2026-05-19T23:10:03+00:00
598857fb68d8c13616657b11813866cb07918c34632f150994e82094,pool1txy907mgmrqnv9n90vgczwrxevrerrp5vvh32zv5aqsfg7vwkq5,310,https://koios.tosidrop.me/api/v1/pool_updates,2026-05-19T23:10:03+00:00
598fc7f0a2108f952d6ee96939e7a8ecc290b69ebf62c6c0986c8e20,pool1tx8u0u9zzz8e2ttwa95nneaganpfpd57ha3vdsycdj8zq2xe7kx,344,https://koios.tosidrop.me/api/v1/pool_updates,2026-05-19T23:10:03+00:00
599597342dcd3f6d188746698e1ee38c0523daaab650332a06fbab34,pool1tx2ewdpde5lk6xy8ge5cu8hr3szj8k42kegrx2sxlw4ngaspfrz,306,https://koios.tosidrop.me/api/v1/pool_updates,2026-05-19T23:10:03+00:00
5996054d52ca51e1825d57e1a28138f2ed957fe5330cd8b5d28af098,pool1txtq2n2jefg7rqja2ls69qfc7tke2ll9xvxd3dwj3tcfstmjgsu,209,https://koios.tosidrop.me/api/v1/pool_updates,2026-05-19T23:10:03+00:00
599b872f42ab78df0429d1aebfe2d0a81676e50ba23097a532912b46,pool1txdcwt6z4dud7ppf6xhtlcks4qt8degt5gcf0ffjjy45v7jzkcx,237,https://koios.tosidrop.me/api/v1/pool_updates,2026-05-19T23:10:03+00:00
59a5636fc0427e6eeb3cf23016fce0e749b2f4a3f0f589d6caa10f05,pool1txjkxm7qgflxa6eu7gcpdl8quaym9a9r7r6cn4k25y8s2p7z8h0,517,https://koios.tosidrop.me/api/v1/pool_updates,2026-05-19T23:10:03+00:00
59b0aa4add4f54bed1db4ad7521401f29be75466a4c15af776de1a08,pool1txc25jkafa2ta5wmftt4y9qp72d7w4rx5nq44amkmcdqs3xa5xn,339,https://koios.tosidrop.me/api/v1/pool_updates,2026-05-19T23:10:03+00:00
59b59f232e80f18ce64e0f74560effbf49a3e95ddf6d079681db8b23,pool1tx6e7gewsrcceejwpa69vrhlhay6862amaks095pmw9jxulwhvx,525,https://koios.tosidrop.me/api/v1/pool_updates,2026-05-19T23:10:03+00:00
5a0af5c80ed8456b182c81e63fc6278a0b3e6e0189de3143730e9aa9,pool1tg90tjqwmpzkkxpvs8nrl3383g9numsp380rzsmnp6d2jv525le,330,https://koios.tosidrop.me/api/v1/pool_updates,2026-05-19T23:10:03+00:00
5a131378c81056fe099c55326bc3f10c0431906695f443a623aa48b0,pool1tgf3x7xgzpt0uzvu25exhsl3pszrryrxjh6y8f3r4fytqfkyxuv,510,https://koios.tosidrop.me/api/v1/pool_updates,2026-05-19T23:10:03+00:00
5a1d03356f7732b3bc71e9b1d1f2f1ca88e542bf013dbc7bed086c29,pool1tgwsxdt0wuet80r3axcaruh3e2yw2s4lqy7mc7ldppkzj3skpw9,411,https://koios.tosidrop.me/api/v1/pool_updates,2026-05-19T23:10:03+00:00
5a272ee0f96ef8f0ad0209b11fa2812f9eedbc68ed303367fc50bcfb,pool1tgnjac8edmu0ptgzpxc3lg5p970wm0rga5crxelu2z70kjj6vpr,411,https://koios.tosidrop.me/api/v1/pool_updates,2026-05-19T23:10:03+00:00
5a7829b1b10dace5974070b8360b698d448e2dfc17425c4616078355,pool1tfuznvd3pkkwt96qwzurvzmf34zgut0uzap9c3skq7p4262stsx,292,https://koios.tosidrop.me/api/v1/pool_updates,2026-05-19T23:10:03+00:00
5a826fb58a47e67431ea545a3bd12bbe799463e08d1c6f4791e5d401,pool1t2pxldv2gln8gv0223drh5ftheuegclq35wx73u3uh2qzthtrnp,369,https://koios.tosidrop.me/api/v1/pool_updates,2026-05-19T23:10:03+00:00
5aa40cb68649ff7b406090e03322e326ed0a7b38be53074e6bb6a37c,pool1t2jqed5xf8lhksrqjrsrxghrymks57echefswnntk63hcmn5avy,266,https://koios.tosidrop.me/api/v1/pool_updates,2026-05-19T23:10:03+00:00
5acb298631df3b460a636ecff975400ca7dd9dcffdcc53aa10964ccd,pool1tt9jnp33mua5vznrdm8lja2qpjnam8w0lhx982ssjexv64rm8fr,421,https://koios.tosidrop.me/api/v1/pool_updates,2026-05-19T23:10:03+00:00
5accb407fb2299e59614d237131af021b3a3d8267b391e2d707c42ab,pool1ttxtgplmy2v7t9s56gm3xxhsyxe68kpx0vu3utts03p2k4x3avl,350,https://koios.tosidrop.me/api/v1/pool_updates,2026-05-19T23:10:03+00:00
5accb407fb2299e59614d237131af021b3a3d8267b391e2d707c42ab,pool1ttxtgplmy2v7t9s56gm3xxhsyxe68kpx0vu3utts03p2k4x3avl,352,https://koios.tosidrop.me/api/v1/pool_updates,2026-05-19T23:10:03+00:00
5af49166ef151b32b1309c53ff5783d496c716504a94fe77b544ab7f,pool1tt6fzeh0z5dn9vfsn3fl74ur6jtvw9jsf220uaa4gj4h7fwufve,400,https://koios.tosidrop.me/api/v1/pool_updates,2026-05-19T23:10:03+00:00
5b0f169af28ad3081982499878bec888e848139b27c86ff517c9161c,pool1tv83dxhj3tfssxvzfxv830kg3r5ysyumylyxlagheytpcdsyu2m,258,https://koios.tosidrop.me/api/v1/pool_updates,2026-05-19T23:10:03+00:00
5b2574d1df85f3be2205a92bad1d75ebc21c4a8b2c3c65309ed52bd1,pool1tvjhf5wlshemugs94y4668t4a0ppcj5t9s7x2vy7654azm79hwr,261,https://koios.tosidrop.me/api/v1/pool_updates,2026-05-19T23:10:03+00:00
5b5aeaa881036e31825784f881143def97c4b06b723123a90ad8c009,pool1tddw42ypqdhrrqjhsnugz9paa7tufvrtwgcj82g2mrqqjkfxa42,216,https://koios.tosidrop.me/api/v1/pool_updates,2026-05-19T23:10:03+00:00
5b6524492e17cf554c620fec9eda55278957bdf869da6da8525fc72e,pool1tdjjgjfwzl842nrzplkfakj4y7y4000cd8dxm2zjtlrjugt2aac,298,https://koios.tosidrop.me/api/v1/pool_updates,2026-05-19T23:10:03+00:00
5b6524492e17cf554c620fec9eda55278957bdf869da6da8525fc72e,pool1tdjjgjfwzl842nrzplkfakj4y7y4000cd8dxm2zjtlrjugt2aac,301,https://koios.tosidrop.me/api/v1/pool_updates,2026-05-19T23:10:03+00:00
5b7dc17e844b627768ea06bb09d9b70927f748fc5d933b79f3e4266c,pool1td7uzl5yfd38w682q6asnkdhpynlwj8utkfnk70nusnxck2acmh,214,https://koios.tosidrop.me/api/v1/pool_updates,2026-05-19T23:10:03+00:00
5b9705e3ae78d383ec1fb54215ebceb52790586efb1b0f1f24183b52,pool1twtstcaw0rfc8mqlk4ppt67wk5neqkrwlvds78eyrqa4y2fxwkn,262,https://koios.tosidrop.me/api/v1/pool_updates,2026-05-19T23:10:03+00:00
5ba20a27f1f3423a334563495607259c0641c0b0cb0e5e44611e7e56,pool1tw3q5fl37dpr5v69vdy4vpe9nsryrs9sev89u3rprel9v9vf8fn,430,https://koios.tosidrop.me/api/v1/pool_updates,2026-05-19T23:10:03+00:00
5baf12689b27cc17aad742838886b455012cc3212e294cba7fbd1721,pool1twh3y6ymylxp02khg2pc3p4525qjesep9c55ewnlh5tjz7ns6a4,222,https://koios.tosidrop.me/api/v1/pool_updates,2026-05-19T23:10:03+00:00
5bc677373fc02147e108ed81304a02d242e535a74d5e9109275cb406,pool1t0r8wdelcqs50cggakqnqjsz6fpw2dd8f40fzzf8tj6qvtlvfet,352,https://koios.tosidrop.me/api/v1/pool_updates,2026-05-19T23:10:03+00:00
5bd7739aafae76f0463c958dcfe5271e6779af5640bc98662a9eb7a2,pool1t0th8x404em0q33ujkxulef8renhnt6kgz7fse32n6m6yedgdv6,277,https://koios.tosidrop.me/api/v1/pool_updates,2026-05-19T23:10:03+00:00
5be57ce6d1225697f4ad4090355f0a72d6e1e2446d1d768f36aa118c,pool1t0jheek3yftf0a9dgzgr2hc2wttwrcjyd5whdrek4ggcc5famre,406,https://koios.tosidrop.me/api/v1/pool_updates,2026-05-19T23:10:03+00:00
5be6b61c5024b95d1f0188dc555e8e27c700691cc84c717ca4708658,pool1t0ntv8zsyju468cp3rw92h5wylrsq6guepx8zl9ywzr9ss8t6xc,269,https://koios.tosidrop.me/api/v1/pool_updates,2026-05-19T23:10:03+00:00
5bf88e8187707c8c086b548dbe53d3979fd41233e1dad2f49dfc9c6e,pool1t0ugaqv8wp7gczrt2jxmu57nj70agy3nu8dd9ayaljwxu45hfh8,343,https://koios.tosidrop.me/api/v1/pool_updates,2026-05-19T23:10:03+00:00
5c184a0e4337d651c0bf47556c09e727a25e00cc03f31580b53ee8f7,pool1tsvy5rjrxlt9rs9lga2kcz08y739uqxvq0e3tq948m50w9h0j3w,298,https://koios.tosidrop.me/api/v1/pool_updates,2026-05-19T23:10:03+00:00
5c20e0cab3ca2af2c23f917bdebe4fece22d82edc6b9bfa2792b956d,pool1tsswpj4neg409s3lj9aaa0j0an3zmqhdc6umlgne9w2k6qt2vv6,271,https://koios.tosidrop.me/api/v1/pool_updates,2026-05-19T23:10:03+00:00
5c34ebb378c5dde51d587c12b165ed45fa1680e4972afa0992277057,pool1ts6whvmcchw7282c0sftze0dghapdq8yju405zvjyac9w5e4eu2,276,https://koios.tosidrop.me/api/v1/pool_updates,2026-05-19T23:10:03+00:00
5c35c3c09f0ed0069b0cfe229bb475b2e8ed8a99462e78b16bd0dce7,pool1ts6u8sylpmgqdxcvlc3fhdr4kt5wmz5egch83vtt6rwwwyxtuym,354,https://koios.tosidrop.me/api/v1/pool_updates,2026-05-19T23:10:03+00:00
5c474099212687627f33beaadc563c9e20d68cc15669468d411335a1,pool1t3r5pxfpy6rkylenh64dc43uncsddrxp2e55dr2pzv66zh5hp6f,447,https://koios.tosidrop.me/api/v1/pool_updates,2026-05-19T23:10:03+00:00
5c509eb80b85bb3c2b80be62d6eb3814dcdcf762c1d2ca2446a6e4c9,pool1t3gfawqtskanc2uqhe3dd6ecznwdeamzc8fv5fzx5mjvj07rzl8,236,https://koios.tosidrop.me/api/v1/pool_updates,2026-05-19T23:10:03+00:00
5c68942545dde3c1f2eba94f12c7c95e3a8fe283eaf54bab70b8d3f0,pool1t35fgf29mh3uruht4983937ftcaglc5rat65h2mshrflqt0g5rm,266,https://koios.tosidrop.me/api/v1/pool_updates,2026-05-19T23:10:03+00:00
5c83181bf753299cdf5ee2f654fc68ece2add493cefc06eec3483b39,pool1tjp3sxlh2v5eeh67utm9flrgan32m4ynem7qdmkrfqanjcgut2e,348,https://koios.tosidrop.me/api/v1/pool_updates,2026-05-19T23:10:03+00:00
5cabdbc4c7ff95b2dd95c6e775f18cc7bba77300a10fec5c68f8fa5c,pool1tj4ah3x8l72m9hv4cmnhtuvvc7a6wucq5y87chrglra9caq9776,309,https://koios.tosidrop.me/api/v1/pool_updates,2026-05-19T23:10:03+00:00
5cad6e01a655c94c349e613bb9902347c9fc0a8a7e8596258bc28fb3,pool1tjkkuqdx2hy5cdy7vyamnyprglylcz5206zevfvtc28mx8nvsw4,470,https://koios.tosidrop.me/api/v1/pool_updates,2026-05-19T23:10:03+00:00
5cb2ce37f37de75bb9ce2e840a36601d20f5c39561d4fc4b3b40cde9,pool1tjevudln0hn4hwww96zq5dnqr5s0tsu4v820cjemgrx7jw7ukpr,300,https://koios.tosidrop.me/api/v1/pool_updates,2026-05-19T23:10:03+00:00
5cbc678f78028cfa1996d3a02a4e254f9eb1c4035d5d1a3d88208359,pool1tj7x0rmcq2x05xvk6wsz5n39f70tr3qrt4w350vgyzp4jckdyn9,442,https://koios.tosidrop.me/api/v1/pool_updates,2026-05-19T23:10:03+00:00
5cc2fb3be8e6be7fa5d0433fbfa501f6913dc2078a4fd16a6114b2a1,pool1tnp0kwlgu6l8lfwsgvlmlfgp76gnmss83f8az6npzje2zy9s2h6,312,https://koios.tosidrop.me/api/v1/pool_updates,2026-05-19T23:10:03+00:00
5cd2d541b05ee59b99cf4b6262bb0ff17d4369f0e54c161653bc3bb5,pool1tnfd2sdstmjehxw0fd3x9wc07975x60su4xpv9jnhsam2cf64np,297,https://koios.tosidrop.me/api/v1/pool_updates,2026-05-19T23:10:03+00:00
5cf6dd741a1ce3859000038f8833f467c13c1a297741638e0686c13a,pool1tnmd6aq6rn3ctyqqqw8csvl5vlqncx3fwaqk8rsxsmqn5v9e28n,571,https://koios.tosidrop.me/api/v1/pool_updates,2026-05-19T23:10:03+00:00
5d2d3acb3309396cec6dee70da6e2e59ea18a722de2fd7a667895b97,pool1t5kn4jenpyukemrdaecd5m3wt84p3fezmcha0fn839dewga3ejc,282,https://koios.tosidrop.me/api/v1/pool_updates,2026-05-19T23:10:03+00:00
5d62499fd09b7f27508bff47132fbed8c64fad19642efc52c50f4736,pool1t43yn87sndljw5ytlar3xta7mrryltgevsh0c5k9parnvn4x33u,261,https://koios.tosidrop.me/api/v1/pool_updates,2026-05-19T23:10:03+00:00
5d62692ce6786a558fd774671d3c6c817741b429fa7dadcbd7b2725d,pool1t43xjt8x0p49tr7hw3n360rvs9m5rdpflf76mj7hkfe964tsrlu,534,https://koios.tosidrop.me/api/v1/pool_updates,2026-05-19T23:10:03+00:00
5d948bcf21d76a03d72f4605a2dba90ec00cf6200ec799cf414bac22,pool1tk2ghnep6a4q84e0gcz69kafpmqqea3qpmrenn6pfwkzyn3sul5,247,https://koios.tosidrop.me/api/v1/pool_updates,2026-05-19T23:10:03+00:00
5db8a93c814f29fa4dfc9f60038b1cfbaac345eb51366a8072a9e3e6,pool1tku2j0ypfu5l5n0unasq8zculw4vx30t2ymx4qrj4837v8tdtak,288,https://koios.tosidrop.me/api/v1/pool_updates,2026-05-19T23:10:03+00:00
5dc1f763f14baaabc8d14aa9c0717e8d4662e4d16b2e10095d7ec78b,pool1thqlwcl3fw42hjx3f25uqut734rx9ex3dvhpqz2a0mrckg0c23j,456,https://koios.tosidrop.me/api/v1/pool_updates,2026-05-19T23:10:03+00:00
5dc33569270c6653b00eef26690f518cf52dddfbf277923741f602dd,pool1thpn26f8p3n98vqwaunxjr633n6jmh0m7fmeyd6p7cpd632889g,266,https://koios.tosidrop.me/api/v1/pool_updates,2026-05-19T23:10:03+00:00
5de05b6e0c8d54190544abf882abf9f5fdaebb35f17f85cd88e3e1a2,pool1ths9kmsv342pjp2y40ug92le7h76awe479lctnvgu0s6ywm2mge,301,https://koios.tosidrop.me/api/v1/pool_updates,2026-05-19T23:10:03+00:00
5de618253bb7211840151048795414828d8c7de3fb0e42d20b72e86e,pool1thnpsffmkus3ssq4zpy8j4q5s2xccl0rlv8y95stwt5xu8msyq6,224,https://koios.tosidrop.me/api/v1/pool_updates,2026-05-19T23:10:03+00:00
5df64b8b862958b216f5253cd4e35b93b877cfbe2b8808c563c54510,pool1thmyhzux99vty9h4y57dfc6mjwu80na79wyq33trc4z3qem7luu,213,https://koios.tosidrop.me/api/v1/pool_updates,2026-05-19T23:10:03+00:00
5df6a6fb237e47e31bc8e70d0e1d48f3c83c2201864616fa973f7877,pool1thm2d7er0er7xx7guuxsu82g70yrcgspserpd75h8au8wl2fmtv,248,https://koios.tosidrop.me/api/v1/pool_updates,2026-05-19T23:10:03+00:00
5e14b70b4bcf267bd6ad96d8c695b99f7c39227b37316160f2f7a5f1,pool1tc2twz6teun8h44djmvvd9dena7rjgnmxuckzc8j77jlzat88q5,420,https://koios.tosidrop.me/api/v1/pool_updates,2026-05-19T23:10:03+00:00
5e1c0f2519b2ea005de5c418568a3323d7a2dddb2dc1e6a39d88cd02,pool1tcwq7fgekt4qqh09csv9dz3ny0t69hwm9hq7dgua3rxsyk0d9ce,353,https://koios.tosidrop.me/api/v1/pool_updates,2026-05-19T23:10:03+00:00
5e1e8add666098850a985512905098e5a65bcaf1cfe8d113daf0baa4,pool1tc0g4htxvzvg2z5c25ffq5ycukn9hjh3el5dzy767za2gukckee,419,https://koios.tosidrop.me/api/v1/pool_updates,2026-05-19T23:10:03+00:00
5e333f3a0fd5a77c3a893eedd7a36b2be6be21cc7706a99cd543bf90,pool1tcen7ws06knhcw5f8mka0gmt90ntugwvwur2n8x4gwleqqu4u2h,437,https://koios.tosidrop.me/api/v1/pool_updates,2026-05-19T23:10:03+00:00
5e38048e312083703930494c5b5b9ab46669ecb83039840c58088685,pool1tcuqfr33yzphqwfsf9x9kku6k3nxnm9cxqucgrzcpzrg2gca9rn,255,https://koios.tosidrop.me/api/v1/pool_updates,2026-05-19T23:10:03+00:00
5e421c3bb8083c5ee95fe3a15974c0ddcd46181cf3f51d2b25274e77,pool1teppcwacpq79a62luws4jaxqmhx5vxqu706362e9ya88wjwj5xx,555,https://koios.tosidrop.me/api/v1/pool_updates,2026-05-19T23:10:03+00:00
5e44ad1c1a617a9152b884d5f4169677884912d8884c71928875adaa,pool1tez268q6v9afz54csn2lg95kw7yyjykc3px8ry5gwkk656azfnz,432,https://koios.tosidrop.me/api/v1/pool_updates,2026-05-19T23:10:03+00:00
5e7ff9707b194d0a8abc37b35d6ca34112faaa777032e2268b2f8d07,pool1telljurmr9xs4z4ux7e46m9rgyf042nhwqewyf5t97xswrzwvsu,520,https://koios.tosidrop.me/api/v1/pool_updates,2026-05-19T23:10:03+00:00
5ededda4f4d60589d113a234fae1cb11774868c2f0c583486b38c11f,pool1tm0dmf856czcn5gn5g604cwtz9m5s6xz7rzcxjrt8rq37hzqyp7,289,https://koios.tosidrop.me/api/v1/pool_updates,2026-05-19T23:10:03+00:00
5f34c72ab0e0ec2e6e7b8ca6075acd70466bb144916809089fd3606c,pool1tu6vw24surkzumnm3jnqwkkdwprxhv2yj95qjzyl6dsxccj3rg5,302,https://koios.tosidrop.me/api/v1/pool_updates,2026-05-19T23:10:03+00:00
5f594872d9425bdd9700ac2fbade7f163f7f4d968eb5bdcc0f260899,pool1tav5sukegfdam9cq4shm4hnlzclh7nvk366mmnq0ycyfjqymlcw,304,https://koios.tosidrop.me/api/v1/pool_updates,2026-05-19T23:10:03+00:00
5f66802877f67db7e807ad97834c10299a0b7ae594be89ba731cb2bd,pool1tangq2rh7e7m06q84ktcxnqs9xdqk7h9jjlgnwnnrjet6zq64jx,242,https://koios.tosidrop.me/api/v1/pool_updates,2026-05-19T23:10:03+00:00
5f707433129dbd6504e8d727be80eb09bc9116a1b99c194a7bcc0d91,pool1tac8gvcjnk7k2p8g6unmaq8tpx7fz94phxwpjjnmesxezv3fk7x,362,https://koios.tosidrop.me/api/v1/pool_updates,2026-05-19T23:10:03+00:00
5f840d8da7f60248c54090dcaa32e6df3df04585c74729f3b876b816,pool1t7zqmrd87cpy332qjrw25vhxmu7lq3v9carjnuacw6upvcv4xc8,229,https://koios.tosidrop.me/api/v1/pool_updates,2026-05-19T23:10:03+00:00
5fbb59029a8fcfb64d229d367f1d9d608588823dd975c6731a9608ff,pool1t7a4jq563l8mvnfzn5m878vavzzc3q3am96uvuc6jcy07luhe0q,336,https://koios.tosidrop.me/api/v1/pool_updates,2026-05-19T23:10:03+00:00
5fd999bc50b394f2c2c453eaea5df109e853fd892c7f4b8dcd693a19,pool1tlven0zskw209sky204w5h03p8598lvf93l5hrwddyapje8h32v,246,https://koios.tosidrop.me/api/v1/pool_updates,2026-05-19T23:10:03+00:00
601cc30e2a9ba368f80e21e4a7c55b9852157e63902fa9f02cc45a91,pool1vqwvxr32nw3k37qwy8j2032mnpfp2lnrjqh6nupvc3dfzh7yrtz,302,https://koios.tosidrop.me/api/v1/pool_updates,2026-05-19T23:10:03+00:00
601e2966aabef67887022268eaebdbf68def151f26e16563c2c6d4e4,pool1vq0zje42hmm83pczyf5w467m76x779glymsk2c7zcm2wgnct4pc,266,https://koios.tosidrop.me/api/v1/pool_updates,2026-05-19T23:10:03+00:00
606e6f06f41f49237380db817fba2a0fe3bd7e0bc0e9213f38ec9b8a,pool1vphx7ph5rayjxuuqmwqhlw32pl3m6lstcr5jz0ecajdc528fjdt,555,https://koios.tosidrop.me/api/v1/pool_updates,2026-05-19T23:10:03+00:00
60787d6a9eadce8f0b932c402d1af4b98dc9bf7f56606989e8bd7078,pool1vpu866574h8g7zun93qz6xh5hxxun0ml2esxnz0gh4c8sfnt7uh,291,https://koios.tosidrop.me/api/v1/pool_updates,2026-05-19T23:10:03+00:00
6082dc6cb2619348d2da932fc1c14983f5d9f64668c9ce2eda9b2a37,pool1vzpdcm9jvxf535k6jvhurs2fs06anajxdryuutk6nv4rwsu87se,331,https://koios.tosidrop.me/api/v1/pool_updates,2026-05-19T23:10:03+00:00
6083db098b3574bf583fee83c879c19c2d908dbf19b1184d272f9632,pool1vzpakzvtx46t7kpla6pus7wpnskeprdlrxc3snf897tryuzfh4v,549,https://koios.tosidrop.me/api/v1/pool_updates,2026-05-19T23:10:03+00:00
608b92407ad4af01acb75081bc55571ab984b56b7b285f70ce6e1554,pool1vz9eysr66jhsrt9h2zqmc42hr2ucfdtt0v597uxwdc24gqsjyw6,465,https://koios.tosidrop.me/api/v1/pool_updates,2026-05-19T23:10:03+00:00
60bb28b64a4598320bb80a93b6eb1c166f4a64226825e34cbe311f3d,pool1vzaj3dj2gkvryzacp2fmd6cuzeh55epzdqj7xn97xy0n6cv4xgw,270,https://koios.tosidrop.me/api/v1/pool_updates,2026-05-19T23:10:03+00:00
60bb28b64a4598320bb80a93b6eb1c166f4a64226825e34cbe311f3d,pool1vzaj3dj2gkvryzacp2fmd6cuzeh55epzdqj7xn97xy0n6cv4xgw,273,https://koios.tosidrop.me/api/v1/pool_updates,2026-05-19T23:10:03+00:00
60ce4c69b0afae24a006e1562335c2ce8c75272b03430f319bc37acd,pool1vr8yc6ds47hzfgqxu9tzxdwze6x82fetqdps7vvmcdav6rlzd3x,335,https://koios.tosidrop.me/api/v1/pool_updates,2026-05-19T23:10:03+00:00
60f301e5b52b16e36cfe63d087b4c91b6e9668623ab5c8e9702f74fe,pool1vresred49vtwxm87v0gg0dxfrdhfv6rz826u36ts9a60unw2nrk,577,https://koios.tosidrop.me/api/v1/pool_updates,2026-05-19T23:10:03+00:00
6108a69467d6d35bec0639f86c052e71ca156735a43c1c752561a198,pool1vyy2d9r86mf4hmqx88uxcpfww89p2ee45s7pcaf9vxses0fn3ch,536,https://koios.tosidrop.me/api/v1/pool_updates,2026-05-19T23:10:03+00:00
611f85c8ed3b5ccd926fb9b600ab66d8b17c99641059a0f237c4697f,pool1vy0ctj8d8dwvmyn0hxmqp2mxmzchextyzpv6pu3hc35h7t8ykde,254,https://koios.tosidrop.me/api/v1/pool_updates,2026-05-19T23:10:03+00:00
6126ada864d2ba4ced5d615d169d6cb36ecd0bf46165a31f78c17aec,pool1vyn2m2ry62ayem2av9w3d8tvkdhv6zl5v9j6x8mcc9awc96ulrc,213,https://koios.tosidrop.me/api/v1/pool_updates,2026-05-19T23:10:03+00:00
614bb865b1902f54b540209b37ad404eef1db1589a5d9eafe7a6db71,pool1v99msed3jqh4fd2qyzdn0t2qfmh3mv2cnfweatl85mdhz6l0ewc,625,https://koios.tosidrop.me/api/v1/pool_updates,2026-05-19T23:10:03+00:00
6184a6af9f576000997c269f7022bea95aef709e591057faf3d53fc7,pool1vxz2dtul2asqpxtuy60hqg4749dw7uy7tyg907hn65luws3wxfv,496,https://koios.tosidrop.me/api/v1/pool_updates,2026-05-19T23:10:03+00:00
61a8252b7fb1a2fde1bda9c6bd0927995701f799e7fac8227c61ab4e,pool1vx5z22mlkx30mcda48rt6zf8n9tsraueulavsgnuvx45ug2etga,435,https://koios.tosidrop.me/api/v1/pool_updates,2026-05-19T23:10:03+00:00
61b08996d4130641ba2a11a76221d6cf0928e5b14c303ee6ea8d52ba,pool1vxcgn9k5zvryrw32zxnkygwkeuyj3ed3fscraeh234ft5hk04du,300,https://koios.tosidrop.me/api/v1/pool_updates,2026-05-19T23:10:03+00:00
61c0f019c2993dbccf370a4b088c68747f0c7b419e8ef7b892d88c7e,pool1v8q0qxwzny7menehpf9s3rrgw3lsc76pn6800wyjmzx8ujphu7n,389,https://koios.tosidrop.me/api/v1/pool_updates,2026-05-19T23:10:03+00:00
61d2598400211dcda6878511eb6d84719e5c502c7aa63d500f7a57ce,pool1v8f9npqqyywumf58s5g7kmvywx09c5pv02nr65q00ftuur8780p,580,https://koios.tosidrop.me/api/v1/pool_updates,2026-05-19T23:10:03+00:00
61e982250bb5c4e8848d48e7275d58a90d0216a779ca76830ab1e178,pool1v85cyfgtkhzw3pydfrnjwh2c4yxsy9480898dqc2k8shs6697aj,219,https://koios.tosidrop.me/api/v1/pool_updates,2026-05-19T23:10:03+00:00
6203546515044a16c20e3b57ad97185e45151d44674a4fa9adcd7c0f,pool1vgp4geg4q39pdssw8dt6m9cctez3282yva9yl2dde47q7ny4ugd,335,https://koios.tosidrop.me/api/v1/pool_updates,2026-05-19T23:10:03+00:00
6206a82599f7e5169ab2f3849fd06a5080327cc630515c55058fad02,pool1vgr2sfve7lj3dx4j7wzfl5r22zqrylxxxpg4c4g937ksydlyy5e,218,https://koios.tosidrop.me/api/v1/pool_updates,2026-05-19T23:10:03+00:00
6226fce477c40a148f695fcd2de150dbd7566ee30137d7deda8071a4,pool1vgn0eerhcs9pfrmftlxjmc2sm0t4vmhrqyma0hk6spc6geahrck,379,https://koios.tosidrop.me/api/v1/pool_updates,2026-05-19T23:10:03+00:00
6230e43f5f211ab9f2c4f90c971f78f8d40e614ee5d7f009838f3e59,pool1vgcwg06lyydtnukylyxfw8mclr2quc2wuhtlqzvr3ul9jnply9x,321,https://koios.tosidrop.me/api/v1/pool_updates,2026-05-19T23:10:03+00:00
62430f8b85aa72bc3e555a6ca1c9d52c3cc71cd00fb3a79a27c0ce32,pool1vfpslzu94fetc0j4tfk2rjw49s7vw8xsp7e60x38cr8rylmjlug,256,https://koios.tosidrop.me/api/v1/pool_updates,2026-05-19T23:10:03+00:00
6255693643d2dcb804bb89effd50d8ea743bbae07ad62a3b5174ff25,pool1vf2kjdjr6twtsp9m38hl65xcaf6rhwhq0ttz5w63wnlj2a4mq2j,338,https://koios.tosidrop.me/api/v1/pool_updates,2026-05-19T23:10:03+00:00
625ae8c8aaaead6ceebf262f380245cb61b4a3e96199b27eb9b01ad9,pool1vfdw3j9246kkem4lychnsqj9edsmfglfvxvmyl4ekqddj92e33f,580,https://koios.tosidrop.me/api/v1/pool_updates,2026-05-19T23:10:03+00:00
6268cc4f99059ad14d229a97b72ae8327b444b8887e2ca55f9df27b2,pool1vf5vcnueqkddznfzn2tmw2hgxfa5gjugsl3v540emunmyd4gvrh,251,https://koios.tosidrop.me/api/v1/pool_updates,2026-05-19T23:10:03+00:00
6268cc4f99059ad14d229a97b72ae8327b444b8887e2ca55f9df27b2,pool1vf5vcnueqkddznfzn2tmw2hgxfa5gjugsl3v540emunmyd4gvrh,464,https://koios.tosidrop.me/api/v1/pool_updates,2026-05-19T23:10:03+00:00
626ca1c83697786d70eeef6ed157836153cc0cefe339b62d86c41ad3,pool1vfk2rjpkjaux6u8waahdz4urv9fucr80uvumvtvxcsddxkny593,381,https://koios.tosidrop.me/api/v1/pool_updates,2026-05-19T23:10:03+00:00
6277d16839d5993ea6ff22f1d31a310a1b3f4812758fdac6a815e088,pool1vfmaz6pe6kvnafhlytcaxx33pgdn7jqjwk8a434gzhsgsfpmeaj,297,https://koios.tosidrop.me/api/v1/pool_updates,2026-05-19T23:10:03+00:00
62814747d89f34f3af8f61c92ecdf688782776bb84086fd5db014474,pool1v2q5w37cnu608tu0v8yjan0k3puzwa4mssyxl4wmq9z8ghneqnt,239,https://koios.tosidrop.me/api/v1/pool_updates,2026-05-19T23:10:03+00:00
628775f4d0a53f00f542dd108cf2f0eb33e9997c3bde49a23a9e530a,pool1v2rhtaxs55lspa2zm5ggeuhsave7nxtu800yng36nefs5jhzl80,233,https://koios.tosidrop.me/api/v1/pool_updates,2026-05-19T23:10:03+00:00
628e6fdeda9732cbc61079581cf8e2e7b06d6f3219ec7cccb5861ba6,pool1v28xlhk6juevh3ss09vpe78zu7cx6mejr8k8en94scd6v8rrshh,377,https://koios.tosidrop.me/api/v1/pool_updates,2026-05-19T23:10:03+00:00
62ac39a4988ab3288da6cba6e0bcb344ba8150150614a1fb2a09f25a,pool1v2krnfyc32ej3rdxewnwp09ngjagz5q4qc22r7e2p8e95sx2f4s,241,https://koios.tosidrop.me/api/v1/pool_updates,2026-05-19T23:10:03+00:00
62addcd26ecc51af8d6b259cc10cb9337214ea8ca310964b0643bd36,pool1v2kae5nwe3g6lrttykwvzr9exdepf65v5vgfvjcxgw7nvue33lt,232,https://koios.tosidrop.me/api/v1/pool_updates,2026-05-19T23:10:03+00:00
62b5851a408fae2d26f85062aa80a821cfec618a89da417a23ac1f80,pool1v26c2xjq37hz6fhc2p324q9gy887ccv238dyz73r4s0cq8xxwxd,243,https://koios.tosidrop.me/api/v1/pool_updates,2026-05-19T23:10:03+00:00
62d31aef92824633bb3041e6cdcf81b7a611792a3f9d7fad8a476aec,pool1vtf34mujsfrr8wesg8nvmnupk7npz7f287whltv2ga4wc2728mf,541,https://koios.tosidrop.me/api/v1/pool_updates,2026-05-19T23:10:03+00:00
62d75c4f3472c61cde106f637492a08956f3e4fb7b6da596e3943439,pool1vtt4cne5wtrpehssda3hfy4q39t08e8m0dk6t9hrjs6rjadlge0,219,https://koios.tosidrop.me/api/v1/pool_updates,2026-05-19T23:10:03+00:00
62dae2e705a7dcf9c8fcb3e084ebb72781652d321293dca33df389fd,pool1vtdw9ec95lw0nj8uk0sgf6ahy7qk2tfjz2faegea7wyl63ejtqp,581,https://koios.tosidrop.me/api/v1/pool_updates,2026-05-19T23:10:03+00:00
6305d924014fd7b08d131b5068838a2025a3f2488a221ffc2c82ce54,pool1vvzajfqpfltmprgnrdgx3qu2yqj68ujg3g3pllpvst89gfw575w,476,https://koios.tosidrop.me/api/v1/pool_updates,2026-05-19T23:10:03+00:00
632fe508edb2d24518baa39e40d030dcc8c89eb40ef71f4f23bff52b,pool1vvh72z8dktfy2x965w0yp5psmnyv3845pmm37nerhl6jk6m2njw,256,https://koios.tosidrop.me/api/v1/pool_updates,2026-05-19T23:10:03+00:00
6331bcbf77a6aff7334c9d5576668383ec2ff11def236a81c369d664,pool1vvcme0mh56hlwv6vn42hve5rs0kzlugaau3k4qwrd8txgsdcl5q,323,https://koios.tosidrop.me/api/v1/pool_updates,2026-05-19T23:10:03+00:00
6334904a31086c287d916db04eefac1a82db84cc3c73aaf9a2a7d662,pool1vv6fqj33ppkzslv3dkcyamavr2pdhpxv83e647dz5ltxykmgl54,471,https://koios.tosidrop.me/api/v1/pool_updates,2026-05-19T23:10:03+00:00
6352c3d00e4fba3005213be537635e446ecbb0376e7e9334a888ee40,pool1vdfv85qwf7arqpfp80jnwc67g3hvhvphdelfxd9g3rhyqtkal4z,347,https://koios.tosidrop.me/api/v1/pool_updates,2026-05-19T23:10:03+00:00
639288b5e4bf267ece78e9a4941dd794f50ec54785f84c687b4ab086,pool1vwfg3d0yhun8anncaxjfg8whjn6sa328shuyc6rmf2cgvyjrs7w,580,https://koios.tosidrop.me/api/v1/pool_updates,2026-05-19T23:10:03+00:00
6393e0adbb1559f476f442611ea1253b2a743a02768461be712c8c51,pool1vwf7ptdmz4vlgah5gfs3agf98v48gwszw6zxr0n39jx9z9avu7n,402,https://koios.tosidrop.me/api/v1/pool_updates,2026-05-19T23:10:03+00:00
63e07c29ffd786939bf65d52acf96354add6bbf56567b1a6e30986fa,pool1v0s8c20l67rf8xlkt4f2e7tr2jkadwl4v4nmrfhrpxr05s0jxhm,489,https://koios.tosidrop.me/api/v1/pool_updates,2026-05-19T23:10:03+00:00
63e55290df7aac08067e36f374bece3e5fe9f30a24618f6860122d67,pool1v0j49yxl02kqspn7xmehf0kw8e07nuc2y3sc76rqzgkkwf3gtmt,302,https://koios.tosidrop.me/api/v1/pool_updates,2026-05-19T23:10:03+00:00
63ec6b5454bfbcb82813cc35cc26ca523a6f78522dc95b14582ef1e8,pool1v0kxk4z5h77ts2qnes6ucfk22gax77zj9hy4k9zc9mc7shs9er4,230,https://koios.tosidrop.me/api/v1/pool_updates,2026-05-19T23:10:03+00:00
63f7f40f094a9533193e8f751dc50fff7a8b4fab746372eb08be12f6,pool1v0mlgrcff22nxxf73a63m3g0laagknatw33h96cghcf0vag04st,248,https://koios.tosidrop.me/api/v1/pool_updates,2026-05-19T23:10:03+00:00
641d6331ec4832382558482982c3e3a273ae174f5ed6641b06f7b2c1,pool1vswkxv0vfqersf2cfq5c9slr5fe6u960tmtxgxcx77evzv2hp3f,387,https://koios.tosidrop.me/api/v1/pool_updates,2026-05-19T23:10:03+00:00
6430267e43014051e13b1d4ff5024ba199fe453b63630a57b3d00b4b,pool1vsczvljrq9q9rcfmr48l2qjt5xvlu3fmvd3s54an6q95k3s2qeh,283,https://koios.tosidrop.me/api/v1/pool_updates,2026-05-19T23:10:03+00:00
6430dc71b79b52bcf98f4a88e9a7eeac01bd382b15dfa337d5b82b49,pool1vscdcudhndfte7v0f2ywnflw4sqm6wptzh06xd74hq45jmzn02l,442,https://koios.tosidrop.me/api/v1/pool_updates,2026-05-19T23:10:03+00:00
643808a16d63204df62860a87c5ec7e551ca11af8b8e15a6d08ad667,pool1vsuq3gtdvvsyma3gvz58chk8u4gu5yd03w8ptfks3ttxwpfvf0e,416,https://koios.tosidrop.me/api/v1/pool_updates,2026-05-19T23:10:03+00:00
646cfa9534e90338aa8988d93f17daa638c00d9fbec04148f1a2473d,pool1v3k049f5aypn325f3rvn79765cuvqrvlhmqyzj835frn6ya03qp,559,https://koios.tosidrop.me/api/v1/pool_updates,2026-05-19T23:10:03+00:00
646d4d8214cfd2caa702a072019be4140694aca209ccc92ed8d6bf2a,pool1v3k5mqs5elfv4fcz5peqrxlyzsrfft9zp8xvjtkc66lj5q94aaf,298,https://koios.tosidrop.me/api/v1/pool_updates,2026-05-19T23:10:03+00:00
64742e1193b7e380c66e61c46fd66ac072f707c3dd38c86ef9ec7bf0,pool1v36zuyvnkl3cp3nwv8zxl4n2cpe0wp7rm5uvsmhea3alqf6hzfu,282,https://koios.tosidrop.me/api/v1/pool_updates,2026-05-19T23:10:03+00:00
6488248bf764b0b24786696e20ca79242825255cf7785223c895334d,pool1vjyzfzlhvjcty3uxd9hzpjneys5z2f2u7au9yg7gj5e56h0k2zg,227,https://koios.tosidrop.me/api/v1/pool_updates,2026-05-19T23:10:03+00:00
64d078d4d00c53ac8ea317462b55d1fa7b62b6bcacb5fdc507d25d04,pool1vng834xsp3f6er4rzarzk4w3lfak9d4u4j6lm3g86fwsgahyjwv,313,https://koios.tosidrop.me/api/v1/pool_updates,2026-05-19T23:10:03+00:00
64ed10aa4a95731e08b96d2773fb8b0bd7148f4ea1e68cc46ad9d339,pool1vnk3p2j2j4e3uz9ed5nh87utp0t3fr6w58nge3r2m8fnjdzwn5l,307,https://koios.tosidrop.me/api/v1/pool_updates,2026-05-19T23:10:03+00:00
64f6bd547b5ec3c35e18d1b09956af8dd2e53b7da7a9b7f58f3c5580,pool1vnmt64rmtmpuxhsc6xcfj4403hfw2wma575m0av0832cqeplu2v,279,https://koios.tosidrop.me/api/v1/pool_updates,2026-05-19T23:10:03+00:00
6523c0a727664d2ce8180e0dc3d72f1b98abc0d9ecd7cd065b0b9e5f,pool1v53upfe8vexje6qcpcxu84e0rwv2hsxeantu6pjmpw097r6vzxe,445,https://koios.tosidrop.me/api/v1/pool_updates,2026-05-19T23:10:03+00:00
6544b2ce188e39aef68be9259267fb7d7695ca248c3e02e9a642fcff,pool1v4zt9nsc3cu6aa5tayjeyelm04mftj3y3slq96dxgt707dxvht6,431,https://koios.tosidrop.me/api/v1/pool_updates,2026-05-19T23:10:03+00:00
655c82616621bf8495e05a13f14d944d538deb04788efde2f85e6cb5,pool1v4wgyctxyxlcf90qtgflznv5f4fcm6cy0z80mchctekt20d3cww,451,https://koios.tosidrop.me/api/v1/pool_updates,2026-05-19T23:10:03+00:00
65664f711ce485c5dd014aa2070d0eea543d18d5c2699e15f340f24d,pool1v4ny7uguujzuthgpf23qwrgwaf2r6xx4cf5eu90ngrey60rf2hu,283,https://koios.tosidrop.me/api/v1/pool_updates,2026-05-19T23:10:03+00:00
657a108e48baf24539e8760152a66b58c4dd02878a83e41ba5c590c8,pool1v4apprjghtey2w0gwcq49fnttrzd6q5832p7gxa9ckgvsjvjc06,296,https://koios.tosidrop.me/api/v1/pool_updates,2026-05-19T23:10:03+00:00
657adbe7f383bbe0b98a9ca74b9ebd5b9e7dff1e2ffeacbbeab20d76,pool1v4adhelnswa7pwv2njn5h84atw08mlc79ll2ewl2kgxhv3cqwql,253,https://koios.tosidrop.me/api/v1/pool_updates,2026-05-19T23:10:03+00:00
658f1716a738409dc83f9a6817e6315963ba03f6f7e48353d2ba9ea1,pool1vk83w9488pqfmjplnf5p0e33t93m5qlk7ljgx57jh202zayzthw,307,https://koios.tosidrop.me/api/v1/pool_updates,2026-05-19T23:10:03+00:00
6599b9147577bc92044031266e27d4d0b7da250939617a9826190d52,pool1vkvmj9r4w77fypzqxynxuf756zma5fgf89sh4xpxryx4yrxd64m,319,https://koios.tosidrop.me/api/v1/pool_updates,2026-05-19T23:10:03+00:00
65a19b8dcb8358b20e042aa1b98324ab8576e6473ab1f161e7376dbb,pool1vksehrwtsdvtyrsy92smnqey4wzhdej882clzc08xakmkx3eh7y,329,https://koios.tosidrop.me/api/v1/pool_updates,2026-05-19T23:10:03+00:00
65ba02523578a96ed0bc1a1283e8a2fb0f78ad4ba85cef133c98f592,pool1vkaqy5340z5ka59urgfg869zlv8h3t2t4pww7yeunr6eyfda5qt,312,https://koios.tosidrop.me/api/v1/pool_updates,2026-05-19T23:10:03+00:00
65d6590d6d2d02a346afabff65413cfb55d3d1fefe2db2bae4dedc51,pool1vht9jrtd95p2x34040lk2sfuld2a8507lckm9whymmw9z9ahpp8,287,https://koios.tosidrop.me/api/v1/pool_updates,2026-05-19T23:10:03+00:00
65f3f975b5d6e8fabff2789e9d48bad257e3affedc2a396aa458c7eb,pool1vheljad46m5040lj0z0f6j966ft78tl7ms4rj64ytrr7kw7t3dl,442,https://koios.tosidrop.me/api/v1/pool_updates,2026-05-19T23:10:03+00:00
660bf57717c7740a05227e4f4a7970bc220402afc727def0059d7cf1,pool1vc9l2achca6q5pfz0e8557tshs3qgq40cunaauq9n470zguppmd,322,https://koios.tosidrop.me/api/v1/pool_updates,2026-05-19T23:10:03+00:00
6622bb2a073669662fed0eff7b22539af53b7ff9610901659d0a1e07,pool1vc3tk2s8xe5kvtldpmlhkgjnnt6nkllevyyszevapg0qwn0ch29,454,https://koios.tosidrop.me/api/v1/pool_updates,2026-05-19T23:10:03+00:00
662796197f741c9b9f0d9830530d01300ee5c63f549784ff2ac81c17,pool1vcnevxtlwswfh8cdnqc9xrgpxq8wt33l2jtcfle2eqwpwd9997d,580,https://koios.tosidrop.me/api/v1/pool_updates,2026-05-19T23:10:03+00:00
663994de529e370169cea87da4c5b5b997f8e1ba7ac718a92e60a998,pool1vcuefhjjncmsz6ww4p76f3d4hxtl3cd60tr332fwvz5essrk4n4,386,https://koios.tosidrop.me/api/v1/pool_updates,2026-05-19T23:10:03+00:00
664730a4d85918a7d8574df549135228508072916d95cbc0ecd9ac67,pool1vernpfxctyv20kzhfh65jy6j9pggqu53dk2uhs8vmxkxw57t2fp,419,https://koios.tosidrop.me/api/v1/pool_updates,2026-05-19T23:10:03+00:00
665872ecb1cf0ab2c5e983927ce546966ee18ec477b706e77277eb96,pool1vev89m93eu9t930fswf8ee2xjehwrrkyw7msdemjwl4ev3xaqdf,528,https://koios.tosidrop.me/api/v1/pool_updates,2026-05-19T23:10:03+00:00
6658af81937bd21017801fc1b89e2d26af75d358a71bbdc40e1907b5,pool1vev2lqvn00fpq9uqrlqm383dy6hht56c5udmm3qwryrm2a9ft5e,311,https://koios.tosidrop.me/api/v1/pool_updates,2026-05-19T23:10:03+00:00
666768d552a3408574bccea7361e951dd6aa7a35903a6ece6802c72b,pool1venk342j5dqg2a9ue6nnv854rht25734jqaxanngqtrjk6m89um,600,https://koios.tosidrop.me/api/v1/pool_updates,2026-05-19T23:10:03+00:00
667fcfba65c8997a03386e21075bf58c196a6e82f69dc72d9a8133cb,pool1velulwn9ezvh5qecdcsswkl43svk5m5z76wuwtv6syeukp0y4l9,359,https://koios.tosidrop.me/api/v1/pool_updates,2026-05-19T23:10:03+00:00
66807aa9896a2bbbca325fa572c2e8ce4646e06315088569895205d4,pool1v6q842vfdg4mhj3jt7jh9shgeerydcrrz5yg26vf2gzagyr5hkr,300,https://koios.tosidrop.me/api/v1/pool_updates,2026-05-19T23:10:03+00:00
6688aae2724cb038fa348b3cacba7e002b653cc41dda86b750407c93,pool1v6y24cnjfjcr37353v72ewn7qq4k20xyrhdgdd6sgp7fxha6ddu,448,https://koios.tosidrop.me/api/v1/pool_updates,2026-05-19T23:10:03+00:00
6698ec8b182b44122acaf57dfcee1d3e92669512f9329dd0cca60090,pool1v6vwezcc9dzpy2k2747lemsa86fxd9gjlyefm5xv5cqfqmpeqtl,250,https://koios.tosidrop.me/api/v1/pool_updates,2026-05-19T23:10:03+00:00
66a366fd71c6681aeda19faab6ee4292d33b6daa714f3dd4a0601068,pool1v63kdlt3ce5p4mdpn74tdmjzjtfnkmd2w98nm49qvqgxs0vhhyl,239,https://koios.tosidrop.me/api/v1/pool_updates,2026-05-19T23:10:03+00:00
66aa03368960c1a20ae7aca70def839ed6a32939de279af447777786,pool1v64qxd5fvrq6yzh84jnsmmurnmt2x2femcne4az8wamcvxcf6x4,380,https://koios.tosidrop.me/api/v1/pool_updates,2026-05-19T23:10:03+00:00
66b2a9e405c3df0e6d8673441e44bc796f5329ff4de9d1d3a8a9b123,pool1v6e2neq9c00sumvxwdzpu39u09h4x20lfh5ar5ag4xcjx3pefyv,628,https://koios.tosidrop.me/api/v1/pool_updates,2026-05-19T23:10:03+00:00
66bd46cec6924459230b7bd70b109c6424804a8f6abd8d3855ed043d,pool1v675dnkxjfz9jgct00tskyyuvsjgqj50d27c6wz4a5zr6gj4s67,488,https://koios.tosidrop.me/api/v1/pool_updates,2026-05-19T23:10:03+00:00
66c1296e3bee372fc37282535eb45710d9c8b96b05248d7ea636352f,pool1vmqjjm3macmjlsmjsff4adzhzrvu3wttq5jg6l4xxc6j7ekxfky,377,https://koios.tosidrop.me/api/v1/pool_updates,2026-05-19T23:10:03+00:00
66e23c4d144f945e72f9ba40fee7ef0b8a62b7fcb02cdfeeca4cfb63,pool1vm3rcng5f729uuhehfq0ael0pw9x9dlukqkdlmk2fnakxt3jxyj,412,https://koios.tosidrop.me/api/v1/pool_updates,2026-05-19T23:10:03+00:00
66e4abd18e4623a2a0acafc9ba78683d56785f4b74d50c7a981c42d9,pool1vmj2h5vwgc369g9v4lym57rg84t8sh6twn2sc75cr3pdjcg90gt,403,https://koios.tosidrop.me/api/v1/pool_updates,2026-05-19T23:10:03+00:00
670eeae793c1db65ab7605666a4cefdd1854ecf592a5de8cbc238223,pool1vu8w4eunc8dkt2mkq4nx5n80m5v9fm84j2jaar9uywpzxrayphc,269,https://koios.tosidrop.me/api/v1/pool_updates,2026-05-19T23:10:03+00:00
67194cbb147c6474b52ef61dc60231978f5857c303dc6d9768bf2251,pool1vuv5ewc503j8fdfw7cwuvq33j784s47rq0wxm9mghu39zl47c8z,235,https://koios.tosidrop.me/api/v1/pool_updates,2026-05-19T23:10:03+00:00
671aa73465a4748a1ec08fd625c2fd81c44ae62dce9cbb01bd84a716,pool1vud2wdr9536g58kq3ltztshas8zy4e3de6wtkqdasjn3vt46q6v,260,https://koios.tosidrop.me/api/v1/pool_updates,2026-05-19T23:10:03+00:00
671dd64d0255f9b857ff8d445ea5b2b4cead3a62411560ee649ddaf7,pool1vuwavngz2hums4ll34z9afdjkn826wnzgy2kpmnynhd0wr5qxkh,501,https://koios.tosidrop.me/api/v1/pool_updates,2026-05-19T23:10:03+00:00
673fc3bff344fcb8c93158f1feb13dffaf4386bd0d127a9471a0b5bb,pool1vulu80lngn7t3jf3trclavfal7h58p4ap5f849r35z6mkfvac3c,309,https://koios.tosidrop.me/api/v1/pool_updates,2026-05-19T23:10:03+00:00
6746d1bcecaa9c6f2f774c856f4635a4ed6e0333cdd44763bb3aae75,pool1vardr08v42wx7tmhfjzk73345nkkuqeneh2ywcam82h82d40e47,290,https://koios.tosidrop.me/api/v1/pool_updates,2026-05-19T23:10:03+00:00
6749c8ed350238d3673f2389491a46e8a9a260837c5630d775078aaa,pool1vayu3mf4qgudxeelywy5jxjxaz56ycyr03trp4m4q7925mwv5ct,341,https://koios.tosidrop.me/api/v1/pool_updates,2026-05-19T23:10:03+00:00
6752a75417f8773815b0baa8577f66a79d76b52684f4ce715ccd993d,pool1vaf2w4qhlpmns9dsh259wlmx57whddfxsn6vuu2uekvn6uvltug,230,https://koios.tosidrop.me/api/v1/pool_updates,2026-05-19T23:10:03+00:00
67668c3c4667b38bac4512cd899ea048b4346df04c01241d679fc2c3,pool1vangc0zxv7echtz9ztxcn84qfz6rgm0sfsqjg8t8nlpvxnsqy0p,246,https://koios.tosidrop.me/api/v1/pool_updates,2026-05-19T23:10:03+00:00
677f9a31e3df95fd8a3083225e948ec67980605c3559a15f284eefe6,pool1vale5v0rm72lmz3ssv39a9ywceucqczux4v6zhegfmh7vlgfchf,577,https://koios.tosidrop.me/api/v1/pool_updates,2026-05-19T23:10:03+00:00
677fffdd92666bc586ef148e3c5fa28c4a2f2810ea3a25ece7930065,pool1valllhvjve4utph0zj8rchaz339z72qsagaztm88jvqx27gd62y,254,https://koios.tosidrop.me/api/v1/pool_updates,2026-05-19T23:10:03+00:00
677fffdd92666bc586ef148e3c5fa28c4a2f2810ea3a25ece7930065,pool1valllhvjve4utph0zj8rchaz339z72qsagaztm88jvqx27gd62y,257,https://koios.tosidrop.me/api/v1/pool_updates,2026-05-19T23:10:03+00:00
6781bf8f87bd9605c3ef00b28d936c40b24f30b26ac6d2e77e5cbda9,pool1v7qmlru8hktqtsl0qzegmymvgzey7v9jdtrd9em7tj76jp5l7aj,295,https://koios.tosidrop.me/api/v1/pool_updates,2026-05-19T23:10:03+00:00
6782865c91a230fb379a433a0630a68a9adcdca9e518ad73302ef805,pool1v7pgvhy35gc0kdu6gvaqvv9x32ddeh9fu5v26ues9muq26pvk8m,379,https://koios.tosidrop.me/api/v1/pool_updates,2026-05-19T23:10:03+00:00
679b1d8a164791f21ab5a9a7fd2c8cfc108f76aad351912ec841847e,pool1v7d3mzskg7glyx444xnl6tyvlsgg7a426dgeztkggxz8ucj8yhj,399,https://koios.tosidrop.me/api/v1/pool_updates,2026-05-19T23:10:03+00:00
67ba578df63110b91ec450573cf37596c1aff0f28ac1e9824b864045,pool1v7a90r0kxygtj8ky2ptneum4jmq6lu8j3tq7nqjtseqy25k9lxs,256,https://koios.tosidrop.me/api/v1/pool_updates,2026-05-19T23:10:03+00:00
67ca5b9dfbe393dfc9142cff88d0a681be1159293016462773630551,pool1vl99h80muwfaljg59nlc359xsxlpzkffxqtyvfmnvvz4zdkekvj,226,https://koios.tosidrop.me/api/v1/pool_updates,2026-05-19T23:10:03+00:00
67d4544f83a501f16d3d5f238845f0372b8465cc1ab33005bdce776d,pool1vl29gnur55qlzmfatu3cs30sxu4cgewvr2enqpdaeemk6ud63ue,216,https://koios.tosidrop.me/api/v1/pool_updates,2026-05-19T23:10:03+00:00
6814b41473d2cdc32f12421d3944fb700a7c332edc48838acd7781ca,pool1dq2tg9rn6txuxtcjggwnj38mwq98cvewm3yg8zkdw7qu5nzg7ge,454,https://koios.tosidrop.me/api/v1/pool_updates,2026-05-19T23:10:03+00:00
6828e4b3d046a3a1c9bbd8aea022031790a32748e07ff29675ce69bb,pool1dq5wfv7sg636rjdmmzh2qgsrz7g2xf6gupll99n4ee5mkzxmae9,224,https://koios.tosidrop.me/api/v1/pool_updates,2026-05-19T23:10:03+00:00
6858fc0ed225ad40157e358cff1d08ccc306b6ab00bdc96301fbedef,pool1dpv0crkjykk5q9t7xkx078ggenpsdd4tqz7ujccpl0k77pr2yxk,363,https://koios.tosidrop.me/api/v1/pool_updates,2026-05-19T23:10:03+00:00
687da3ca3e662824e50fb111de3026affd5f54192b70ef63cbd1f2ab,pool1dp768j37vc5zfeg0kygauvpx4l7474qe9dcw7c7t68e2krak2c7,442,https://koios.tosidrop.me/api/v1/pool_updates,2026-05-19T23:10:03+00:00
68831f852f4d299157f0911eb74746b11b8bcc65c07f3ba7ea136910,pool1dzp3lpf0f55ez4lsjy0tw36xkydchnr9cplnhfl2zd53qwdhq7q,287,https://koios.tosidrop.me/api/v1/pool_updates,2026-05-19T23:10:03+00:00
688548655448745d74c4b61da7383127ea9b56b2c6944ca7e3071893,pool1dzz5se25fp696axykcw6wwp3yl4fk44jc62yeflrquvfxlktldq,606,https://koios.tosidrop.me/api/v1/pool_updates,2026-05-19T23:10:03+00:00
689113e959537feedd45e89c88ef83366af2a01c3d6ad32ad8e24583,pool1dzg3862e2dl7ah29azwg3murxe409gqu844dx2kcufzcx5vpywc,307,https://koios.tosidrop.me/api/v1/pool_updates,2026-05-19T23:10:03+00:00
68c69fd7293f1dd040920c20d09f21827f37364db71e837898c68138,pool1drrfl4ef8uwaqsyjpssdp8epsflnwdjdku0gx7ycc6qnsqfqv32,333,https://koios.tosidrop.me/api/v1/pool_updates,2026-05-19T23:10:03+00:00
68cc11a75ea1ba3489ceed5ccdb85223d9d6da18140b91f8618433b3,pool1drxprf675xarfzwwa4wvmwzjy0vadksczs9er7rpssemxdg7gdg,337,https://koios.tosidrop.me/api/v1/pool_updates,2026-05-19T23:10:03+00:00
68cc6dc773c067328a43e5e21086b515d23f8326c59035245996f34b,pool1drxxm3mncpnn9zjruh3ppp44zhfrlqexckgr2fzejme5k8dmv63,420,https://koios.tosidrop.me/api/v1/pool_updates,2026-05-19T23:10:03+00:00
68e11e1e5bc3d2edee6f8944a5865c6d5f099796d70c71a3e29be4b5,pool1drs3u8jmc0fwmmn039z2tpjud40sn9uk6ux8rglzn0jt2tdmagf,364,https://koios.tosidrop.me/api/v1/pool_updates,2026-05-19T23:10:03+00:00
68e886bb21d6e01d00d97bd24c7186508f4aeda587d352bd2c2fab38,pool1dr5gdwep6msp6qxe00fycuvx2z854md9slf490fv974nsaqmgxx,252,https://koios.tosidrop.me/api/v1/pool_updates,2026-05-19T23:10:03+00:00
68edf81e0f10a4469191006506ca877460e7a9c5721e1c58709f3a22,pool1drkls8s0zzjydyv3qpjsdj58w3sw02w9wg0pckrsnuazyef2hca,610,https://koios.tosidrop.me/api/v1/pool_updates,2026-05-19T23:10:03+00:00
68f2b85350421ffa24b8fb7c2b4acbb865ce4b67c1c4edf71e77089a,pool1drets56sgg0l5f9cld7zkjkthpjuujm8c8zwmac7wuyf56v5c3n,243,https://koios.tosidrop.me/api/v1/pool_updates,2026-05-19T23:10:03+00:00
6922dc16d29e7d58693b83dcf3f3e9ea653d285bb18386849ed262d0,pool1dy3dc9kjne74s6fms0w08ulfafjn62zmkxpcdpy76f3dqee4dtt,602,https://koios.tosidrop.me/api/v1/pool_updates,2026-05-19T23:10:03+00:00
6936fe0511eada38cbc229ce57dda32b8db2a27e237689b46afa4228,pool1dym0upg3atdr3j7z98890hdr9wxm9gn7ydmgndr2lfpzsda2jvj,284,https://koios.tosidrop.me/api/v1/pool_updates,2026-05-19T23:10:03+00:00
698074440c13f399d15261c82ea36039365f980ff4498abf77fb3748,pool1dxq8g3qvz0een52jv8yzagmq8ym9lxq073yc40mhlvm5skffhfw,211,https://koios.tosidrop.me/api/v1/pool_updates,2026-05-19T23:10:03+00:00
698074440c13f399d15261c82ea36039365f980ff4498abf77fb3748,pool1dxq8g3qvz0een52jv8yzagmq8ym9lxq073yc40mhlvm5skffhfw,237,https://koios.tosidrop.me/api/v1/pool_updates,2026-05-19T23:10:03+00:00
699925427bdced714dbe1a8fb0d76abe509e3f43251c72ccf1ede9e0,pool1dxvj2snmmnkhznd7r28mp4m2hegfu06ry5w89n83ah57q7jdknh,271,https://koios.tosidrop.me/api/v1/pool_updates,2026-05-19T23:10:03+00:00
69b5546d1007a991393c6777a76d0d83e45e9dca52e52175f8d19072,pool1dx64gmgsq75ezwfuvam6wmgds0j9a8w22tjjza0c6xg8y8eeu97,304,https://koios.tosidrop.me/api/v1/pool_updates,2026-05-19T23:10:03+00:00
69d158eb61cbbeff3ae564768eef7c0b52ba8bd33b2301eacf62a24d,pool1d8g436mpewl07wh9v3mgammupdft4z7n8v3sr6k0v23y6gsqq4x,212,https://koios.tosidrop.me/api/v1/pool_updates,2026-05-19T23:10:03+00:00
69d93de6cef78d33979c03ca4aa3818b22176677be5654a0b72b654f,pool1d8vnmekw77xn89uuq09y4gup3v3pwenhhet9fg9h9dj57znh5rq,348,https://koios.tosidrop.me/api/v1/pool_updates,2026-05-19T23:10:03+00:00
69e4815b2aeafd63912d61b60b5ab7466668ab3e84d393a5932fe831,pool1d8jgzke2at7k8yfdvxmqkk4hgenx32e7snfe8fvn9l5rzquj32k,387,https://koios.tosidrop.me/api/v1/pool_updates,2026-05-19T23:10:03+00:00
69ebbe9610ecd127520e44fd593ffb656a48492b47e12eafff668f72,pool1d84ma9ssangjw5swgn74j0lmv44ysjftglsjatllv68hytgekht,287,https://koios.tosidrop.me/api/v1/pool_updates,2026-05-19T23:10:03+00:00
6a36ff3daf685f36ce14d7888b21b993d7fb115b1a1ebe39106999cd,pool1dgm070d0dp0ndns567ygkgdej0tlky2mrg0tuwgsdxvu62f2kg8,370,https://koios.tosidrop.me/api/v1/pool_updates,2026-05-19T23:10:03+00:00
6a3e5b3f20f5d32d7b934cb5a8201b44681165ba4b476f48bd5135ce,pool1dgl9k0eq7hfj67unfj66sgqmg35pzed6fdrk7j9a2y6uuucfp2v,230,https://koios.tosidrop.me/api/v1/pool_updates,2026-05-19T23:10:03+00:00
6a51e46b9a63215eb3de48d29a2542cc853dcb6c5e5d730888a5e21a,pool1dfg7g6u6vvs4av77frff5f2zejznmjmvtewhxzyg5h3p5m3we65,237,https://koios.tosidrop.me/api/v1/pool_updates,2026-05-19T23:10:03+00:00
6a58c435fd0c4681503d79bb9fe291ac49806af5683bc829000a4ed0,pool1dfvvgd0ap3rgz5pa0xaelc5343ycq6h4dqaus2gqpf8dqulfre0,270,https://koios.tosidrop.me/api/v1/pool_updates,2026-05-19T23:10:03+00:00
6a59be068a62aae7fa5f417ea7476c872bf8d5898b239af6003c4b52,pool1dfvmup52v24w07jlg9l2w3mvsu4l34vf3v3e4asq8394yru2qqn,292,https://koios.tosidrop.me/api/v1/pool_updates,2026-05-19T23:10:03+00:00
6a73808b4710aa4dd86a6c35b620d129c73becb80011b574b892ff1f,pool1dfecpz68zz4ymkr2ds6mvgx398rnhm9cqqgm2a9cjtl37kpuheg,385,https://koios.tosidrop.me/api/v1/pool_updates,2026-05-19T23:10:03+00:00
6a74a202ef913e7100bace994e86efaff411c653ecd71a1a776566d4,pool1df62yqh0jyl8zq96e6v5aph04l6pr3jnant35xnhv4ndg0l2uej,258,https://koios.tosidrop.me/api/v1/pool_updates,2026-05-19T23:10:03+00:00
6a84654c217f1923b086e076192b50042911c7b7af3987a1992b77e9,pool1d2zx2npp0uvj8vyxupmpj26sqs53r3ah4uuc0gve9dm7j5p8ta7,333,https://koios.tosidrop.me/api/v1/pool_updates,2026-05-19T23:10:03+00:00
6a89834fc8b3c5fce3315f896a65b1aff7a13c8a29860e21ba83b814,pool1d2ycxn7gk0zlece3t7yk5ed34lm6z0y29xrqugd6swupgr3fv83,283,https://koios.tosidrop.me/api/v1/pool_updates,2026-05-19T23:10:03+00:00
6aa1b9e4922bad9cbd9606e90cd6aba9ab54f1005750ef5bdea43440,pool1d2smneyj9wkee0vkqm5se44t4x44fugq2agw7k775s6yqqcu7zr,301,https://koios.tosidrop.me/api/v1/pool_updates,2026-05-19T23:10:03+00:00
6ab28c6df641364f60fde55f2a2bcb13f8d732fd4daef25df3724a3c,pool1d2egcm0kgymy7c8au40j527tz0udwvhafkh0yh0nwf9rcu4nms2,300,https://koios.tosidrop.me/api/v1/pool_updates,2026-05-19T23:10:03+00:00
6abeef7446fd97395c9f3803f78f04c16e94cc4e5c43c4035739ddde,pool1d2lw7azxlktnjhyl8qpl0rcyc9hffnzwt3pugq6h88waugq22zj,268,https://koios.tosidrop.me/api/v1/pool_updates,2026-05-19T23:10:03+00:00
6abeef7446fd97395c9f3803f78f04c16e94cc4e5c43c4035739ddde,pool1d2lw7azxlktnjhyl8qpl0rcyc9hffnzwt3pugq6h88waugq22zj,271,https://koios.tosidrop.me/api/v1/pool_updates,2026-05-19T23:10:03+00:00
6ac3bb93f42ccd80ac37b6ba7fd62c452af1ea538406c726a8c7fcdc,pool1dtpmhyl59nxcptphk6a8l43vg540r6jnssrvwf4gcl7dc6uxzyy,449,https://koios.tosidrop.me/api/v1/pool_updates,2026-05-19T23:10:03+00:00
6adb374689d1d7aae890ec87712b60562f42ee54e5939d81357e7847,pool1dtdnw35f68t646ysajrhz2mq2ch59mj5ukfemqf40euyww6zdsm,301,https://koios.tosidrop.me/api/v1/pool_updates,2026-05-19T23:10:03+00:00
6ae4cf4c8c9914f0ff9ee6fea15607c60bbf01588eec9cad10af6e5c,pool1dtjv7nyvny20plu7uml2z4s8cc9m7q2c3mkfetgs4ah9c5q2ur3,424,https://koios.tosidrop.me/api/v1/pool_updates,2026-05-19T23:10:03+00:00
6ae773a51805685e470ad954ab839ad2064a5b44315352fc65c7a2f5,pool1dtnh8fgcq459u3c2m922hqu66gry5k6yx9f49lr9c7302csd8u5,284,https://koios.tosidrop.me/api/v1/pool_updates,2026-05-19T23:10:03+00:00
6aef3925b53d98084e8a9ec0145c1770e7eb57f84cd2d2613bb4c19a,pool1dthnjfd48kvqsn52nmqpghqhwrn7k4lcfnfdycfmknqe5xpkjcd,345,https://koios.tosidrop.me/api/v1/pool_updates,2026-05-19T23:10:03+00:00
6af4bfc39b18915c95c60712b3971289432cff9c26b755b0487522fc,pool1dt6tlsumrzg4e9wxquft89cj39pjeluuy6m4tvzgw530c3na2yx,277,https://koios.tosidrop.me/api/v1/pool_updates,2026-05-19T23:10:03+00:00
6b3cb7c72720378fcdf509135591173b9734afab8a96cacb9f508528,pool1dv7t03e8yqmcln04pyf4tygh8wtnftat32tv4jul2zzjsk2vggr,484,https://koios.tosidrop.me/api/v1/pool_updates,2026-05-19T23:10:03+00:00
6b3fda88053dc2cee18a7c2736f032182fcc78a2fe912e869aa4edcd,pool1dvla4zq98hpvacv20snndupjrqhuc79zl6gjap565nku6et5zdx,215,https://koios.tosidrop.me/api/v1/pool_updates,2026-05-19T23:10:03+00:00
6b4bd55e1fcd650c17cc9f2e605d39efbb10b9c442f0b119a4f4a7fc,pool1dd9a2hsle4jsc97vnuhxqhfea7a3pwwygtctzxdy7jnlca7j2e7,260,https://koios.tosidrop.me/api/v1/pool_updates,2026-05-19T23:10:03+00:00
6b529e9dc00b3d7451296f55b538abf5074fc3dc82cefdeac575d74f,pool1ddffa8wqpv7hg5ffda2m2w9t75r5ls7ust80m6k9wht57s7hrku,375,https://koios.tosidrop.me/api/v1/pool_updates,2026-05-19T23:10:03+00:00
6b6f9e81c9e19c0c9cbf234aeff54a572e2604e282f6cc45fb188951,pool1ddheaqwfuxwqe89lyd9wla222uhzvp8zstmvc30mrzy4zc5yevs,627,https://koios.tosidrop.me/api/v1/pool_updates,2026-05-19T23:10:03+00:00
6b85ac9bef529f3d0b74084b9bce754298b1b966cedf362303febbb6,pool1dwz6exl0220n6zm5pp9ehnn4g2vtrwtxem0nvgcrl6amvnryp2g,298,https://koios.tosidrop.me/api/v1/pool_updates,2026-05-19T23:10:03+00:00
6b85c15dd478aa4a74fc0057c092b2e3e8b86ea4767e92e40240b4da,pool1dwzuzhw50z4y5a8uqptupy4ju05tsm4ywelf9eqzgz6d50n03g2,416,https://koios.tosidrop.me/api/v1/pool_updates,2026-05-19T23:10:03+00:00
6bc488ebc43bfc51189c03ea0e022fb611d3bd06badbe13fef0d4ee7,pool1d0zg367y8079zxyuq04quq30kcga80gxhtd7z0l0p48wwdcdgfs,371,https://koios.tosidrop.me/api/v1/pool_updates,2026-05-19T23:10:03+00:00
6bc5d11446acb3259f33db041f71fbcc1b22a2c0ee4d8e18391e37ad,pool1d0zaz9zx4jejt8enmvzp7u0mesdj9gkqaexcuxpercm6697ej9t,395,https://koios.tosidrop.me/api/v1/pool_updates,2026-05-19T23:10:03+00:00
6bca327ee75b2c28ed7ae03fe8c922191a08cb59141c6097be8b365a,pool1d09rylh8tvkz3mt6uql73jfzrydq3j6ezswxp9a73vm95e3659g,254,https://koios.tosidrop.me/api/v1/pool_updates,2026-05-19T23:10:03+00:00
6be95b4a93d8a6f66f102453924e9acdf309bef2ef67cc772154fc01,pool1d054kj5nmzn0vmcsy3feyn56ehesn0hjaanucaep2n7qzyz0pv3,217,https://koios.tosidrop.me/api/v1/pool_updates,2026-05-19T23:10:03+00:00
6bf7a699ac063eb6119295faa652e4054664d4c287a45a31efb84cc1,pool1d0m6dxdvqcltvyvjjha2v5hyq4rxf4xzs7j95v00hpxvzuu7wqp,534,https://koios.tosidrop.me/api/v1/pool_updates,2026-05-19T23:10:03+00:00
6c0189b8357adeec1f0d565213ed30e95f4a21e577e9b98a1eb1b691,pool1dsqcnwp40t0wc8cd2efp8mfsa9055g09wl5mnzs7kxmfze6mfgf,389,https://koios.tosidrop.me/api/v1/pool_updates,2026-05-19T23:10:03+00:00
6c168af182034fdb31f2c2ec80749e495e837aac408ee6537715825b,pool1dstg4uvzqd8akv0jctkgqay7f90gx74vgz8wv5mhzkp9kxx9tgk,435,https://koios.tosidrop.me/api/v1/pool_updates,2026-05-19T23:10:03+00:00
6c188ec88814c082e7f9ef29330adc79ddadb728839c81b8b5e1ccb7,pool1dsvgajygznqg9eleau5nxzku08w6mdegswwgrw94u8xtwy5vcdv,250,https://koios.tosidrop.me/api/v1/pool_updates,2026-05-19T23:10:03+00:00
6c320c550c6261ee692ff2afda8c06438d5b1188fe5093039e2373b8,pool1dseqc4gvvfs7u6f072ha4rqxgwx4kyvglegfxqu7ydemsngeppg,465,https://koios.tosidrop.me/api/v1/pool_updates,2026-05-19T23:10:03+00:00
6c3c35c806ef129a5664af590f00db662f90f19ae78b6421f049ebb9,pool1ds7rtjqxauff54ny4avs7qxmvchepuv6u79kgg0sf84mjlhxznp,450,https://koios.tosidrop.me/api/v1/pool_updates,2026-05-19T23:10:03+00:00
6c81475fe8b32b5dfde307325a2cb115de26a466037d0ec76bb499b3,pool1djq5whlgkv44ml0rque95t93zh0zdfrxqd7sa3mtkjvmx5nf3xs,330,https://koios.tosidrop.me/api/v1/pool_updates,2026-05-19T23:10:03+00:00
6c8c5d09341b5386d5e45fed61a8ba61d123a264cfab1a638d448af5,pool1djx96zf5rdfcd40ytlkkr296v8gj8gnye7435cudgj902fw2ye9,214,https://koios.tosidrop.me/api/v1/pool_updates,2026-05-19T23:10:03+00:00
6c93d49fbef2f24adec2039a06a83ae94d8c4125ef44f07c6850f488,pool1djfaf8a77tey4hkzqwdqd2p6a9xccsf9aaz0qlrg2r6gsspldzc,380,https://koios.tosidrop.me/api/v1/pool_updates,2026-05-19T23:10:03+00:00
6cae147caf64b33d2dbfbdf88b235ccd090fe43a36700d6941a03586,pool1djhpgl90vjen6tdlhhugkg6ue5yslep6xecq662p5q6cva8zd92,278,https://koios.tosidrop.me/api/v1/pool_updates,2026-05-19T23:10:03+00:00
6caf9e779b5e86799af7fcaa35507e14c297db873bf2a2aba3566491,pool1djheuaumt6r8nxhhlj4r25r7znpf0ku880e292ar2ejfzp9aqey,373,https://koios.tosidrop.me/api/v1/pool_updates,2026-05-19T23:10:03+00:00
6cc9e3fad65bf5e427ef1ae0aa0fe08a9879870a4eccc479f3b217ad,pool1dny787kkt067gfl0rts25rlq32v8npc2fmxvg70nkgt66vhp8e0,537,https://koios.tosidrop.me/api/v1/pool_updates,2026-05-19T23:10:03+00:00
6cd68501934ea081bd369041248288c5adb2341b95f0b80900369306,pool1dntg2qvnf6sgr0fkjpqjfq5gckkmydqmjhctszgqx6fsv0gcufs,611,https://koios.tosidrop.me/api/v1/pool_updates,2026-05-19T23:10:03+00:00
6cddca24e363c34670cca5019ffeea347b38fe27821d09afbc4589a9,pool1dnwu5f8rv0p5vuxv55qellh2x3an3l38sgwsntaugky6jtpgnsd,211,https://koios.tosidrop.me/api/v1/pool_updates,2026-05-19T23:10:03+00:00
6ce20f0f3e6687319e574b67a9fe0986eb2d54eaee9a443b3e890a47,pool1dn3q7re7v6rnr8jhfdn6nlsfsm4j6482a6dygwe73y9yw9dlj2z,434,https://koios.tosidrop.me/api/v1/pool_updates,2026-05-19T23:10:03+00:00
6ce333ada4b6de0ec06253aecf6a93c41869e631be82d5ccaa18ec75,pool1dn3n8tdykm0qasrz2whv765ncsvxne33h6pdtn92rrk82quk0a0,285,https://koios.tosidrop.me/api/v1/pool_updates,2026-05-19T23:10:03+00:00
6ce5ea76c288f09fb583918db1d124c32730ca199ed363e11e11bec5,pool1dnj75akz3rcfldvrjxxmr5fycvnnpjsenmfk8cg7zxlv2ntsm2n,230,https://koios.tosidrop.me/api/v1/pool_updates,2026-05-19T23:10:03+00:00
6cea6863328ee5679e0dfcb83ca9ecda52b37077decb2d8931a28844,pool1dn4xscej3mjk08sdljure20vmfftxurhmm9jmzf352yygrkzajq,275,https://koios.tosidrop.me/api/v1/pool_updates,2026-05-19T23:10:03+00:00
6d16e22b8730da6f6404e8a50c282191a5a518e125138272f435bf09,pool1d5twy2u8xrdx7eqyazjsc2ppjxj62x8py5fcyuh5xklsjd0f0e8,294,https://koios.tosidrop.me/api/v1/pool_updates,2026-05-19T23:10:03+00:00
6d43284abc1f33d46b49d9755b912b95b8ff0772448a3d43dbb40b7c,pool1d4pjsj4urueag66fm964hyftjku07pmjgj9r6s7mks9hc0mggjv,266,https://koios.tosidrop.me/api/v1/pool_updates,2026-05-19T23:10:03+00:00
6d58efe7a29e73d15386017e17ef4d49a377be5df69a2ee0e3a9c10d,pool1d4vwleazneeaz5uxq9lp0m6dfx3h00ja76dzac8r48qs6kryr75,524,https://koios.tosidrop.me/api/v1/pool_updates,2026-05-19T23:10:03+00:00
6d82b799c97b85779856008df211029c8a159c2ed41a2cfb103adad5,pool1dkpt0xwf0wzh0xzkqzxlyygznj9pt8pw6sdze7cs8tdd26hc3v2,469,https://koios.tosidrop.me/api/v1/pool_updates,2026-05-19T23:10:03+00:00
6d929249b4000c34546f6b6c47cbf8d5c7d0c6bc6ce61ad84cbf15f9,pool1dkffyjd5qqxrg4r0ddky0jlc6hrap34udnnp4kzvhu2ljhukpkx,224,https://koios.tosidrop.me/api/v1/pool_updates,2026-05-19T23:10:03+00:00
6d98b1fdef44215003ded713f73d5b4cc625d746aa24425e8d3073a3,pool1dkvtrl00gss4qq776uflw02mfnrzt46x4gjyyh5dxpe6xdfypdg,290,https://koios.tosidrop.me/api/v1/pool_updates,2026-05-19T23:10:03+00:00
6dbbf0718c4eae698d5033a16ea8b3f1c9334dbffb620eb4ee2ef125,pool1dkalquvvf6hxnr2sxwska29n78ynxndlld3qad8w9mcj2u3hgpz,210,https://koios.tosidrop.me/api/v1/pool_updates,2026-05-19T23:10:03+00:00
6dbbf0718c4eae698d5033a16ea8b3f1c9334dbffb620eb4ee2ef125,pool1dkalquvvf6hxnr2sxwska29n78ynxndlld3qad8w9mcj2u3hgpz,220,https://koios.tosidrop.me/api/v1/pool_updates,2026-05-19T23:10:03+00:00
6dbddde53694028eda7ddf85633650a917f6d5e96da97be88b4d4436,pool1dk7amefkjspgaknam7zkxdjs4ytld40fdk5hh6ytf4zrvm3n2ps,301,https://koios.tosidrop.me/api/v1/pool_updates,2026-05-19T23:10:03+00:00
6dcd9260fa846a2f92938209f1f4e6c517d93717a1568536c2c53c75,pool1dhxeyc86s34zly5nsgylra8xc5tajdch59tg2dkzc5782qpmhv3,247,https://koios.tosidrop.me/api/v1/pool_updates,2026-05-19T23:10:03+00:00
6e480315e0eaaf718cbd042b38b1496d2adce250dfe6b982a26e5106,pool1deyqx90qa2hhrr9aqs4n3v2fd54decjsmlntnq4zdegsvx2l4z0,277,https://koios.tosidrop.me/api/v1/pool_updates,2026-05-19T23:10:03+00:00
6e53ddc80122d0884b9dfc73b0cc326f9bbcc5e608225b999b320e66,pool1defamjqpytggsjual3empnpjd7dme30xpq39hxvmxg8xvhtjmn3,275,https://koios.tosidrop.me/api/v1/pool_updates,2026-05-19T23:10:03+00:00
6e53ddc80122d0884b9dfc73b0cc326f9bbcc5e608225b999b320e66,pool1defamjqpytggsjual3empnpjd7dme30xpq39hxvmxg8xvhtjmn3,278,https://koios.tosidrop.me/api/v1/pool_updates,2026-05-19T23:10:03+00:00
6e56f943a7bf27868b7f35ea35e26a8b315cda058d2b577fa7d42e60,pool1det0jsa8huncdzmlxh4rtcn23vc4eks93544wla86shxq8yl99m,230,https://koios.tosidrop.me/api/v1/pool_updates,2026-05-19T23:10:03+00:00
6e56f943a7bf27868b7f35ea35e26a8b315cda058d2b577fa7d42e60,pool1det0jsa8huncdzmlxh4rtcn23vc4eks93544wla86shxq8yl99m,575,https://koios.tosidrop.me/api/v1/pool_updates,2026-05-19T23:10:03+00:00
6e67b485616dc8a604e02a96b1efbf4c6c49919eea39c6805901e2df,pool1denmfptpdhy2vp8q92ttrmalf3kynyv7aguudqzeq83d7zpcaeq,566,https://koios.tosidrop.me/api/v1/pool_updates,2026-05-19T23:10:03+00:00
6e75544df8deb82f46153b20f5d71766deaca701089c939784566532,pool1de64gn0cm6uz73s48vs0t4chvm02efcppzwf89uy2ejny2nwgsq,339,https://koios.tosidrop.me/api/v1/pool_updates,2026-05-19T23:10:03+00:00
6e83ffeed479421d1438a90a4790f77f61d1b6c3f45979ea3574d957,pool1d6pllmk509pp69pc4y9y0y8h0asardkr73vhn634wnv4wrr0zyr,253,https://koios.tosidrop.me/api/v1/pool_updates,2026-05-19T23:10:03+00:00
6e8c50febc151bde603d07e35df55dcb8669fed81db9dba4bc5e87c3,pool1d6x9pl4uz5daucpaql34ma2aewrxnlkcrkuahf9ut6ruxzakrw7,367,https://koios.tosidrop.me/api/v1/pool_updates,2026-05-19T23:10:03+00:00
6e8e1d76db93fbe6d03f1e373cd93180c988748f41546af45029e834,pool1d68p6akmj0a7d5plrcmnekf3srycsay0g92x4azs985rgf9vkg2,286,https://koios.tosidrop.me/api/v1/pool_updates,2026-05-19T23:10:03+00:00
6e99f0000dc97cc5e5f68812019b0669a887cb4a8c1cce45bb585229,pool1d6vlqqqde97vte0k3qfqrxcxdx5g0j623swvu3dmtpfzjwyc8kl,341,https://koios.tosidrop.me/api/v1/pool_updates,2026-05-19T23:10:03+00:00
6eac71aaf7c0ae96250d69bca93e420d72754465fda600e7155f0d12,pool1d6k8r2hhczhfvfgddx72j0jzp4e823r9lknqpec4tux3ymlyeye,606,https://koios.tosidrop.me/api/v1/pool_updates,2026-05-19T23:10:03+00:00
6eb5e41b336dd6e77a27f69025a3bfa685722e9e1af1bcb2a3a77504,pool1d667gxendhtww73876gztgal56zhyt57rtcmev4r5a6sgcrm3v9,266,https://koios.tosidrop.me/api/v1/pool_updates,2026-05-19T23:10:03+00:00
6eb69ad6e9190c5b1691a09ee369e55f02cd8afc0f0f95ffa64407dd,pool1d6mf44hfryx9k9535z0wx609tupvmzhupu8etlaxgsra6n0n43s,220,https://koios.tosidrop.me/api/v1/pool_updates,2026-05-19T23:10:03+00:00
6ec2284f8e312b5b122d85b97db828ff364d49e3c51c449bfc8889bf,pool1dmpzsnuwxy44ky3dskuhmwpglumy6j0rc5wyfxlu3zym798f79g,403,https://koios.tosidrop.me/api/v1/pool_updates,2026-05-19T23:10:03+00:00
6eea1f8f1d8c9bd07e11284019260aa4339638aaa3294034b2f9a60e,pool1dm4plrca3jdaqls39pqpjfs25seevw925v55qd9jlxnquvxe35e,532,https://koios.tosidrop.me/api/v1/pool_updates,2026-05-19T23:10:03+00:00
6efc53be3fbef85bc54c82238e068d95b792e22c97e689194a7af764,pool1dm79803lhmu9h32vsg3cup5djkme9c3vjlngjx220tmkg78c305,210,https://koios.tosidrop.me/api/v1/pool_updates,2026-05-19T23:10:03+00:00
6f05ceb1f6a8cf2316e6f623d60483560b7c577c4be6cd2553d67b5f,pool1duzuav0k4r8jx9hx7c3avpyr2c9hc4muf0nv6f2n6ea47e9x5zf,266,https://koios.tosidrop.me/api/v1/pool_updates,2026-05-19T23:10:03+00:00
6f3171dba80f8f6be95cf67ae5bd249184b1bd174ac1a1893031ff7c,pool1duchrkagp78kh62u7eawt0fyjxztr0ghftq6rzfsx8lhclny47p,305,https://koios.tosidrop.me/api/v1/pool_updates,2026-05-19T23:10:03+00:00
6f31ed70d9969a5f22486b8c021ffd9aac569bb4351a040e4e9e1249,pool1duc76uxej6d97gjgdwxqy8lan2k9dxa5x5dqgrjwncfyj5p24ar,589,https://koios.tosidrop.me/api/v1/pool_updates,2026-05-19T23:10:03+00:00
6f365275ed3b789fc7bf4d4d0b769dc70117542aee93ca328f94ee53,pool1dum9ya0d8dufl3alf4xska5acuq3w4p2a6fu5v50jnh9xzexsxt,397,https://koios.tosidrop.me/api/v1/pool_updates,2026-05-19T23:10:03+00:00
6fac4b2a040c807b74f0a71aa3b21df35b44c67ae52fc2e862825d7a,pool1d7kyk2sypjq8ka8s5ud28vsa7dd5f3n6u5hu96rzsfwh5z0g4l7,320,https://koios.tosidrop.me/api/v1/pool_updates,2026-05-19T23:10:03+00:00
6fb2a6d5ca6e78fda72b7372c9fe061ee54218ce4069325535a5e6a9,pool1d7e2d4w2deu0mfetwdevnlsxrmj5yxxwgp5ny4f45hn2j43uvgp,331,https://koios.tosidrop.me/api/v1/pool_updates,2026-05-19T23:10:03+00:00
6fdd7d5c6f9e6b9828c208db7dc7f1fba8603a7f19c188c799413b4e,pool1dlwh6hr0ne4es2xzprdhm3l3lw5xqwnlr8qc33uegya5ulv86wt,262,https://koios.tosidrop.me/api/v1/pool_updates,2026-05-19T23:10:03+00:00
6fe5c101067c942efa07043e1da11c4cf534518abc36406f54dc94d4,pool1dljuzqgx0j2za7s8qslpmggufn6ng5v2hsmyqm65mj2dgdm0wv8,269,https://koios.tosidrop.me/api/v1/pool_updates,2026-05-19T23:10:03+00:00
6ff0beb86703f1ed85743c0aacfcedfd6053fb8be54455f27f4fda69,pool1dlctawr8q0c7mpt58s92el8dl4s987utu4z9tunlfldxjzzudxk,234,https://koios.tosidrop.me/api/v1/pool_updates,2026-05-19T23:10:03+00:00
7004d0436f52f905c68d6c23cf58938fa3b82b6193935e220f0183ef,pool1wqzdqsm02tust35dds3u7kyn373ms2mpjwf4ugs0qxp77frrxyx,309,https://koios.tosidrop.me/api/v1/pool_updates,2026-05-19T23:10:03+00:00
7007d470612080d2b0a39fc0dc225366ff75f4a6ea2dd51bdf472722,pool1wqragurpyzqd9v9rnlqdcgjnvmlhta9xagka2x7lgunjyp7426e,364,https://koios.tosidrop.me/api/v1/pool_updates,2026-05-19T23:10:03+00:00
7023012f8313bba99e718334d7c91803a8f0ed0613b5b702b2797e30,pool1wq3szturzwa6n8n3sv6d0jgcqw50pmgxzw6mwq4j09lrq0cwhm9,400,https://koios.tosidrop.me/api/v1/pool_updates,2026-05-19T23:10:03+00:00
7031866c59e93ec35463b1aea761e734506fc60b86092402a7e6c2d9,pool1wqccvmzeaylvx4rrkxh2wc08x3gxl3stscyjgq48umpdjl5zey6,262,https://koios.tosidrop.me/api/v1/pool_updates,2026-05-19T23:10:03+00:00
70631f0d8acdd6c90cfb65fe3b8f5115495562c4e504e0019fbcaa0a,pool1wp337rv2ehtvjr8mvhlrhr63z4y42ckyu5zwqqvlhj4q532wdqc,324,https://koios.tosidrop.me/api/v1/pool_updates,2026-05-19T23:10:03+00:00
70938e87c9133725dd9ca79e05edcf064d6e6085900a52dd15559c79,pool1wzfcap7fzvmjthvu570qtmw0qexkucy9jq999hg42kw8j6dj0k0,252,https://koios.tosidrop.me/api/v1/pool_updates,2026-05-19T23:10:03+00:00
70a96f885282fe2d810ca500713ba64998491257054bc2dd114d9f13,pool1wz5klzzjstlzmqgv55q8zwaxfxvyjyjhq49u9hg3fk03xgwcnhn,415,https://koios.tosidrop.me/api/v1/pool_updates,2026-05-19T23:10:03+00:00
70d75931ba9c0c65c9d0a7c5fa544d948fe2c78597378fac17810184,pool1wrt4jvd6nsxxtjws5lzl54zdjj8793u9jumcltqhsyqcgaa9d52,264,https://koios.tosidrop.me/api/v1/pool_updates,2026-05-19T23:10:03+00:00
70dd293f78887034926b8b06779137e7f2460b208b8aa3fb3c22fa31,pool1wrwjj0mc3pcrfynt3vr80yfhuleyvzeq3w9287euytarz8tdzxj,299,https://koios.tosidrop.me/api/v1/pool_updates,2026-05-19T23:10:03+00:00
7102ce043d15b9f9ff47b118142b978339c6dda4f204d403331e1fff,pool1wypvuppazkulnl68kyvpg2uhsvuudhdy7gzdgqenrc0l7nujmmr,371,https://koios.tosidrop.me/api/v1/pool_updates,2026-05-19T23:10:03+00:00
71063f4f504380ce9c04674eae39fbeb99969a92e0c1616281efaac0,pool1wyrr7n6sgwqva8qyva82uw0mawvedx5jurqkzc5pa74vqx56z3g,442,https://koios.tosidrop.me/api/v1/pool_updates,2026-05-19T23:10:03+00:00
7109046c21dfcb5781940ae901bdad6f4f21b3fc706777cc4965bd73,pool1wyysgmppml940qv5pt5sr0ddda8jrvluwpnh0nzfvk7hxazawwa,271,https://koios.tosidrop.me/api/v1/pool_updates,2026-05-19T23:10:03+00:00
71375058d06033230275fd28428bcf3eec6c47404654706583605f4d,pool1wym4qkxsvqejxqn4l55y9z708mkxc36qge28qevrvp056fe7dxg,320,https://koios.tosidrop.me/api/v1/pool_updates,2026-05-19T23:10:03+00:00
71703bec224d42c7c21d0e38bfcade67b32732b2ff03e8ecc5d2e79d,pool1w9crhmpzf4pv0ssapcutljk7v7ejwv4jlup73mx96tne62u7cy6,294,https://koios.tosidrop.me/api/v1/pool_updates,2026-05-19T23:10:03+00:00
718268428577002a004ef37ef62933c21d82e41cd7816da381716291,pool1wxpxss59wuqz5qzw7dl0v2fncgwc9equ67qkmgupw93fz2jqsay,372,https://koios.tosidrop.me/api/v1/pool_updates,2026-05-19T23:10:03+00:00
7184e00be7c503b803408fba57a51b0bbc2f28b7e27646a2311604fb,pool1wxzwqzl8c5pmsq6q37a90fgmpw7z729hufmydg33zcz0ktp5q8n,493,https://koios.tosidrop.me/api/v1/pool_updates,2026-05-19T23:10:03+00:00
718f15efee599d498a7582c4f56a940cfebffc14e850656db8d529e1,pool1wx83tmlwtxw5nzn4stz02655pnltllq5apgx2mdc6557zw0r78g,450,https://koios.tosidrop.me/api/v1/pool_updates,2026-05-19T23:10:03+00:00
71b00c23502112d4c634e325f28c9ade2a4ba4ec251677d306ae6b7b,pool1wxcqcg6syyfdf335uvjl9ry6mc4yhf8vy5t805cx4e4hkajgd62,399,https://koios.tosidrop.me/api/v1/pool_updates,2026-05-19T23:10:03+00:00
71b376470f87694549354290e9a10cbd7f9817ef2b6a4f10136c07d6,pool1wxehv3c0sa552jf4g2gwnggvh4les9l09d4y7yqndsrav5g5cu8,385,https://koios.tosidrop.me/api/v1/pool_updates,2026-05-19T23:10:03+00:00
71b90e50c2688f7dca03ad1fc1c6e368f3764526ddcc10a07d524230,pool1wxusu5xzdz8hmjsr450ur3hrdrehv3fxmhxppgra2fprqnjftwd,413,https://koios.tosidrop.me/api/v1/pool_updates,2026-05-19T23:10:03+00:00
71d60839e473397515119067d0be2be3512c20849b4266331ef5333f,pool1w8tqsw0ywvuh29g3jpnap03tudgjcgyyndpxvvc775en7rgq5vt,291,https://koios.tosidrop.me/api/v1/pool_updates,2026-05-19T23:10:03+00:00
72135f587117e5614bf656d8931fe13f1803fc00ef9f35eafc059b74,pool1wgf47kr3zljkzjlk2mvfx8lp8uvq8lqqa70nt6huqkdhg86y404,312,https://koios.tosidrop.me/api/v1/pool_updates,2026-05-19T23:10:03+00:00
7215ca1f854a2698fab71f18b0d910b97473dd09328f7e27425eb2d6,pool1wg2u58u9fgnf374hruvtpkgsh9688hgfx28huf6zt6edvy3fckx,341,https://koios.tosidrop.me/api/v1/pool_updates,2026-05-19T23:10:03+00:00
72583cf41012446cd1ca839c10049ecd65d31664b11e63d286041d61,pool1wfvreaqszfzxe5w2swwpqpy7e4jax9nyky0x855xqswkzq4v7zf,580,https://koios.tosidrop.me/api/v1/pool_updates,2026-05-19T23:10:03+00:00
726540df67dc4092225fec72aecf8e3bf8c55848e99b2f6cdea8baad,pool1wfj5phm8m3qfygjla3e2anuw80uv2kzgaxdj7mx74za263pdgld,261,https://koios.tosidrop.me/api/v1/pool_updates,2026-05-19T23:10:03+00:00
726f46e3179898154ef9cfbd0fdf5f0bf70b53aabcbc642f05e8b3d7,pool1wfh5dcchnzvp2nhee77slh6lp0msk5a2hj7xgtc9azeawx2ln5s,414,https://koios.tosidrop.me/api/v1/pool_updates,2026-05-19T23:10:03+00:00
72770c5d9dbf120676a6293d921fd7eeee454409620c3fdb671a405a,pool1wfmschvahufqva4x9y7ey87hamhy23qfvgxrlkm8rfq95vgl4uc,346,https://koios.tosidrop.me/api/v1/pool_updates,2026-05-19T23:10:03+00:00
7277d55c0b15a03495c0f768e71f88470d91772bc90ef0e4bd1a153f,pool1wfma2hqtzksrf9wq7a5ww8ugguxezaetey80pe9arg2n7kvev82,475,https://koios.tosidrop.me/api/v1/pool_updates,2026-05-19T23:10:03+00:00
728ef87852242733bf68e280c649c5c5036ab5dff3cccc7896af4153,pool1w280s7zjysnn80mgu2qvvjw9c5pk4dwl70xvc7yk4aq4xaxdfqq,458,https://koios.tosidrop.me/api/v1/pool_updates,2026-05-19T23:10:03+00:00
72a69774ce15efa362695b20e6d23481630baf2034f0978e726b4e38,pool1w2nfwaxwzhh6xcnftvswd535s93shteqxncf0rnjdd8rskdl9pp,296,https://koios.tosidrop.me/api/v1/pool_updates,2026-05-19T23:10:03+00:00
72af8398023064ef34ce06a961ec1e28a0e631bb822070bead939676,pool1w2hc8xqzxpjw7dxwq65krmq79zswvvdmsgs8p04djwt8vm84qmv,526,https://koios.tosidrop.me/api/v1/pool_updates,2026-05-19T23:10:03+00:00
72afe491a962a22e451a706c6e598ad94240a1a2cedfe525a28087ff,pool1w2h7fydfv23zu3g6wpkxukv2m9pypgdzem072fdzszrl7jlnmjs,304,https://koios.tosidrop.me/api/v1/pool_updates,2026-05-19T23:10:03+00:00
72b90b4cce444f1ede43323879d8bbed7219801b2928a736df89dfa5,pool1w2usknxwg383ahjrxgu8nk9ma4epnqqm9y52wdkl38062mea4da,394,https://koios.tosidrop.me/api/v1/pool_updates,2026-05-19T23:10:03+00:00
72d65cfdbf4f6448b4b96cebb7743b03c535947e70a21b109c6d65f3,pool1wtt9eldlfajy3d9edn4mwapmq0znt9r7wz3pkyyud4jlxy7mp83,269,https://koios.tosidrop.me/api/v1/pool_updates,2026-05-19T23:10:03+00:00
72da07205d70cd58fb422c3892ad3cd2c07dc3a2be738dbef7c046b3,pool1wtdqwgzawrx4376z9suf9tfu6tq8msazheecm0hhcprtx59as37,296,https://koios.tosidrop.me/api/v1/pool_updates,2026-05-19T23:10:03+00:00
72e05771b6ea1d16ac640404073b7da3ef3afffd654fd33820b05056,pool1wts9wudkagw3dtryqszqwwma50hn4llav48axwpqkpg9v09pq4z,264,https://koios.tosidrop.me/api/v1/pool_updates,2026-05-19T23:10:03+00:00
72e73f3e6fb2d38baf577fbd85f575e8d884f8e10e8020fa5e2e5d0a,pool1wtnn70n0ktfcht6h077ctat4arvgf78pp6qzp7j79ews5dqsfnh,327,https://koios.tosidrop.me/api/v1/pool_updates,2026-05-19T23:10:03+00:00
7300c07515e2ca79591c0e807f3323f3492593fe3c41814fbb387287,pool1wvqvqag4ut98jkgup6q87ver7dyjtyl783qcznam8pegw5zqjy3,416,https://koios.tosidrop.me/api/v1/pool_updates,2026-05-19T23:10:03+00:00
73096f5303f3626021bf17f13903763eea9a043642cd305eb18e9948,pool1wvyk75cr7d3xqgdlzlcnjqmk8m4f5ppkgtxnqh4336v5sfqw4u5,246,https://koios.tosidrop.me/api/v1/pool_updates,2026-05-19T23:10:03+00:00
730978fb63da87837a886054ac3470251d17bfb23fd1f98886125579,pool1wvyh37mrm2rcx75gvp22cdrsy5w300aj8lglnzyxzf2hjuph0mt,312,https://koios.tosidrop.me/api/v1/pool_updates,2026-05-19T23:10:03+00:00
7316e1d6886e526e20a1cc1c28a0916f814e04e007cabafd0e5db571,pool1wvtwr45gdefxug9peswz3gy3d7q5up8qql9t4lgwtk6hzd2z974,366,https://koios.tosidrop.me/api/v1/pool_updates,2026-05-19T23:10:03+00:00
73318ec975cf1125a6367cbb1c9a406cbcb3e510e49d7c3aab14aa31,pool1wvccajt4eugjtf3k0ja3exjqdj7t8egsujwhcw4tzj4rzsxzw5w,231,https://koios.tosidrop.me/api/v1/pool_updates,2026-05-19T23:10:03+00:00
7335d1d638a94cda6fee29cb6cb2511da81be96eab0330af85dbe01d,pool1wv6ar43c49xd5mlw989kevj3rk5ph6tw4vpnptu9m0sp6uyx2j6,360,https://koios.tosidrop.me/api/v1/pool_updates,2026-05-19T23:10:03+00:00
733df3badde5c9d840824273af93dc38aa7efefba5a45ce0d6b86a02,pool1wv7l8wkauhyassyzgfe6ly7u8z48alhm5kj9ecxkhp4qya6ft48,331,https://koios.tosidrop.me/api/v1/pool_updates,2026-05-19T23:10:03+00:00
73521bea76afce6a7da7fb18edcefc786fcb1b82e3dca0574bd0df3c,pool1wdfph6nk4l8x5ld8lvvwmnhu0phukxuzu0w2q46t6r0nc93x8q9,351,https://koios.tosidrop.me/api/v1/pool_updates,2026-05-19T23:10:03+00:00
73800c107e9f1f5a0672877b219b8e8f415a600613e528d4ae3ad669,pool1wwqqcyr7nu045pnjsaajrxuw3aq45cqxz0jj349w8ttxjh7n5n9,374,https://koios.tosidrop.me/api/v1/pool_updates,2026-05-19T23:10:03+00:00
7381d7472d9eb552348e5cdbf4bf46f0a53963c8ad3eb8a41dc9ff30,pool1wwqaw3edn664ydywtndlf06x7zjnjc7g45lt3fqae8lnqsvajdj,380,https://koios.tosidrop.me/api/v1/pool_updates,2026-05-19T23:10:03+00:00
738f01580da6cdd97e844fb104a62f87296545056d955985d6604e36,pool1ww8szkqd5mxajl5yf7csff30su5k23g9dk24npwkvp8rvdsn3l9,284,https://koios.tosidrop.me/api/v1/pool_updates,2026-05-19T23:10:03+00:00
73946f2e9cd318983c5e846a1d5f0b828a49916861a6ea405b07457c,pool1ww2x7t5u6vvfs0z7s34p6hcts29ynytgvxnw5szmqazhcq928vp,273,https://koios.tosidrop.me/api/v1/pool_updates,2026-05-19T23:10:03+00:00
739df42d940587c690af3e7d2be9508b748405336d7aa95dfa0972fc,pool1wwwlgtv5qkrudy908e7jh62s3d6ggpfnd4a2jh06p9e0cyc70q6,267,https://koios.tosidrop.me/api/v1/pool_updates,2026-05-19T23:10:03+00:00
73e36684d3eebe3e1eb97012c715938a91356280e69d2ef281274888,pool1w03kdpxna6lru84ewqfvw9vn32gn2c5qu6wjau5pyaygsmsj3j7,293,https://koios.tosidrop.me/api/v1/pool_updates,2026-05-19T23:10:03+00:00
73eced00bb1f21584f54ba04db293bb4a3e05f18d71080a9e7d8f5f5,pool1w0kw6q9mrus4sn65hgzdk2fmkj37qhcc6uggp208mr6l2xc5rky,236,https://koios.tosidrop.me/api/v1/pool_updates,2026-05-19T23:10:03+00:00
73f861772c28613c4eeed644a563986f5233d465bdca169ba680ee69,pool1w0uxzaev9psncnhw6ez22cucdafr84r9hh9pdxaxsrhxjgxv692,223,https://koios.tosidrop.me/api/v1/pool_updates,2026-05-19T23:10:03+00:00
73fc28b33a3068a689b14d91a1e47938024f0a03ad9d2d85d1a08269,pool1w07z3ve6xp52dzd3fkg6rere8qpy7zsr4kwjmpw35zpxj5rz5jj,347,https://koios.tosidrop.me/api/v1/pool_updates,2026-05-19T23:10:03+00:00
741425d146c2fe4b9fccde14824268b233cd136eae6d2e8573fec1ed,pool1ws2zt52xctlyh87vmc2gysngkgeu6ymw4ekjaptnlmq76mzvqay,281,https://koios.tosidrop.me/api/v1/pool_updates,2026-05-19T23:10:03+00:00
74273a674e48147c8111e7aac3ae62138ce2c13f5702091e38f1f39c,pool1wsnn5e6wfq28eqg3u74v8tnzzwxw9sfl2upqj83c78eecqtl5d7,244,https://koios.tosidrop.me/api/v1/pool_updates,2026-05-19T23:10:03+00:00
742e38f27db8fb792a1f7c013815f7c0bbc6f275efa426a6d777ec85,pool1wshr3unahrahj2sl0sqns90hczaudun4a7jzdfkhwlkg2jjhymm,270,https://koios.tosidrop.me/api/v1/pool_updates,2026-05-19T23:10:03+00:00
74374fee363869f5a737fcc74102d6257da0eac92ff358d726e5098e,pool1wsm5lm3k8p5ltfehlnr5zqkky476p6kf9le434exu5ycuw2jqxl,402,https://koios.tosidrop.me/api/v1/pool_updates,2026-05-19T23:10:03+00:00
7447913be564ff4e2505fb21ca5de980517f3b1575e006ce2d754b74,pool1w3rezwl9vnl5ufg9lvsu5h0fspgh7wc4whsqdn3dw49hg8mrp6z,351,https://koios.tosidrop.me/api/v1/pool_updates,2026-05-19T23:10:03+00:00
749522892c2efe4a6fdd351399bc67187cb948bc20a889bb644ee6ad,pool1wj2j9zfv9mly5m7ax5fen0r8rp7tjj9uyz5gnwmyfmn26lyyy92,347,https://koios.tosidrop.me/api/v1/pool_updates,2026-05-19T23:10:03+00:00
74b26596160232737854ec18cde45feff530cac762bade758bd27372,pool1wjext9skqge8x7z5asvvmezlal6npjk8v2aduavt6fehyzhnu5a,521,https://koios.tosidrop.me/api/v1/pool_updates,2026-05-19T23:10:03+00:00
750fe03532b72ff2c5f7c61716e37d918725d54f207cd1cdb54882a5,pool1w587qdfjkuhl930hcct3dcmajxrjt420yp7drnd4fzp22fk9nlu,266,https://koios.tosidrop.me/api/v1/pool_updates,2026-05-19T23:10:03+00:00
751d0f6979f4432be43512cfd35d43d3b02dbd4a7a0352a7699cb626,pool1w5ws76te73pjhep4zt8axh2r6wczm0220gp49fmfnjmzvtal7fe,511,https://koios.tosidrop.me/api/v1/pool_updates,2026-05-19T23:10:03+00:00
75291692684a1a7a466881fda7b3c683227c4238044bf33a96003abf,pool1w553dyngfgd853ngs8760v7xsv38cs3cq39lxw5kqqat7668rq8,220,https://koios.tosidrop.me/api/v1/pool_updates,2026-05-19T23:10:03+00:00
754d74cefcccc480005cfb6621e375b2030930ff78f310d3d56229f6,pool1w4xhfnhuenzgqqzuldnzrcm4kgpsjv8l0re3p574vg5lv4er0k7,457,https://koios.tosidrop.me/api/v1/pool_updates,2026-05-19T23:10:03+00:00
756d13b231bedef4d4e7fe498278d51fbd8d091d329d17baeb1d935e,pool1w4k38v33hm00f488leycy7x4r77c6zgax2w30whtrkf4uh9agpy,502,https://koios.tosidrop.me/api/v1/pool_updates,2026-05-19T23:10:03+00:00
759e779221f08d0642f6132ee88bd2d8ffd312b908d9a2488aa9abf6,pool1wk080y3p7zxsvshkzvhw3z7jmrlaxy4eprv6yjy24x4lvfs5qu4,408,https://koios.tosidrop.me/api/v1/pool_updates,2026-05-19T23:10:03+00:00
75a3e3a9e2471178693239e0b3cb402537a1420f60b3ca6f6394a4a8,pool1wk37820zgughs6fj88st8j6qy5m6zss0vzeu5mmrjjj2srp9yf7,384,https://koios.tosidrop.me/api/v1/pool_updates,2026-05-19T23:10:03+00:00
75b1706895b01682162afb92a81f59f39d7b0aa86db013b2938c4da0,pool1wkchq6y4kqtgy932lwf2s86e7wwhkz4gdkcp8v5n33x6q2fn7wc,270,https://koios.tosidrop.me/api/v1/pool_updates,2026-05-19T23:10:03+00:00
75d4253fb4ec3fcf071da9aafcb4330edd7dab5be8d7cb6e1f2501a0,pool1wh2z20a5aslu7pca4x40edpnpmwhm26martukmsly5q6qtnacgh,391,https://koios.tosidrop.me/api/v1/pool_updates,2026-05-19T23:10:03+00:00
75df7b49a8b0e9159e2c676ccd6d15c38c172dd552bbac1bbd2a055d,pool1wh0hkjdgkr53t83vvakv6mg4cwxpwtw422a6cxaa9gz46q4c00l,320,https://koios.tosidrop.me/api/v1/pool_updates,2026-05-19T23:10:03+00:00
7602450c48c691331f79bee98e355498c5c6fe83077dba8d9545d2d7,pool1wcpy2rzgc6gnx8mehm5cud25nrzudl5rqa7m4rv4ghfdw96ujw2,371,https://koios.tosidrop.me/api/v1/pool_updates,2026-05-19T23:10:03+00:00
7645e69f46ff0783e07e61c19b9bc2f01a4ca24e2331d74a50929a66,pool1wez7d86xlurc8cr7v8qehx7z7qdyegjwyvcawjjsj2dxvagadgy,575,https://koios.tosidrop.me/api/v1/pool_updates,2026-05-19T23:10:03+00:00
76619d4c31c0570824e369d13a95542b65ee29546f2527f96042e602,pool1wese6np3cptssf8rd8gn49259dj7u225dujj07tqgtnqytgp6xx,265,https://koios.tosidrop.me/api/v1/pool_updates,2026-05-19T23:10:03+00:00
766a74097d53ad33dea52668037c3332b7bbca5493340d31b0cd490e,pool1we48gzta2wkn8h49ye5qxlpnx2mmhjj5jv6q6vdse4ysu6avzmx,288,https://koios.tosidrop.me/api/v1/pool_updates,2026-05-19T23:10:03+00:00
766e0fb111aa6380cea74f4b105e69b6cc9a323f358a4d8b961ee2b4,pool1wehqlvg34f3cpn48fa93qhnfkmxf5v3lxk9ymzukrm3tgxq34z2,535,https://koios.tosidrop.me/api/v1/pool_updates,2026-05-19T23:10:03+00:00
7671c2a4e6f16f800a2b36dcea9f455b75367f310df4c468d018380b,pool1wecu9f8x79hcqz3txmww4869td6nvle3ph6vg6xsrquqknmxp9t,273,https://koios.tosidrop.me/api/v1/pool_updates,2026-05-19T23:10:03+00:00
767f8ab17702eccc2559af5a2e95f30e83e67b156eedb4d35e744c3f,pool1welc4vthqtkvcf2e4adza90np6p7v7c4dmkmf567w3xr7ffqd72,237,https://koios.tosidrop.me/api/v1/pool_updates,2026-05-19T23:10:03+00:00
768a4abe40bf4ec986087a6f356984da85ac3b8388dfa6840e3cdcf7,pool1w69y40jqha8vnpsg0fhn26vym2z6cwur3r06dpqw8nw0wrsmdns,434,https://koios.tosidrop.me/api/v1/pool_updates,2026-05-19T23:10:03+00:00
769cd003940124a5b9d0dff167d3f1965c5bc86c1ea1abb10c9ccfe3,pool1w6wdqqu5qyj2twwsmlck05l3jew9hjrvr6s6hvgvnn87x53h40z,382,https://koios.tosidrop.me/api/v1/pool_updates,2026-05-19T23:10:03+00:00
76c5c707afe9a824bd946d32ec99959ae05f8bf0e8290def11e03a42,pool1wmzuwpa0ax5zf0v5d5ewexv4nts9lzlsaq5smmc3uqayym8muef,306,https://koios.tosidrop.me/api/v1/pool_updates,2026-05-19T23:10:03+00:00
76cec9b1a0091f7bb86e4887c7fd3ea06d3068337691d1fc4205a073,pool1wm8vnvdqpy0hhwrwfzru0lf75pknq6pnw6garlzzqks8x0ptz57,247,https://koios.tosidrop.me/api/v1/pool_updates,2026-05-19T23:10:03+00:00
76dda109967c2f22a33f07c8585b683fe18d7a7003443905d13fa2b2,pool1wmw6zzvk0shj9gelqly9skmg8lsc67nsqdzrjpw3873tymtmutj,305,https://koios.tosidrop.me/api/v1/pool_updates,2026-05-19T23:10:03+00:00
771a76e3232b7a3e48ca5ee1a29aa8d2d89b4ecd82b608b8c54eeab0,pool1wud8dcer9darujx2tms69x4g6tvfknkds2mq3wx9fm4tqavag7k,262,https://koios.tosidrop.me/api/v1/pool_updates,2026-05-19T23:10:03+00:00
771d339ddd290d6d4888eae41dc3e26ff2bb13143c4ff8d7b6c68848,pool1wuwn88wa9yxk6jygatjpmslzdletkyc5838l34akc6yysq44ms9,315,https://koios.tosidrop.me/api/v1/pool_updates,2026-05-19T23:10:03+00:00
7768c8b2649124dadb2db41ce787ce008793267d9bef8a1c35bdf05e,pool1wa5v3vnyjyjd4kedksww0p7wqzrexfnan0hc58p4hhc9uud6922,323,https://koios.tosidrop.me/api/v1/pool_updates,2026-05-19T23:10:03+00:00
7791fbb569fd21f5d2a6f420ab91a5f8540207c03416827940e0b3f0,pool1w7glhdtfl5slt54x7ss2hyd9lp2qyp7qxstgy72quzelqg93s24,528,https://koios.tosidrop.me/api/v1/pool_updates,2026-05-19T23:10:03+00:00
77ba6bd2beb61a2992489b3f4808fa5f7ad9c256124ebb1c6aa759a4,pool1w7axh547kcdznyjgnvl5sz86taadnsjkzf8tk8r25av6gjdwv9u,246,https://koios.tosidrop.me/api/v1/pool_updates,2026-05-19T23:10:03+00:00
77bacb7cb880adb3174299f0940dd2a0380beb376ee412e650172f94,pool1w7avkl9cszkmx96zn8cfgrwj5quqh6ehdmjp9ejszuhegtevrcc,331,https://koios.tosidrop.me/api/v1/pool_updates,2026-05-19T23:10:03+00:00
77c1e3f81329e39ab09279ebb61b4858bcbf9dd5b49ebf99e58120bd,pool1wlq787qn983e4vyj084mvx6gtz7tl8w4kj0tlx09syst6yc53hh,448,https://koios.tosidrop.me/api/v1/pool_updates,2026-05-19T23:10:03+00:00
77d7ae4c981848849ad8f4b0a8f089ecbdf20225feda6a638bd30e60,pool1wlt6unycrpygfxkc7jc23uyfaj7lyq39lmdx5cut6v8xqrf48m2,213,https://koios.tosidrop.me/api/v1/pool_updates,2026-05-19T23:10:03+00:00
77f64feb102629b2c0d9163fd6822b5ac95bcba5df33a8b5cdbd11e2,pool1wlmyl6csyc5m9sxezcladq3ttty4hja9mue63dwdh5g7ymucukl,588,https://koios.tosidrop.me/api/v1/pool_updates,2026-05-19T23:10:03+00:00
7811d7ce6a7ae17b5197b8e27b389ee99f0a9c152891dcb15541b75d,pool10qga0nn20tshk5vhhr38kwy7ax0s48q49zgaev24gxm465wvspj,362,https://koios.tosidrop.me/api/v1/pool_updates,2026-05-19T23:10:03+00:00
7819a909acddb9f4c142c6cd2b0c51ad1ce1ba123b5ffbb009d2d123,pool10qv6jzdvmkulfs2zcmxjkrz345wwrwsj8d0lhvqf6tgjxlc7q43,233,https://koios.tosidrop.me/api/v1/pool_updates,2026-05-19T23:10:03+00:00
782253118f1397ec130f4ab38d782b4ec1126ac74bd6f4b06d6b7a01,pool10q39xyv0zwt7cyc0f2ec67ptfmq3y6k8f0t0fvrdddaqzs3hpxc,564,https://koios.tosidrop.me/api/v1/pool_updates,2026-05-19T23:10:03+00:00
7855f53d05a92d326c480d57661325638452d9864d75bf1f220a4521,pool10p2l20g94yknymzgp4tkvye9vwz99kvxf46m78ezpfzjzvr82zz,303,https://koios.tosidrop.me/api/v1/pool_updates,2026-05-19T23:10:03+00:00
7860f0e86cf66f8f9d6cd4e8723dd458cc3c2ceb0a523c9c20d45396,pool10ps0p6rv7ehcl8tv6n58y0w5trxrct8tpffre8pq63fevw7x9l9,262,https://koios.tosidrop.me/api/v1/pool_updates,2026-05-19T23:10:03+00:00
787231f03fab13a8d5e01ba4125c6c04dea33ea36ad91695f16694db,pool10perrupl4vf6340qrwjpyhrvqn02x04rdtv3d903v62dkx7vgq2,269,https://koios.tosidrop.me/api/v1/pool_updates,2026-05-19T23:10:03+00:00
788289f53f22757da6c5f5fd0d4edefe80fa9ae91206ef72707ca1af,pool10zpgnaflyf6hmfk97h7s6nk7l6q04xhfzgrw7uns0js67dj65ux,523,https://koios.tosidrop.me/api/v1/pool_updates,2026-05-19T23:10:03+00:00
7892c4b910d8387fd224506a7bc86ea6561309b4c3e431795e478f52,pool10zfvfwgsmqu8l53y2p48hjrw5etpxzd5c0jrz727g784y89xkpr,317,https://koios.tosidrop.me/api/v1/pool_updates,2026-05-19T23:10:03+00:00
789a856fb8fcfc7e7aeae5e32371a6eef447f667876adc6f74b1f52a,pool10zdg2macln78u7h2uh3jxudxam6y0an8sa4dcmm5k86j536cmqa,221,https://koios.tosidrop.me/api/v1/pool_updates,2026-05-19T23:10:03+00:00
78bec72f0bc42c5dce0aebf344faf4037bd9ea977852c6349b7dd967,pool10zlvwtctcsk9mns2a0e5f7h5qdaan65h0pfvvdym0hvkwzsns86,349,https://koios.tosidrop.me/api/v1/pool_updates,2026-05-19T23:10:03+00:00
78ce8b6855c8651d0ffc746dfb52cfe09386e1e37171c78b8433a9a0,pool10r8gk6z4epj36rluw3klk5k0uzfcdc0rw9cu0zuyxw56quaksrv,539,https://koios.tosidrop.me/api/v1/pool_updates,2026-05-19T23:10:03+00:00
78e07590b2a28ca0e90602fb9319e11770b516ec34387c663ebda287,pool10rs8ty9j52x2p6gxqtaexx0pzact29hvxsu8ce37hk3gwkpz345,403,https://koios.tosidrop.me/api/v1/pool_updates,2026-05-19T23:10:03+00:00
7915290fffb9af0dc98414ff038fce20972eb85140f310006589d6c7,pool10y2jjrllhxhsmjvyznls8r7wyztjawz3gre3qqr938tvw5tg0vu,247,https://koios.tosidrop.me/api/v1/pool_updates,2026-05-19T23:10:03+00:00
79219df8a6919aa5443f301d07a6f9eb9be38a6388215baaf55291b3,pool10ysem79xjxd223plxqws0fheawd78znr3qs4h2h422gmxa40amu,526,https://koios.tosidrop.me/api/v1/pool_updates,2026-05-19T23:10:03+00:00
7927e0b15f511e19a50ddf046bff21363f443d141f3a817e32c80de2,pool10yn7pv2l2y0pnfgdmuzxhlepxcl5g0g5ruagzl3jeqx7ytvrlyx,240,https://koios.tosidrop.me/api/v1/pool_updates,2026-05-19T23:10:03+00:00
794ec3628351fcee7711d26dbe10584838760451027e6c621582a1be,pool1098vxc5r287wuac36fkmuyzcfqu8vpz3qflxccs4s2smumhujtv,259,https://koios.tosidrop.me/api/v1/pool_updates,2026-05-19T23:10:03+00:00
79540e3ae472212c4f720b74e2fc257f0ce7632d0b1f44db55a49b20,pool1092quwhywgsjcnmjpd6w9lp90uxwwcedpv05fk645jdjqv5dmj6,230,https://koios.tosidrop.me/api/v1/pool_updates,2026-05-19T23:10:03+00:00
7961ec6ad3d710694d276d7502de339e4508b7de270ef86205848210,pool109s7c6kn6ugxjnf8d46s9h3nnezs3d77yu80scs9sjppqa0qkyn,260,https://koios.tosidrop.me/api/v1/pool_updates,2026-05-19T23:10:03+00:00
7962c99ab54598a4a3ef5b8d5697275d20d40c025d9092ff998ddeb0,pool1093vnx44gkv2fgl0twx4d9e8t5sdgrqztkgf9lue3h0tqr9etu9,252,https://koios.tosidrop.me/api/v1/pool_updates,2026-05-19T23:10:03+00:00
796ab264483c464e2df3add039a8cd04e3eed9c79f45507fba35bf02,pool1094tyezg83ryut0n4hgrn2xdqn37akw8naz4qla6xklsy05plj6,275,https://koios.tosidrop.me/api/v1/pool_updates,2026-05-19T23:10:03+00:00
79739d3b249d15d733917a20176c3a339d029c4f6dc58729a0e071a6,pool109ee6weyn52awvu30gspwmp6xwws98z0dhzcw2dqupc6vv6mkg6,454,https://koios.tosidrop.me/api/v1/pool_updates,2026-05-19T23:10:03+00:00
797a55cd671436e1c70cda2e3dacc334a9c59127f5f261cf509e01f8,pool109a9tnt8zsmwr3cvmghrmtxrxj5utyf87hexrn6sncqls7pg3gu,328,https://koios.tosidrop.me/api/v1/pool_updates,2026-05-19T23:10:03+00:00
7a1674bdd641f0d64da55cd92f56cd5b0e77565e7d59667ce675dd24,pool10gt8f0wkg8cdvnd9tnvj74kdtv88w4j704vkvl8xwhwjg0mgmcl,305,https://koios.tosidrop.me/api/v1/pool_updates,2026-05-19T23:10:03+00:00
7a3e2d7a52e553144a07a8619f1590fe9b1adbdaade15c0349707f63,pool10glz67jju4f3gjs84pse79vsl6d34k764hs4cq6fwplkxzf277w,544,https://koios.tosidrop.me/api/v1/pool_updates,2026-05-19T23:10:03+00:00
7a3ff427e2fc66843d3251bb02dd2e72a8234d496b9787a1b5af7655,pool10gllgflzl3ngg0fj2xas9hfww25zxn2fdwtc0gd44am92pdlr7p,210,https://koios.tosidrop.me/api/v1/pool_updates,2026-05-19T23:10:03+00:00
7a58916420571bcb037159d772275a04e968e83dfad750af26f943fd,pool10fvfzepq2udukqm3t8thyf66qn5k36paltt4ptexl9pl6j92tfj,288,https://koios.tosidrop.me/api/v1/pool_updates,2026-05-19T23:10:03+00:00
7a990e7ee931f9d548a977d5cf2194f26f7e2f1158752e0bb94a073f,pool102vsulhfx8ua2j9fwl2u7gv57fhhutc3tp6juzaefgrn7ae35wm,580,https://koios.tosidrop.me/api/v1/pool_updates,2026-05-19T23:10:03+00:00
7aac5502d19cac8731e3b86ecc9553d69b26a02155e5c9cf262d224c,pool102k92qk3njkgwv0rhphve92n66djdgpp2hjunnex953yc3qdldv,284,https://koios.tosidrop.me/api/v1/pool_updates,2026-05-19T23:10:03+00:00
7aaccac9628530154287074f986da6c6bae872bd3c36bfa2c427c1e4,pool102kv4jtzs5cp2s58qa8esmdxc6awsu4a8smtlgkyylq7gvzgdwv,311,https://koios.tosidrop.me/api/v1/pool_updates,2026-05-19T23:10:03+00:00
7ab4988492b9a5d4ed7221264a117cbaac3e9bb64f4f9e52e7ad78c5,pool1026f3pyjhxjafmtjyyny5ytuh2kraxakfa8eu5h844uv2upzxvq,299,https://koios.tosidrop.me/api/v1/pool_updates,2026-05-19T23:10:03+00:00
7ad66560a0110f6f5e47c95d87d6f8d61c3ef4c03dbe02127f784a88,pool10ttx2c9qzy8k7hj8e9wc04hc6cwraaxq8klqyynl0p9gspw9vxk,216,https://koios.tosidrop.me/api/v1/pool_updates,2026-05-19T23:10:03+00:00
7adee3388583c5037416bdbc2c5e791c96d295d7c37e1596ba61e815,pool10t0wxwy9s0zsxaqkhk7zchnerjtd99whcdlpt946v85p2tk9z8f,215,https://koios.tosidrop.me/api/v1/pool_updates,2026-05-19T23:10:03+00:00
7b0d46f6bf28634ab4d273b76e9768793b465ea8398563659ab8d2df,pool10vx5da4l9p354dxjwwmka9mg0ya5vh4g8xzkxev6hrfd745wlwg,331,https://koios.tosidrop.me/api/v1/pool_updates,2026-05-19T23:10:03+00:00
7b2f381d3c0e83929992326aed5e84d6978b218b910bd27dbade1076,pool10vhns8fup6pe9xvjxf4w6h5y66tckgvtjy9ayld6mcg8vv4crdk,470,https://koios.tosidrop.me/api/v1/pool_updates,2026-05-19T23:10:03+00:00
7b33e7cc783e426d84b92f34ce16dd266eccc0e8f2fd963c530f13c4,pool10ve70nrc8epxmp9e9u6vu9kayehves8g7t7ev0znpufug5e0m8f,426,https://koios.tosidrop.me/api/v1/pool_updates,2026-05-19T23:10:03+00:00
7b3b5039153ee36446dbf4eae9da3351bfdeb884b5cd13afdefc02b8,pool10va4qwg48m3kg3km7n4wnk3n2xlaawyykhx38t77lsptsc27cz7,249,https://koios.tosidrop.me/api/v1/pool_updates,2026-05-19T23:10:03+00:00
7b3d7f57b55b1d2690c30b0c823c2aec3caa6a4416ee942c0c2edc61,pool10v7h74a4tvwjdyxrpvxgy0p2as7256jyzmhfgtqv9mwxzwgtwdm,432,https://koios.tosidrop.me/api/v1/pool_updates,2026-05-19T23:10:03+00:00
7b4861e870c33a5b44c51639e789bd57e6f42c898a0f7f49ea0884e1,pool10dyxr6rscva9k3x9zcu70zda2ln0gtyf3g8h7j02pzzwz8e5ddm,293,https://koios.tosidrop.me/api/v1/pool_updates,2026-05-19T23:10:03+00:00
7b5a0ea8a00258b70d5e02422ef2fc982f341c58e7ad839ce0d10b6a,pool10ddqa29qqfvtwr27qfpzauhunqhng8zcu7kc888q6y9k5xhqm8z,262,https://koios.tosidrop.me/api/v1/pool_updates,2026-05-19T23:10:03+00:00
7b5d25dfd9825d4461f1d339afeb109b27acfc1d33db1b5cebd50662,pool10dwjth7esfw5gc036vu6l6csnvn6elqax0d3kh8t65rxyewk2g3,237,https://koios.tosidrop.me/api/v1/pool_updates,2026-05-19T23:10:03+00:00
7b92c27d47addf920a4b74db73d99c8ebe06057c802b332d945077d1,pool10wfvyl284h0eyzjtwndh8kvu36lqvptusq4nxtv52pmazpyvfud,607,https://koios.tosidrop.me/api/v1/pool_updates,2026-05-19T23:10:03+00:00
7bacd59728317961e6ffb20f40f74706954a5341d1159f7e2be32a68,pool10wkdt9egx9ukrehlkg85pa68q625556p6y2e7l3tuv4xsmzwf7y,212,https://koios.tosidrop.me/api/v1/pool_updates,2026-05-19T23:10:03+00:00
7bb4d04389fdc7816d9fcd3aec5c585e61635b31c65fd9ee6c175535,pool10w6dqsuflhrczmvle5awchzcteskxke3ce0anmnvza2n2uv3u2f,364,https://koios.tosidrop.me/api/v1/pool_updates,2026-05-19T23:10:03+00:00
7bbdeed8c8466090a77a19356a7ec3a755e9432b01a53708625f7e88,pool10w77akxggesfpfm6ry6k5lkr5a27jsetqxjnwzrztalgstkns0w,567,https://koios.tosidrop.me/api/v1/pool_updates,2026-05-19T23:10:03+00:00
7c1ae56132983ac8c04bec007c669e8969f25de8d2293a7a3cc8ff96,pool10sdw2cfjnqav3sztasq8ce57395lyh0g6g5n573uerlev9whhe3,289,https://koios.tosidrop.me/api/v1/pool_updates,2026-05-19T23:10:03+00:00
7c1cd26931e205a0ff03f41a2aec4d4fa8830e42513290a60f9969b3,pool10swdy6f3ugz6plcr7sdz4mzdf75gxrjz2yefpfs0n95mxddg2dp,307,https://koios.tosidrop.me/api/v1/pool_updates,2026-05-19T23:10:03+00:00
7c221e92cee4191105332bac31258ed0717a2ff8b7dc95c9efef8a4c,pool10s3paykwusv3zpfn9wkrzfvw6pch5tlcklwftj00a79yc3h0tgx,239,https://koios.tosidrop.me/api/v1/pool_updates,2026-05-19T23:10:03+00:00
7c289f3d27f864c0dbff814c29a8dcc097eb135fa3159ed1d2927483,pool10s5f70f8lpjvpklls9xzn2xuczt7ky6l5v2ea5wjjf6gxw2a5yj,224,https://koios.tosidrop.me/api/v1/pool_updates,2026-05-19T23:10:03+00:00
7c342689b39e269c29ef74fe12e66dee78df69955544d9f0662f6167,pool10s6zdzdnncnfc200wnlp9endaeud76v424zdnurx9askwshm02x,424,https://koios.tosidrop.me/api/v1/pool_updates,2026-05-19T23:10:03+00:00
7c3f2b02293971b09a3bbcc0439b83a24640dea61ef963938a2663a4,pool10sljkq3f89cmpx3mhnqy8xur5fryph4xrmuk8yu2ye36guk88av,316,https://koios.tosidrop.me/api/v1/pool_updates,2026-05-19T23:10:03+00:00
7c50cd5f07e18ab673d42f9353bf49e9059230735043189e6d12d1fd,pool103gv6hc8ux9tvu7597f4806fayzeyvrn2pp338ndztgl6jg29mf,239,https://koios.tosidrop.me/api/v1/pool_updates,2026-05-19T23:10:03+00:00
7c5d59f69e113939aa1e19f081cc0884e2b85a55768a4347bf356191,pool103w4na57zyunn2s7r8cgrnqgsn3tskj4w69yx3alx4sezphv53t,475,https://koios.tosidrop.me/api/v1/pool_updates,2026-05-19T23:10:03+00:00
7c7b15fdb0fb983c32541a47dc89201f7d0b6b0f9cbae8099a5ac32b,pool103a3tldslwvrcvj5rfraezfqra7sk6c0njawszv6ttpjkq84gyz,465,https://koios.tosidrop.me/api/v1/pool_updates,2026-05-19T23:10:03+00:00
7c8e931dbba0ea3ca557ef2ce09ed4136760d3b613bca3c8439a78c0,pool10j8fx8dm5r4ref2haukwp8k5zdnkp5akzw728jzrnfuvquuy6a8,258,https://koios.tosidrop.me/api/v1/pool_updates,2026-05-19T23:10:03+00:00
7ca2ff20403531c018489930828dc42717222b2025e76df15cdcb58c,pool10j307gzqx5cuqxzgnycg9rwyyutjy2eqyhnkmu2umj6cctcvrqq,321,https://koios.tosidrop.me/api/v1/pool_updates,2026-05-19T23:10:03+00:00
7cb1a635183e143d1b837abafa8f221856098c82aa55d604cf91d542,pool10jc6vdgc8c2r6xur02a04rezrptqnryz4f2avpx0j825y0pnl09,427,https://koios.tosidrop.me/api/v1/pool_updates,2026-05-19T23:10:03+00:00
7cb52b8ab58fedc1e1d35974eeb8dcde118d0441043bb006e71e0868,pool10j6jhz443lkurcwnt96wawxumcgc6pzpqsamqph8rcyxsu5rnta,291,https://koios.tosidrop.me/api/v1/pool_updates,2026-05-19T23:10:03+00:00
7cd229fe6bf72ba1a7a01e3e950bf2104720c0fbe1b881ac93b26c7a,pool10nfznlnt7u46rfaqrclf2zljzprjps8muxugrtynkfk85rv033m,313,https://koios.tosidrop.me/api/v1/pool_updates,2026-05-19T23:10:03+00:00
7cdca5168129ace5883b56b2e9f8ac8ed59128825c840e43079eac03,pool10nw2295p9xkwtzpm26ewn79v3m2ez2yztjzqusc8n6kqxrja8wp,535,https://koios.tosidrop.me/api/v1/pool_updates,2026-05-19T23:10:03+00:00
7ce59da0bac7f64b40fcda60a7ee368d5ac8082d81f2bb75fef9e01e,pool10njemg96clmyks8umfs20m3k34dvszpds8etka07l8spum3lu7r,284,https://koios.tosidrop.me/api/v1/pool_updates,2026-05-19T23:10:03+00:00
7d479a2fb245ebb087d8f56b6bf434d7d3a7970997e7da1212b73670,pool104re5tajgh4mpp7c744khap56lf609cfjlna5ysjkum8qn8fel9,592,https://koios.tosidrop.me/api/v1/pool_updates,2026-05-19T23:10:03+00:00
7d48468f87fe87243f0590c842ff8e543c329335e50c78d2ccbda682,pool104yydru8l6rjg0c9jryy9luw2s7r9ye4u5x835kvhkngy24986h,286,https://koios.tosidrop.me/api/v1/pool_updates,2026-05-19T23:10:03+00:00
7d52d93ccdb8cf8065ae9bfe93b6ca7e8649e95699f6b2136f53e7c3,pool104fdj0xdhr8cqedwn0lf8dk206ryn62kn8mtyym020nuxthjgvj,222,https://koios.tosidrop.me/api/v1/pool_updates,2026-05-19T23:10:03+00:00
7d57ce9c996fc837d8a2aacb3968e78aac077df38684497ac3a7b180,pool104tua8yedlyr0k9z4t9nj68832kqwl0ns6zyj7kr57ccqn5hxy7,272,https://koios.tosidrop.me/api/v1/pool_updates,2026-05-19T23:10:03+00:00
7d759989bbd5aa72fb7a125100dfd0014d08f46d64ff7a2cef0f05ef,pool1046enzdm6k4897m6zfgsph7sq9xs3ardvnlh5t80puz77vq6355,262,https://koios.tosidrop.me/api/v1/pool_updates,2026-05-19T23:10:03+00:00
7d788a436d0f89669c12c32c563a5b3925f6bbed26f0050bfcc93629,pool104ug5smdp7ykd8qjcvk9vwjm8yjldwldymcq2zlueymzje6mu3q,306,https://koios.tosidrop.me/api/v1/pool_updates,2026-05-19T23:10:03+00:00
7d84a0594da08dfae29c885949bf8e1b05eb9df558ba51be2eaad084,pool10kz2qk2d5zxl4c5u3pv5n0uwrvz7h804tza9r03w4tgggl7faqa,255,https://koios.tosidrop.me/api/v1/pool_updates,2026-05-19T23:10:03+00:00
7d89d3f11170f5874c5b781b80864be392edcd9c8715ccce18155a8f,pool10kya8ug3wr6cwnzm0qdcppjtuwfwmnvusu2uenscz4dg7pl07qv,579,https://koios.tosidrop.me/api/v1/pool_updates,2026-05-19T23:10:03+00:00
7da9c85e1a6e9e757b22dcf0369ce841e53108d856a5dbf534357a30,pool10k5ushs6d60827ezmncrd88gg8jnzzxc26jahaf5x4arqzyf5me,216,https://koios.tosidrop.me/api/v1/pool_updates,2026-05-19T23:10:03+00:00
7da9c85e1a6e9e757b22dcf0369ce841e53108d856a5dbf534357a30,pool10k5ushs6d60827ezmncrd88gg8jnzzxc26jahaf5x4arqzyf5me,255,https://koios.tosidrop.me/api/v1/pool_updates,2026-05-19T23:10:03+00:00
7dc4aeaebf82d29f4cf9957af5493549095be91f0949a8a8f646b0b8,pool10hz2at4lstff7n8ej4a02jf4fyy4h6glp9y6328kg6ctsn83fes,210,https://koios.tosidrop.me/api/v1/pool_updates,2026-05-19T23:10:03+00:00
7de8b2a5f0a1272025d651aa019ddba38daf73061e824006a929bdcc,pool10h5t9f0s5ynjqfwk2x4qr8wm5wx67ucxr6pyqp4f9x7ucs58rlz,213,https://koios.tosidrop.me/api/v1/pool_updates,2026-05-19T23:10:03+00:00
7df4ca8ac5a08b3c5b71c1417609f7cfbb54948db1c64a22610d7001,pool10h6v4zk95z9nckm3c9qhvz0he7a4f9ydk8ry5gnpp4cqz94uaeg,257,https://koios.tosidrop.me/api/v1/pool_updates,2026-05-19T23:10:03+00:00
7df9d3e208d17f42dd95654e908b1d0f95afd4e8f7ad8b350af0b746,pool10hua8csg69l59hv4v48fpzcap726l48g77kckdg27zm5v349p69,624,https://koios.tosidrop.me/api/v1/pool_updates,2026-05-19T23:10:03+00:00
7e00129d906afbba06a6b279fcf6e4295986a1104b7f5c4046c653bc,pool10cqp98vsdtam5p4xkfuleahy99vcdggsfdl4cszxcefmcheexma,580,https://koios.tosidrop.me/api/v1/pool_updates,2026-05-19T23:10:03+00:00
7e04f46e82e7ab8fdc660977bf73f0fb3307d5c449ba010eb090d426,pool10cz0gm5zu74clhrxp9mm7ulslves04wyfxaqzr4sjr2zv7qjpnv,301,https://koios.tosidrop.me/api/v1/pool_updates,2026-05-19T23:10:03+00:00
7e1d51f2433fe5fb3cf356387913b799dca9cbc08217fa8a3fda564f,pool10cw4rujr8ljlk08n2cu8jyahn8w2nj7qsgtl4z3lmfty7gt8t0n,324,https://koios.tosidrop.me/api/v1/pool_updates,2026-05-19T23:10:03+00:00
7e3a1ed8f2085923debacc6866aefaba941edd638ff0886061ebf521,pool10capak8jppvj8h46e35xdth6h22pahtr3lcgscrpa06jzv0xn8w,475,https://koios.tosidrop.me/api/v1/pool_updates,2026-05-19T23:10:03+00:00
7e3e3fcc235d49bf74a11aa1544c02a0234e1fa08acf6a1e77ad56db,pool10clrlnprt4ym7a9pr2s4gnqz5q35u8aq3t8k58nh44tdk2qell6,255,https://koios.tosidrop.me/api/v1/pool_updates,2026-05-19T23:10:03+00:00
7e45a7e6ab3afcf99120e97aedf84e706e43d829ddc610ad667a85a3,pool10ez60e4t8t70nyfqa9awm7zwwphy8kpfmhrppttx02z6xeyzgyk,333,https://koios.tosidrop.me/api/v1/pool_updates,2026-05-19T23:10:03+00:00
7e57c6e1647b5c4fbd757ddbb68464d54f5c8896d39e9697df7d6d44,pool10etudcty0dwyl0t40hdmdpry6484ezyk6w0fd97l04k5gwzeege,495,https://koios.tosidrop.me/api/v1/pool_updates,2026-05-19T23:10:03+00:00
7e59e521d13e75c60f80e6702675adc63c8713766e5cd73b5feede92,pool10ev72gw38e6uvruqueczvaddcc7gwymkdewdww6lam0fy9e0a99,216,https://koios.tosidrop.me/api/v1/pool_updates,2026-05-19T23:10:03+00:00
7e6e6c70db19188a773a41ec36b2fd9476ff77431356c3f5e81acc16,pool10ehxcuxmryvg5ae6g8krdvhaj3m07a6rzdtv8a0grtxpv7fnrpu,244,https://koios.tosidrop.me/api/v1/pool_updates,2026-05-19T23:10:03+00:00
7e880f0d7cd08067479c05251471f10328371cd27009a5ae86abb0a7,pool106yq7rtu6zqxw3uuq5j3gu03qv5rw8xjwqy6tt5x4wc2w32yx3n,260,https://koios.tosidrop.me/api/v1/pool_updates,2026-05-19T23:10:03+00:00
7e9b82b51572c2c3b8965056681a1f232a1f6a4e45b148ed5e413e7f,pool106dc9dg4wtpv8wyk2ptxsxslyv4p76jwgkc53m27gyl877rr3mw,276,https://koios.tosidrop.me/api/v1/pool_updates,2026-05-19T23:10:03+00:00
7ea160d6a31ef8c9bae439766c191d462032a9f61e779603fd9e8e66,pool106skp44rrmuvnwhy89mxcxgagcsr920kremevqlan68xvl2say4,292,https://koios.tosidrop.me/api/v1/pool_updates,2026-05-19T23:10:03+00:00
7ea8b79257a960ee006932f839ff6da2ba98742eb25984d29cad391e,pool1065t0yjh49swuqrfxturnlmd52afsapwkfvcf55u45u3uz6xmr8,420,https://koios.tosidrop.me/api/v1/pool_updates,2026-05-19T23:10:03+00:00
7eb8f540349f1738f56e30501ce1b1e6229e37bcdb5b6cf9ae302f7f,pool106u02sp5nutn3atwxpgpecd3uc3fudaumddke7dwxqhh7lu58nz,419,https://koios.tosidrop.me/api/v1/pool_updates,2026-05-19T23:10:03+00:00
7ec66998491506e44d95c0bbeee93b154a019bbc11129754afb8d524,pool10mrxnxzfz5rwgnv4cza7a6fmz49qrxauzyffw490hr2jghzmtsp,332,https://koios.tosidrop.me/api/v1/pool_updates,2026-05-19T23:10:03+00:00
7ef984f328f4dc3e33a8b3d339612bc02cb9317a569465c19dae8141,pool10mucfueg7nwruvagk0fnjcftcqktjvt6262xtsva46q5zg4utmg,605,https://koios.tosidrop.me/api/v1/pool_updates,2026-05-19T23:10:03+00:00
7f01b65c7ee1211e0387d68378120362a9e9cb3454b7d22a9443430a,pool10uqmvhr7uys3uqu866phsysrv257nje52jmay255gdps509jj5n,255,https://koios.tosidrop.me/api/v1/pool_updates,2026-05-19T23:10:03+00:00
7f4aae27e77c7648217ce2a584f880094cdc0a0d9505f3365d3087ef,pool10a92ufl803mysgtuu2jcf7yqp9xdczsdj5zlxdjaxzr778wtfz4,332,https://koios.tosidrop.me/api/v1/pool_updates,2026-05-19T23:10:03+00:00
7f6c103302f96390d478a170fe80938b76fccd8a23490e3b6ddebcf7,pool10akpqvczl93ep4rc59c0aqyn3dm0env2ydysuwmdm670wl24pd8,501,https://koios.tosidrop.me/api/v1/pool_updates,2026-05-19T23:10:03+00:00
7f9fcc0629142318e2c641c75460d7913622156a0510e861c21b3059,pool1070ucp3fzs333ckxg8r4gcxhjymzy9t2q5gwscwzrvc9jr7plq0,273,https://koios.tosidrop.me/api/v1/pool_updates,2026-05-19T23:10:03+00:00
7fa66ad59af4118e9776fe9120223f7c59de5e98186871ee90bb335b,pool107nx44v67sgca9mkl6gjqg3l03vauh5crp58rm5shve4kp0zfjf,314,https://koios.tosidrop.me/api/v1/pool_updates,2026-05-19T23:10:03+00:00
7fdb903f78c04ebaa13b626ceda70cba82c156b792afbcb921b178d9,pool10ldeq0mccp8t4gfmvfkwmfcvh2pvz44hj2hmewfpk9udjxug58y,484,https://koios.tosidrop.me/api/v1/pool_updates,2026-05-19T23:10:03+00:00
7fe94b73d418e6b677d1d2eca49b954dac4d96053a21c97d39b1c2ea,pool10l55ku75rrntva736tk2fxu4fkkym9s98gsujlfek8pw54x28tt,222,https://koios.tosidrop.me/api/v1/pool_updates,2026-05-19T23:10:03+00:00
7fe94b73d418e6b677d1d2eca49b954dac4d96053a21c97d39b1c2ea,pool10l55ku75rrntva736tk2fxu4fkkym9s98gsujlfek8pw54x28tt,224,https://koios.tosidrop.me/api/v1/pool_updates,2026-05-19T23:10:03+00:00
7fec643470e07954326fb01fe6b25828d0de9bf8999e4ad2d8923a5c,pool10lkxgdrsupu4gvn0kq07dvjc9rgdaxlcnx0y45kcjga9c0c766u,238,https://koios.tosidrop.me/api/v1/pool_updates,2026-05-19T23:10:03+00:00
7ff2b54f311b6774e82cbf780c413e49e37b7501afd30f154918f7ca,pool10let2ne3rdnhf6pvhauqcsf7f83hkagp4lfs792frrmu5up7xa7,328,https://koios.tosidrop.me/api/v1/pool_updates,2026-05-19T23:10:03+00:00
80198587174748d02caeba69214589ab0398341459eee50cd069a332,pool1sqvctpchgaydqt9whf5jz3vf4vpesdq5t8hw2rxsdx3nymx27uc,303,https://koios.tosidrop.me/api/v1/pool_updates,2026-05-19T23:10:03+00:00
802441a365ac93b54344d716c1a7db865c1c0d33cf804f8d29cdb0f9,pool1sqjyrgm94jfm2s6y6utvrf7msewpcrfne7qylrffekc0jtvwdlk,488,https://koios.tosidrop.me/api/v1/pool_updates,2026-05-19T23:10:03+00:00
802469d2b017f6b87bf73a52f7e50147c98e899b79a38499f08fb357,pool1sqjxn54szlmts7lh8ff00egpglycazvm0x3cfx0s37e4wa33zwu,414,https://koios.tosidrop.me/api/v1/pool_updates,2026-05-19T23:10:03+00:00
803c14fb539f9c6abd11bf12d760a8a18f9e3cc7e4de8b4ae228dd79,pool1sq7pf76nn7wx40g3hufdwc9g5x8eu0x8un0gkjhz9rwhjcyfsrn,466,https://koios.tosidrop.me/api/v1/pool_updates,2026-05-19T23:10:03+00:00
804865a3987aa337f3d99b1b7b8eae32c80a786af20f5bbca134c5f5,pool1spyxtguc023n0u7envdhhr4wxtyq57r27g84h09pxnzl2yx27ye,373,https://koios.tosidrop.me/api/v1/pool_updates,2026-05-19T23:10:03+00:00
80db2e22f3b84e69cdeefa7c897985b1ffb17cb75d597b40340031ad,pool1srdjughnhp8xnn0wlf7gj7v9k8lmzl9ht4vhksp5qqc66fnpccj,584,https://koios.tosidrop.me/api/v1/pool_updates,2026-05-19T23:10:03+00:00
80e035936d2b40673796cc4a7118c5f2aa2b6167062f6df8c0900ace,pool1srsrtymd9dqxwduke398zxx9724zkct8qchkm7xqjq9vudxwxm8,382,https://koios.tosidrop.me/api/v1/pool_updates,2026-05-19T23:10:03+00:00
80e36dcb59073a5b9f24799a4964b55e87bc17473f686659fc1926ee,pool1sr3kmj6equa9h8ey0xdyje94t6rmc9688a5xvk0urynwuqv3z0w,336,https://koios.tosidrop.me/api/v1/pool_updates,2026-05-19T23:10:03+00:00
8139fa7f71f09e525a2462a253b6131795418fd90c2d0234d805bd94,pool1syul5lm37z09yk3yv2398dsnz725rr7epsksydxcqk7eglttfx6,393,https://koios.tosidrop.me/api/v1/pool_updates,2026-05-19T23:10:03+00:00
8145274aa1713d4569e0d946af510b4d2b80640d87c1a0e4e0517954,pool1s9zjwj4pwy75260qm9r275gtf54cqeqdslq6pe8q29u4gg53lmy,304,https://koios.tosidrop.me/api/v1/pool_updates,2026-05-19T23:10:03+00:00
814947e7984ac727a5de3e87b8fe596850700c9523405b19516b2a13,pool1s9y50eucftrj0fw786rm3ljedpg8qry4ydq9kx23dv4px9k97t6,340,https://koios.tosidrop.me/api/v1/pool_updates,2026-05-19T23:10:03+00:00
81513973d897547309a685b7053aad72eda7291946e96aa30639689f,pool1s9gnju7cja28xzdxskms2w4dwtk6w2gegm5k4gcx895f7lmzupq,266,https://koios.tosidrop.me/api/v1/pool_updates,2026-05-19T23:10:03+00:00
815a641a7cf28da7f7fc3021e69b94746b567da13c11982442121b47,pool1s9dxgxnu72x60aluxqs7dxu5w344vldp8sgesfzzzgd5w0ln8r8,442,https://koios.tosidrop.me/api/v1/pool_updates,2026-05-19T23:10:03+00:00
81857936f8c1fcaa8936e2eb23429f39bdc6cd0904f1d5d64cfbe14b,pool1sxzhjdhcc8724zfkut4jxs5l8x7udngfqncat4jvl0s5ka9l2xa,234,https://koios.tosidrop.me/api/v1/pool_updates,2026-05-19T23:10:03+00:00
819941b2b97a23355387638effc31bc7d3e953663e1a6b4c6df5b97d,pool1sxv5rv4e0g3n25u8vw80lscmclf7j5mx8cdxknrd7kuh6fvsguu,301,https://koios.tosidrop.me/api/v1/pool_updates,2026-05-19T23:10:03+00:00
81af953e3a24a23d6d84bc8da414c4956be9ccdf6e8645f461193fbb,pool1sxhe2036yj3r6mvyhjx6g9xyj447nnxld6rytarprylmk99lsvm,257,https://koios.tosidrop.me/api/v1/pool_updates,2026-05-19T23:10:03+00:00
81af953e3a24a23d6d84bc8da414c4956be9ccdf6e8645f461193fbb,pool1sxhe2036yj3r6mvyhjx6g9xyj447nnxld6rytarprylmk99lsvm,274,https://koios.tosidrop.me/api/v1/pool_updates,2026-05-19T23:10:03+00:00
81af9eebe435c9b085a5d1a590674c14d22987e82bc781d7271ac1a6,pool1sxhea6lyxhymppd96xjeqe6vznfznplg90rcr4e8rtq6vm33t3z,279,https://koios.tosidrop.me/api/v1/pool_updates,2026-05-19T23:10:03+00:00
81c21ece04d545721f3146f84facd1b89344944e82bcc2ff2ebf4447,pool1s8ppansy64zhy8e3gmuyltx3hzf5f9zws27v9lewhazyw3gmp7e,363,https://koios.tosidrop.me/api/v1/pool_updates,2026-05-19T23:10:03+00:00
81c8e358f05b8770fb3476448858a9970bb25413ac365ed27bb82592,pool1s8ywxk8stwrhp7e5wezgsk9fju9my4qn4sm9a5nmhqjeynydv6z,275,https://koios.tosidrop.me/api/v1/pool_updates,2026-05-19T23:10:03+00:00
81c8e358f05b8770fb3476448858a9970bb25413ac365ed27bb82592,pool1s8ywxk8stwrhp7e5wezgsk9fju9my4qn4sm9a5nmhqjeynydv6z,280,https://koios.tosidrop.me/api/v1/pool_updates,2026-05-19T23:10:03+00:00
821e05d8b53b9149afd0ece3ce8a1924cab4d11e2e5cd6acc5c93178,pool1sg0qtk948wg5nt7san3uazseyn9tf5g79ewddtx9eychs2j0kk3,259,https://koios.tosidrop.me/api/v1/pool_updates,2026-05-19T23:10:03+00:00
8237478becff04cbe47fde64f737d18a7efcba24553555bb669de749,pool1sgm50zlvluzvherlmej0wd733fl0ew3y2564twmxnhn5j5q325s,232,https://koios.tosidrop.me/api/v1/pool_updates,2026-05-19T23:10:03+00:00
823fcd37285cb99491cd4f6cb2db0ac2a1c64bf8c5c603c3db891b2e,pool1sglu6degtjuefywdfakt9kc2c2suvjlcchrq8s7m3ydjuf22kwv,253,https://koios.tosidrop.me/api/v1/pool_updates,2026-05-19T23:10:03+00:00
825469cf7f85205e038958dc96404e91d2ac6539b2a971e61f5c7b48,pool1sf2xnnmls5s9uquftrwfvszwj8f2cefek25hreslt3a5scvde2t,278,https://koios.tosidrop.me/api/v1/pool_updates,2026-05-19T23:10:03+00:00
82556101ab923208e7bda4becc9f77b1caf97d4bfa0f755e08d1c089,pool1sf2kzqdtjgeq3eaa5jlve8mhk890jl2tlg8h2hsg68qgj2ecgmh,313,https://koios.tosidrop.me/api/v1/pool_updates,2026-05-19T23:10:03+00:00
828de926bf6c9812c911124798c6568e9d503e7b7e31d412768383cf,pool1s2x7jf4ldjvp9jg3zfre33jk36w4q0nm0ccagynkswpu7vt20hy,255,https://koios.tosidrop.me/api/v1/pool_updates,2026-05-19T23:10:03+00:00
82906c841da0f4010b2fa1a2c3726b5571b02eea6abfb48d7c6a4184,pool1s2gxepqa5r6qzze05x3vxunt24cmqth2d2lmfrtudfqcg5c78kw,580,https://koios.tosidrop.me/api/v1/pool_updates,2026-05-19T23:10:03+00:00
829d0b5055e3d2ae4f69260e4cf9f4eb6eee918f7657fb2ab0ebb649,pool1s2wsk5z4u0f2unmfyc8ye705adhwayv0wetlk24sawmyj5u74rn,544,https://koios.tosidrop.me/api/v1/pool_updates,2026-05-19T23:10:03+00:00
82bc9685ac388c74feddebef6b9ff06f166f9ac816a72c388750894c,pool1s27fdpdv8zx8flkaa0hkh8lsdutxlxkgz6njcwy82zy5cls0mw2,370,https://koios.tosidrop.me/api/v1/pool_updates,2026-05-19T23:10:03+00:00
82cce332173e59cfabe75eabb0620683907e40ddd96f562817823c72,pool1stxwxvsh8evul2l8t64mqcsxswg8usxam9h4v2qhsg78ye763q8,333,https://koios.tosidrop.me/api/v1/pool_updates,2026-05-19T23:10:03+00:00
82d042c41e74a1cecb07bcd29951cd6d82771cd49cd3e7c93b950711,pool1stgy93q7wjsuajc8hnffj5wddkp8w8x5nnf70jfmj5r3zj6hr6j,442,https://koios.tosidrop.me/api/v1/pool_updates,2026-05-19T23:10:03+00:00
83202c4914374cba6c1ee655ffed5a9b57eab61f6658faa3567376c2,pool1svszcjg5xaxt5mq7ue2llm26ndt74dslvev04g6kwdmvyf0t657,622,https://koios.tosidrop.me/api/v1/pool_updates,2026-05-19T23:10:03+00:00
835f80f6c27a277b6c967c98c5f225e77b067aaed686cd8b1ac276e2,pool1sd0cpakz0gnhkmyk0jvvtu39uaasv74w66rvmzc6cfmwyqgz4yk,291,https://koios.tosidrop.me/api/v1/pool_updates,2026-05-19T23:10:03+00:00
83797e10178db38667ca3a2e620806ca128279653eb452028c314bba,pool1sduhuyqh3kecve728ghxyzqxegfgy7t98669yq5vx99m5k5lcr0,399,https://koios.tosidrop.me/api/v1/pool_updates,2026-05-19T23:10:03+00:00
837e012e04065b6094ea42ba68c0323444483a80b85f756daf56db84,pool1sdlqztsyqedkp982g2ax3spjx3zysw5qhp0h2md02mdcgrtdzqt,286,https://koios.tosidrop.me/api/v1/pool_updates,2026-05-19T23:10:03+00:00
837fa5fc294a85731d4d34642649688d0c6fbfd51f1a59d2256681ff,pool1sdl6tlpff2zhx82dx3jzvjtg35xxl074rud9n539v6ql7aezk7u,295,https://koios.tosidrop.me/api/v1/pool_updates,2026-05-19T23:10:03+00:00
83850c9c2d575701c440f963101be29d31210fef4cb3285fc0887661,pool1swzse8pd2atsr3zql933qxlzn5cjzrl0fjejsh7q3pmxzrupl3s,484,https://koios.tosidrop.me/api/v1/pool_updates,2026-05-19T23:10:03+00:00
83cb2ee41138fe90c5cbcb7f83a92e473c6b7cbb67920470fe04d081,pool1s09jaeq38rlfp3wtedlc82fwgu7xkl9mv7fqgu87qnggzzrqy6g,423,https://koios.tosidrop.me/api/v1/pool_updates,2026-05-19T23:10:03+00:00
83d6a63b5784bf6137a63e1b5ee548940cfb399104caf7d20f778851,pool1s0t2vw6hsjlkzdax8cd4ae2gjsx0kwv3qn9005s0w7y9z2jup6x,209,https://koios.tosidrop.me/api/v1/pool_updates,2026-05-19T23:10:03+00:00
83da1e31e86e8ccde51dec5b516a2c1357ce78a3e3171d03afb80dc4,pool1s0dpuv0gd6xvmegaa3d4z63vzdtuu79ruvt36qa0hqxug8crynn,357,https://koios.tosidrop.me/api/v1/pool_updates,2026-05-19T23:10:03+00:00
83dabb5708407d2ee83b43056503d283cb5e97e1ecc195b81dad2e96,pool1s0dtk4cggp7ja6pmgvzk2q7js094a9lpanqetwqa45hfv38d5l8,348,https://koios.tosidrop.me/api/v1/pool_updates,2026-05-19T23:10:03+00:00
83ebacbff252dbb411ae267d4ba892462e20f6a0d4979db9b0ab937f,pool1s046e0lj2tdmgydwye75h2yjgchzpa4q6jtemwds4wfh752gyr4,211,https://koios.tosidrop.me/api/v1/pool_updates,2026-05-19T23:10:03+00:00
84314d13395501f4764a335a4d84dadd3b0666367d136fddee962581,pool1ssc56yee25qlgaj2xddympx6m5asve3k05fklh0wjcjcz40wl69,304,https://koios.tosidrop.me/api/v1/pool_updates,2026-05-19T23:10:03+00:00
843c9f9b6cddd1c0a7e56e8b5936717ce969e4d6ac4127a421a02415,pool1ss7flxmvmhgupfl9d694jdn30n5knexk43qj0fpp5qjp22jpg3k,301,https://koios.tosidrop.me/api/v1/pool_updates,2026-05-19T23:10:03+00:00
843d6b466a25c5286edd12aaa5760d1dd595425966a995a7542ec118,pool1ss7kk3n2yhzjsmkaz2422asdrh2e2sjev65etf659mq3sn02dwg,326,https://koios.tosidrop.me/api/v1/pool_updates,2026-05-19T23:10:03+00:00
843ee1363cbe4e136648ae2d14d9e8f4ae877b197b3ca26d383a1ec6,pool1sslwzd3uhe8pxejg4ck3fk0g7jhgw7ce0v72ymfc8g0vv7v279h,345,https://koios.tosidrop.me/api/v1/pool_updates,2026-05-19T23:10:03+00:00
846725102fd1c65c144138f1ec18ddefc612853f708b2e77e33e3cc2,pool1s3nj2yp068r9c9zp8rc7cxxaalrp9pflwz9jualr8c7vyl08kj7,589,https://koios.tosidrop.me/api/v1/pool_updates,2026-05-19T23:10:03+00:00
84816b2c6ae5d01e297c21ef01573c0803c0bc7e290878bb3c8deca5,pool1sjqkktr2uhgpu2tuy8hsz4eupqpup0r79yy83weu3hk22na5c7w,526,https://koios.tosidrop.me/api/v1/pool_updates,2026-05-19T23:10:03+00:00
8497f6748ea2ae259ceac5d44f8cc4c928c88255f317b050b49d1ccb,pool1sjtlvayw52hzt882ch2ylrxyey5v3qj47vtmq595n5wvklqel95,266,https://koios.tosidrop.me/api/v1/pool_updates,2026-05-19T23:10:03+00:00
849e1f8a602ce6de1827577a7c0f174e564f58581900ddcf47d3ccc7,pool1sj0plznq9nnduxp82aa8crchfety7kzcryqdmn6860xvwwzzc4w,328,https://koios.tosidrop.me/api/v1/pool_updates,2026-05-19T23:10:03+00:00
84abf54864b232ff72b6cfb93310c1df5e0e8fa531d4730598b6b2cd,pool1sj4l2jrykge07u4ke7unxyxpma0qara9x828xpvck6ev68zlvn3,284,https://koios.tosidrop.me/api/v1/pool_updates,2026-05-19T23:10:03+00:00
84e69ba6de4da2b5067148d0e870e25e4887323df077c6f0677c36dc,pool1snnfhfk7fk3t2pn3frgwsu8zteygwv3a7pmudur80smdc7q7ytg,298,https://koios.tosidrop.me/api/v1/pool_updates,2026-05-19T23:10:03+00:00
8503ccc673f332870e2af61932036da5df86433e75a09d347c09ca86,pool1s5pue3nn7vegwr327cvnyqmd5h0cvse7wksf6drup89gvgxpr7l,392,https://koios.tosidrop.me/api/v1/pool_updates,2026-05-19T23:10:03+00:00
850ea4e988183b844b646a38e60b3cf13befb0385c1aa9a402dae5b9,pool1s582f6vgrqacgjmydguwvzeu7ya7lvpctsd2nfqzmtjmjhge7sd,438,https://koios.tosidrop.me/api/v1/pool_updates,2026-05-19T23:10:03+00:00
852227a1fa021f85ec02e052cec33fc2a59e9dbff8ec1cf057bda332,pool1s53z0g06qg0ctmqzupfvaselc2jea8dllrkpeuzhhk3ny973fms,532,https://koios.tosidrop.me/api/v1/pool_updates,2026-05-19T23:10:03+00:00
853fd2c733aef7289631c29573f3848009f8f4cb8bcfbad17b468daf,pool1s5la93en4mmj3933c22h8uuysqyl3axt308m45tmg6x673a6fhk,379,https://koios.tosidrop.me/api/v1/pool_updates,2026-05-19T23:10:03+00:00
854ff4e22d85401efd234e65a56739407eb4c74a5d2211188899b9a4,pool1s48lfc3ds4qpalfrfej62eeegpltf362t53pzxygnxu6gdtfnte,315,https://koios.tosidrop.me/api/v1/pool_updates,2026-05-19T23:10:03+00:00
8550213541d21b1eadbcc9807089a115202d9f9927b139ceb162234d,pool1s4gzzd2p6gd3atduexq8pzdpz5szm8uey7cnnn43vg3560ehg32,323,https://koios.tosidrop.me/api/v1/pool_updates,2026-05-19T23:10:03+00:00
8566b0730f36a8a326d024e1d2fd976577e8797269abb222523bde49,pool1s4ntquc0x652xfksynsa9lvhv4m7s7tjdx4mygjj800yjd8mcs7,290,https://koios.tosidrop.me/api/v1/pool_updates,2026-05-19T23:10:03+00:00
85a1b1fdce83908d3fb63bb5eba68ed3eef009680b282468e27e9c81,pool1sksmrlwwswgg60ak8w67hf5w60h0qztgpv5zg68z06wgzhrhsc9,364,https://koios.tosidrop.me/api/v1/pool_updates,2026-05-19T23:10:03+00:00
85b57079e2370b2118c1709a343067c5817987239dfcb2dd866aaece,pool1sk6hq70zxu9jzxxpwzdrgvr8ckqhnpernh7t9hvxd2hvuz35j8y,224,https://koios.tosidrop.me/api/v1/pool_updates,2026-05-19T23:10:03+00:00
85e055f4c777392bd43a8d8c40aad6b3e67b1f23faf4c24d12f4c5f4,pool1shs9tax8wuujh4p63kxyp2kkk0n8k8erlt6vyngj7nzlgnqykrn,244,https://koios.tosidrop.me/api/v1/pool_updates,2026-05-19T23:10:03+00:00
860e3e0e0c481b6f107c11bb8fdedc03e8e86548d35d9045db64773c,pool1sc8rursvfqdk7yruzxaclhkuq05wse2g6dweq3wmv3mncdpfyjn,322,https://koios.tosidrop.me/api/v1/pool_updates,2026-05-19T23:10:03+00:00
861318b17dc270547743c1f68df9468d0f3bf75ebe0f4ec6a474993c,pool1scf33vtacfc9ga6rc8mgm72x358nha67hc85a34ywjvncxaan5p,286,https://koios.tosidrop.me/api/v1/pool_updates,2026-05-19T23:10:03+00:00
8653140a6de233402b3476242eb153e5bd363fcba95d0e9c8f710fb5,pool1sef3gznduge5q2e5wcjzav2nuk7nv07t49wsa8y0wy8m2fhjfj9,561,https://koios.tosidrop.me/api/v1/pool_updates,2026-05-19T23:10:03+00:00
867fb47df89ec04a15483a10544e7442ee48960d2272f698a79bdfec,pool1selmgl0cnmqy592g8gg9gnn5gthy39sdyfe0dx98n007ceml3e7,317,https://koios.tosidrop.me/api/v1/pool_updates,2026-05-19T23:10:03+00:00
86945f01579251b961055ba1ddd14db6da922034bd377f643c362640,pool1s6297q2hjfgmjcg9twsam52dkmdfygp5h5mh7epuxcnyqa9a00m,213,https://koios.tosidrop.me/api/v1/pool_updates,2026-05-19T23:10:03+00:00
86bc50e47ca7f0f8f4bc1b5969ae188c26994f8e4e3ccbd55f9f225a,pool1s679peru5lc03a9urdvkntsc3snfjnuwfc7vh42lnu395af0m9v,218,https://koios.tosidrop.me/api/v1/pool_updates,2026-05-19T23:10:03+00:00
86d3b37680b0b5d91717d782774640823d85a0f64b4b2881de1ded86,pool1smfmxa5qkz6aj9ch67p8w3jqsg7ctg8kfd9j3qw7rhkcvrmdv3f,376,https://koios.tosidrop.me/api/v1/pool_updates,2026-05-19T23:10:03+00:00
86dd88eb98cc688d499eea6e2ccb552726abeb38d718d0ff9898af2d,pool1smwc36uce35g6jv7afhzej64yun2h6ec6uvdplucnzhj6x5fcjx,285,https://koios.tosidrop.me/api/v1/pool_updates,2026-05-19T23:10:03+00:00
86e9b78018961aa062a2d66bb319d64c0215cd81e58c45737375b71c,pool1sm5m0qqcjcd2qc4z6e4mxxwkfspptnvpukxy2umnwkm3c345neu,232,https://koios.tosidrop.me/api/v1/pool_updates,2026-05-19T23:10:03+00:00
870b8c84bd898faa3e1b5d220991d66804c04b9842a43121671d11cf,pool1su9cep9a3x8650smt53qnywkdqzvqjucg2jrzgt8r5gu7z34838,219,https://koios.tosidrop.me/api/v1/pool_updates,2026-05-19T23:10:03+00:00
872db6c1fa8762514d1196930e14a0e15e06fc89c943e0a8c0f468b9,pool1sukmds06sa39zng3j6fsu99qu90qdlyfe9p7p2xq735tjj2vvxn,266,https://koios.tosidrop.me/api/v1/pool_updates,2026-05-19T23:10:03+00:00
872fe579bd37dac411bceb84e4d6d945125db64872a81511494d8ba3,pool1suh727daxldvgyduawzwf4keg5f9mdjgw25p2y2ffk96x6z4ppg,336,https://koios.tosidrop.me/api/v1/pool_updates,2026-05-19T23:10:03+00:00
87448e3abd58ff9e448b2f7b4dfbe404fbfb798cc5d7a5020de734d6,pool1sazguw4atrleu3yt9aa5m7lyqnalk7vvcht62qsduu6dvppztwa,323,https://koios.tosidrop.me/api/v1/pool_updates,2026-05-19T23:10:03+00:00
875acc163537a9629bfafcf64703077ef91b63f395c5402ed65fa67b,pool1sadvc934x75k9xl6lnmywqc80mu3kclnjhz5qtkkt7n8k853w4n,416,https://koios.tosidrop.me/api/v1/pool_updates,2026-05-19T23:10:03+00:00
876156c041bfd01fca5b4d490a077bf977fcb329f4043a5db176c3f4,pool1sas4dszphlgpljjmf4ys5pmml9mlevef7szr5hd3wmplglu3a9a,395,https://koios.tosidrop.me/api/v1/pool_updates,2026-05-19T23:10:03+00:00
878172ba067b3decf89d8c8eaebab23c66f716e7028686202d58bd44,pool1s7qh9wsx0v77e7ya3j82aw4j83n0w9h8q2rgvgpdtz75g66f7kx,438,https://koios.tosidrop.me/api/v1/pool_updates,2026-05-19T23:10:03+00:00
878cc596b488c7cba5b82bda47a8dcc9d5b9b15f11008118c7843780,pool1s7xvt9453rruhfdc90dy02xue82mnv2lzyqgzxx8ssmcq4fc3kj,209,https://koios.tosidrop.me/api/v1/pool_updates,2026-05-19T23:10:03+00:00
878ed562ca0ade4b1dd48411449f85201b7418f26062254dbffb93fc,pool1s78d2ck2pt0yk8w5ssg5f8u9yqdhgx8jvp3z2ndllwflc0mxpr4,226,https://koios.tosidrop.me/api/v1/pool_updates,2026-05-19T23:10:03+00:00
8796e92e7b6e21cc75d3569a1305ff8f6bdec9be1c8ed77fa97cfc08,pool1s7twjtnmdcsucawn26dpxp0l3a4aajd7rj8dwlaf0n7qsalg5z4,400,https://koios.tosidrop.me/api/v1/pool_updates,2026-05-19T23:10:03+00:00
8797eda7072c08e2c6eff77bbdf7189f3bad127a6d7efd817e103831,pool1s7t7mfc89syw93h07aammaccnua66yn6d4l0mqt7zqurz2mczvq,268,https://koios.tosidrop.me/api/v1/pool_updates,2026-05-19T23:10:03+00:00
8798af1d783722fa0bc8ace2047a6be670369081587f5c6774c8b606,pool1s7v278tcxu305z7g4n3qg7ntuecrdyyptpl4cem5ezmqvg78a0t,321,https://koios.tosidrop.me/api/v1/pool_updates,2026-05-19T23:10:03+00:00
87ae8b395304a15fbd9faa78a4d26d16e6e8cd39be2e9ae6cc860988,pool1s7hgkw2nqjs4l0vl4fu2f5ndzmnw3nfehchf4ekvscycscxj5ec,396,https://koios.tosidrop.me/api/v1/pool_updates,2026-05-19T23:10:03+00:00
87ae8b395304a15fbd9faa78a4d26d16e6e8cd39be2e9ae6cc860988,pool1s7hgkw2nqjs4l0vl4fu2f5ndzmnw3nfehchf4ekvscycscxj5ec,442,https://koios.tosidrop.me/api/v1/pool_updates,2026-05-19T23:10:03+00:00
87b113ea6f5fa655a329d03606bbd0cc2b613846e7fa0a697145d09b,pool1s7c386n0t7n9tgef6qmqdw7ses4kzwzxulaq56t3ghgfka29jnw,339,https://koios.tosidrop.me/api/v1/pool_updates,2026-05-19T23:10:03+00:00
87f6600f1c6b5994f49b9ab7b28091d462d87acea3b0e7db08a16ce2,pool1slmxqrcuddvefaymn2mm9qy3633ds7kw5wcw0kcg59kwyx5c6hn,442,https://koios.tosidrop.me/api/v1/pool_updates,2026-05-19T23:10:03+00:00
8801de5a0177a23c04d27836cff6fbae2f46e1e31a80933d5732053c,pool13qqaukspw73rcpxj0qmvlahm4ch5dc0rr2qfx02hxgzncvqe0nc,306,https://koios.tosidrop.me/api/v1/pool_updates,2026-05-19T23:10:03+00:00
88056a745a81bdefd95359c43e71eb52e04c878507a24e88ff3ca3c0,pool13qzk5az6sx77lk2nt8zruu0t2tsyepu9q73yaz8l8j3uqxqh9wh,271,https://koios.tosidrop.me/api/v1/pool_updates,2026-05-19T23:10:03+00:00
880597bb225f4df2f259f224320a07a6ddf33f132850d9d9a6844cce,pool13qze0weztaxl9uje7gjryzs85mwlx0cn9pgdnkdxs3xvu78tsr3,377,https://koios.tosidrop.me/api/v1/pool_updates,2026-05-19T23:10:03+00:00
881c0f317de70d04f64eb3f2dab21bbb216cd69ca30fa2bd4bbca139,pool13qwq7vtauuxsfajwk0ed4vsmhvske45u5v86902thjsnjplvqt6,377,https://koios.tosidrop.me/api/v1/pool_updates,2026-05-19T23:10:03+00:00
881e3af880ac65f96cbf9b85d3f054f72aa7bb9c77fe365bbf36f4c7,pool13q0r47yq43jljm9lnwza8uz57u420wuuwllrvkalxm6vwn2dq5n,244,https://koios.tosidrop.me/api/v1/pool_updates,2026-05-19T23:10:03+00:00
881e3af880ac65f96cbf9b85d3f054f72aa7bb9c77fe365bbf36f4c7,pool13q0r47yq43jljm9lnwza8uz57u420wuuwllrvkalxm6vwn2dq5n,254,https://koios.tosidrop.me/api/v1/pool_updates,2026-05-19T23:10:03+00:00
88295d7c14fedc5084b84b9db3523cbd490ec88a3f0246a2933af06a,pool13q546lq5lmw9pp9cfwwmx53uh4ysajy28upydg5n8tcx5ayz682,475,https://koios.tosidrop.me/api/v1/pool_updates,2026-05-19T23:10:03+00:00
882f6c5fe2edad24d7bd34a9bea9b44e38520ca5cb66647a81ad30b1,pool13qhkchlzakkjf4aaxj5ma2d5fcu9yr99ednxg75p45ctzdgrw95,218,https://koios.tosidrop.me/api/v1/pool_updates,2026-05-19T23:10:03+00:00
883eecf210abca18ca7c05dbdd11d976e098817159031d8945a772c4,pool13qlweuss409p3jnuqhda6ywewmsf3qt3typ3mz295aevglscefu,404,https://koios.tosidrop.me/api/v1/pool_updates,2026-05-19T23:10:03+00:00
88493a86f1b14e63a1d765f3d1e952d3c90b4a7f584cc306c57a1cb9,pool13pyn4ph3k98x8gwhvhear62j60yskjnltpxvxpk90gwtjkzj88n,214,https://koios.tosidrop.me/api/v1/pool_updates,2026-05-19T23:10:03+00:00
88508d3e22a0045017318fd21462ad7874e8f9651b6bee28b81f8793,pool13pgg603z5qz9q9e33lfpgc4d0p6w37t9rd47u29cr7rex87wcs6,209,https://koios.tosidrop.me/api/v1/pool_updates,2026-05-19T23:10:03+00:00
88704ec0e235f20bf00dcb121274e8d0b0b2cb64bd94a248dfa70c21,pool13pcyas8zxheqhuqdevfpya8g6zct9jmyhk22yjxl5uxzz46jccy,253,https://koios.tosidrop.me/api/v1/pool_updates,2026-05-19T23:10:03+00:00
8870eeced1c43d4e639be20bf82d65dcc7dc9902e070c690f1e8c477,pool13pcwank3cs75ucumug9lstt9mnraexgzupcvdy83arz8wwn5jaq,550,https://koios.tosidrop.me/api/v1/pool_updates,2026-05-19T23:10:03+00:00
88733c886f30e375ad35591e8c9ae345b0b519a1ec98a937b41c2618,pool13penezr0xr3httf4ty0gexhrgkct2xdpajv2jda5rsnpsaakzgf,463,https://koios.tosidrop.me/api/v1/pool_updates,2026-05-19T23:10:03+00:00
8875e01215177b4506e9644ad6f9bda0aea6306ad217e4bb6653e1f9,pool13p67qys4zaa52phfv39dd7da5zh2vvr26gt7fwmx20slj6e6pmd,339,https://koios.tosidrop.me/api/v1/pool_updates,2026-05-19T23:10:03+00:00
8899e3b3c151d3c5a761cec15f007c02b8e8e8e2e6a69a03efbfb817,pool13zv78v7p28futfmpemq47qruq2uw368zu6nf5ql0h7upwj2tuza,463,https://koios.tosidrop.me/api/v1/pool_updates,2026-05-19T23:10:03+00:00
88ba8217b59cee8de68ec4fef744c25d15124fda91af45474f18c993,pool13zagy9a4nnhgme5wcnl0w3xzt523yn76jxh52360rryexc9f9dc,520,https://koios.tosidrop.me/api/v1/pool_updates,2026-05-19T23:10:03+00:00
88bceb660ed277e1ab3df05dce0305d1daf1b74a7aebe8248042b0f6,pool13z7wkesw6fm7r2ea7pwuuqc968d0rd620t47sfyqg2c0v0k67ak,246,https://koios.tosidrop.me/api/v1/pool_updates,2026-05-19T23:10:03+00:00
88cc73feada202ed17343e969c373c16cda4a8902d02094ff3dfc438,pool13rx88l4d5gpw69e586tfcdeuzmx6f2ys95pqjnlnmlzrs739h0y,547,https://koios.tosidrop.me/api/v1/pool_updates,2026-05-19T23:10:03+00:00
88e3ef3a81d92abddf8c73f0928151ec21f1488b80f8eeabcb6cd3f0,pool13r377w5pmy4tmhuvw0cf9q23asslzjytsruwa27tdnflq7hfjgk,309,https://koios.tosidrop.me/api/v1/pool_updates,2026-05-19T23:10:03+00:00
8904c09cb6f96aee97e36a9dd68d7f9295ee43e2d3a887b3e56c8392,pool13yzvp89kl94wa9lrd2wadrtlj227uslz6w5g0vl9djpey2klq2v,269,https://koios.tosidrop.me/api/v1/pool_updates,2026-05-19T23:10:03+00:00
89109d77346ab2fa7bd0521c8550acf1bbd0726579ea10f1bcd580bd,pool13ygf6ae5d2e0577s2gwg259v7xaaqun9084ppudu6kqt6yqf2sf,255,https://koios.tosidrop.me/api/v1/pool_updates,2026-05-19T23:10:03+00:00
89110a0826cfa5ac78575722bc2083bedf126be1905c81f74c392d01,pool13ygs5zpxe7j6c7zh2u3tcgyrhm03y6lpjpwgra6v8ykszrhvzyl,253,https://koios.tosidrop.me/api/v1/pool_updates,2026-05-19T23:10:03+00:00
891ff3dedf783219ab9d0ded166fdc7c597e18501c7d9e5f68482340,pool13y0l8hkl0qepn2uaphk3vm7u03vhuxzsr37euhmgfq35qqxh456,305,https://koios.tosidrop.me/api/v1/pool_updates,2026-05-19T23:10:03+00:00
8933d788cfc396313c82f922165d7e78dc4cb20575d904ba1a4c8fe4,pool13yea0zx0cwtrz0yzly3pvht70rwyevs9whvsfws6fj87gkegwp4,531,https://koios.tosidrop.me/api/v1/pool_updates,2026-05-19T23:10:03+00:00
89407b097bed491af84c4d65939224c792d4c457dcf5fa9c1dea7f87,pool139q8kztma4y347zvf4je8y3yc7fdf3zhmn6l48qaaflcw630gr7,304,https://koios.tosidrop.me/api/v1/pool_updates,2026-05-19T23:10:03+00:00
8949e3857d722bec5934116f5d2ca28d8fb2834daacee42ec0f48d92,pool139y78ptawg47ckf5z9h46t9z3k8m9q6d4t8wgtkq7jxeyg5x7p3,296,https://koios.tosidrop.me/api/v1/pool_updates,2026-05-19T23:10:03+00:00
894e4bfdb3bee24f5c5b49f0fb9dc9aa1c4075526960f675123c0602,pool1398yhldnhm3y7hzmf8c0h8wf4gwyqa2jd9s0vagj8srqyt7jcen,431,https://koios.tosidrop.me/api/v1/pool_updates,2026-05-19T23:10:03+00:00
89625f2d13c6f40516126acb8067bb6ad7f84fe3e848f74c7356afac,pool139397tgncm6q29sjdt9cqeamdttlsnlrapy0wnrn26h6ct4hnzg,213,https://koios.tosidrop.me/api/v1/pool_updates,2026-05-19T23:10:03+00:00
8978c369845151a191a28d74d12768ac7af6ffb8273326fac16e1ca7,pool139uvx6vy29g6rydz346dzfmg43a0dlacyuejd7kpdcw2wqzupd6,270,https://koios.tosidrop.me/api/v1/pool_updates,2026-05-19T23:10:03+00:00
8991d3d21423c5f8f1050566189200c7fb61efaa938a5c47646fadb7,pool13xga85s5y0zl3ug9q4np3ysqclakrma2jw99c3myd7kmwwxhmhe,442,https://koios.tosidrop.me/api/v1/pool_updates,2026-05-19T23:10:03+00:00
89a5a5073c626ed32a9ffc4a333dd94bea2dcf71cd46113b4a64fd98,pool13xj62peuvfhdx25ll39rx0wef04zmnm3e4rpzw62vn7esdscfaa,285,https://koios.tosidrop.me/api/v1/pool_updates,2026-05-19T23:10:03+00:00
89c06e760d61eb1fc3fe80b76455a63803a83a3eb93b3ffcebdec36b,pool138qxuasdv843lsl7szmkg4dx8qp6sw37hyanll8tmmpkk3lps4q,531,https://koios.tosidrop.me/api/v1/pool_updates,2026-05-19T23:10:03+00:00
89c9b0934094c11a4263a716b7f94d12ebf9882124bbce0438cd6f90,pool138ympy6qjnq35snr5utt072dzt4lnzppyjauuppce4heqn2rgjc,495,https://koios.tosidrop.me/api/v1/pool_updates,2026-05-19T23:10:03+00:00
8a0a38fe4ee598903f20b8dc9b7a3c3459fd220c0dc832aa5b884839,pool13g9r3ljwukvfq0eqhrwfk73ux3vl6gsvphyr92jm3pyrj8j7ush,259,https://koios.tosidrop.me/api/v1/pool_updates,2026-05-19T23:10:03+00:00
8a1ab06f3a8c823b7111955c287efbe3c96ad9a68aa2359832e0bc30,pool13gdtqme63jprkug3j4wzslhmu0yk4kdx323rtxpjuz7rqv3yyes,215,https://koios.tosidrop.me/api/v1/pool_updates,2026-05-19T23:10:03+00:00
8a2895ed00b2d32ebea6711be22f270bfa3cfc442226d22643f14ec8,pool13g5ftmgqktfja04xwyd7yte8p0arelzyygndyfjr798vsx0cd6f,564,https://koios.tosidrop.me/api/v1/pool_updates,2026-05-19T23:10:03+00:00
8a507898455d49c98452de07d87ac009210fe955f700ced230d4a6b8,pool13fg83xz9t4yunpzjmcras7kqpyssl6247uqva53s6jntskmhvc7,340,https://koios.tosidrop.me/api/v1/pool_updates,2026-05-19T23:10:03+00:00
8a6af89ef4663eb472784b8d8c72fa1bb5aa8145195dec2f5f5a11e2,pool13f4038h5vcltguncfwxccuh6rw664q29r9w7ct6ltgg7yglhww7,333,https://koios.tosidrop.me/api/v1/pool_updates,2026-05-19T23:10:03+00:00
8a75169b8651aefbc1cd182b44beb5d602c74be4c624195ec9f6133d,pool13f63dxux2xh0hswdrq45f0446cpvwjlyccjpjhkf7cfn6y5d6mn,300,https://koios.tosidrop.me/api/v1/pool_updates,2026-05-19T23:10:03+00:00
8a8e0fa9953e6a02c73bf9c7471c08c20e4067cccb4afff6201cb6ef,pool1328ql2v48e4q93eml8r5w8qgcg8yqe7ved90la3qrjmw7pnty9l,434,https://koios.tosidrop.me/api/v1/pool_updates,2026-05-19T23:10:03+00:00
8a9649707c01ffd908a80a289bd6ef9901c38c4f5ea5d8b27c4a3712,pool132tyjuruq8lajz9gpg5fh4h0nyqu8rz0t6ja3vnufgm3yqrdv6d,288,https://koios.tosidrop.me/api/v1/pool_updates,2026-05-19T23:10:03+00:00
8a9df42ba66533f24c1ce39757af0aeb0a1fbe878f4db672b7762e5e,pool132wlg2axv5elynquuwt40tc2av9pl0583axmvu4hwch9unh29y3,450,https://koios.tosidrop.me/api/v1/pool_updates,2026-05-19T23:10:03+00:00
8aabf4437bd7416267bb11a564de16ab0a05d874b4c82ea867fd927a,pool1324lgsmm6aqkyeamzxjkfhsk4v9qtkr5knyza2r8lkf85mhgx4z,312,https://koios.tosidrop.me/api/v1/pool_updates,2026-05-19T23:10:03+00:00
8ae61dd5202bc4903d95f75b50eecaa2e8d60ef1e36f81d1ccf6f65e,pool13tnpm4fq90zfq0v47ad4pmk25t5dvrh3udhcr5wv7mm9uq6g787,303,https://koios.tosidrop.me/api/v1/pool_updates,2026-05-19T23:10:03+00:00
8ae61dd5202bc4903d95f75b50eecaa2e8d60ef1e36f81d1ccf6f65e,pool13tnpm4fq90zfq0v47ad4pmk25t5dvrh3udhcr5wv7mm9uq6g787,360,https://koios.tosidrop.me/api/v1/pool_updates,2026-05-19T23:10:03+00:00
8af58708b7b8ce6da8a1c16a22228b346cbc833c3a1ca9e23fb8bab0,pool13t6cwz9hhr8xm29pc94zyg5tx3kteqeu8gw2nc3lhzatqegzp6z,309,https://koios.tosidrop.me/api/v1/pool_updates,2026-05-19T23:10:03+00:00
8b2d6e86b06aaa11d774eb8e3a10e3b4e30436cde06ed7a4b8618348,pool13vkkap4sd24pr4m5aw8r5y8rkn3sgdkduphd0f9cvxp5s4r83x2,362,https://koios.tosidrop.me/api/v1/pool_updates,2026-05-19T23:10:03+00:00
8b3e3d8afb3d646cbf49dcaf0a00ce14c7f09b4d18602494dee592e8,pool13vlrmzhm84jxe06fmjhs5qxwznrlpx6drpszf9x7ukfwslcq9c0,298,https://koios.tosidrop.me/api/v1/pool_updates,2026-05-19T23:10:03+00:00
8b54bc5fb3688fee19e1458d2699ba50adc91fca59a905870bb9d3a3,pool13d2tchandz87ux0pgkxjdxd62zkuj872tx5stpcth8f6xequ579,209,https://koios.tosidrop.me/api/v1/pool_updates,2026-05-19T23:10:03+00:00
8b56adc867d96ff7d777a8df07c4b2a09350fe4399adb30667f17670,pool13dt2mjr8m9hl04mh4r0s039j5zf4pljrnxkmxpn879m8q58ssn4,217,https://koios.tosidrop.me/api/v1/pool_updates,2026-05-19T23:10:03+00:00
8b9a73accec94d747dbeba74c3da0b0871936c1cd2ea9b99c6a0acb1,pool13wd88txwe9xhgld7hf6v8kstppcexmqu6t4fhxwx5zktz0l5nxv,560,https://koios.tosidrop.me/api/v1/pool_updates,2026-05-19T23:10:03+00:00
8b9c6073d09171c9e3b1460ffe4c0b11f34e4ca1b8ee0a28fe7a79fd,pool13wwxqu7sj9cunca3gc8lunqtz8e5un9phrhq52870ful6jw6usm,408,https://koios.tosidrop.me/api/v1/pool_updates,2026-05-19T23:10:03+00:00
8bb2ad14ac5f3ff180acbe0d30fa4bb667162b126d219ae333ed6957,pool13we2699vtullrq9vhcxnp7jtken3v2cjd5se4cena454wn4jn6g,237,https://koios.tosidrop.me/api/v1/pool_updates,2026-05-19T23:10:03+00:00
8bc067247b8a85500d40d7bb78afd4de6a5fed2cfcc82c9b9c2fa8a2,pool130qxwfrm32z4qr2q67ah3t75me49lmfvlnyzexuu9752ymhj6sx,231,https://koios.tosidrop.me/api/v1/pool_updates,2026-05-19T23:10:03+00:00
8bd3e5cffcd9b34270500003723df8efce4e22f436b4244c55388042,pool130f7tnlumxe5yuzsqqphy00cal8yugh5x66zgnz48zqyypns0k3,246,https://koios.tosidrop.me/api/v1/pool_updates,2026-05-19T23:10:03+00:00
8bda9311f4903321d93ba2e76f34e7a91700a5a640a47fbb48b758a8,pool130dfxy05jqejrkfm5tnk7d884ytspfdxgzj8lw6gkav2ss9ljjd,256,https://koios.tosidrop.me/api/v1/pool_updates,2026-05-19T23:10:03+00:00
8bf6fb1be6ca01fbc4eb3d103f2b298dbf6c23824ef195ee039bb2f4,pool130m0kxlxegqlh38t85gr72ef3klkcguzfmcetmsrnwe0gyjtuvs,269,https://koios.tosidrop.me/api/v1/pool_updates,2026-05-19T23:10:03+00:00
8bfcb5f0e0b1f9b2481542c76c5c9651e17711236d8784493b0cf8c8,pool1307ttu8qk8umyjq4gtrkchyk28shwyfrdkrcgjfmpnuvshxm0wd,282,https://koios.tosidrop.me/api/v1/pool_updates,2026-05-19T23:10:03+00:00
8c14fb75532ae5e6424834eed255d432b0c5649700242de29c3dcfb9,pool13s20ka2n9tj7vsjgxnhdy4w5x2cv2eyhqqjzmc5u8h8mjumu6v4,269,https://koios.tosidrop.me/api/v1/pool_updates,2026-05-19T23:10:03+00:00
8c1ca5ede5e42b6436c22cd20d7318c4bf1a83ddee94209d82422404,pool13sw2tm09us4kgdkz9nfq6ucccjl34q7aa62zp8vzggjqg0qnf59,600,https://koios.tosidrop.me/api/v1/pool_updates,2026-05-19T23:10:03+00:00
8c1d6e5b748c3859d9ddbeb6de10c4059ef65ca83d2fcd9efbdd999b,pool13swkukm53su9nkwah6mduyxyqk00vh9g85hum8hmmkvekc6ygjh,271,https://koios.tosidrop.me/api/v1/pool_updates,2026-05-19T23:10:03+00:00
8c92ae1a56f6158fea69ffd931b5ba832b9c80a2638ca8f22e1a4beb,pool13jf2uxjk7c2cl6nfllvnrdd6sv4eeq9zvwx23u3wrf97kvufj7x,571,https://koios.tosidrop.me/api/v1/pool_updates,2026-05-19T23:10:03+00:00
8ccbeb007388fbc1f180d5b6036f854c6ee1034303f4e4fbfb3e5566,pool13n97kqrn3rauruvq6kmqxmu9f3hwzq6rq06wf7lm8e2kvuuyr9t,335,https://koios.tosidrop.me/api/v1/pool_updates,2026-05-19T23:10:03+00:00
8cccc41945c655b9d6934624f06e54d7a04d02e83a3ff665f93d5ca4,pool13nxvgx29ce2mn45ngcj0qmj567sy6qhg8gllve0e84w2gdp6fqh,291,https://koios.tosidrop.me/api/v1/pool_updates,2026-05-19T23:10:03+00:00
8cd087bf341a65a8ae5202d13a718406ec73d2cda941e3e764b1101e,pool13ngg00e5rfj63tjjqtgn5uvyqmk885kd49q78emykygpuv5rngs,383,https://koios.tosidrop.me/api/v1/pool_updates,2026-05-19T23:10:03+00:00
8ce41e11632724915310c1d2fdfcd11e35ad48c54fd598bd58ae1a13,pool13njpuytryujfz5csc8f0mlx3rc666jx9fl2e302c4cdpxaghfnm,588,https://koios.tosidrop.me/api/v1/pool_updates,2026-05-19T23:10:03+00:00
8ceb2138f5f4201fff0232262ef99601dfb384ded858e9c00bb908af,pool13n4jzw847sspllczxgnza7vkq80m8px7mpvwnsqthyy2790vmyc,331,https://koios.tosidrop.me/api/v1/pool_updates,2026-05-19T23:10:03+00:00
8d15d079a00f1818824797087507bd08529e9c07ace18de19375fbff,pool1352aq7dqpuvp3qj8juy82paappffa8q84nscmcvnwhal7ejl60z,209,https://koios.tosidrop.me/api/v1/pool_updates,2026-05-19T23:10:03+00:00
8d17a45cf0ed7b7ec9a277b4427b741be50a947da94afedc76d11a23,pool135t6gh8sa4ahajdzw76yy7m5r0js49ra4990ahrk6ydzxef4xrd,577,https://koios.tosidrop.me/api/v1/pool_updates,2026-05-19T23:10:03+00:00
8d2a03c2a3858219d1c4855e47869929868ddcf3b376e9ca5de6c91f,pool1354q8s4rskppn5wys40y0p5e9xrgmh8nkdmwnjjaumy37kxw2jl,316,https://koios.tosidrop.me/api/v1/pool_updates,2026-05-19T23:10:03+00:00
8d2d26ab2b30a7240ed57ecfc5a9b7a6e599d38dd23a8aa796d99073,pool135kjd2etxznjgrk40m8ut2dh5mjen5ud6gag4fukmxg8xxtf887,343,https://koios.tosidrop.me/api/v1/pool_updates,2026-05-19T23:10:03+00:00
8d40e1d5d817183a0ca2613f7d998a6ac3962162adaf3d5176af7cbb,pool134qwr4wczuvr5r9zvylhmxv2dtpevgtz4khn65tk4a7tkh9cd52,469,https://koios.tosidrop.me/api/v1/pool_updates,2026-05-19T23:10:03+00:00
8d5ae84564c7ac1bbbfa45a0ad637afc4afa52bf9c0bf2757b8a2c68,pool134dws3tyc7kphwl6gks26cm6l390554lns9lyatm3gkxs6dwj2z,229,https://koios.tosidrop.me/api/v1/pool_updates,2026-05-19T23:10:03+00:00
8d973cb95c8877f0cf817409baa2802e1fadc3147a7e674b291be9f0,pool13ktnew2u3pmlpnupwsym4g5q9c06msc50flxwjefr05lqxnsszg,217,https://koios.tosidrop.me/api/v1/pool_updates,2026-05-19T23:10:03+00:00
8d9bab6b4318ef0bd605098aa0189b80ed2c48918ebe141deb5c4ffb,pool13kd6k66rrrhsh4s9px92qxymsrkjcjy336lpg80tt38lk6r799y,237,https://koios.tosidrop.me/api/v1/pool_updates,2026-05-19T23:10:03+00:00
8df1ec97a60edf8af20f88dd8714ba59c44152b4505f70f759b848a1,pool13hc7e9axpm0c4us03rwcw996t8zyz5452p0hpa6ehpy2z6gnqae,453,https://koios.tosidrop.me/api/v1/pool_updates,2026-05-19T23:10:03+00:00
8dfc27a29adbfab072c20b567ecc6d22c245d3c6df0eca31871f619a,pool13h7z0g56m0atqukzpdt8anrdytpyt57xmu8v5vv8rase5hswern,523,https://koios.tosidrop.me/api/v1/pool_updates,2026-05-19T23:10:03+00:00
8e2f5c1e8ca0f70f00a9b17de911af716678f9e2b653728f356c7ef6,pool13ch4c85v5rms7q9fk977jyd0w9n8370zkefh9re4d3l0vl070rg,321,https://koios.tosidrop.me/api/v1/pool_updates,2026-05-19T23:10:03+00:00
8e68103060b32595d4eed0a7749795b155d790b95e0615f9f5618b9f,pool13e5pqvrqkvjet48w6znhf9u4k92a0y9etcrpt704vx9e7lpe68z,212,https://koios.tosidrop.me/api/v1/pool_updates,2026-05-19T23:10:03+00:00
8e76920827f7768c6faa80fcc8e1b6afebd8129539397032a1a190e5,pool13emfyzp87amgcma2sr7v3cdk4l4asy548yuhqv4p5xgw2zjal5j,382,https://koios.tosidrop.me/api/v1/pool_updates,2026-05-19T23:10:03+00:00
8e8f48e9e63f505a8484a286b44d933c9a0f8d2bb85488d80564f0e2,pool13685360x8ag94pyy52rtgnvn8jdqlrfthp2g3kq9vncwyyfuwxe,264,https://koios.tosidrop.me/api/v1/pool_updates,2026-05-19T23:10:03+00:00
8ed0952b44953b1b3b124cd1c728019f55c63fcef21337f9152d9cdd,pool13mgf226yj5a3kwcjfnguw2qpna2uv07w7gfn07g49kwd6tkmzsp,227,https://koios.tosidrop.me/api/v1/pool_updates,2026-05-19T23:10:03+00:00
8ee988c97f6215b45a98bfe82e1fad836d5f039bf84dbe40386c4f4a,pool13m5c3jtlvg2mgk5chl5zu8adsdk47qumlpxmuspcd3855m8t73r,442,https://koios.tosidrop.me/api/v1/pool_updates,2026-05-19T23:10:03+00:00
8ef3c4596d7fc97a3accc132d24a39af1635c399084d1dbfbdc665ee,pool13meugktd0lyh5wkvcyedyj3e4utrtsueppx3m0aacej7u6h2k06,397,https://koios.tosidrop.me/api/v1/pool_updates,2026-05-19T23:10:03+00:00
8ef5eaef516f77d168735e3ef8d5fa097c9f4fc17583b6e819c3124b,pool13m674m63damaz6rntcl03406p97f7n7pwkpmd6qecvfykeqtjgz,219,https://koios.tosidrop.me/api/v1/pool_updates,2026-05-19T23:10:03+00:00
8f01b86930e837fdaf4219c51650bdd59f9571530cd33e2723aef301,pool13uqms6fsaqmlmt6zr8z3v59a6k0e2u2npnfnufer4mesz74nry0,334,https://koios.tosidrop.me/api/v1/pool_updates,2026-05-19T23:10:03+00:00
8f1a90ce93850a4aa28273e31e52e71bb304a86f9cbb54b138808cf0,pool13udfpn5ns59y4g5zw033u5h8rwesf2r0nja4fvfcszx0qrq2vej,361,https://koios.tosidrop.me/api/v1/pool_updates,2026-05-19T23:10:03+00:00
8f1bff8264dbcb38c54bb2339f733b815559c4c6e9770ed71af46bc5,pool13udllqnym09n332tkgee7uems924n3xxa9msa4c6734u2tcsw7q,403,https://koios.tosidrop.me/api/v1/pool_updates,2026-05-19T23:10:03+00:00
8f303b02ab52706ea5b13b3178fab5ce743110d1ac5bcc71f55de0c6,pool13ucrkq4t2fcxafd38vch3744ee6rzyx343ducu04thsvvuaklv9,342,https://koios.tosidrop.me/api/v1/pool_updates,2026-05-19T23:10:03+00:00
8f84fcd555c9adf547942f7413815b6081071e06fb14821d9038b760,pool137z0e424exkl23u59a6p8q2mvzqsw8sxlv2gy8vs8zmkqzq2wk9,307,https://koios.tosidrop.me/api/v1/pool_updates,2026-05-19T23:10:03+00:00
8f8d157c7608c371b5fde9cd59004538b5fc3ddd77f073ddb2c86150,pool137x32lrkprphrd0aa8x4jqz98z6lc0wawlc88hdjeps4qe408ad,338,https://koios.tosidrop.me/api/v1/pool_updates,2026-05-19T23:10:03+00:00
8f8d157c7608c371b5fde9cd59004538b5fc3ddd77f073ddb2c86150,pool137x32lrkprphrd0aa8x4jqz98z6lc0wawlc88hdjeps4qe408ad,475,https://koios.tosidrop.me/api/v1/pool_updates,2026-05-19T23:10:03+00:00
8f8fc899b4bc4b19bdae04049755bbcce8cfee7b5260dc09b161553d,pool1378u3xd5h393n0dwqszfw4dmen5vlmnm2fsdczd3v92n6dlw6qm,267,https://koios.tosidrop.me/api/v1/pool_updates,2026-05-19T23:10:03+00:00
8f97ed3ad2b116019becc46ed3e18a02c2ec280d8d45803c1f592a2c,pool137t76wkjkytqrxlvc3hd8cv2qtpwc2qd34zcq0qlty4zcf3gtmr,216,https://koios.tosidrop.me/api/v1/pool_updates,2026-05-19T23:10:03+00:00
8f987d56935c06ad0f7b03ea719515928c47247d5fc573160f933602,pool137v8645ntsr26rmmq048r9g4j2xywfratlzhx9s0jvmqynh8etp,287,https://koios.tosidrop.me/api/v1/pool_updates,2026-05-19T23:10:03+00:00
8fbdcf612ddfb6177b3530fde90b5f3d9565fd957b28ee0898dea1a6,pool1377u7cfdm7mpw7e4xr77jz6l8k2ktlv40v5wuzycm6s6vluquh3,226,https://koios.tosidrop.me/api/v1/pool_updates,2026-05-19T23:10:03+00:00
8fd23f88f776aab5087eba58d3cb869602d1c02c87c6be3c9ed10d88,pool13lfrlz8hw64t2zr7hfvd8juxjcpdrspvslrtu0y76yxcs8ufvpd,236,https://koios.tosidrop.me/api/v1/pool_updates,2026-05-19T23:10:03+00:00
8fd80645f978b962da5932c976e76209329bc90d7fbc6bec04aa1d53,pool13lvqv30e0zuk9kjextyhdemzpyefhjgd077xhmqy4gw4xuvcm5f,241,https://koios.tosidrop.me/api/v1/pool_updates,2026-05-19T23:10:03+00:00
8fdf253d44c9817d7dfd72f392a234aaab546d22cbcbc5984f84fc1f,pool13l0j202yexqh6l0awtee9g354244gmfze09utxz0sn7p7r3ev3m,383,https://koios.tosidrop.me/api/v1/pool_updates,2026-05-19T23:10:03+00:00
901b43fc6bff9de634a52fe8e3f0261c94ab8b0f49a8f01a9b46ff0d,pool1jqd58lrtl7w7vd999l5w8upxrj22hzc0fx50qx5mgmls63jsrzd,308,https://koios.tosidrop.me/api/v1/pool_updates,2026-05-19T23:10:03+00:00
90272e9edaabdff5028b749609ea8fdc35918854b98cd0f6f6a4f2a8,pool1jqnja8k6400l2q5twjtqn650ms6erzz5hxxdpahk5ne2s5v0ajz,253,https://koios.tosidrop.me/api/v1/pool_updates,2026-05-19T23:10:03+00:00
902a37a4079ac6a4fdccf5b0c54de2c379b00f079a9b3f0f09ad42cd,pool1jq4r0fq8ntr2flwv7kcv2n0zcdumqrc8n2dn7rcf44pv6ljfl99,225,https://koios.tosidrop.me/api/v1/pool_updates,2026-05-19T23:10:03+00:00
905317f5493afcc842f0a26aebac87491e3c76e7c1a8073c9ebcbb2f,pool1jpf30a2f8t7vsshs5f4whty8fy0rcah8cx5qw0y7hjaj73aulwe,298,https://koios.tosidrop.me/api/v1/pool_updates,2026-05-19T23:10:03+00:00
90536f1651608d1bcc2085fe52ecaf05a3284ab743c3b360f010ab2e,pool1jpfk79j3vzx3hnpqshl99m90qk3jsj4hg0pmxc8szz4juz8d653,286,https://koios.tosidrop.me/api/v1/pool_updates,2026-05-19T23:10:03+00:00
90536f1651608d1bcc2085fe52ecaf05a3284ab743c3b360f010ab2e,pool1jpfk79j3vzx3hnpqshl99m90qk3jsj4hg0pmxc8szz4juz8d653,299,https://koios.tosidrop.me/api/v1/pool_updates,2026-05-19T23:10:03+00:00
9055230cc58b1ac6f3b7ea879d635e45a4f2f95029ec8016d00d32c0,pool1jp2jxrx93vdvduaha2re6c67gkj0972s98kgq9ksp5evqn00tpp,255,https://koios.tosidrop.me/api/v1/pool_updates,2026-05-19T23:10:03+00:00
9061ce1d18b858f11aac626a5cc14ded78f04d7788586d3b5c85745b,pool1jpsuu8gchpv0zx4vvf49es2da4u0qnth3pvx6w6us469k62qw47,284,https://koios.tosidrop.me/api/v1/pool_updates,2026-05-19T23:10:03+00:00
90623c7965c5d12b86c4adcc09144670ff9009e33dee0fae9b39d13a,pool1jp3rc7t9chgjhpky4hxqj9zxwrleqz0r8hhqlt5m88gn5tnycn5,531,https://koios.tosidrop.me/api/v1/pool_updates,2026-05-19T23:10:03+00:00
9084ebeb011e610e695068a74fa883dac5eda55faca77107b5f40064,pool1jzzwh6cpressu62sdzn5l2yrmtz7mf2l4jnhzpa47sqxg8e9xkh,344,https://koios.tosidrop.me/api/v1/pool_updates,2026-05-19T23:10:03+00:00
909929ee00e75d50c192e36d9b8027fec5ef7d2a3debf6807a9f95c8,pool1jzvjnmsquaw4psvjudkehqp8lmz77lf28h4ldqr6n72us3plkpl,264,https://koios.tosidrop.me/api/v1/pool_updates,2026-05-19T23:10:03+00:00
909929ee00e75d50c192e36d9b8027fec5ef7d2a3debf6807a9f95c8,pool1jzvjnmsquaw4psvjudkehqp8lmz77lf28h4ldqr6n72us3plkpl,266,https://koios.tosidrop.me/api/v1/pool_updates,2026-05-19T23:10:03+00:00
90b265d73d812200a842f90bd01bc9f943a713b0dc936238c686c0a9,pool1jzext4easy3qp2zzly9aqx7fl9p6wyasmjfkywxxsmq2jcx2pwt,367,https://koios.tosidrop.me/api/v1/pool_updates,2026-05-19T23:10:03+00:00
90caf0211fec868e9c295857ace58b184d314e564790c18279bef550,pool1jr90qgglajrga8pftpt6eevtrpxnznjkg7gvrqnehm64qmg8m7s,335,https://koios.tosidrop.me/api/v1/pool_updates,2026-05-19T23:10:03+00:00
90dd0a6038d4c8de3c861e4c9a313f423af48ea0fb7823e2110a01b2,pool1jrws5cpc6nydu0yxrexf5vflgga0fr4qlduz8cs3pgqmye3xurt,594,https://koios.tosidrop.me/api/v1/pool_updates,2026-05-19T23:10:03+00:00
90e719ff625d4652a6f41568f9cdc0c8ddf90a7556929b4d30298e8c,pool1jrn3nlmzt4r99fh5z450nnwqerwljzn426ffknfs9x8gcqgffst,495,https://koios.tosidrop.me/api/v1/pool_updates,2026-05-19T23:10:03+00:00
90f35b86d1bb85f15f559a612b5f3a406af7ea04530f65807950177f,pool1jre4hpk3hwzlzh64nfsjkhe6gp4006sy2v8ktqre2qth7uswrtf,397,https://koios.tosidrop.me/api/v1/pool_updates,2026-05-19T23:10:03+00:00
910bce91032b843886863fad34ff8a517f2afe0858b114290c02a49a,pool1jy9uaygr9wzr3p5x87knflu229lj4lsgtzc3g2gvq2jf5hf7lcl,336,https://koios.tosidrop.me/api/v1/pool_updates,2026-05-19T23:10:03+00:00
91459f0231ec6a5ee00800c5c2903389c12c04e97764ebf7088379f4,pool1j9ze7q33a349acqgqrzu9ypn38qjcp8fwajwhacgsdulgp2cn3r,231,https://koios.tosidrop.me/api/v1/pool_updates,2026-05-19T23:10:03+00:00
9153d57c6e43427ae3aa964af9269c88de5f636e6c3c11272307796a,pool1j9fa2lrwgdp84ca2je90jf5u3r097cmwds7pzferqauk57lthmu,253,https://koios.tosidrop.me/api/v1/pool_updates,2026-05-19T23:10:03+00:00
9167f6043b6d32adc3ced18de1e868c47c050cb17a2d25420de53be9,pool1j9nlvppmd5e2ms7w6xx7r6rgc37q2r930gkj2ssdu5a7jr53tev,475,https://koios.tosidrop.me/api/v1/pool_updates,2026-05-19T23:10:03+00:00
919ad36d0d3bbce651609719ec6ef4013287384bd40d25bc2eaf4935,pool1jxddxmgd8w7wv5tqjuv7cmh5qyegwwzt6sxjt0pw4ayn2u53ret,289,https://koios.tosidrop.me/api/v1/pool_updates,2026-05-19T23:10:03+00:00
91a50bb569c06d0a278cbb9cbd554119658ce7d59eaae6bd548bf058,pool1jxjshdtfcpks5fuvhwwt642pr9jcee74n64wd02530c9s5laa3w,247,https://koios.tosidrop.me/api/v1/pool_updates,2026-05-19T23:10:03+00:00
91a6ca1f758e92f7a60fb55b2c3fa1ae6e144d21d0547ac94b077bb7,pool1jxnv58m436f00fs0k4djc0ap4ehpgnfp6p284j2tqaamwghujek,230,https://koios.tosidrop.me/api/v1/pool_updates,2026-05-19T23:10:03+00:00
91c57fb3b66a8a4e0686d9964b8f79baabc68068b39a1295a559a34d,pool1j8zhlvakd29yup5xmxtyhrmeh24udqrgkwdp99d9tx356wpjarn,502,https://koios.tosidrop.me/api/v1/pool_updates,2026-05-19T23:10:03+00:00
91e73016519a2fad516434136924df004727a560a76513efe6f41979,pool1j8nnq9j3ngh665tyxsfkjfxlqprj0ftq5aj38mlx7svhj0wm5s7,228,https://koios.tosidrop.me/api/v1/pool_updates,2026-05-19T23:10:03+00:00
91e73016519a2fad516434136924df004727a560a76513efe6f41979,pool1j8nnq9j3ngh665tyxsfkjfxlqprj0ftq5aj38mlx7svhj0wm5s7,231,https://koios.tosidrop.me/api/v1/pool_updates,2026-05-19T23:10:03+00:00
91eed08e2cb8993a87afc316e9084ae4b1cb58fc03593fcecc0e8cc6,pool1j8hdpr3vhzvn4pa0cvtwjzz2ujcukk8uqdvnlnkvp6xvvfxg7vh,307,https://koios.tosidrop.me/api/v1/pool_updates,2026-05-19T23:10:03+00:00
9211f9b970fe749ab590741b4daeedc04983c8c5854b95aa0869580b,pool1jgglnwtsle6f4dvswsd5mthdcpyc8jx9s49et2sgd9vqkkeah2v,362,https://koios.tosidrop.me/api/v1/pool_updates,2026-05-19T23:10:03+00:00
92214249302d9744840950a84077e634163f64e70105cfa493a1a95f,pool1jgs5yjfs9kt5fpqf2z5yqalxxstr7e88qyzulfyn5x5477zvcs7,356,https://koios.tosidrop.me/api/v1/pool_updates,2026-05-19T23:10:03+00:00
9223c5cc890cbf3e37a2a53d4b8d2c76623039f697bdea025937685a,pool1jg3utnyfpjlnudaz5575hrfvwe3rqw0kj7775qjexa595asvsqy,216,https://koios.tosidrop.me/api/v1/pool_updates,2026-05-19T23:10:03+00:00
922bd702ed15695e13f6bb8d09a2e923de41473716c4ad8340a1990e,pool1jg4awqhdz454uylkhwxsnghfy00yz3ehzmz2mq6q5xvsudav482,470,https://koios.tosidrop.me/api/v1/pool_updates,2026-05-19T23:10:03+00:00
923009b02b076cb910553c92ed6c8e5d8facc54e7ae3e177615d78b6,pool1jgcqnvptqaktjyz48jfw6mywtk86e32w0t37zampt4utvuxp7ut,304,https://koios.tosidrop.me/api/v1/pool_updates,2026-05-19T23:10:03+00:00
9242098f44c84674782c9ba1e255c40be04a56281103b389b0ab59e8,pool1jfpqnr6yepr8g7pvnws7y4wyp0sy543gzypm8zds4dv7szaf9ll,491,https://koios.tosidrop.me/api/v1/pool_updates,2026-05-19T23:10:03+00:00
925720e5f8635d40f64fecf92eeac9a6c0c84338a226fc2b77945da9,pool1jftjpe0cvdw5paj0anuja6kf5mqvssec5gn0c2mhj3w6jgp6huy,350,https://koios.tosidrop.me/api/v1/pool_updates,2026-05-19T23:10:03+00:00
926a9ad87449ee8782926ce1ee07f6e718ca82d974d86d41b0dc7111,pool1jf4f4kr5f8hg0q5jdns7uplkuuvv4qkewnvx6sdsm3c3zeye5r8,320,https://koios.tosidrop.me/api/v1/pool_updates,2026-05-19T23:10:03+00:00
926b65d00c21aa1fb19e44faa2293e342578ed6a80aca4a551191a70,pool1jf4kt5qvyx4plvv7gna2y2f7xsjh3mt2szk2ff23ryd8qg826hj,589,https://koios.tosidrop.me/api/v1/pool_updates,2026-05-19T23:10:03+00:00
9292ce1d175530b81bc9b119630649ffc5cb619c2cff0c155c956127,pool1j2fvu8gh25ctsx7fkyvkxpjfllzukcvu9nlsc92uj4sjwy4qzdf,209,https://koios.tosidrop.me/api/v1/pool_updates,2026-05-19T23:10:03+00:00
9292ce1d175530b81bc9b119630649ffc5cb619c2cff0c155c956127,pool1j2fvu8gh25ctsx7fkyvkxpjfllzukcvu9nlsc92uj4sjwy4qzdf,223,https://koios.tosidrop.me/api/v1/pool_updates,2026-05-19T23:10:03+00:00
9292ce1d175530b81bc9b119630649ffc5cb619c2cff0c155c956127,pool1j2fvu8gh25ctsx7fkyvkxpjfllzukcvu9nlsc92uj4sjwy4qzdf,225,https://koios.tosidrop.me/api/v1/pool_updates,2026-05-19T23:10:03+00:00
9295b119343550e28beb664914166e534a585bb09636f37d5b5e616a,pool1j22mzxf5x4gw9zltvey3g9nw2d99skasjcm0xl2mtesk54ffy77,311,https://koios.tosidrop.me/api/v1/pool_updates,2026-05-19T23:10:03+00:00
929d2fedd489bf57c017338a4b3c85d4ee441e12839d6a71735f2ce7,pool1j2wjlmw53xl40sqhxw9yk0y96nhyg8sjswwk5utntukwws0zda2,442,https://koios.tosidrop.me/api/v1/pool_updates,2026-05-19T23:10:03+00:00
92a10197f76a6bf4e27f9c813a80b532d231e5b99da72603b2cd65fb,pool1j2ssr9lhdf4lfcnlnjqn4q94xtfrredenknjvqaje4jlkhz0wn5,412,https://koios.tosidrop.me/api/v1/pool_updates,2026-05-19T23:10:03+00:00
92a868fd1c016880bd6b3cd0a9ba291173d5075d3959b4252d76aef1,pool1j25x3lguq95gp0tt8ng2nw3fz9ea2p6a89vmgffdw6h0zyh66a0,237,https://koios.tosidrop.me/api/v1/pool_updates,2026-05-19T23:10:03+00:00
92b24e82dcd581753a3e8fb56611133d763a77c033c2892d98b744f4,pool1j2eyaqku6kqh2w37376kvygn84mr5a7qx0pgjtvckaz0gcd2ccs,382,https://koios.tosidrop.me/api/v1/pool_updates,2026-05-19T23:10:03+00:00
92dc054f2d52106de52ff081afe510e9d929ae597d476bbbb15527a9,pool1jtwq2ned2ggxmef07zq6legsa8vjntje04rkhwa325n6j5689an,416,https://koios.tosidrop.me/api/v1/pool_updates,2026-05-19T23:10:03+00:00
92f3de55bce1ea516b8d75bbb548410e5426c7eef902fa0e3efa3925,pool1jteau4duu849z6udwkam2jzppe2zd3lwlyp05r37lguj2c2v8hy,452,https://koios.tosidrop.me/api/v1/pool_updates,2026-05-19T23:10:03+00:00
92fa0e1ad3206734353ce250c357c14b2d64218c9fdc430f4a461d0f,pool1jtaquxknypnngdfuufgvx47pfvkkggvvnlwyxr62gcws7gym7nc,612,https://koios.tosidrop.me/api/v1/pool_updates,2026-05-19T23:10:03+00:00
93577458ef3dd4d5fd5d3ed466f3dfca5d0c50a8db696a115e641c73,pool1jdthgk808h2dtl2a8m2xdu7lefwsc59gmd5k5y27vsw8xlmhhda,290,https://koios.tosidrop.me/api/v1/pool_updates,2026-05-19T23:10:03+00:00
93577884b3cc1a78cea58a6b7bad2a8e908376d36925be5d0b6fc687,pool1jdth3p9nesd83n493f4hhtf236ggxakndyjmuhgtdlrgwwkr8um,415,https://koios.tosidrop.me/api/v1/pool_updates,2026-05-19T23:10:03+00:00
936316c217c6f217640ed8d132cb0ff8133eef73e74e4c28002b9eb3,pool1jd33dsshcmepweqwmrgn9jc0lqfnammnua8yc2qq9w0txxkawt6,580,https://koios.tosidrop.me/api/v1/pool_updates,2026-05-19T23:10:03+00:00
936fd7ce3771ad1716bba4bfb4d555a091431b35a69f9ae8994e804c,pool1jdha0n3hwxk3w94m5jlmf4245zg5xxe4560e46yef6qyc2v3c8f,287,https://koios.tosidrop.me/api/v1/pool_updates,2026-05-19T23:10:03+00:00
93728a5a67dfbcb3fa2ce2425bac852a7ef4c6fc624fc113f6511a2a,pool1jdeg5kn8m77t873vufp9hty99fl0f3huvf8uzylk2ydz50l6a22,401,https://koios.tosidrop.me/api/v1/pool_updates,2026-05-19T23:10:03+00:00
9375697501eeb062f95350f7b5d7f72671986021b50e443f9232203d,pool1jd6kjagpa6cx972n2rmmt4lhyecescppk58yg0ujxgsr63xhzd0,528,https://koios.tosidrop.me/api/v1/pool_updates,2026-05-19T23:10:03+00:00
9375d03eba94dead1db00e115d0aa9017a418b4db6d3ddbdd0bdd4d3,pool1jd6aq046jn0268dspcg46z4fq9ayrz6dkmfam0wshh2dxscz2t3,336,https://koios.tosidrop.me/api/v1/pool_updates,2026-05-19T23:10:03+00:00
937880739bd2192976d34ec245e6bac4053cf0e6e8f4e96b157413d0,pool1jdugquum6gvjjaknfmpyte46cszneu8xar6wj6c4wsfaqlgnhxv,232,https://koios.tosidrop.me/api/v1/pool_updates,2026-05-19T23:10:03+00:00
93932f14ee3117ba4ac119f9f7722f1143d02760cd5328955804ea36,pool1jwfj798wxytm5jkpr8ulwu30z9paqfmqe4fj392cqn4rv2ksxra,310,https://koios.tosidrop.me/api/v1/pool_updates,2026-05-19T23:10:03+00:00
93932f14ee3117ba4ac119f9f7722f1143d02760cd5328955804ea36,pool1jwfj798wxytm5jkpr8ulwu30z9paqfmqe4fj392cqn4rv2ksxra,328,https://koios.tosidrop.me/api/v1/pool_updates,2026-05-19T23:10:03+00:00
93932f14ee3117ba4ac119f9f7722f1143d02760cd5328955804ea36,pool1jwfj798wxytm5jkpr8ulwu30z9paqfmqe4fj392cqn4rv2ksxra,403,https://koios.tosidrop.me/api/v1/pool_updates,2026-05-19T23:10:03+00:00
939a4283d2ea1978abf8b5d44c42acc3329dcbb7397c3e4c312adc74,pool1jwdy9q7jagvh32lckh2ycs4vcvefmjah897runp39tw8glalwzv,295,https://koios.tosidrop.me/api/v1/pool_updates,2026-05-19T23:10:03+00:00
93a6e4f48e8a0117067ed4cacc69950ef87935cb93402a08697f7f2c,pool1jwnwfayw3gq3wpn76n9vc6v4pmu8jdwtjdqz5zrf0aljcmd4pl9,306,https://koios.tosidrop.me/api/v1/pool_updates,2026-05-19T23:10:03+00:00
93c22d724889d9781937e69b229626e0e38ebee5681e97884e4d2156,pool1j0pz6ujg38vhsxfhu6dj993xur3ca0h9dq0f0zzwf5s4vru4amq,338,https://koios.tosidrop.me/api/v1/pool_updates,2026-05-19T23:10:03+00:00
93c90a47c709cbac872983c0acdcd1b94636d51c0b631eb6c2ef9110,pool1j0ys5378p896epefs0q2ehx3h9rrd4gupd33adkza7g3q02f6np,595,https://koios.tosidrop.me/api/v1/pool_updates,2026-05-19T23:10:03+00:00
93d6cb2a5e353fd816118062c69fa0621479f024bb57109406b66235,pool1j0tvk2j7x5las9s3sp3vd8aqvg28nupyhdt3p9qxke3r2avw9dj,267,https://koios.tosidrop.me/api/v1/pool_updates,2026-05-19T23:10:03+00:00
94126ee530b946391802017a637e550f9ae096c9e841083564e18f93,pool1jsfxaefsh9rrjxqzq9axxlj4p7dwp9kfapqssdtyux8exxg9653,355,https://koios.tosidrop.me/api/v1/pool_updates,2026-05-19T23:10:03+00:00
9418abb33c7cf50778598371bc1f09fe5460d1dedf740faea665f4ac,pool1jsv2hveu0n6sw7zesdcmc8cfle2xp5w7ma6qlt4xvh62cxly5wc,580,https://koios.tosidrop.me/api/v1/pool_updates,2026-05-19T23:10:03+00:00
942da6f070168d2d5361dc464603ee7e78f118afb29d904dc72ce6db,pool1jsk6dursz6xj65mpm3ryvqlw0eu0zx90k2weqnw89nndk50rpys,259,https://koios.tosidrop.me/api/v1/pool_updates,2026-05-19T23:10:03+00:00
943f4ba9737efdfab9329ca263f0d72cfd442a5e6802224d39daaad2,pool1jsl5h2tn0m7l4wfjnj3x8uxh9n75g2j7dqpzynfem24dydyxk4a,266,https://koios.tosidrop.me/api/v1/pool_updates,2026-05-19T23:10:03+00:00
9442fb70c2d5869a5ef18da223748c35cad46fb00512c9b52dfd4724,pool1j3p0kuxz6krf5hh33k3zxayvxh9dgmasq5fvndfdl4rjgsfhmzm,233,https://koios.tosidrop.me/api/v1/pool_updates,2026-05-19T23:10:03+00:00
945a63913ccbfd4d7ff5c09431b6382cfff11d97ad5634fc1c680a1d,pool1j3dx8yfue0756ll4cz2rrd3c9nllz8vh44trflqudq9p6enaj66,250,https://koios.tosidrop.me/api/v1/pool_updates,2026-05-19T23:10:03+00:00
945b1e23eb7aadfa971de44a35dc2eee8cb1af795cabe8ee192c2e39,pool1j3d3uglt02kl49cau39rthpwa6xtrtmetj473mse9shrjafpnh8,418,https://koios.tosidrop.me/api/v1/pool_updates,2026-05-19T23:10:03+00:00
945b87024be6a2ab619c57d38934d87e3e7c1338f665654c73dc9510,pool1j3dcwqjtu632kcvu2lfcjdxc0cl8cyec7ejk2nrnmj23qx78ghu,258,https://koios.tosidrop.me/api/v1/pool_updates,2026-05-19T23:10:03+00:00
9475a7ba47057833fee9d965d2a07839f204d9b4f20d00406ebe729b,pool1j3660wj8q4ur8lhfm9ja9grc88eqfkd57gxsqsrwheefk3pv4rr,272,https://koios.tosidrop.me/api/v1/pool_updates,2026-05-19T23:10:03+00:00
947ff53e2a1cfa018c4203e51cd2af6a91da3c593aa0579e2b9a6441,pool1j3ll2032rnaqrrzzq0j3e540d2ga50ze82s9083tnfjyz2a7zdt,520,https://koios.tosidrop.me/api/v1/pool_updates,2026-05-19T23:10:03+00:00
948c9ab9ca881a2fe6c1490285f555c58da83a00368bc5c095d8f292,pool1jjxf4ww23qdzlekpfypgta24ckx6swsqx69utsy4mrefyepg3cx,274,https://koios.tosidrop.me/api/v1/pool_updates,2026-05-19T23:10:03+00:00
948e7da731887b371c16b5dbb70e44f2c94502d88461900ac0a52ef6,pool1jj88mfe33panw8qkkhdmwrjy7ty52qkcs3seqzkq55h0v75gx97,523,https://koios.tosidrop.me/api/v1/pool_updates,2026-05-19T23:10:03+00:00
94a09b3e27a57fbd8b26c485a94ad8b558c95b28b39dfd5781195979,pool1jjsfk03854lmmzexcjz6jjkck4vvjkegkwwl64upr9vhjldggne,302,https://koios.tosidrop.me/api/v1/pool_updates,2026-05-19T23:10:03+00:00
94b5eae01b573b935dd2b718a8cfacd6518708a9a1bf0f6a69bf7ea0,pool1jj674cqm2uaexhwjkuv23nav6egcwz9f5xls76nfhal2qk8zr5l,314,https://koios.tosidrop.me/api/v1/pool_updates,2026-05-19T23:10:03+00:00
94c0e5587cdd116140d35dd701b79e66840ce9b44b0f83b6917b40e1,pool1jnqw2krum5gkzsxnthtsrdu7v6zqe6d5fv8c8d530dqwzkvxlry,306,https://koios.tosidrop.me/api/v1/pool_updates,2026-05-19T23:10:03+00:00
9504d37a36b29d48b1b4001d17033723aea587f2fad2488dbbe7119a,pool1j5zdx73kk2w53vd5qqw3wqehywh2tpljltfy3rdmuuge5k7pg8m,517,https://koios.tosidrop.me/api/v1/pool_updates,2026-05-19T23:10:03+00:00
95058e35e724774838784aafa1a3479de1aa676efa97a30113089ea6,pool1j5zcud08y3m5swrcf2h6rg68nhs65emwl2t6xqgnpz02v9ffq93,349,https://koios.tosidrop.me/api/v1/pool_updates,2026-05-19T23:10:03+00:00
9506474755e07102055dce7b06cc68725eccf75a53b0ca96b8fe45f7,pool1j5ryw364upcsyp2aeeasdnrgwf0vea662wcv494clezlwtdu75m,361,https://koios.tosidrop.me/api/v1/pool_updates,2026-05-19T23:10:03+00:00
950d11cec44903d1372034d73700f81702e2fd8b545f1eb74dc4d8cd,pool1j5x3rnkyfypazdeqxntnwq8czupw9lvt2303ad6dcnvv6pk7dqz,274,https://koios.tosidrop.me/api/v1/pool_updates,2026-05-19T23:10:03+00:00
951382927dbb16a62494a706d9f14b6ceb41abb405670400cf0c063f,pool1j5fc9ynahvt2vfy55urdnu2tdn45r2a5q4nsgqx0psrr7q74gst,332,https://koios.tosidrop.me/api/v1/pool_updates,2026-05-19T23:10:03+00:00
95208daf216405cd4473343c959e167d70515653f68172643d7a5c63,pool1j5sgmtepvszu63rnxs7ft8sk04c9z4jn76qhyepa0fwxx82ncg2,420,https://koios.tosidrop.me/api/v1/pool_updates,2026-05-19T23:10:03+00:00
9562034db9bcfab427c94c9c8ef31dd1dc68c1c3a95fa6a8011a6ad7,pool1j43qxndehnatgf7ffjwgauca68wx3swr4906d2qprf4dw6tcget,321,https://koios.tosidrop.me/api/v1/pool_updates,2026-05-19T23:10:03+00:00
956dd10215d7a2df81fe0a5d306f42df51d297b02d96c55cb67a93e6,pool1j4kazqs4673dlq07pfwnqm6zmaga99as9ktv2h9k02f7vtrn85q,229,https://koios.tosidrop.me/api/v1/pool_updates,2026-05-19T23:10:03+00:00
958f87a02b0dd7ae3dc2190c57a28354a53cef6a157bfa039809a1ab,pool1jk8c0gptpht6u0wzryx90g5r2jjnemm2z4al5qucpxs6kpqtcvn,375,https://koios.tosidrop.me/api/v1/pool_updates,2026-05-19T23:10:03+00:00
95b669ac65f3f84d2dff19c1f0e443a7f04ddfb415644db23761146b,pool1jkmxntr970uy6t0lr8qlpezr5lcymha5z4jymv3hvy2xkngf89q,275,https://koios.tosidrop.me/api/v1/pool_updates,2026-05-19T23:10:03+00:00
95d5d55c02d51cd6e9be66ee622d4ae75fb543fc4022a510510620c8,pool1jh2a2hqz65wdd6d7vmhxyt22ua0m2slugq322yz3qcsvscmqdz2,305,https://koios.tosidrop.me/api/v1/pool_updates,2026-05-19T23:10:03+00:00
95e1b1dadc8378b2aa63991c8575a8d939ea9878b10b1ba37ab53e06,pool1jhsmrkkusdut92nrnywg2adgmyu74xrcky93hgm6k5lqvlvkr26,272,https://koios.tosidrop.me/api/v1/pool_updates,2026-05-19T23:10:03+00:00
95ef4e541a1e89b38ffefe125060ff441b03c0d77dbfaff656bd1d64,pool1jhh5u4q6r6ym8rl7lcf9qc8lgsds8sxh0kl6lajkh5wkgkq6efy,266,https://koios.tosidrop.me/api/v1/pool_updates,2026-05-19T23:10:03+00:00
95efdd23a7647f6cb98cc57489a65a6a15a5208e6898b9f647e98745,pool1jhha6ga8v3lkewvvc46gnfj6dg262gywdzvtnaj8axr52rcju02,268,https://koios.tosidrop.me/api/v1/pool_updates,2026-05-19T23:10:03+00:00
96275eff5bd2aef690184859d1abca6839c04ae9dc0987f1c1ef3755,pool1jcn4al6m62h0dyqcfpvar272dquuqjhfmsyc0uwpaum42l5xp4s,338,https://koios.tosidrop.me/api/v1/pool_updates,2026-05-19T23:10:03+00:00
966106b1d4d962a49ac41662f544a85d113e7d87eb0affe07b953f58,pool1jessdvw5m932fxkyze30239gt5gnulv8av90lcrmj5l4srnka4u,266,https://koios.tosidrop.me/api/v1/pool_updates,2026-05-19T23:10:03+00:00
9662923d8c737d1ec959966f43ec567aaf0e142472304cbfb85b9b30,pool1je3fy0vvwd73aj2ejeh58mzk02hsu9pywgcye0actwdnqytenz9,260,https://koios.tosidrop.me/api/v1/pool_updates,2026-05-19T23:10:03+00:00
9696888d802dadb6ca92bfa38d2648b416542613b85cd9d4b73c2be8,pool1j6tg3rvq9kkmdj5jh73c6fjgkst9gfsnhpwdn49h8s47syr5qlt,255,https://koios.tosidrop.me/api/v1/pool_updates,2026-05-19T23:10:03+00:00
9696888d802dadb6ca92bfa38d2648b416542613b85cd9d4b73c2be8,pool1j6tg3rvq9kkmdj5jh73c6fjgkst9gfsnhpwdn49h8s47syr5qlt,270,https://koios.tosidrop.me/api/v1/pool_updates,2026-05-19T23:10:03+00:00
96a46d5a796a30483492c3717f80b7c6ef87e9525af162ffacf74fdb,pool1j6jx6knedgcysdyjcdchlq9hcmhc062jttck9lav7a8aklta6mk,580,https://koios.tosidrop.me/api/v1/pool_updates,2026-05-19T23:10:03+00:00
96b0dac2d1da7a46ef457c75121686cb083f592227cd414e0ec138b8,pool1j6cd4sk3mfaydm690363y95xevyr7kfzylx5znswcyutsqwgyt4,266,https://koios.tosidrop.me/api/v1/pool_updates,2026-05-19T23:10:03+00:00
96b82f5c51d89b4bcf109b1ae7d41ef1e96098d562459d1f42cd9bf2,pool1j6uz7hz3mzd5hncsnvdw04q7785kpxx4vfze686zekdly7jz7gl,624,https://koios.tosidrop.me/api/v1/pool_updates,2026-05-19T23:10:03+00:00
96b97977997b0550ce072ef5bf79a92e5e5b3c686d503bedeb59edc1,pool1j6uhjaue0vz4pns89m6m77df9e09k0rgd4grhm0tt8kuzc2kxpe,226,https://koios.tosidrop.me/api/v1/pool_updates,2026-05-19T23:10:03+00:00
96c2ec4a88c4a76c770ffffdf442e8e0c7b6b4ee4bb5a02c59e308ec,pool1jmpwcj5gcjnkcac0ll7lgshgurrmdd8wfw66qtzeuvywcltryu0,385,https://koios.tosidrop.me/api/v1/pool_updates,2026-05-19T23:10:03+00:00
96cf541540c4b919b3ab4d12c319c59bca1b662a2aa578ad875194bd,pool1jm84g92qcju3nvatf5fvxxw9n09pke3292jh3tv82x2t6d5zynn,551,https://koios.tosidrop.me/api/v1/pool_updates,2026-05-19T23:10:03+00:00
96d0f66d7370996d0a1fc9c78828ea87f04e6c140e3e7649f9b2b76a,pool1jmg0vmtnwzvk6zsle8rcs282slcyumq5pcl8vj0ek2mk5t2lvf3,316,https://koios.tosidrop.me/api/v1/pool_updates,2026-05-19T23:10:03+00:00
96d4a78a1459a66cea6b396fd92f7abba092bd59535d21ad3c0463c7,pool1jm220zs5txnxe6nt89hajtm6hwsf902e2dwjrtfuq33uw835g65,528,https://koios.tosidrop.me/api/v1/pool_updates,2026-05-19T23:10:03+00:00
97115807c7758d54b4af65d5f974143018cd5ad0922b8b0bd8d1d1dd,pool1jug4sp78wkx4fd90vh2ljaq5xqvv6kksjg4ckz7c68ga6fllyvu,390,https://koios.tosidrop.me/api/v1/pool_updates,2026-05-19T23:10:03+00:00
9728b10a926c048af938e5c52053319db5be921e8b698842c3afd3cc,pool1ju5tzz5jdszg47fcuhzjq5e3nk6mays73d5csskr4lfucg397c3,352,https://koios.tosidrop.me/api/v1/pool_updates,2026-05-19T23:10:03+00:00
97451e5fe172032877a463a32679f00bd00150be1989373393c81f9d,pool1jaz3uhlpwgpjsaayvw3jv70sp0gqz597rxynwvuneq0e692hjaq,355,https://koios.tosidrop.me/api/v1/pool_updates,2026-05-19T23:10:03+00:00
974b06f898c60cc2ba5bd33d2e024015c0445f9e65e2b3e652630a67,pool1ja9sd7ycccxv9wjm6v7juqjqzhqyghu7vh3t8ejjvv9xwsdd3pd,250,https://koios.tosidrop.me/api/v1/pool_updates,2026-05-19T23:10:03+00:00
974ef5beeb8603a66aeb90d5ed1312f31e7bd1b0d732df0083af5821,pool1ja80t0htscp6v6htjr276ycj7v08h5ds6ued7qyr4avzztj8wfz,326,https://koios.tosidrop.me/api/v1/pool_updates,2026-05-19T23:10:03+00:00
97656d3ffec1a0eebbf18d0ad2aa67c9f4940b03cd61675e449de555,pool1jajk60l7cxswawl3359d92n8e86fgzcre4skwhjynhj42srxvvy,256,https://koios.tosidrop.me/api/v1/pool_updates,2026-05-19T23:10:03+00:00
97919ac684315ce76d3dcebe0df4323087cc63e3b8583d36bddfdb7a,pool1j7ge435yx9wwwmfae6lqmapjxzrucclrhpvr6d4amldh56gncp0,528,https://koios.tosidrop.me/api/v1/pool_updates,2026-05-19T23:10:03+00:00
97a01b8ee302ff28aad1efef39cc310a4c07cf5b767f0292134f5d4d,pool1j7sphrhrqtlj32k3alhnnnp3pfxq0n6mwels9ysnfaw563wpue7,420,https://koios.tosidrop.me/api/v1/pool_updates,2026-05-19T23:10:03+00:00
97a5bd715a0e36785a86ffb367f4ae29e2dd7a20ade3eaba872ecbd6,pool1j7jm6u26pcm8sk5xl7ek0a9w983d673q4h374w589m9av30tp8p,279,https://koios.tosidrop.me/api/v1/pool_updates,2026-05-19T23:10:03+00:00
97ab2a5706af3c1e6945bc3cbcc34d8a53b3de7838b30542e9f6ce0d,pool1j74j54cx4u7pu629hs7tes6d3ffm8hnc8zes2shf7m8q6x0j5pk,338,https://koios.tosidrop.me/api/v1/pool_updates,2026-05-19T23:10:03+00:00
97b636741fcf32858266eddc5cbe8bb483d1dde737be6129a36650e5,pool1j7mrvaqleuegtqnxahw9e05tkjparh08x7lxz2drvegw288g785,226,https://koios.tosidrop.me/api/v1/pool_updates,2026-05-19T23:10:03+00:00
980372218e713d6d92b9b66276240556dbb37ab243a28d4621b60247,pool1nqphygvwwy7kmy4eke38vfq92mdmx74jgw3g633pkcpyw05l2qn,344,https://koios.tosidrop.me/api/v1/pool_updates,2026-05-19T23:10:03+00:00
9819f9c2fcc2bc24ce5b54a538e4a8f635361540c96838bc61433e00,pool1nqvlnshuc27zfnjm2jjn3e9g7c6nv92qe95r30rpgvlqqemyup6,265,https://koios.tosidrop.me/api/v1/pool_updates,2026-05-19T23:10:03+00:00
982a81254342baec135be08cb6c19e66bb47b60adc7f5a404335c815,pool1nq4gzf2rg2awcy6muzxtdsv7v6a50ds2m3l45szrxhyp29xmjmg,289,https://koios.tosidrop.me/api/v1/pool_updates,2026-05-19T23:10:03+00:00
982c6132cbcf608f9dd5b9fd109e55f3ebd8b50ea70e2064dfacfa91,pool1nqkxzvkteasgl8w4h873p8j4704a3dgw5u8zqexl4nafz9uu4f4,268,https://koios.tosidrop.me/api/v1/pool_updates,2026-05-19T23:10:03+00:00
9837e1eca79504f57acd4e12f2db93ee04a76bca308cae61a6ee205a,pool1nqm7rm98j5z027kdfcf09kunacz2w672xzx2ucdxacs954r5dul,510,https://koios.tosidrop.me/api/v1/pool_updates,2026-05-19T23:10:03+00:00
9850877b3c73df643d6b9d21aa47b6e86f319460e0ca4044eb769bcb,pool1npggw7euw00kg0ttn5s653akaphnr9rqur9yq38tw6duk0rsklj,409,https://koios.tosidrop.me/api/v1/pool_updates,2026-05-19T23:10:03+00:00
9852644bb863a58fe8d854cc2614175a3f4ecb46dfac944299ce4520,pool1npfxgjacvwjcl6xc2nxzv9qhtgl5aj6xm7kfgs5eeezjq6qnw8j,452,https://koios.tosidrop.me/api/v1/pool_updates,2026-05-19T23:10:03+00:00
9856e03eabf458d63c9bbef15beeaac7e794c5945e2f484eeb4f5a49,pool1nptwq04t73vdv0ymhmc4hm42clnef3v5tch5snhtfadyje6sja0,276,https://koios.tosidrop.me/api/v1/pool_updates,2026-05-19T23:10:03+00:00
98593906e23841c3e8ee3340627d344f2636f3e06fbd1d6f13326942,pool1npvnjphz8pqu868wxdqxylf5funrdulqd7736mcnxf55yrtz49u,266,https://koios.tosidrop.me/api/v1/pool_updates,2026-05-19T23:10:03+00:00
986a79e683022ac5f7af8a7b38fe203f9455c633d97815c1076b43fd,pool1np48ne5rqg4vtaa03fan3l3q8729t33nm9uptsg8ddpl6n38kml,221,https://koios.tosidrop.me/api/v1/pool_updates,2026-05-19T23:10:03+00:00
986e3e2b19a43848a6ec9be2e0c75b74a7b39cbc4c321aaa7d5aa2a8,pool1nphru2ce5suy3fhvn03wp36mwjnm889ufsep42nat232sh87dr5,258,https://koios.tosidrop.me/api/v1/pool_updates,2026-05-19T23:10:03+00:00
988262e7bfd378c5038a937bedde159d3c82677a10fda7ddeee56d84,pool1nzpx9eal6duv2qu2jda7mhs4n57gyem6zr760h0wu4kcgvjwzpc,528,https://koios.tosidrop.me/api/v1/pool_updates,2026-05-19T23:10:03+00:00
989419ee7a5578cfd1bbeb582cc1aff8491d434b3a2267723a697045,pool1nz2pnmn624uvl5dmadvzesd0lpy36s6t8g3xwu36d9cy2f5n2kt,442,https://koios.tosidrop.me/api/v1/pool_updates,2026-05-19T23:10:03+00:00
989d03a92eb15d8649004a9cc0558ae90aa2ac300935ef1ba511d5f0,pool1nzws82fwk9wcvjgqf2wvq4v2ay929tpspy677xa9z82lquhhazn,277,https://koios.tosidrop.me/api/v1/pool_updates,2026-05-19T23:10:03+00:00
98a2a49e77eb9642994506ba23041f35eafd50b4fefed9c7e8802397,pool1nz32f8nhawty9x29q6azxpqlxh406595lmldn3lgsq3ewae0tlx,442,https://koios.tosidrop.me/api/v1/pool_updates,2026-05-19T23:10:03+00:00
98a8866a15c8ccdd880a270c300bfd111c7def2cd00583f1c4b8cb11,pool1nz5gv6s4erxdmzq2yuxrqzlazyw8mmev6qzc8uwyhr93zcylpxh,298,https://koios.tosidrop.me/api/v1/pool_updates,2026-05-19T23:10:03+00:00
98b7645ad0b3e78c0233be7c48741e82f75de22657ff60e609607b15,pool1nzmkgkksk0nccq3nhe7ysaq7stm4mc3x2llkpesfvpa32v5et7s,264,https://koios.tosidrop.me/api/v1/pool_updates,2026-05-19T23:10:03+00:00
98d41fc48036a970688a19f93fcc79926c40e6e7a8b224d6bcf23f81,pool1nr2pl3yqx65hq6y2r8unlnrejfkypeh84zezf44u7glcz50yzet,477,https://koios.tosidrop.me/api/v1/pool_updates,2026-05-19T23:10:03+00:00
98f7fe809ef2cc26d7e3e90c551bdabed85f43ed0226b062a5e9d4f8,pool1nrmlaqy77txzd4lrayx92x76hmv97sldqgntqc49a820sf4ment,526,https://koios.tosidrop.me/api/v1/pool_updates,2026-05-19T23:10:03+00:00
993622c4a6d00d30b5a85550480a9d3af64aa49fac91a644e93f1074,pool1nymz939x6qxnpddg24gysz5a8tmy4fyl4jg6v38f8ug8g7vwwda,355,https://koios.tosidrop.me/api/v1/pool_updates,2026-05-19T23:10:03+00:00
993cec268875c1869aa82f25b8b97cff4ae3a7743c169cf83634905c,pool1ny7wcf5gwhqcdx4g9ujm3wtula9w8fm58stfe7pkxjg9cp9h3g0,298,https://koios.tosidrop.me/api/v1/pool_updates,2026-05-19T23:10:03+00:00
994946a5a806210059dacef2ee2c8728354e3dd3dc944e07561b493d,pool1n9y5dfdgqcssqkw6emewuty89q65u0wnmj2yup6krdyn6h5g49t,304,https://koios.tosidrop.me/api/v1/pool_updates,2026-05-19T23:10:03+00:00
994de52484777c9d63a586c355bc3fc561e4c67cfb6ef4cbfe7d2ab6,pool1n9x72fyywa7f6ca9smp4t0plc4s7f3nuldh0fjl7054tv9qggf7,392,https://koios.tosidrop.me/api/v1/pool_updates,2026-05-19T23:10:03+00:00
99541bed40b1015a1d81083184973b59a3f50bce4392492e99ff0bef,pool1n92phm2qkyq458vppqccf9emtx3l2z7wgwfyjt5elu9772gda2j,268,https://koios.tosidrop.me/api/v1/pool_updates,2026-05-19T23:10:03+00:00
995d0ff1f1e713f3eb8ed23f3b5198e968ac1d48b780d2ed2b618199,pool1n9wslu03uufl86uw6glnk5vca952c82gk7qd9mftvxqej3ywj8k,299,https://koios.tosidrop.me/api/v1/pool_updates,2026-05-19T23:10:03+00:00
9960445e915f66b85988d27adfc8c5a2d7a853c4a34aee76f8b65ff4,pool1n9sygh53tantskvg6fadljx95tt6s57y5d9wuahcke0lgkguyeq,588,https://koios.tosidrop.me/api/v1/pool_updates,2026-05-19T23:10:03+00:00
99a53d286d701d9493b902b6311c7460f36be8958827a9821f8a5e91,pool1nxjn62rdwqwefyaeq2mrz8r5vrekh6y43qn6nqsl3f0fzx4jpxf,210,https://koios.tosidrop.me/api/v1/pool_updates,2026-05-19T23:10:03+00:00
99b96e6f6d9434d640042d50dadd9d8dd022713d2e4dab64d66318c7,pool1nxukummdjs6dvsqy94gd4hva3hgzyufa9ex6kexkvvvvwf6zszp,238,https://koios.tosidrop.me/api/v1/pool_updates,2026-05-19T23:10:03+00:00
99c74ce1a5670c60738715c738fd611cfdcb2ac57cc8c9f59945b00b,pool1n8r5ecd9vuxxquu8zhrn3ltprn7uk2k90nyvnavegkcqkl94x30,301,https://koios.tosidrop.me/api/v1/pool_updates,2026-05-19T23:10:03+00:00
99cb346c6c6aecfb0cf6cf217ce53f6ccd984eb65c17db53269b117d,pool1n89ngmrvdtk0kr8keusheefldnxesn4ktstak5exnvgh6zd2laa,279,https://koios.tosidrop.me/api/v1/pool_updates,2026-05-19T23:10:03+00:00
99fbfd6e50ad28ff0c5e9e3944afb1b77bba25638a11fb465e237b59,pool1n8al6mjs45507rz7ncu5fta3kaam5ftr3gglk3j7yda4jd94dhp,443,https://koios.tosidrop.me/api/v1/pool_updates,2026-05-19T23:10:03+00:00
9a19ef65a16ba583656828f22f5d9794d86c0c8d3d804964b4f9a88e,pool1ngv77edpdwjcxetg9rez7hvhjnvxcryd8kqyje95lx5gukj73r8,522,https://koios.tosidrop.me/api/v1/pool_updates,2026-05-19T23:10:03+00:00
9a21931c6ff17b080892cb4165103b495f2349e2d09457f492430d88,pool1ngsex8r079asszyjedqk2ypmf90jxj0z6z290ayjgvxcsft4hx4,258,https://koios.tosidrop.me/api/v1/pool_updates,2026-05-19T23:10:03+00:00
9a2c4d02d84b9152682d15367d8f6bb4c215418fd26effddea483796,pool1ngky6qkcfwg4y6pdz5m8mrmtknpp2sv06fh0lh02fqmevzcfxf6,430,https://koios.tosidrop.me/api/v1/pool_updates,2026-05-19T23:10:03+00:00
9a42bf5b55b03fef9a451339e4e9f563a104255e6cbbf4802a1218b0,pool1nfpt7k64kql7lxj9zvu7f604vwssgf27djalfqp2zgvtq9un3zs,300,https://koios.tosidrop.me/api/v1/pool_updates,2026-05-19T23:10:03+00:00
9a59abb5c077ba85b0b12abd462c21a8dedf36b85d53c730e5d6f2b8,pool1nfv6hdwqw7agtv939275vtpp4r0d7d4ct4fuwv896metsgl2jx6,336,https://koios.tosidrop.me/api/v1/pool_updates,2026-05-19T23:10:03+00:00
9a5a68a5b99a0b885422d7111fef41be2ac312933ad9db9cf0926239,pool1nfdx3fdeng9cs4pz6ug3lm6phc4vxy5n8tvah88sjf3rjv3tr63,247,https://koios.tosidrop.me/api/v1/pool_updates,2026-05-19T23:10:03+00:00
9a60391a0872cb6d0a013e51aab80aa08b85201b01b4804f8880c7d1,pool1nfsrjxsgwt9k6zsp8eg64wq25z9c2gqmqx6gqnugsrraz4sa3a8,523,https://koios.tosidrop.me/api/v1/pool_updates,2026-05-19T23:10:03+00:00
9a659a6c7b867db50f91a93340883babacc8be128a41b28cc64a72ce,pool1nfje5mrmse7m2ru34ye5pzpm4wkv30sj3fqm9rxxffevue7wdhq,347,https://koios.tosidrop.me/api/v1/pool_updates,2026-05-19T23:10:03+00:00
9a89fa7284c102ff765a987d8fbaee6dfccf46b070c6122af866ef79,pool1n2yl5u5ycyp07aj6np7clwhwdh7v734swrrpy2hcvmhhj953awm,242,https://koios.tosidrop.me/api/v1/pool_updates,2026-05-19T23:10:03+00:00
9a8d00d4b51f9a2d0da9a0b656035c525a0ca0fc4243a6bd46ece1b0,pool1n2xsp494r7dz6rdf5zm9vq6u2fdqeg8ugfp6d02xansmqt7z7c7,308,https://koios.tosidrop.me/api/v1/pool_updates,2026-05-19T23:10:03+00:00
9a923e60c2d8422d33bd42e2f74c13aef55070ba1f3b0caf5e9fd0e8,pool1n2frucxzmppz6vaagt30wnqn4m64qu96ruaset67nlgwscxrtlu,251,https://koios.tosidrop.me/api/v1/pool_updates,2026-05-19T23:10:03+00:00
9aa3d4dd6a3ccea78db55e268001efc0c0261321377cc2ac8a8dc974,pool1n23afht28n820rd4tcngqq00crqzvyepxa7v9ty23hyhgwmhhse,240,https://koios.tosidrop.me/api/v1/pool_updates,2026-05-19T23:10:03+00:00
9ac6f4118dccc20d978e7239d73d47e939cc594c350effa8711f5ac4,pool1ntr0gyvdenpqm9uwwguaw028ayuuck2vx580l2r3radvg6m38pl,428,https://koios.tosidrop.me/api/v1/pool_updates,2026-05-19T23:10:03+00:00
9aca46f8cc5aac73760b588a57f3e96ee75aa415fb64e614be225ac2,pool1nt9yd7xvt2k8xasttz990ulfdmn44fq4ldjwv997yfdvyx0227q,390,https://koios.tosidrop.me/api/v1/pool_updates,2026-05-19T23:10:03+00:00
9ad588607c07c9d7677ff4129bbd20021c5619adc6796cb4d6ce0077,pool1nt2cscruqlyaweml7sffh0fqqgw9vxddceukedxkecq8wyfrha4,338,https://koios.tosidrop.me/api/v1/pool_updates,2026-05-19T23:10:03+00:00
9adbf9ce3c2da566017898c4871126f1371def427c6e245fd7c02211,pool1ntdlnn3u9kjkvqtcnrzgwyfx7ym3mm6z03hzgh7hcq3pztwht0p,450,https://koios.tosidrop.me/api/v1/pool_updates,2026-05-19T23:10:03+00:00
9af4bf5a4d81006bfb8e821e6438006b4511ad196dcbd5e5820d3568,pool1nt6t7kjdsyqxh7uwsg0xgwqqddz3rtgedh9atevzp56ksafz5x3,396,https://koios.tosidrop.me/api/v1/pool_updates,2026-05-19T23:10:03+00:00
9b14ca1d70a39b859c88a7b929b3dbc8f8770bca304cc04fd8b221c5,pool1nv2v58ts5wdct8yg57ujnv7meru8wz72xpxvqn7ckgsu2kq8fqa,287,https://koios.tosidrop.me/api/v1/pool_updates,2026-05-19T23:10:03+00:00
9b601a5711a0fb8940d3319128b53f4c4a3f5be10ec3bf0a1261447a,pool1ndsp54c35racjsxnxxgj3dflf39r7klppmpm7zsjv9z85m78hm9,280,https://koios.tosidrop.me/api/v1/pool_updates,2026-05-19T23:10:03+00:00
9b71eb208c8362aa1e5cc8442d33c99d2d95048c99e0a00ca4ad7a87,pool1ndc7kgyvsd3258juepzz6v7fn5ke2pyvn8s2qr9y44agwjhpyht,268,https://koios.tosidrop.me/api/v1/pool_updates,2026-05-19T23:10:03+00:00
9b82367d72c7d0b77a052cd98ec564e4c315d0061dd32909f47a9616,pool1nwprvltjclgtw7s99nvca3tyunp3t5qxrhfjjz0502tpv6ujlrp,258,https://koios.tosidrop.me/api/v1/pool_updates,2026-05-19T23:10:03+00:00
9b97daa3abea63bd00d7e703713547082822b258f9cbe9b7e0ee1b9c,pool1nwta4gataf3m6qxhuuphzd28pq5z9vjcl897ndlqacdec6ysdc8,444,https://koios.tosidrop.me/api/v1/pool_updates,2026-05-19T23:10:03+00:00
9b9890b811d67ba9e69810581e4fc119ca0c2354adb7cd6ff564b0a3,pool1nwvfpwq36ea6ne5czpvpun7pr89qcg654kmu6ml4vjc2xzwlx4u,580,https://koios.tosidrop.me/api/v1/pool_updates,2026-05-19T23:10:03+00:00
9b9f891c4d56f5ce7a3b807dda4253bafdd0c439f46dc037d893a1b1,pool1nw0cj8zd2m6uu73msp7a5sjnht7ap3pe73kuqd7cjwsmzyhflex,606,https://koios.tosidrop.me/api/v1/pool_updates,2026-05-19T23:10:03+00:00
9bde5d328df6baf1ff9467e775031e13bc4f8392f203ea364b9724e0,pool1n0096v5d76a0rlu5vlnh2qc7zw7ylquj7gp75djtjujwquw95s3,348,https://koios.tosidrop.me/api/v1/pool_updates,2026-05-19T23:10:03+00:00
9be66d45b95618bd857806642fc2b72d29eb3cae5d5c4aab79a27185,pool1n0nx63de2cvtmptcqejzls4h9557k09wt4wy42me5fcc2axfr6u,295,https://koios.tosidrop.me/api/v1/pool_updates,2026-05-19T23:10:03+00:00
9c4debfe4fc8c1876d40cf498fe9aac0d5978e7e1cf55c88bbcd312d,pool1n3x7hlj0erqcwm2qeaycl6d2cr2e0rn7rn64ez9me5cj698l5c4,268,https://koios.tosidrop.me/api/v1/pool_updates,2026-05-19T23:10:03+00:00
9c4e139cd1f5beb3bf08a82e80c3de3ea0c453bc0a1e6ccb8cc8e771,pool1n38p88x37klt80cg4qhgps7786svg5aupg0xejuvernhz84wwsj,308,https://koios.tosidrop.me/api/v1/pool_updates,2026-05-19T23:10:03+00:00
9c84327ad8de82f858801d2f699e55a5714dca44cf589718c4588541,pool1njzry7kcm6p0skyqr5hkn8j454c5mjjyeavfwxxytzz5za8v6ud,388,https://koios.tosidrop.me/api/v1/pool_updates,2026-05-19T23:10:03+00:00
9c8e59ea7004a51f953642653d70a94d066359b9dd6e6416a5430ff3,pool1nj89n6nsqjj3l9fkgfjn6u9ff5rxxkdem4hxg949gv8lx8cftz2,219,https://koios.tosidrop.me/api/v1/pool_updates,2026-05-19T23:10:03+00:00
9c8e59ea7004a51f953642653d70a94d066359b9dd6e6416a5430ff3,pool1nj89n6nsqjj3l9fkgfjn6u9ff5rxxkdem4hxg949gv8lx8cftz2,220,https://koios.tosidrop.me/api/v1/pool_updates,2026-05-19T23:10:03+00:00
9caffdb0feeb61d9a57484b8c153a50a09977b5b303af7171ed2ba9a,pool1njhlmv87adsanft5sjuvz5a9pgyew76mxqa0w9c762af570g5ht,453,https://koios.tosidrop.me/api/v1/pool_updates,2026-05-19T23:10:03+00:00
9cb4471bad9979623d32ad3c14ff14b340f046e2a5b3ae2e3c8f575b,pool1nj6ywxadn9uky0fj457pflc5kdq0q3hz5ke6ut3u3at4k6uucv2,385,https://koios.tosidrop.me/api/v1/pool_updates,2026-05-19T23:10:03+00:00
9cbaa13cc5fdaae9c2b517c8596d184620375b5b77191f50bb46abcd,pool1nja2z0x9lk4wns44zly9jmgcgcsrwk6mwuv3759mg64u6ag6f7a,421,https://koios.tosidrop.me/api/v1/pool_updates,2026-05-19T23:10:03+00:00
9cbcb767c493af97c0e2df4f5f530b19e5f2ffd9f4e5b579189de15c,pool1nj7twe7yjwhe0s8zma8475ctr8jl9l7e7njm27gcnhs4cffzdh7,298,https://koios.tosidrop.me/api/v1/pool_updates,2026-05-19T23:10:03+00:00
9cf0db42fb01262647f968ff3ece9550323c26b73988d9489fb21e6e,pool1nncdkshmqynzv3ledrlnan542qercf4h8xydjjylkg0xu62fk6y,237,https://koios.tosidrop.me/api/v1/pool_updates,2026-05-19T23:10:03+00:00
9cf4d230855385541e2d66a2ea08cb983ccd07eabe207a70a5957e82,pool1nn6dyvy92wz4g83dv63w5zxtnq7v6pl2hcs85u99j4lgyv56l9q,326,https://koios.tosidrop.me/api/v1/pool_updates,2026-05-19T23:10:03+00:00
9cfcbded5d9ac81a9fc5be66bed09047ba74543d7a9bacc15050b059,pool1nn7tmm2antyp4879henta5ysg7a8g4pa02d6es2s2zc9jhpdptl,473,https://koios.tosidrop.me/api/v1/pool_updates,2026-05-19T23:10:03+00:00
9d15bc119ffeaee3eaa6581a00124e968b48f41c049fcac951f1debc,pool1n52mcyvll6hw864xtqdqqyjwj6953aquqj0u4j23780tc0zc426,502,https://koios.tosidrop.me/api/v1/pool_updates,2026-05-19T23:10:03+00:00
9d208bac6f8f23a9f484e504d3612d8b2e9315dc69cda4412a61d99f,pool1n5sghtr03u36nayyu5zdxcfd3vhfx9wud8x6gsf2v8ve7h99de0,226,https://koios.tosidrop.me/api/v1/pool_updates,2026-05-19T23:10:03+00:00
9d2687c224f3df75cfc5eff55348c7ceb3c51e6a368f95592ea58ddf,pool1n5ng0s3y700htn79al64xjx8e6eu28n2x68e2kfw5kxa7adm2xf,258,https://koios.tosidrop.me/api/v1/pool_updates,2026-05-19T23:10:03+00:00
9d3e049a008f19ab6a3dc47e88af63af0a3c12f25b72e1f76414d0bb,pool1n5lqfxsq3uv6k63ac3lg3tmr4u9rcyhjtdewramyzngtkskmc4u,258,https://koios.tosidrop.me/api/v1/pool_updates,2026-05-19T23:10:03+00:00
9d5fe5cb9a240d9bd037eff41c02d8b722e1770608f3cea8aadc1f53,pool1n407tju6ysxeh5phal6pcqkcku3wzacxpreua292ms04xzraq6n,291,https://koios.tosidrop.me/api/v1/pool_updates,2026-05-19T23:10:03+00:00
9da535feeb90d707891c5acb1b200653d32728f0e7834c6114669aff,pool1nkjntlhtjrts0zgutt93kgqx20fjw28su7p5ccg5v6d07x744vg,299,https://koios.tosidrop.me/api/v1/pool_updates,2026-05-19T23:10:03+00:00
9db81214b7b00001361999868ccc297d3bc076b4cabcb17c00277cfb,pool1nkupy99hkqqqzdsenxrgenpf05auqa45e27tzlqqya70kjwjphn,515,https://koios.tosidrop.me/api/v1/pool_updates,2026-05-19T23:10:03+00:00
9dbed900740eff15c1077187e840e74238496445ad181737be2fa4d9,pool1nkldjqr5pml3tsg8wxr7ss88gguyjez945vpwda797jdj6zxghj,321,https://koios.tosidrop.me/api/v1/pool_updates,2026-05-19T23:10:03+00:00
9dc1de239300443289a9ae54c484b7e688f461dc30df2652f34b3a48,pool1nhqaugunqpzr9zdf4e2vfp9hu6y0gcwuxr0jv5hnfvays26xmr3,275,https://koios.tosidrop.me/api/v1/pool_updates,2026-05-19T23:10:03+00:00
9dc6fd2104ac7feddf366745f1b48efbf8d626897c5a311d75d54a27,pool1nhr06ggy43l7mhekvazlrdywl0udvf5f03drz8t4649zwzndc43,258,https://koios.tosidrop.me/api/v1/pool_updates,2026-05-19T23:10:03+00:00
9de995a5db341f9ed5803ef4817427300169cdf6e8e40af9229f7bb8,pool1nh5etfwmxs0ea4vq8m6gzap8xqqknn0karjq47fznaamsm8vq7v,421,https://koios.tosidrop.me/api/v1/pool_updates,2026-05-19T23:10:03+00:00
9df5a0e7e565eae1bafaeeebdffc36b39badac8cd74b175e1ec6e1cb,pool1nh66pel9vh4wrwh6am4allpkkwd6mtyv6a93whs7cmsuk7kc920,399,https://koios.tosidrop.me/api/v1/pool_updates,2026-05-19T23:10:03+00:00
9e0b4cfe5fa6480347abc506a2c2771d22bb0587b1ec3e668287281f,pool1nc95eljl5eyqx3atc5r29snhr53tkpv8k8krue5zsu5p78vu2ct,225,https://koios.tosidrop.me/api/v1/pool_updates,2026-05-19T23:10:03+00:00
9e0ecc753046778548dedec598c021edbb71fea2a001de3b4298cb19,pool1nc8vcafsgemc2jx7mmze3sppakahrl4z5qqauw6znr93jfyqv6j,323,https://koios.tosidrop.me/api/v1/pool_updates,2026-05-19T23:10:03+00:00
9e266aba3b18948f3d3c99574c1fd750ddff1cb389b5834b88118f0c,pool1ncnx4w3mrz2g70fun9t5c87h2rwl789n3x6cxjugzx8scfd95t9,216,https://koios.tosidrop.me/api/v1/pool_updates,2026-05-19T23:10:03+00:00
9e45fb269f8a71e0d30fb418c6a190252e2e2a3f5e95e4c978fd66c5,pool1nezlkf5l3fc7p5c0ksvvdgvsy5hzu23lt627fjtcl4nv2zrc9ng,294,https://koios.tosidrop.me/api/v1/pool_updates,2026-05-19T23:10:03+00:00
9e48e2f1bbb72565f2be6863c2d0e64eedd53fd930866cbff9f179f3,pool1neyw9udmkujktu47dp3u958xfmka207exzrxe0le79ulxhvtf3l,273,https://koios.tosidrop.me/api/v1/pool_updates,2026-05-19T23:10:03+00:00
9e48e2f1bbb72565f2be6863c2d0e64eedd53fd930866cbff9f179f3,pool1neyw9udmkujktu47dp3u958xfmka207exzrxe0le79ulxhvtf3l,277,https://koios.tosidrop.me/api/v1/pool_updates,2026-05-19T23:10:03+00:00
9e48e2f1bbb72565f2be6863c2d0e64eedd53fd930866cbff9f179f3,pool1neyw9udmkujktu47dp3u958xfmka207exzrxe0le79ulxhvtf3l,295,https://koios.tosidrop.me/api/v1/pool_updates,2026-05-19T23:10:03+00:00
9e4ecaff3dac5c4c754a96cad961b404b9eab497afe4357160bb21c7,pool1ne8v4lea43wyca22jm9djcd5qju74dyh4ljr2utqhvsuwz9wf4e,378,https://koios.tosidrop.me/api/v1/pool_updates,2026-05-19T23:10:03+00:00
9e5dbc61ade8b23176636e739fb056d30572c1669d2671f590b83afa,pool1newmccddazerzanrdeeelvzk6vzh9stxn5n8ravshqa05n0t83u,589,https://koios.tosidrop.me/api/v1/pool_updates,2026-05-19T23:10:03+00:00
9e7339e1e0174dab8a6c2b1e275484ff234f52aa220f98be6554935e,pool1neennc0qzax6hznv9v0zw4yylu357542yg8e30n92jf4uexd6j3,289,https://koios.tosidrop.me/api/v1/pool_updates,2026-05-19T23:10:03+00:00
9e734b6c2263c0917bfc550e9c949f41afa3fe000377243bd29df399,pool1nee5kmpzv0qfz7lu258fe9ylgxh68lsqqdmjgw7jnheej3usn35,606,https://koios.tosidrop.me/api/v1/pool_updates,2026-05-19T23:10:03+00:00
9e8009b249142d80144dfb681984e08d96d51c2085e8bb6d9d1831d2,pool1n6qqnvjfzskcq9zdld5pnp8q3ktd28pqsh5tkmvarqcayr76puv,326,https://koios.tosidrop.me/api/v1/pool_updates,2026-05-19T23:10:03+00:00
9ea2e3dcf1bf17676ace756eccbad17fe4c613e9757ecf128524daaa,pool1n63w8h83hutkw6kww4hvewk30ljvvylfw4lv7y59ynd25a8yfqp,478,https://koios.tosidrop.me/api/v1/pool_updates,2026-05-19T23:10:03+00:00
9eb98dd4c2a627a9bb26c3bee76605d517546926b7c367d397848671,pool1n6ucm4xz5cn6nwexcwlwwes965t4g6fxklpk05uhsjr8zx9ks0p,267,https://koios.tosidrop.me/api/v1/pool_updates,2026-05-19T23:10:03+00:00
9ee8ac84e5de23828eddc05c7e1f165dbf85038bed536f4ef72bbad5,pool1nm52ep89mc3c9rkacpw8u8cktklc2quta4fk7nhh9wad2k77xq5,523,https://koios.tosidrop.me/api/v1/pool_updates,2026-05-19T23:10:03+00:00
9f0daee27f33dbcf42054dd0a0de5fe8327f7eaec707f9d07a4bec73,pool1nux6acnlx0du7ss9fhg2phjlaqe87l4wcurln5r6f0k8xreluez,364,https://koios.tosidrop.me/api/v1/pool_updates,2026-05-19T23:10:03+00:00
9f2049983941787cf7d02c27bc7b09553a14d9e8e09bcab5c613f8e9,pool1nusynxpeg9u8ea7s9snmc7cf25apfk0guzdu4dwxz0uwjr378xt,521,https://koios.tosidrop.me/api/v1/pool_updates,2026-05-19T23:10:03+00:00
9f35856900fe897987a8807535bc37c474c4c874014cfce47ba52354,pool1nu6c26gql6yhnpagsp6nt0phc36vfjr5q9x0eerm5534gy4jqul,525,https://koios.tosidrop.me/api/v1/pool_updates,2026-05-19T23:10:03+00:00
9f374e976c13d419e323be9a73370c6fabeafca1ad6561bac780c42f,pool1num5a9mvz02pncerh6d8xdcvd7474l9p44jkrwk8srzz7563yrj,251,https://koios.tosidrop.me/api/v1/pool_updates,2026-05-19T23:10:03+00:00
9f38b462566102fe9bc1061131f298164d51ea54464ad984d486ce87,pool1nuutgcjkvyp0ax7pqcgnru5czex4r6j5ge9dnpx5sm8gwczcrt8,250,https://koios.tosidrop.me/api/v1/pool_updates,2026-05-19T23:10:03+00:00
9f3d6c7e01517edff39dd388429e6e85a9aaede7a0cb6e1845357c15,pool1nu7kclsp29ldluua6wyy98nwsk564m085r9kuxz9x47p2n3u3pf,297,https://koios.tosidrop.me/api/v1/pool_updates,2026-05-19T23:10:03+00:00
9f4c925f5e945a61e5411c28af677b64776629b4b25bed0d17d75403,pool1naxfyh67j3dxre2prs527emmv3mkv2d5kfd76rgh6a2qxsgpswx,223,https://koios.tosidrop.me/api/v1/pool_updates,2026-05-19T23:10:03+00:00
9f51c3f17ab8fcfb4b467ba6df45378f296a39e4a8770491419e7d41,pool1nagu8ut6hr70kj6x0wnd73fh3u5k5w0y4pmsfy2pne75z850am7,420,https://koios.tosidrop.me/api/v1/pool_updates,2026-05-19T23:10:03+00:00
9f61e892dcdcab381684eb9a6c2ac9eee989688071e19923f541eb56,pool1nas73ykumj4ns95yawdxc2kfam5cj6yqw8sejgl4g844vnvuxzc,334,https://koios.tosidrop.me/api/v1/pool_updates,2026-05-19T23:10:03+00:00
9f82e933a6b8ee495147bee8d590dbb3763c6f21afe5f7e8064d846f,pool1n7pwjvaxhrhyj528hm5dtyxmkdmrcmep4ljl06qxfkzx7l5thxy,215,https://koios.tosidrop.me/api/v1/pool_updates,2026-05-19T23:10:03+00:00
9f993ee3ed3cbb87e8096735bae69297cf34706e20720602a1804810,pool1n7vnacld8jac06qfvu6m4e5jjl8ngurwypeqvq4pspypqfntvct,266,https://koios.tosidrop.me/api/v1/pool_updates,2026-05-19T23:10:03+00:00
9fa36f8ef20fb222a4cc159c14d8ba3375ea2b83093859cf006b8b19,pool1n73klrhjp7ez9fxvzkwpfk96xd6752urpyu9nncqdw93jdu07s0,298,https://koios.tosidrop.me/api/v1/pool_updates,2026-05-19T23:10:03+00:00
9fa4567575127d7c01acb4d8a82514494da5526af621933ce8fea767,pool1n7j9vat4zf7hcqdvknv2sfg5f9x625n27csex08gl6nkwfg7qa2,328,https://koios.tosidrop.me/api/v1/pool_updates,2026-05-19T23:10:03+00:00
9fb3d40a488461cc8d9607d4a2f4ef3be54b68e655256f9c493197ce,pool1n7eagzjgs3suervkql229a8080j5k68x25jkl8zfxxtuu6802lc,480,https://koios.tosidrop.me/api/v1/pool_updates,2026-05-19T23:10:03+00:00
9ffd5ceefaf338459f086690ebca63c2cc81841f1b4429cabf8fef49,pool1nl74emh67vuyt8cgv6gwhjnrctxgrpqlrdzznj4l3lh5j8lj3ah,569,https://koios.tosidrop.me/api/v1/pool_updates,2026-05-19T23:10:03+00:00
a0022c62e100c18970d64feb7d0f8c08afe261e4d4435f5254ae92a7,pool15qpzcchpqrqcjuxkfl4h6ruvpzh7yc0y63p475j546f2wrkdyvc,437,https://koios.tosidrop.me/api/v1/pool_updates,2026-05-19T23:10:03+00:00
a00a0c8a22810f8c49543c3ab1a65e86314fcf7d856b5e4694900ea6,pool15q9qez3zsy8ccj258satrfj7scc5lnmas444u355jq82vylamvt,251,https://koios.tosidrop.me/api/v1/pool_updates,2026-05-19T23:10:03+00:00
a02f4220eab8a2a80d07f6ca89ebdf72a3caf102f653f54d49a57ae4,pool15qh5yg82hz32srg87m9gn67lw23u4ugz7efl2n2f54awgl5x4f2,270,https://koios.tosidrop.me/api/v1/pool_updates,2026-05-19T23:10:03+00:00
a037775b77616d7bab8a34019b6bb020479a0e76aba800ca1232eda1,pool15qmhwkmhv9khh2u2xsqek6asypre5rnk4w5qpjsjxtk6zvynj7p,419,https://koios.tosidrop.me/api/v1/pool_updates,2026-05-19T23:10:03+00:00
a062ad4f72ecabe6178a8954bfce6820e979cb481f0f5efe307f6cde,pool15p326nmjaj47v9u2392tlnngyr5hnj6gru84al3s0akdu9mj004,308,https://koios.tosidrop.me/api/v1/pool_updates,2026-05-19T23:10:03+00:00
a07f6d16fc809cbd6c3dd8bb8e3fdc9e874e1cacba480a359b3f2252,pool15plk69huszwt6mpamzacu07un6r5u89vhfyq5dvm8u39yhqq2dc,597,https://koios.tosidrop.me/api/v1/pool_updates,2026-05-19T23:10:03+00:00
a07f6d16fc809cbd6c3dd8bb8e3fdc9e874e1cacba480a359b3f2252,pool15plk69huszwt6mpamzacu07un6r5u89vhfyq5dvm8u39yhqq2dc,598,https://koios.tosidrop.me/api/v1/pool_updates,2026-05-19T23:10:03+00:00
a0a4ff7435e58f9435760cb950371671cec3dd094e439745c8f75fe3,pool15zj07ap4uk8egdtkpju4qdckw88v8hgffepew3wg7a07x2jead7,274,https://koios.tosidrop.me/api/v1/pool_updates,2026-05-19T23:10:03+00:00
a0a4ff7435e58f9435760cb950371671cec3dd094e439745c8f75fe3,pool15zj07ap4uk8egdtkpju4qdckw88v8hgffepew3wg7a07x2jead7,342,https://koios.tosidrop.me/api/v1/pool_updates,2026-05-19T23:10:03+00:00
a0b349f15e96fba24e635cd20b2e00e4d5aa43a3a33e935774ddd9b2,pool15ze5nu27jma6ynnrtnfqktsqun265sar5vlfx4m5mhvmy0mnjvj,505,https://koios.tosidrop.me/api/v1/pool_updates,2026-05-19T23:10:03+00:00
a0b5863ea2ef05a8cb1206c94e19daa7863ba69d02e11fdeda368507,pool15z6cv04zauz63jcjqmy5uxw657rrhf5aqts3lhk6x6zswsjdpmd,319,https://koios.tosidrop.me/api/v1/pool_updates,2026-05-19T23:10:03+00:00
a0b7055f7e18129061bb5585667ac27a9da93ec2b5c8c9bf156a70b9,pool15zms2hm7rqffqcdm2kzkv7kz02w6j0kzkhyvn0c4dfctjaaqggt,440,https://koios.tosidrop.me/api/v1/pool_updates,2026-05-19T23:10:03+00:00
a0ba245eee2cfffe25ae6589084309755ee59a1f9d7c71a01c58f6f5,pool15zazghhw9nllufdwvkyssscfw40wtxsln478rgqutrm02q5p88c,335,https://koios.tosidrop.me/api/v1/pool_updates,2026-05-19T23:10:03+00:00
a0bfabd15a1e0278e97af96a2b5369183e1aad8301fc6fcd771750e9,pool15zl6h526rcp836t6l94zk5mfrqlp4tvrq87xlnthzagwjyhrlna,217,https://koios.tosidrop.me/api/v1/pool_updates,2026-05-19T23:10:03+00:00
a0bfabd15a1e0278e97af96a2b5369183e1aad8301fc6fcd771750e9,pool15zl6h526rcp836t6l94zk5mfrqlp4tvrq87xlnthzagwjyhrlna,225,https://koios.tosidrop.me/api/v1/pool_updates,2026-05-19T23:10:03+00:00
a0fcdbf9dfdf1f53419df0d181fe5903339632cc53f9c8776f6e9979,pool15r7dh7wlmu04xsva7rgcrljeqveevvkv20uusam0d6vhjvuze3g,235,https://koios.tosidrop.me/api/v1/pool_updates,2026-05-19T23:10:03+00:00
a1111b34c7aa21e9457586d84e35802b0b4cec9239e9cb9df73a0285,pool15yg3kdx84gs7j3t4smvyudvq9v95emyj885uh80h8gpg20j39c0,287,https://koios.tosidrop.me/api/v1/pool_updates,2026-05-19T23:10:03+00:00
a1331fee83539aa5f79df9854b982a4020d097a158723354c29456cf,pool15ye3lm5r2wd2taualxz5hxp2gqsdp9aptperx4xzj3tv74n36yj,258,https://koios.tosidrop.me/api/v1/pool_updates,2026-05-19T23:10:03+00:00
a1488915431556d506cf10c5ec2ada11ddc8a860f0712afb3f26f268,pool159ygj92rz4td2pk0zrz7c2k6z8wu32rq7pcj47elymexs8nlkzl,325,https://koios.tosidrop.me/api/v1/pool_updates,2026-05-19T23:10:03+00:00
a16e911e9197c1330496b64b702e10f51eec43268892b2d6b8e51c11,pool159hfz853jlqnxpykke9hqtss750wcsex3zft944cu5wpzs4tfyt,531,https://koios.tosidrop.me/api/v1/pool_updates,2026-05-19T23:10:03+00:00
a172fcce6d32414b03081634d93e9d3ff692b996262fcf82107fadf0,pool159e0enndxfq5kqcgzc6dj05a8lmf9wvkychulqss07klq6j7d64,300,https://koios.tosidrop.me/api/v1/pool_updates,2026-05-19T23:10:03+00:00
a19651b8c24726ebdf99a54e08814ade3fcd8054efcbcdf67f3ae6ad,pool15xt9rwxzgunwhhue548q3q22mclumqz5al9umanl8tn269sr66m,476,https://koios.tosidrop.me/api/v1/pool_updates,2026-05-19T23:10:03+00:00
a1a13e86037a489911c0983887b675b859e7f499b88e91d8a01a05d8,pool15xsnapsr0fyfjywqnqug0dn4hpv70ayehz8frk9qrgzass43wsx,416,https://koios.tosidrop.me/api/v1/pool_updates,2026-05-19T23:10:03+00:00
a1b147cce89436f92d6ff6dabe801d10bf647babaedf1e9d6a5cec0f,pool15xc50n8gjsm0jtt07mdtaqqazzlkg7at4m03a8t2tnkq79sj2xd,271,https://koios.tosidrop.me/api/v1/pool_updates,2026-05-19T23:10:03+00:00
a1b6398200511816277ec4ac4a94160b6cb0fbf6a8bc002c506e41ad,pool15xmrnqsq2yvpvfm7cjky49qkpdktp7lk4z7qqtzsdeq66xr0sqm,232,https://koios.tosidrop.me/api/v1/pool_updates,2026-05-19T23:10:03+00:00
a1bf3567ac65fdd38d4cd5b2abe08244a3741126464d64b2a99d78cd,pool15xln2eavvh7a8r2v6ke2hcyzgj3hgyfxgexkfv4fn4uv6gjcv9s,304,https://koios.tosidrop.me/api/v1/pool_updates,2026-05-19T23:10:03+00:00
a1f36826e0c95dd641831c6fcd699f0cd6a35a6a6f5b7f93b6bb3a35,pool158eksfhqe9wavsvrr3hu66vlpnt2xkn2dadhlyakhvar23st4c6,215,https://koios.tosidrop.me/api/v1/pool_updates,2026-05-19T23:10:03+00:00
a200ed3f4b127ae7362dfaaecf81c4d6b88156092074c683597c49db,pool15gqw606tzfawwd3dl2hvlqwy66ugz4sfyp6vdq6e03yak7esevk,409,https://koios.tosidrop.me/api/v1/pool_updates,2026-05-19T23:10:03+00:00
a2073a8b7a2bf6969baa44028416bf7ae919d495d3cfed787f2c3009,pool15grn4zm690mfdxa2gspgg94l0t53n4y4608767rl9scqjz7jy4h,348,https://koios.tosidrop.me/api/v1/pool_updates,2026-05-19T23:10:03+00:00
a21b7ab95ae9b5aef552a66eec3375d7611919ecf6efcd78e4f6e80a,pool15gdh4w26ax66aa2j5ehwcvm46as3jx0v7mhu678y7m5q5s80dwk,307,https://koios.tosidrop.me/api/v1/pool_updates,2026-05-19T23:10:03+00:00
a21b7ab95ae9b5aef552a66eec3375d7611919ecf6efcd78e4f6e80a,pool15gdh4w26ax66aa2j5ehwcvm46as3jx0v7mhu678y7m5q5s80dwk,558,https://koios.tosidrop.me/api/v1/pool_updates,2026-05-19T23:10:03+00:00
a223873b6d882d07c44bfd2baac9f5acbb09c5b886858404cb375a99,pool15g3cwwmd3qks03ztl5464j044jasn3dcs6zcgpxtxadfj86lvf2,559,https://koios.tosidrop.me/api/v1/pool_updates,2026-05-19T23:10:03+00:00
a23a9aaea2512f1c29c83f8b2767d8d19bc87a55d5828385481a7d04,pool15gaf4t4z2yh3c2wg879jwe7c6xdus7j46kpg8p2grf7sg3g0qje,271,https://koios.tosidrop.me/api/v1/pool_updates,2026-05-19T23:10:03+00:00
a250eb51869c6b94cbc507d22e76ed0f35d31ccabdb1725cfbcddb75,pool15fgwk5vxn34efj79qlfzuahdpu6ax8x2hkchyh8mehdh23q0nqz,580,https://koios.tosidrop.me/api/v1/pool_updates,2026-05-19T23:10:03+00:00
a2665c9ebfde02738b44fb7a86e7f957c0fb0079dfd2f9174cf624f9,pool15fn9e84lmcp88z6yldagdele2lq0kqremlf0j96v7cj0jj6v22l,601,https://koios.tosidrop.me/api/v1/pool_updates,2026-05-19T23:10:03+00:00
a2a004eac0ef2dfcfef81d7af0c2a825abf12ac3ab5bc1417e5aacc5,pool152sqf6kqauklelhcr4a0ps4gyk4lz2kr4dduzst7t2kv2wamjkx,551,https://koios.tosidrop.me/api/v1/pool_updates,2026-05-19T23:10:03+00:00
a2a7050e1ef0618dc76bdcc9bbba0c01f88fe1b88e19cc3218acacd8,pool152ns2rs77pscm3mtmnymhwsvq8uglcdc3cvucvsc4jkds5k4te5,559,https://koios.tosidrop.me/api/v1/pool_updates,2026-05-19T23:10:03+00:00
a2a8d3800e2e244b62c0b15a8168db3372cde8e2240222bfb8a1c356,pool1525d8qqw9cjykckqk9dgz6xmxdevm68zyspz90ac58p4v2gr6zm,367,https://koios.tosidrop.me/api/v1/pool_updates,2026-05-19T23:10:03+00:00
a2afdf17baf7a0a85874997195dd68a54b3fc8db533e20251d49ee0d,pool152ha79a677s2skr5n9cethtg549nljxm2vlzqfgaf8hq67q3790,284,https://koios.tosidrop.me/api/v1/pool_updates,2026-05-19T23:10:03+00:00
a2c95524f2dcdb424490a5b7126b5826b3b98126d112e86f43efde27,pool15ty42f8jmnd5y3ys5km3y66cy6emnqfx6yfwsm6ral0zwrs3ktj,562,https://koios.tosidrop.me/api/v1/pool_updates,2026-05-19T23:10:03+00:00
a2d42d873250321acca2d7cc7a5465f9060892bdbb645b4dedb28125,pool15t2zmpej2qep4n9z6lx854r9lyrq3y4ahdj9kn0dk2qj237xhln,402,https://koios.tosidrop.me/api/v1/pool_updates,2026-05-19T23:10:03+00:00
a2f79e91dacbf12b84188fb3546f8be873c709b004176c1916f0cc95,pool15tmeayw6e0cjhpqc37e4gmutapeuwzdsqstkcxgk7rxf24gwsew,453,https://koios.tosidrop.me/api/v1/pool_updates,2026-05-19T23:10:03+00:00
a30c522e7612339f6a5591a0e452ed800f7b24770bdb6d9ffa0c247c,pool15vx9ytnkzgee76j4jxswg5hdsq8hkfrhp0dkm8l6psj8cx9z9m4,325,https://koios.tosidrop.me/api/v1/pool_updates,2026-05-19T23:10:03+00:00
a30d165da86ca3809fcde66772cf67221cbf609d5de99b6fecb937e7,pool15vx3vhdgdj3cp87duenh9nm8ygwt7cyath5ekmlvhym7wc0tkae,263,https://koios.tosidrop.me/api/v1/pool_updates,2026-05-19T23:10:03+00:00
a30e02c287bd236338d43b8c39caa9e54f95c243b376a2301194b997,pool15v8q9s58h53kxwx58wxrnj4fu48etsjrkdm2yvq3jjuewh4g69c,271,https://koios.tosidrop.me/api/v1/pool_updates,2026-05-19T23:10:03+00:00
a319b6970041da33e6baa44bfe8902898ec148c6ba88c783913bcab4,pool15vvmd9cqg8dr8e46539lazgz3x8vzjxxh2yv0qu3809tgzp3uyx,561,https://koios.tosidrop.me/api/v1/pool_updates,2026-05-19T23:10:03+00:00
a37460a9b761e67b18f0262ad18f80263f6b6d143c33a9873965ecd3,pool15d6xp2dhv8n8kx8syc4drruqyclkkmg58se6npeevhkdxprjq5q,287,https://koios.tosidrop.me/api/v1/pool_updates,2026-05-19T23:10:03+00:00
a37daa8dd48bb84a3161d3b0df0d6a4161330b3cdcc400267285ad2a,pool15d764rw53wuy5vtp6wcd7rt2g9snxzeumnzqqfnjskkj57ktrd0,330,https://koios.tosidrop.me/api/v1/pool_updates,2026-05-19T23:10:03+00:00
a37fa22b02a007a80ea13555c28341987bb61193c258a1e03db7f3f6,pool15dl6y2cz5qr6sr4px42u9q6pnpamvyvncfv2rcpaklelvdrqct4,438,https://koios.tosidrop.me/api/v1/pool_updates,2026-05-19T23:10:03+00:00
a38d92071b2d8ccb0591be00b0839d71364a842ed6711a70c47fecf7,pool15wxeypcm9kxvkpv3hcqtpquawymy4ppw6ec35uxy0lk0wayd43h,232,https://koios.tosidrop.me/api/v1/pool_updates,2026-05-19T23:10:03+00:00
a3aa80e14222351aca84ea1e6078afbc55a48b08ae180d7a7bc5a363,pool15w4gpc2zyg634j5yag0xq790h326fzcg4cvq67nmck3kxq4m5m5,227,https://koios.tosidrop.me/api/v1/pool_updates,2026-05-19T23:10:03+00:00
a3cdc87c92e9735d335c33ebe4f795090ad78befb52d9b9f0ca12c76,pool150xuslyja9e46v6ux047fau4py9d0zl0k5keh8cv5yk8v2r40d2,333,https://koios.tosidrop.me/api/v1/pool_updates,2026-05-19T23:10:03+00:00
a3d6170ca667f00ceaf2352bd5b8c4c8f5956c550ae1fdeb6f0d156e,pool150tpwr9xvlcqe6hjx54atwxyer6e2mz4ptslm6m0p52kugk6cl6,289,https://koios.tosidrop.me/api/v1/pool_updates,2026-05-19T23:10:03+00:00
a3d6170ca667f00ceaf2352bd5b8c4c8f5956c550ae1fdeb6f0d156e,pool150tpwr9xvlcqe6hjx54atwxyer6e2mz4ptslm6m0p52kugk6cl6,297,https://koios.tosidrop.me/api/v1/pool_updates,2026-05-19T23:10:03+00:00
a3d7b1f62e5ee8cbb833f4db6e45b2c39f17eecc1d2a1bf90c407dc4,pool150tmra3wtm5vhwpn7ndku3djcw030mkvr54ph7gvgp7ugeq0m5m,434,https://koios.tosidrop.me/api/v1/pool_updates,2026-05-19T23:10:03+00:00
a3df9db05e2d723599925a1322bb381ea6dbddac07d99e86531bf1f8,pool1500emvz794ertxvjtgfj9wecr6ndhhdvqlveapjnr0clsxr9lpp,262,https://koios.tosidrop.me/api/v1/pool_updates,2026-05-19T23:10:03+00:00
a3e44611e9e523c90915cb0cd71f78a1e6b9d61d171efae7eca6dd4d,pool150jyvy0fu53ujzg4evxdw8mc58ntn4sazu004elv5mw56cw4pda,312,https://koios.tosidrop.me/api/v1/pool_updates,2026-05-19T23:10:03+00:00
a40409b846e69a8c3f3b1a3aa20e5684bda0db354eb51ce02467ee13,pool15szqnwzxu6dgc0emrga2yrjksj76pke4f663ecpyvlhpxq3wpf5,323,https://koios.tosidrop.me/api/v1/pool_updates,2026-05-19T23:10:03+00:00
a45b7b797521ba8ecc8a6911f9e6778dcb7472739486adf509e26370,pool153dhk7t4yxagany2dyglnenh3h9hgunnjjr2magfuf3hqgdphc3,299,https://koios.tosidrop.me/api/v1/pool_updates,2026-05-19T23:10:03+00:00
a45c31a8cffb756a56646fc3396b1a02f4dc1c7981bfcdf5aff844e8,pool153wrr2x0ld6k54nydlpnj6c6qt6dc8resxlumad0lpzws5sfnym,411,https://koios.tosidrop.me/api/v1/pool_updates,2026-05-19T23:10:03+00:00
a47f708038dc2bdf47795e24dac4b73904cbad4424bfce75856260cf,pool153lhpqpcms4a73metcjd439h8yzvht2yyjluuav9vfsv75gtf7l,580,https://koios.tosidrop.me/api/v1/pool_updates,2026-05-19T23:10:03+00:00
a489a68f08e35332b39cce7a1f553c39d83f0de22ba6d29a05575c37,pool15jy6drcgudfn9vuueeap74fu88vr7r0z9wnd9xs92awrwlrwdmp,448,https://koios.tosidrop.me/api/v1/pool_updates,2026-05-19T23:10:03+00:00
a48a25c9ea3b05b39bc615ef65a68670fed6465a7d5c0bea681c0837,pool15j9ztj028vzm8x7xzhhktf5xwrldv3j604wqh6ngrsyrw0hal9q,226,https://koios.tosidrop.me/api/v1/pool_updates,2026-05-19T23:10:03+00:00
a4b40343d4799e9c5f145271222ef1742a7e5bb739e54e43eb9fb690,pool15j6qxs750x0fchc52fcjyth3ws48ukah88j5usltn7mfqzzwaar,235,https://koios.tosidrop.me/api/v1/pool_updates,2026-05-19T23:10:03+00:00
a4bd45e64ee4dc2576a3778feb944f13917967a2dea93acbbb8226df,pool15j75tejwunwz2a4rw787h9z0zwghjeazm65n4jamsgnd7xa87d8,275,https://koios.tosidrop.me/api/v1/pool_updates,2026-05-19T23:10:03+00:00
a4c7193e60f3a5f31f91ca1dfceee26346f3b06425acb033aca7cba2,pool15nr3j0nq7wjlx8u3egwlemhzvdr08vryykktqvav5l96yhlmm68,291,https://koios.tosidrop.me/api/v1/pool_updates,2026-05-19T23:10:03+00:00
a4cf1678045044dd27773d763cbb3e7e36d1c7ca764953a0ee94da36,pool15n83v7qy2pzd6fmh84mrewe70cmdr372wey48g8wjndrvxywfaa,247,https://koios.tosidrop.me/api/v1/pool_updates,2026-05-19T23:10:03+00:00
a4d00b6313fd4398d0df68f6bd6f40d2700c4c9265dbdc29fa7bd0e3,pool15ngqkccnl4pe35xldrmt6m6q6fcqcnyjvhdac20600gwxdqhr4w,265,https://koios.tosidrop.me/api/v1/pool_updates,2026-05-19T23:10:03+00:00
a4f5980ae3239eab35ef5e81adc953994c017bac48d3b70e8cd479e9,pool15n6eszhryw02kd00t6q6mj2nn9xqz7avfrfmwr5v63u7jfketrc,532,https://koios.tosidrop.me/api/v1/pool_updates,2026-05-19T23:10:03+00:00
a522e3818309ba617a48c5973d78a04395cd4ce5d96940d646458c9e,pool1553w8qvrpxaxz7jgcktn679qgw2u6n89m955p4jxgkxfuj53afc,425,https://koios.tosidrop.me/api/v1/pool_updates,2026-05-19T23:10:03+00:00
a52a2f1572fcaf1f31532a3a71c5582cc5bbb7c4d07e736a44f914a3,pool1554z79tjljh37v2n9ga8r32c9nzmhd7y6pl8x6jyly22xwrm4yk,369,https://koios.tosidrop.me/api/v1/pool_updates,2026-05-19T23:10:03+00:00
a532904ca60e13e88437b58e7c6ff66b8d5e7ec8d3f4b9e4be7820ec,pool155efqn9xpcf73pphkk88cmlkdwx4ulkg606tne970qswczg3asc,606,https://koios.tosidrop.me/api/v1/pool_updates,2026-05-19T23:10:03+00:00
a55785ace3acb340e47f2e763690d5e61e1d568ce2467ac55ce472dd,pool154tctt8r4je5perl9emrdyx4uc0p645vufr8432uu3ed64n5yxm,340,https://koios.tosidrop.me/api/v1/pool_updates,2026-05-19T23:10:03+00:00
a56d6d53e24f1c0a8ae13c22993f74cd0697a074ec4ec3c465fb49a7,pool154kk65lzfuwq4zhp8s3fj0m5e5rf0gr5a38v83r9ldy6w8vmw5u,338,https://koios.tosidrop.me/api/v1/pool_updates,2026-05-19T23:10:03+00:00
a56d74c1b0504c2cf6565fcf1a6e4a3a5b2c6d3fbaa428798e4f66bb,pool154khfsds2pxzeajktl835mj28fdjcmflh2jzs7vwfantk8y6x5v,289,https://koios.tosidrop.me/api/v1/pool_updates,2026-05-19T23:10:03+00:00
a57cef9bb0639f9d59c3ad3ff0a1441bb78e3dbf1fd9bb34a6925f48,pool1547wlxasvw0e6kwr45llpg2yrwmcu0dlrlvmkd9xjf05skj3j3p,417,https://koios.tosidrop.me/api/v1/pool_updates,2026-05-19T23:10:03+00:00
a57cef9bb0639f9d59c3ad3ff0a1441bb78e3dbf1fd9bb34a6925f48,pool1547wlxasvw0e6kwr45llpg2yrwmcu0dlrlvmkd9xjf05skj3j3p,421,https://koios.tosidrop.me/api/v1/pool_updates,2026-05-19T23:10:03+00:00
a5b7de0846612aa8ccdc4d0e8092e381dd34059b6584eacf0bcab7b9,pool15kmauzzxvy423nxuf58gpyhrs8wngpvmvkzw4ncte2mmjn2wpvt,392,https://koios.tosidrop.me/api/v1/pool_updates,2026-05-19T23:10:03+00:00
a5b9e7d6d3cec51a20e0eb0527acd590fe5af81028b1a5bd89fdff2d,pool15ku704knemz35g8qavzj0tx4jrl947qs9zc6t0vflhlj6lp2ud5,333,https://koios.tosidrop.me/api/v1/pool_updates,2026-05-19T23:10:03+00:00
a5badbd63e2af0474baaa92cac4f2b847f0b333681ad53254253e7c6,pool15kadh4379tcywja24yk2cnets3lskveksxk4xf2z20nuvl8xfqt,266,https://koios.tosidrop.me/api/v1/pool_updates,2026-05-19T23:10:03+00:00
a5db584e578e62611de7f8a4062ad9079a2e59ca33442662d0912a30,pool15hd4snjh3e3xz808lzjqv2keq7dzukw2xdzzvcksjy4rqzal3yc,286,https://koios.tosidrop.me/api/v1/pool_updates,2026-05-19T23:10:03+00:00
a5e54b95892dd2ad48bdc8a2d40310e58eec2c6a6f9ada69e00f7f01,pool15hj5h9vf9hf26j9aez3dgqcsuk8wctr2d7dd560qpalszpeu69n,317,https://koios.tosidrop.me/api/v1/pool_updates,2026-05-19T23:10:03+00:00
a5f9c6715a7612b989e0db859d7a7b0cf53e3c6e605014078b23d5eb,pool15huuvu26wcftnz0qmwze67nmpn6nu0rwvpgpgputy027kayz4x6,425,https://koios.tosidrop.me/api/v1/pool_updates,2026-05-19T23:10:03+00:00
a605cdf1d153ee387f848087ed38e938b6dbd3f64ec79300568e1187,pool15czumuw320hrsluyszr76w8f8zmdh5lkfmrexqzk3cgcwjt89q3,224,https://koios.tosidrop.me/api/v1/pool_updates,2026-05-19T23:10:03+00:00
a6138ad98c61320df94d4c2d729588a832e018a624a79c0a581ea502,pool15cfc4kvvvyeqm72dfskh99vg4qewqx9xyjneczjcr6jsy88a7fn,269,https://koios.tosidrop.me/api/v1/pool_updates,2026-05-19T23:10:03+00:00
a617fa72f950bbecb6cf9001cb07ea82b8e2eafe8482722f2a33c960,pool15ctl5uhe2za7edk0jqqukpl2s2uw96h7sjp8yte2x0ykq8eh2je,316,https://koios.tosidrop.me/api/v1/pool_updates,2026-05-19T23:10:03+00:00
a64a9041d51b6d8566ee18b2812e052a05e79a9544c26b027fb9502d,pool15e9fqsw4rdkc2ehwrzegzts99gz70x54gnpxkqnlh9gz6thpuqv,252,https://koios.tosidrop.me/api/v1/pool_updates,2026-05-19T23:10:03+00:00
a652c8a4772557c586aaa2b735a50c51c9f833d7835bc74f3b232d62,pool15efv3frhy4tutp4252mntfgv28ylsv7hsdduwnemyvkkycf0rgh,328,https://koios.tosidrop.me/api/v1/pool_updates,2026-05-19T23:10:03+00:00
a6723ed0838e783f2c4fd79c9084a72198f2566a10920ae075761455,pool15eera5yr3eur7tz067wfpp98yxv0y4n2zzfq4cr4wc2920zsmg9,309,https://koios.tosidrop.me/api/v1/pool_updates,2026-05-19T23:10:03+00:00
a6a7bd096e9e2cadac61d892744572d42a8c5f83b0c474a6a7b9192f,pool156nm6ztwnck2mtrpmzf8g3tj6s4gchurkrz8ff48hyvj7xredvs,313,https://koios.tosidrop.me/api/v1/pool_updates,2026-05-19T23:10:03+00:00
a6d582d86cafd861984ec33f3c4bb7ab1e183d0719abc92351dd2dd7,pool15m2c9krv4lvxrxzwcvlncjah4v0ps0g8rx4ujg63m5kaw8rfzz9,212,https://koios.tosidrop.me/api/v1/pool_updates,2026-05-19T23:10:03+00:00
a6e5b851154535a57563313c45e1f7936113db705a43f6f5863f66a2,pool15mjms5g4g5662atrxy7ytc0hjds38kmstfpldavx8an2y950hxn,462,https://koios.tosidrop.me/api/v1/pool_updates,2026-05-19T23:10:03+00:00
a6e7461719c7e663953109dd54c1e6656e56aea4ab2656c8cce7f37c,pool15mn5v9ceclnx89f3p8w4fs0xv4h9dt4y4vn9djxvulehcdg7329,435,https://koios.tosidrop.me/api/v1/pool_updates,2026-05-19T23:10:03+00:00
a6fc7ec669c64333e6c411b50e9c99323d8043391aacbe2b49f7cb29,pool15m78a3nfcepn8ekyzx6sa8yexg7cqseer2ktu26f7l9jjq0e502,631,https://koios.tosidrop.me/api/v1/pool_updates,2026-05-19T23:10:03+00:00
a71b4baef95a4daeb211e7f6f71d0e477d40d354104371f092fd6de8,pool15ud5hthetfx6avs3ulm0w8gwga75p565zpphruyjl4k7sq3phlm,210,https://koios.tosidrop.me/api/v1/pool_updates,2026-05-19T23:10:03+00:00
a72d155989f4fe0af707fe58a46c86f7d0dcbbd39c13fe1cc4477acd,pool15uk32kvf7nlq4ac8lev2gmyx7lgdew7nnsflu8xygaav6r9u6h0,346,https://koios.tosidrop.me/api/v1/pool_updates,2026-05-19T23:10:03+00:00
a75b248526c90b43c08f42bea99d3de266cca5874147e0a74bb4cd97,pool15adjfpfxey958sy0g2l2n8faufnvefv8g9r7pf6tknxewuh343u,334,https://koios.tosidrop.me/api/v1/pool_updates,2026-05-19T23:10:03+00:00
a76c4e5baf75a547aaa9df6cea3875e31f9de35052452cd2c1797cf0,pool15akyuka0wkj5024fmakw5wr4uv0emc6s2fzje5kp0970qxx85qd,321,https://koios.tosidrop.me/api/v1/pool_updates,2026-05-19T23:10:03+00:00
a7784228ea544bc94455e76f527aaee53266929f0bb2896893a0444f,pool15auyy282239uj3z4uah4y74wu5exdy5lpwegj6yn5pzy7g4rv3r,580,https://koios.tosidrop.me/api/v1/pool_updates,2026-05-19T23:10:03+00:00
a790a551d217bafb8548f2e92f20b56b63980d5a320af1cc65402328,pool157g225wjz7a0hp2g7t5j7g94dd3esr26xg90rnr9gq3js8ep0v5,391,https://koios.tosidrop.me/api/v1/pool_updates,2026-05-19T23:10:03+00:00
a79c387e21126547bd03df831a1d44532fff333f08d32a70c63dfa3d,pool157wrsl3pzfj500grm7p3582y2vhl7velprfj5uxx8har6v2whya,304,https://koios.tosidrop.me/api/v1/pool_updates,2026-05-19T23:10:03+00:00
a7d8768b29c2956a471d6e267c6f801383a39d1209da99407b5b5a50,pool15lv8dzefc22k53cadcn8cmuqzwp688gjp8dfjsrmtdd9qstqcf5,227,https://koios.tosidrop.me/api/v1/pool_updates,2026-05-19T23:10:03+00:00
a7df170f18255d8888a34aeeda915b112b44666ea0f3efb2dbe926ee,pool15l03wrccy4wc3z9rfthd4y2mzy45genw5re7lvkmaynwuafr96u,258,https://koios.tosidrop.me/api/v1/pool_updates,2026-05-19T23:10:03+00:00
a7f1ef079987f06ad72269fc325911f96d0d5acac581131ad387ce05,pool15lc77pueslcx44ezd87rykg3l9ks6kk2ckq3xxknsl8q2drkqn3,298,https://koios.tosidrop.me/api/v1/pool_updates,2026-05-19T23:10:03+00:00
a837f1c88edd7c1e3b89a57e1c9ef919faee56f07732d2494146d33d,pool14qmlrjywm47puwuf54lpe8her8awu4hswuedyj2pgmfn6yu5ymy,383,https://koios.tosidrop.me/api/v1/pool_updates,2026-05-19T23:10:03+00:00
a8388b565c279b0a291f05f8cc926b1ec43d137d83892bc8b6a46d10,pool14qugk4juy7ds52glqhuveyntrmzr6ymaswyjhj9k53k3qdnfwpf,239,https://koios.tosidrop.me/api/v1/pool_updates,2026-05-19T23:10:03+00:00
a83b825af33fc4cfacc39aec960bb66ce3dc124ada8ff4e0e07a9022,pool14qacykhn8lzvltxrntkfvzakdn3acyj2m28lfc8q02gzylu8l9a,247,https://koios.tosidrop.me/api/v1/pool_updates,2026-05-19T23:10:03+00:00
a8435275c45966000bf983fa2267f586c582529d5ddfe109750d8a17,pool14pp4yawyt9nqqzles0azyel4smzcy55ath07zzt4pk9pw6t8vwx,301,https://koios.tosidrop.me/api/v1/pool_updates,2026-05-19T23:10:03+00:00
a847c5b41f9b73f916a168b577c492b9f0a00f6c40877aa6ba98c935,pool14prutdqlndelj94pdz6h03yjh8c2qrmvgzrh4f46nryn2024u90,217,https://koios.tosidrop.me/api/v1/pool_updates,2026-05-19T23:10:03+00:00
a8509f98e9618b520d22aa8ae8fb759d6b60cc5f6cd2e70e4c857025,pool14pgflx8fvx94yrfz429w37m4n44kpnzldnfwwrjvs4cz24q22nl,265,https://koios.tosidrop.me/api/v1/pool_updates,2026-05-19T23:10:03+00:00
a85b4503b1ac386f5023a1d587cc2f78d973464c0bd4234c01ba2014,pool14pd52qa34sux75pr582c0np00rvhx3jvp02zxnqphgspg5yms4n,274,https://koios.tosidrop.me/api/v1/pool_updates,2026-05-19T23:10:03+00:00
a88d421df8a6e86a5f17d669e0e2da1fcc977ecc9725720442b4f3aa,pool14zx5y80c5m5x5hch6e57pck6rlxfwlkvjujhypzzkne65mdl588,309,https://koios.tosidrop.me/api/v1/pool_updates,2026-05-19T23:10:03+00:00
a89a0033d1494dd28f2508b1584988d93097b775163f28d45c0c9f15,pool14zdqqv73f9xa9re9pzc4sjvgmycf0dm4zclj34zupj032ggnjdw,350,https://koios.tosidrop.me/api/v1/pool_updates,2026-05-19T23:10:03+00:00
a89a0033d1494dd28f2508b1584988d93097b775163f28d45c0c9f15,pool14zdqqv73f9xa9re9pzc4sjvgmycf0dm4zclj34zupj032ggnjdw,352,https://koios.tosidrop.me/api/v1/pool_updates,2026-05-19T23:10:03+00:00
a8ae0011a3d18c9f0204d2917aa3233de03c131a04df49246772f408,pool14zhqqydr6xxf7qsy62gh4ger8hsrcyc6qn05jfr8wt6qscs76sm,235,https://koios.tosidrop.me/api/v1/pool_updates,2026-05-19T23:10:03+00:00
a8bef78fea82f1e26078f5d5cee18ea46641bb7949afe164476d1656,pool14zl00rl2stc7ycrc7h2uacvw53nyrwmefxh7zez8d5t9vtwh8yd,278,https://koios.tosidrop.me/api/v1/pool_updates,2026-05-19T23:10:03+00:00
a8c2869b1d723c29018f37fc58cefbfe7da9e874b033192b6c659a8a,pool14rpgdxcawg7zjqv0xl793nhmle76n6r5kqe3j2mvvkdg5llxzg3,294,https://koios.tosidrop.me/api/v1/pool_updates,2026-05-19T23:10:03+00:00
a8cdbf3cc6248af6b9e6a1f7027fc8b6640f894b484bcf74aa11aa82,pool14rxm70xxyj90dw0x58msyl7gkejqlz2tfp9u7a92zx4gyw7c7ry,579,https://koios.tosidrop.me/api/v1/pool_updates,2026-05-19T23:10:03+00:00
a8d6081e6813c79d759eca0258f2e6771c11aca1eeb5f22ebe7e00ad,pool14rtqs8ngz0re6av7egp93uhxwuwprt9pa66lyt470cq268grll7,356,https://koios.tosidrop.me/api/v1/pool_updates,2026-05-19T23:10:03+00:00
a8e7694babce860ef92536f2243a7929667bffb74789bc12e2b5f90f,pool14rnkjjate6rqa7f9xmezgwne99n8hlahg7ymcyhzkhus758r3h7,577,https://koios.tosidrop.me/api/v1/pool_updates,2026-05-19T23:10:03+00:00
a8ef53f9be5d4ad33976e5d1f28d3b3e456e7cb394215a9d46128f7d,pool14rh487d7t49dxwtkuhgl9rfm8ezkul9njss4482xz28h6c9smm2,341,https://koios.tosidrop.me/api/v1/pool_updates,2026-05-19T23:10:03+00:00
a90277864e29a54ef1bf6da9a1030ccdc91cbb63cc907b274122ad44,pool14yp80pjw9xj5audldk56zqcvehy3ewmrejg8kf6py2k5gz42pew,315,https://koios.tosidrop.me/api/v1/pool_updates,2026-05-19T23:10:03+00:00
a906eb0f4c31aba088e24d1b9b91524bb9e0a12f64eb9d71ec2fb14c,pool14yrwkr6vxx46pz8zf5dehy2jfwu7pgf0vn4e6u0v97c5ckh9ddl,465,https://koios.tosidrop.me/api/v1/pool_updates,2026-05-19T23:10:03+00:00
a915178a0195af9166fccd42a69407f1af109faf64c3c409ab2790ec,pool14y230zspjkhezehue4p2d9q87xh3p8a0vnpugzdty7gwcruepps,392,https://koios.tosidrop.me/api/v1/pool_updates,2026-05-19T23:10:03+00:00
a927be07862794f1779ee8c32973c430b6416a5fee2def27a1edcb16,pool14ynmupuxy720zau7arpjju7yxzmyz6jlack77fapah93vu5swdf,270,https://koios.tosidrop.me/api/v1/pool_updates,2026-05-19T23:10:03+00:00
a92f670dbeb38ed2a98d0cffce94a81fa1cdc7bef354327fab121028,pool14yhkwrd7kw8d92vdpnlua99gr7sum3a77d2rylatzggzsfxpr2e,410,https://koios.tosidrop.me/api/v1/pool_updates,2026-05-19T23:10:03+00:00
a930baffeb4ab6d3e93b39a70f1d6b5f5f922baad9e4f618da285b05,pool14yct4lltf2md86fm8xns78ttta0ey2a2m8j0vxx69pds2mzmhvq,254,https://koios.tosidrop.me/api/v1/pool_updates,2026-05-19T23:10:03+00:00
a986cba1163a561281d6ee6073a8e578b1d5e7a7293dd21d77e1ecc8,pool14xrvhggk8ftp9qwkaes882890zcatea89y7ay8thu8kvspmk705,327,https://koios.tosidrop.me/api/v1/pool_updates,2026-05-19T23:10:03+00:00
a987503fcad2a35e55bf2dabaeed9542abdbee4a9735552441894396,pool14xr4q0726234u4dl9k46amv4g24ahmj2ju642fzp39pevk3wx6r,313,https://koios.tosidrop.me/api/v1/pool_updates,2026-05-19T23:10:03+00:00
a991072b0b96e63fddda4b5a039606448e5f950cc98c5bcb862895c7,pool14xgsw2ctjmnrlhw6fddq89sxgj89l9gvexx9hjux9z2uwj3av90,283,https://koios.tosidrop.me/api/v1/pool_updates,2026-05-19T23:10:03+00:00
a9a4b27806d726c025df4e8628a2d242c21bd19c61263c7df4232f5b,pool14xjty7qx6unvqfwlf6rz3gkjgtpph5vuvynrcl05yvh4k8attw2,229,https://koios.tosidrop.me/api/v1/pool_updates,2026-05-19T23:10:03+00:00
a9a6552ff57baae1581274f44d480d9da5a29926c667b26c288746cb,pool14xn92tl40w4wzkqjwn6y6jqdnkj69xfxcenmympgsarvk6hkqkp,297,https://koios.tosidrop.me/api/v1/pool_updates,2026-05-19T23:10:03+00:00
a9ec394d519fdc192707868c28f8285af37fe83c0c9ad4541ac9820f,pool148krjn23nlwpjfc8s6xz37pgttehl6pupjddg4q6expq7s98xl6,330,https://koios.tosidrop.me/api/v1/pool_updates,2026-05-19T23:10:03+00:00
aa38a2335eccc34d349bf39ca6bdbe57951b20780439de5266930a32,pool14gu2yv67enp56dym7ww2d0d72723kgrcqsuau5nxjv9ryt004rt,236,https://koios.tosidrop.me/api/v1/pool_updates,2026-05-19T23:10:03+00:00
aa38a2335eccc34d349bf39ca6bdbe57951b20780439de5266930a32,pool14gu2yv67enp56dym7ww2d0d72723kgrcqsuau5nxjv9ryt004rt,242,https://koios.tosidrop.me/api/v1/pool_updates,2026-05-19T23:10:03+00:00
aa3bedaaecd10e5e564c29127da5475ca0ff1e558fe97a89013003e0,pool14ga7m2hv6y89u4jv9yf8mf28tjs078j43l5h4zgpxqp7q6ey4d6,227,https://koios.tosidrop.me/api/v1/pool_updates,2026-05-19T23:10:03+00:00
aa53d952746f522d5471c7b65c58d00f2de45408d33ad23bc369cdcc,pool14ffaj5n5dafz64r3c7m9ckxspuk7g4qg6vadyw7rd8xucggnx0s,267,https://koios.tosidrop.me/api/v1/pool_updates,2026-05-19T23:10:03+00:00
aa5bd21fb25c3424a95707a463bcc5f58d3352ac549ff9a4030f41f6,pool14fday8ajts6zf22hq7jx80x97kxnx54v2j0lnfqrpaqlvjr5s2x,365,https://koios.tosidrop.me/api/v1/pool_updates,2026-05-19T23:10:03+00:00
aa6870421a52ab642e016125d7925d4e068fdc96c6ab7ce27107fa54,pool14f58qss6224kgtspvyja0yjafcrglhykc64hecn3qla9gqv02z0,463,https://koios.tosidrop.me/api/v1/pool_updates,2026-05-19T23:10:03+00:00
aa76aebe72efe7f3a282bc7217fb9bd4c9cf9c1736ca1271ab66310a,pool14fm2a0njalnl8g5zh3ep07um6nyul8qhxm9pyudtvccs53acjkn,306,https://koios.tosidrop.me/api/v1/pool_updates,2026-05-19T23:10:03+00:00
aac98fcb644c8737260829f2da5593a2d63ab943453f8ce71bf2e588,pool14tycljmyfjrnwfsg98ed54vn5ttr4w2rg5lceecm7tjcs9n2kas,293,https://koios.tosidrop.me/api/v1/pool_updates,2026-05-19T23:10:03+00:00
ab16cf5bb9288e30772c1074d8b1e984b40c5e9d448877298f5ff4e2,pool14vtv7kae9z8rqaevzp6d3v0fsj6qch5agjy8w2v0tl6wyt9a7jx,266,https://koios.tosidrop.me/api/v1/pool_updates,2026-05-19T23:10:03+00:00
ab30718787e719f54a703a220ffffb3d794b2769b0e96795824cbe43,pool14vc8rpu8uuvl2jns8g3qlllm84u5kfmfkr5k09vzfjlyxe5mlfv,253,https://koios.tosidrop.me/api/v1/pool_updates,2026-05-19T23:10:03+00:00
ab4bbefe7338764924714f5013db5d7d77d666e94f4bbbd307a2a64a,pool14d9malnn8pmyjfr3fagp8k6a04mavehffa9mh5c852ny53krcfl,298,https://koios.tosidrop.me/api/v1/pool_updates,2026-05-19T23:10:03+00:00
ab6c68c86ed52d0324ea9c89bc4d2553c32d57336a8e8dddcd94acdc,pool14dkx3jrw65ksxf82njymcnf920pj64end28gmhwdjjkdcstfwqx,269,https://koios.tosidrop.me/api/v1/pool_updates,2026-05-19T23:10:03+00:00
ab76647cdc91c4e367afe0b3e9ccb8ffe2670672f468a4565de57576,pool14dmxglxuj8zwxea0uze7nn9cll3xwpnj7352g4jau46hvehqvtv,224,https://koios.tosidrop.me/api/v1/pool_updates,2026-05-19T23:10:03+00:00
ab93495659733e3a094d745be4f2d2e914db3dedeb25d500bf2bffcb,pool14wf5j4jewvlr5z2dw3d7fukjay2dk00davja2q9l90lukpt5t5j,274,https://koios.tosidrop.me/api/v1/pool_updates,2026-05-19T23:10:03+00:00
ab93ac9ffaabacb840a98bd7216e8bb9f87a33f88c315e7dc7f2d20b,pool14wf6e8l64wktss9f30tjzm5th8u85vlc3sc4ulw87tfqkhdl3x6,528,https://koios.tosidrop.me/api/v1/pool_updates,2026-05-19T23:10:03+00:00
aba2fe48bdad8138d3db8f30437ff7702e29f50492474532d4625baf,pool14w30uj9a4kqn357m3ucyxllhwqhznagyjfr52vk5vfd67vwmvcv,231,https://koios.tosidrop.me/api/v1/pool_updates,2026-05-19T23:10:03+00:00
aba9d859486f377801d24acfa05c7fdc5fabb083f75e115ece1c0539,pool14w5ask2gdumhsqwjft86qhrlm306hvyr7a0pzhkwrsznjsy6ar3,306,https://koios.tosidrop.me/api/v1/pool_updates,2026-05-19T23:10:03+00:00
abbe323fc25f39233bdfb603b878f268a61d71fbbdefcbed581c13e3,pool14wlry07ztuujxw7lkcpms78jdznp6u0mhhhuhm2crsf7xczldtx,297,https://koios.tosidrop.me/api/v1/pool_updates,2026-05-19T23:10:03+00:00
abe546dc77bb03d550aeee9db9804b3dfa7f2b60efae82ab876572a2,pool140j5dhrhhvpa259wa6wmnqzt8ha872mqa7hg92u8v4e2ym8t9hx,321,https://koios.tosidrop.me/api/v1/pool_updates,2026-05-19T23:10:03+00:00
abea730f5c32157c76c876597d0b7093d50754d0274d67c62d7434b9,pool14048xr6uxg2hcakgwevh6zmsj02sw4xsyaxk033dws6tjnaljup,328,https://koios.tosidrop.me/api/v1/pool_updates,2026-05-19T23:10:03+00:00
abee9bc6708d5c2960827bb1b345bca963877e382aaf01bc47b4e144,pool140hfh3ns34wzjcyz0wcmx3du493cwl3c92hsr0z8kns5gts09gf,293,https://koios.tosidrop.me/api/v1/pool_updates,2026-05-19T23:10:03+00:00
ac09a3bd1c3ea1cb81939996adbb37b89c205a2e4eb8989817daadbd,pool14sy680gu86suhqvnnxt2mwehhzwzqk3wf6uf3xqhm2km655vnz9,419,https://koios.tosidrop.me/api/v1/pool_updates,2026-05-19T23:10:03+00:00
ac163b0404b19e3edc4a364f39ff463b09915e106cc46b7a43b2c286,pool14strkpqykx0rahz2xe8nnl6x8vyezhssdnzxk7jrktpgvst3tp8,318,https://koios.tosidrop.me/api/v1/pool_updates,2026-05-19T23:10:03+00:00
ac4f8f6829367852f3efb3795d8b1db369896dd7f5ed115459e21743,pool1438c76pfxeu99ul0kdu4mzcakd5cjmwh7hk3z4zeugt5xshq06a,328,https://koios.tosidrop.me/api/v1/pool_updates,2026-05-19T23:10:03+00:00
ac7d87cd06dd1cd23b1afaf0ab383ebb27a1bddcd5b7498cf6fd13fe,pool1437c0ngxm5wdywc6ltc2kwp7hvn6r0wu6km5nr8kl5fluc6utun,460,https://koios.tosidrop.me/api/v1/pool_updates,2026-05-19T23:10:03+00:00
ac99699a62f0b612ed1b36f749ef741bd300603390dd983edc051d1e,pool14jvknxnz7zmp9mgmxmm5nmm5r0fsqcpnjrwes0kuq5w3uy3nxa4,227,https://koios.tosidrop.me/api/v1/pool_updates,2026-05-19T23:10:03+00:00
acd178d12de861da41ab60ce76121db33a9e3f302fd61070021eaf4d,pool14ngh35fdapsa5sdtvr88vysakvafu0es9ltpquqzr6h56r6dh0h,214,https://koios.tosidrop.me/api/v1/pool_updates,2026-05-19T23:10:03+00:00
acde3b8f1cb726dbecb202ec74da00d32c268fb55b51be473bb0c04f,pool14n0rhrcukundhm9jqtk8fksq6vkzdra4tdgmu3emkrqy7ume8sy,310,https://koios.tosidrop.me/api/v1/pool_updates,2026-05-19T23:10:03+00:00
ace6b013121b0af9bd944bafe54ac3e3ea36d92895f63a677cbc4e10,pool14nntqycjrv90n0v5fwh72jkru04rdkfgjhmr5emuh38pqwuuf57,271,https://koios.tosidrop.me/api/v1/pool_updates,2026-05-19T23:10:03+00:00
acf3dc4a4b6ed9939438bcfc7b723a6b05d2bf6bb1cacd7dae3c9745,pool14neacjjtdmve89pchn78ku36dvza90mtk89v6ldw8jt52f0vqnj,396,https://koios.tosidrop.me/api/v1/pool_updates,2026-05-19T23:10:03+00:00
acff1b97fad8a2be2e5ff68f52b231355e59ff51db62d3f49e70f736,pool14nl3h9l6mz3tutjl76849v33x409nl63md3d8ay7wrmnvujzrsk,239,https://koios.tosidrop.me/api/v1/pool_updates,2026-05-19T23:10:03+00:00
acffc99fc927cdbf37d851c8defc318d218c90f8a1cec1255cdc3ce9,pool14nlun87fylxm7d7c28ydalp335scey8c588vzf2ums7wj8xt80x,268,https://koios.tosidrop.me/api/v1/pool_updates,2026-05-19T23:10:03+00:00
ad195ff88418d3043805293fe1ac7a37632db65e89ddf72d875d8350,pool145v4l7yyrrfsgwq99yl7rtr6xa3jmdj738wlwtv8tkp4qgvvl9t,312,https://koios.tosidrop.me/api/v1/pool_updates,2026-05-19T23:10:03+00:00
ad1b6687f605b3543f9315a5f966ea70fc5f35e7b2a4c3a943bef78d,pool145dkdplkqke4g0unzkjljeh2wr797d08k2jv822rhmmc68xak38,534,https://koios.tosidrop.me/api/v1/pool_updates,2026-05-19T23:10:03+00:00
ad20497c11786fa78dcee2e7c327d10bd456751e583cb6564993fd3b,pool145syjlq30ph60rwwutnuxf73p029vag7tq7tv4jfj07nkh6spvs,287,https://koios.tosidrop.me/api/v1/pool_updates,2026-05-19T23:10:03+00:00
ad25bc90991d0190397dd6448ba5c6e3275d678db22f27544270fc53,pool145jmeyyer5qeqwta6ezghfwxuvn46eudkghjw4zzwr79xj3cxqc,266,https://koios.tosidrop.me/api/v1/pool_updates,2026-05-19T23:10:03+00:00
ad46d051c0eb09b8fad1f371d44d1e0d7f928d301e90bd4a4ed33a5a,pool144rdq5wqavym37k37dcagng7p4le9rfsr6gt6jjw6va95c3luxg,338,https://koios.tosidrop.me/api/v1/pool_updates,2026-05-19T23:10:03+00:00
ad828e6a13e6a378577ce98588f305dada6b1b6d33d3d442095b4167,pool14kpgu6snu63hs4muaxzc3uc9mtdxkxmdx0fagssftdqkwdelakj,258,https://koios.tosidrop.me/api/v1/pool_updates,2026-05-19T23:10:03+00:00
ad89fef719f94f9454de79af3cddfb728189de118f52cde6070a884f,pool14kylaacel98eg4x70xhneh0mw2qcnhs33afvmes8p2yy7m0wqzf,382,https://koios.tosidrop.me/api/v1/pool_updates,2026-05-19T23:10:03+00:00
ad91e2a62ca7c09606995819b26b65b70419b4ef7531fad403f9d61e,pool14kg79f3v5lqfvp5etqvmy6m9kuzpnd80w5cl44qrl8tpuk00quc,544,https://koios.tosidrop.me/api/v1/pool_updates,2026-05-19T23:10:03+00:00
ad979a54013e2d017df552e09b383b611376de2cc59bd2583f86a632,pool14kte54qp8ckszl042tsfkwpmvyfhdh3vckdaykpls6nryma209j,290,https://koios.tosidrop.me/api/v1/pool_updates,2026-05-19T23:10:03+00:00
adb8f11466290d1a8bef7c9665848cd66e45a7e74e5c25f586f0192e,pool14ku0z9rx9yx34zl00jtxtpyv6ehytfl8fewztavx7qvju7nrtr8,385,https://koios.tosidrop.me/api/v1/pool_updates,2026-05-19T23:10:03+00:00
adcaddd2bd92d5348d429fffbd601d9a80aaa630aadfbd6c67b6a314,pool14h9dm54ajt2nfr2znllm6cqan2q24f3s4t0m6mr8k633gz47mp2,230,https://koios.tosidrop.me/api/v1/pool_updates,2026-05-19T23:10:03+00:00
adcd7949c531c386d933badab62092c02746402412f1f9954518b212,pool14hxhjjw9x8pcdkfnhtdtvgyjcqn5vspyztcln929rzepyey245z,290,https://koios.tosidrop.me/api/v1/pool_updates,2026-05-19T23:10:03+00:00
adcdb0106a861d1aa45bf9eda29327a1ab61889934f9a8647fd31a89,pool14hxmqyr2scw34fzml8k69ye85x4krzyexnu6serl6vdgjs5zetn,292,https://koios.tosidrop.me/api/v1/pool_updates,2026-05-19T23:10:03+00:00
ae00a551bfbf804f2f188d1281d86521023fdab80848b96dacf65e87,pool14cq225dlh7qy7tcc35fgrkr9yyprlk4cppytjmdv7e0gwm4w9q6,237,https://koios.tosidrop.me/api/v1/pool_updates,2026-05-19T23:10:03+00:00
ae013a4b690ba35e8b996d2195469bfbfb8cc7ae82cb5c7347510ed5,pool14cqn5jmfpw34azued5se235ml0ace3awst94cu682y8d29ndlrr,442,https://koios.tosidrop.me/api/v1/pool_updates,2026-05-19T23:10:03+00:00
ae0caca13e7273a4c31a1f933efa129685c375e078fe8561275808fd,pool14cx2egf7wfe6fsc6r7fna7sjj6zuxa0q0rlg2cf8tqy06w0pej3,265,https://koios.tosidrop.me/api/v1/pool_updates,2026-05-19T23:10:03+00:00
ae179bd67c71180eb7ace4ba93808fa214f3935a6b7785d58ef8b839,pool14cteh4nuwyvqadavujaf8qy05g208y66ddmct4vwlzurj0zluet,581,https://koios.tosidrop.me/api/v1/pool_updates,2026-05-19T23:10:03+00:00
ae3e6e71df67208d6b2f315584ff91a133980e7caedf544b3c0e5060,pool14clxuuwlvusg66e0x92cflu35yeesrnu4m04gjeupegxq3f6h3h,327,https://koios.tosidrop.me/api/v1/pool_updates,2026-05-19T23:10:03+00:00
ae5cf2be136af30ced8c6daae7eaeb7870a70f662ad6d5c95200baa5,pool14ew090sndtesemvvdk4w06ht0pc2wrmx9ttdtj2jqza22r4s99v,284,https://koios.tosidrop.me/api/v1/pool_updates,2026-05-19T23:10:03+00:00
ae7015d54c634f922f800d9800529c3c5a007148ab9d792ac4ff33ae,pool14ecpt42vvd8eytuqpkvqq55u83dqqu2g4wwhj2kylue6utptm63,409,https://koios.tosidrop.me/api/v1/pool_updates,2026-05-19T23:10:03+00:00
ae7c8c856f4931215e3188941022ea65c433eb9c8923cace3c1c39ed,pool14e7gept0fycjzh333z2pqgh2vhzr86uu3y3u4n3ursu76qxzf5k,431,https://koios.tosidrop.me/api/v1/pool_updates,2026-05-19T23:10:03+00:00
ae7ffbecfcd99a2a18bab2e1c9d411b2028ded1f690e8cf5674dc451,pool14ellhm8umxdz5x96ktsun4q3kgpgmmgldy8geat8fhz9zj9d62q,266,https://koios.tosidrop.me/api/v1/pool_updates,2026-05-19T23:10:03+00:00
ae87267f69a2a3c7c2d11dac634cfcf4607cb74fd99de0d527e7344a,pool146rjvlmf523u0sk3rkkxxn8u73s8ed60mxw7p4f8uu6y5g4ma9u,304,https://koios.tosidrop.me/api/v1/pool_updates,2026-05-19T23:10:03+00:00
ae8dbaaa4ebfdba74618653a619d28d58232638ac83ccb5d66edee36,pool146xm42jwhld6w3scv5axr8fg6kprycu2eq7vkhtxahhrvm6p3jz,356,https://koios.tosidrop.me/api/v1/pool_updates,2026-05-19T23:10:03+00:00
ae8ee8f5676a3c3aadefd0ee7adb57ebbd39dd7126c8517e718dc4c1,pool1468w3at8dg7r4t006rh84k6haw7nnht3ymy9zln33hzvztpyjum,290,https://koios.tosidrop.me/api/v1/pool_updates,2026-05-19T23:10:03+00:00
ae8f552c7462014532d0de3013a96bcfd16d31c4a1df585a7b36a1f2,pool146842tr5vgq52vksmccp82ttelgk6vwy5804sknmx6slyrehm4y,606,https://koios.tosidrop.me/api/v1/pool_updates,2026-05-19T23:10:03+00:00
ae93356f027a4b30e3807307134a6589eaf90b99974be8f30f89ac06,pool146fn2mcz0f9npcuqwvr3xjn93840jzueja973uc03xkqvl2w36c,577,https://koios.tosidrop.me/api/v1/pool_updates,2026-05-19T23:10:03+00:00
ae96cb925985079c1108a412e810be1871d68cab6dffb6eddbac9adb,pool146tvhyjes5recygg5sfwsy97rpcadr9tdhlmdmwm4jddkd784p2,372,https://koios.tosidrop.me/api/v1/pool_updates,2026-05-19T23:10:03+00:00
aeb23a15364947b41dd04ba231312a5e7f6d32e51c40db568d4921a1,pool146er59fkf9rmg8wsfw3rzvf2telk6vh9r3qdk45dfys6z8uqucj,320,https://koios.tosidrop.me/api/v1/pool_updates,2026-05-19T23:10:03+00:00
aed2477a1b56db48312eb9dc98803b482e33e51fd37d23e6817051e6,pool14mfyw7sm2md5svfwh8wf3qpmfqhr8egl6d7j8e5pwpg7vf0crz5,433,https://koios.tosidrop.me/api/v1/pool_updates,2026-05-19T23:10:03+00:00
aed3a9d4edde3e8454eb3e68b196263cf0a4c2cdf3ffb687f8734106,pool14mf6n48dmclgg48t8e5tr93x8nc2fskd70lmdplcwdqsvkaaegh,403,https://koios.tosidrop.me/api/v1/pool_updates,2026-05-19T23:10:03+00:00
aee1cc55e9c498efa91a4942a698caae6d2f0199dffb108ad6ce827d,pool14msuc40fcjvwl2g6f9p2dxx24ekj7qvemla3pzkke6p86d4swzp,518,https://koios.tosidrop.me/api/v1/pool_updates,2026-05-19T23:10:03+00:00
aef7d56822ab0e73fc665fc5b529926e8f7a5da72da5e977a8d5a66f,pool14mma26pz4v888lrxtlzm22vjd68h5hd89kj7jaag6knx7x3k5ed,593,https://koios.tosidrop.me/api/v1/pool_updates,2026-05-19T23:10:03+00:00
aef87fc5dcec0386dc8d66ef09290c664633d61b48b39b0b8cd0e410,pool14mu8l3wuaspcdhydvmhsj2gvverr84smfzeekzuv6rjpqg89ysg,312,https://koios.tosidrop.me/api/v1/pool_updates,2026-05-19T23:10:03+00:00
af05b844017ef66e0f56c8c55446c6911afa3d5e3b9043ec0d88786d,pool14uzms3qp0mmxur6kerz4g3kxjyd050278wgy8mqd3pux6d4czfy,298,https://koios.tosidrop.me/api/v1/pool_updates,2026-05-19T23:10:03+00:00
af22f95915a19cd57adb14c558dcc4a175f60c6193dc23b8bd2d8beb,pool14u30jkg45xwd27kmznz43hxy596lvrrpj0wz8w9a9k97kmt4p2d,513,https://koios.tosidrop.me/api/v1/pool_updates,2026-05-19T23:10:03+00:00
af2647d743f0e307dde0276eb6dde1a498b71523972ae5e707f9dddb,pool14uny046r7r3s0h0qyahtdh0p5jvtw9frju4wtec8l8wakewxru4,332,https://koios.tosidrop.me/api/v1/pool_updates,2026-05-19T23:10:03+00:00
af2e271d9b6e1a0d65b3031e59d28eece6be70d2737edde0f8fa841d,pool14uhzw8vmdcdq6ednqv09n55wanntuuxjwdldmc8cl2zp6a6z2h0,442,https://koios.tosidrop.me/api/v1/pool_updates,2026-05-19T23:10:03+00:00
af45f11f3d01368445343a62055de8b51893239bc3eb496e3f2321ce,pool14azlz8eaqymgg3f58f3q2h0gk5vfxgumc045jm3lyvsuuugh5nd,320,https://koios.tosidrop.me/api/v1/pool_updates,2026-05-19T23:10:03+00:00
af476f91a6b7c605dd8e45d88e67fd74ab565a9865396b17db424443,pool14arklydxklrqthvwghvguelawj44vk5cv5ukk97mgfzyxj7l2v2,229,https://koios.tosidrop.me/api/v1/pool_updates,2026-05-19T23:10:03+00:00
af55538be1b01342af8b400d7f83844bfed9faf3e38fb5b9f6ff57c4,pool14a248zlpkqf59tutgqxhlquyf0ldn7hnuw8mtw0klatugzsrv6q,266,https://koios.tosidrop.me/api/v1/pool_updates,2026-05-19T23:10:03+00:00
af558dc506653bfba60911622b2d9b840ae6c819806d7512751f6e45,pool14a2cm3gxv5alhfsfz93zktvmss9wdjqespkh2yn4rahy2dayynz,288,https://koios.tosidrop.me/api/v1/pool_updates,2026-05-19T23:10:03+00:00
af61a91e660d04e35e852cb7595d937e825e8f26e8b124aaac0e7b2c,pool14as6j8nxp5zwxh599jm4jhvn06p9arexazcjf24vpeajcesxeja,279,https://koios.tosidrop.me/api/v1/pool_updates,2026-05-19T23:10:03+00:00
af6254651bde1e60fb9160d5f321010de5b2fa794e9b1a1163e592e0,pool14a39gegmmc0xp7u3vr2lxggpphjm97nef6d35ytrukfwqvavj8j,368,https://koios.tosidrop.me/api/v1/pool_updates,2026-05-19T23:10:03+00:00
af63c005e02a492a8b629f6a4b7eed80c6331e8bc357276cc158acbd,pool14a3uqp0q9fyj4zmzna4yklhdsrrrx85tcdtjwmxptzkt6epulj9,262,https://koios.tosidrop.me/api/v1/pool_updates,2026-05-19T23:10:03+00:00
af6d23bd22a89420993f6aa4e609b9fb30bc5a8ae758455a4c7fcaaa,pool14akj80fz4z2zpxfld2jwvzdelvctck52uavy2kjv0l925nmj37t,492,https://koios.tosidrop.me/api/v1/pool_updates,2026-05-19T23:10:03+00:00
af708c8531084ad908bc9bad58c8fc50ab5a1ac76bdc65252e59d776,pool14acgepf3pp9djz9unwk43j8u2z445xk8d0wx2ffwt8thv4nzna3,253,https://koios.tosidrop.me/api/v1/pool_updates,2026-05-19T23:10:03+00:00
af8a2a59a5eb535acc49d6dd2003f44b13bd34f3f4d6870e2afed768,pool1479z5kd9adf44nzf6mwjqql5fvfm6d8n7ntgwr32lmtkssvlc08,254,https://koios.tosidrop.me/api/v1/pool_updates,2026-05-19T23:10:03+00:00
af9519e909a139ab786282eb87e2bc903fa1ec8120e8cd0a3a506a47,pool14723n6gf5yu6k7rzst4c0c4ujql6rmypyr5v6z362p4ywq9ejw7,555,https://koios.tosidrop.me/api/v1/pool_updates,2026-05-19T23:10:03+00:00
afd458ac6ca85bbf719e0a7930461d711893edef07d3cedf33c4784e,pool14l293trv4pdm7uv7pfunq3sawyvf8m00qlfuahenc3uyujqnstf,300,https://koios.tosidrop.me/api/v1/pool_updates,2026-05-19T23:10:03+00:00
afedd2e9e514525b064fc11566b7812050fdb950cb337e16a5bbb188,pool14lka9609z3f9kpj0cy2kddupypg0mw2sevehu949hwccsrghrym,291,https://koios.tosidrop.me/api/v1/pool_updates,2026-05-19T23:10:03+00:00
afedd2e9e514525b064fc11566b7812050fdb950cb337e16a5bbb188,pool14lka9609z3f9kpj0cy2kddupypg0mw2sevehu949hwccsrghrym,305,https://koios.tosidrop.me/api/v1/pool_updates,2026-05-19T23:10:03+00:00
affe8e384a60c4a0e48a81edd60242d4d2b5b1c679c8d054c8415e9c,pool14llguwz2vrz2pey2s8kavqjz6nfttvwx08ydq4xgg90fcncn80x,252,https://koios.tosidrop.me/api/v1/pool_updates,2026-05-19T23:10:03+00:00
b0098c8dff4f965456ab04cb56fc6119b3f72ad239e473f5ea7664bb,pool1kqycer0lf7t9g44tqn94dlrprxelw2kj88j88a02wejtkcnsse8,268,https://koios.tosidrop.me/api/v1/pool_updates,2026-05-19T23:10:03+00:00
b00b421fbc620f0a2fdcf3243265d253b2e30c40da2c172dc5ab4640,pool1kq95y8auvg8s5t7u7vjryewj2wewxrzqmgkpwtw94dryqx0xcwt,313,https://koios.tosidrop.me/api/v1/pool_updates,2026-05-19T23:10:03+00:00
b00b6041e5a94a83c59f9d9dc812b490dc764d352640f5c5f27619c0,pool1kq9kqs09499g83vlnkwusy45jrw8vnf4yeq0t30jwcvuqgd8zlg,304,https://koios.tosidrop.me/api/v1/pool_updates,2026-05-19T23:10:03+00:00
b0118c3976bbbc1786c7d30bce97a8880b60d88b707698c87c07fa0d,pool1kqgccwtkhw7p0pk86v9ua9ag3q9kpkytwpmf3jruqlaq62pwwc9,246,https://koios.tosidrop.me/api/v1/pool_updates,2026-05-19T23:10:03+00:00
b0177cce6ee730afaafa010bc3c8589bfb6bd13087174f8d5ed14d2e,pool1kqthennwuuc2l2h6qy9u8jzcn0akh5fssut5lr2769xjuj2m5zl,240,https://koios.tosidrop.me/api/v1/pool_updates,2026-05-19T23:10:03+00:00
b021458a1b40e5607bb9824e3123b654c27d549ad020853e22212974,pool1kqs5tzsmgrjkq7aesf8rzgak2np864y66qsg203zyy5hgerxnlz,382,https://koios.tosidrop.me/api/v1/pool_updates,2026-05-19T23:10:03+00:00
b0276cf0fc21911767fb658ae3beba6a0e685400f7a1e7fe4350a194,pool1kqnkeu8uyxg3welmvk9w8046dg8xs4qq77s70ljr2zsegw8lwr8,311,https://koios.tosidrop.me/api/v1/pool_updates,2026-05-19T23:10:03+00:00
b02fdaea2b7684a68a25eeaadd9f6135a8b83560b2e25be43c3b3d65,pool1kqha463tw6z2dz39a64dm8mpxk5tsdtqkt39hepu8v7k2tc83pu,231,https://koios.tosidrop.me/api/v1/pool_updates,2026-05-19T23:10:03+00:00
b045db78a969ebb64d6d39c67271e6c6955b27bd6d889fcd810b0d1d,pool1kpzak79fd84mvntd88r8yu0xc624kfaadkyflnvppvx367pympx,243,https://koios.tosidrop.me/api/v1/pool_updates,2026-05-19T23:10:03+00:00
b046bd7ea0e09f16dc063c9ca5402d930346da176ce74d799fc98169,pool1kprt6l4quz03dhqx8jw22spdjvp5dkshdnn567vlexqkj35hd8a,278,https://koios.tosidrop.me/api/v1/pool_updates,2026-05-19T23:10:03+00:00
b07dde7ad2e458a89177d4e10cd657309d9e36a79ef1edebb60b414f,pool1kp7au7kju3v23yth6nsse4jhxzweud48nmc7m6akpdq57ztq4zv,434,https://koios.tosidrop.me/api/v1/pool_updates,2026-05-19T23:10:03+00:00
b089cb27ac330b068e13d9b1765ca09a225e1344478eb68216ef365b,pool1kzyukfavxv9sdrsnmxchvh9qng39uy6yg78tdqskaum9khnrvj7,324,https://koios.tosidrop.me/api/v1/pool_updates,2026-05-19T23:10:03+00:00
b08d1c694c26cccf2070016bbab50aa984d9cd1d9747aba587432f0e,pool1kzx3c62vymxv7grsq94m4dg24xzdnngajar6hfv8gvhsuzljygj,341,https://koios.tosidrop.me/api/v1/pool_updates,2026-05-19T23:10:03+00:00
b0ebd955975ab209ab68f2c42ec096ccba4b81e8aae3084e352f2ad4,pool1kr4aj4vht2eqn2mg7tzzasykejayhq0g4t3ssn349u4dgcwklfk,267,https://koios.tosidrop.me/api/v1/pool_updates,2026-05-19T23:10:03+00:00
b0f8614cdd0207ddfff8c571481b7a77e132f79dbd746275d6cdbd5e,pool1kruxznxaqgramllcc4c5sxm6wlsn9auah46xyawkek74u8aurxd,501,https://koios.tosidrop.me/api/v1/pool_updates,2026-05-19T23:10:03+00:00
b1165c49cb0be093e59cac27e1f379e04be6c29cfc6ce1289b7bd1d9,pool1kyt9cjwtp0sf8evu4sn7rumeup97ds5ul3kwz2ym00gajqvg4r9,471,https://koios.tosidrop.me/api/v1/pool_updates,2026-05-19T23:10:03+00:00
b1327b613ed320224efa02726a6c32fedc54cfd60dd190b2eb79db87,pool1kye8kcf76vszynh6qfex5mpjlmw9fn7kphgepvht08dcwgzf9a0,225,https://koios.tosidrop.me/api/v1/pool_updates,2026-05-19T23:10:03+00:00
b148b7a416a605becb126026ec69c5b5078c55e6c96c07d3b06d6385,pool1k9yt0fqk5czmajcjvqnwc6w9k5rcc40xe9kq05asd43c2xsw58f,209,https://koios.tosidrop.me/api/v1/pool_updates,2026-05-19T23:10:03+00:00
b148b7a416a605becb126026ec69c5b5078c55e6c96c07d3b06d6385,pool1k9yt0fqk5czmajcjvqnwc6w9k5rcc40xe9kq05asd43c2xsw58f,224,https://koios.tosidrop.me/api/v1/pool_updates,2026-05-19T23:10:03+00:00
b14a49e33d3ac050a73684484d925a4ba49af4267c2a57c9e5dd49ad,pool1k99yncea8tq9pfeks3yymyj6fwjf4apx0s490j09m4y66vtyufr,329,https://koios.tosidrop.me/api/v1/pool_updates,2026-05-19T23:10:03+00:00
b15c5e68639d53e516ee86b0375eb6c16506c80fc9c0f4eab20bd822,pool1k9w9u6rrn4f729hws6crwh4kc9jsdjq0e8q0f64jp0vzyallw02,309,https://koios.tosidrop.me/api/v1/pool_updates,2026-05-19T23:10:03+00:00
b1726ccaa811f77ac9090fa6be1eef60d165bedc9cd2f1a0ca63246d,pool1k9exej4gz8mh4jgfp7ntu8h0vrgkt0kunnf0rgx2vvjx6uht0pv,311,https://koios.tosidrop.me/api/v1/pool_updates,2026-05-19T23:10:03+00:00
b17b6944efb9bf76541686d6e6a53d1f51a23e80c6999bb45df900e2,pool1k9akj380hxlhv4qksmtwdffarag6y05qc6vehdzalyqwyw3388v,289,https://koios.tosidrop.me/api/v1/pool_updates,2026-05-19T23:10:03+00:00
b1a0382f50b717c84ed3478328ef9872561d1f4e158065dd1f7344f6,pool1kxsrst6skutusnkng7pj3mucwftp686wzkqxthglwdz0v8s6teg,528,https://koios.tosidrop.me/api/v1/pool_updates,2026-05-19T23:10:03+00:00
b1f9e39b8bc6acc4a93e0ef3ecaa0f38d4e5972cb657974b25316c9d,pool1k8u78xutc6kvf2f7pme7e2s08r2wt9evketewje9x9kf6c2mp8w,216,https://koios.tosidrop.me/api/v1/pool_updates,2026-05-19T23:10:03+00:00
b20e9049d0e4e0478ecfa0665ae92270f1b7b6056dd7ff81c2660ea5,pool1kg8fqjwsunsy0rk05pn946fzwrcm0ds9dhtllqwzvc822l6utk0,367,https://koios.tosidrop.me/api/v1/pool_updates,2026-05-19T23:10:03+00:00
b21ddee9370f41c3b2b71da34f8a57943ba59034a777b80aed503c2b,pool1kgwaa6fhpaqu8v4hrk35lzjhjsa6typ55ammszhd2q7zkxv5v40,580,https://koios.tosidrop.me/api/v1/pool_updates,2026-05-19T23:10:03+00:00
b23c293b23a71349d72169c804d5b18eb76a6633c33c47cb90d73a7e,pool1kg7zjwer5uf5n4epd8yqf4d336mk5e3ncv7y0jus6ua8uqkc9y0,230,https://koios.tosidrop.me/api/v1/pool_updates,2026-05-19T23:10:03+00:00
b24a98ceb53bc68e8ca0dcd078f97aa714186c0d5344fa5e0c607d23,pool1kf9f3n4480rgar9qmng837t65u2psmqd2dz05hsvvp7jx9zeqpw,331,https://koios.tosidrop.me/api/v1/pool_updates,2026-05-19T23:10:03+00:00
b253e36605e45bd5151776eed3bfd5594feaef326824c24850cf1e68,pool1kff7xes9u3da29ghwmhd8074t9874mejdqjvyjzseu0xs396p2m,375,https://koios.tosidrop.me/api/v1/pool_updates,2026-05-19T23:10:03+00:00
b2753f0f7c707063180d579d013e81b04086a33d2d6c9b798e2ce505,pool1kf6n7rmuwpcxxxqd27wsz05pkpqgdgea94kfk7vw9njs2nhccmw,470,https://koios.tosidrop.me/api/v1/pool_updates,2026-05-19T23:10:03+00:00
b2aaf3468062ed6d5737e78c598eab8f96b16e0d47452b4b2191fa12,pool1k240x35qvtkk64ehu7x9nr4t37ttzmsdgazjkjepj8apy22p62z,273,https://koios.tosidrop.me/api/v1/pool_updates,2026-05-19T23:10:03+00:00
b2d6d914e6fc20b856c271190e48afa262f03cba0ac588660a16554c,pool1kttdj98xlssts4kzwyvsuj905f30q096ptzcses2ze25ca9uerx,576,https://koios.tosidrop.me/api/v1/pool_updates,2026-05-19T23:10:03+00:00
b2e49e92969ce4adf9773fec35892fd6fff4160530240dba12fd8975,pool1ktjfay5knnj2m7th8lkrtzf06mllg9s9xqjqmwsjlkyh2uuctjq,275,https://koios.tosidrop.me/api/v1/pool_updates,2026-05-19T23:10:03+00:00
b2f76c575364e9baf0cb2d65b88405217661117696252b5b473f9739,pool1ktmkc46nvn5m4uxt94jm3pq9y9mxzytkjcjjkk6887tnjf7atqy,249,https://koios.tosidrop.me/api/v1/pool_updates,2026-05-19T23:10:03+00:00
b3340687ad134eb5a7c6d3f83b9d8c8da8c52ef5e421a808212b6986,pool1kv6qdpadzd8ttf7x60urh8vv3k5v2th4uss6szpp9d5cv7ylf6p,230,https://koios.tosidrop.me/api/v1/pool_updates,2026-05-19T23:10:03+00:00
b346ab476674452abe9b30d22f90b4d980bca076a34e2718afa87e66,pool1kdr2k3mxw3zj405mxrfzly95mxqtegrk5d8zwx904plxvvk856z,220,https://koios.tosidrop.me/api/v1/pool_updates,2026-05-19T23:10:03+00:00
b352315bd54d61dfcd8fd78a2aa4f3e0cc8ef342b9495465b0b0b2ce,pool1kdfrzk74f4salnv0679z4f8nurxgau6zh9y4gedskzevuxdt8xe,426,https://koios.tosidrop.me/api/v1/pool_updates,2026-05-19T23:10:03+00:00
b365a806e3afef241334ac34a1ef6df62c94634656e0379efa1c8528,pool1kdj6sphr4lhjgye54s62rmmd7ckfgc6x2msr08h6rjzjsfcylsc,259,https://koios.tosidrop.me/api/v1/pool_updates,2026-05-19T23:10:03+00:00
b3a1107d7d175be562a37aca06aa103e858c885b03eb3b18f941e85d,pool1kws3qltazad72c4r0t9qd2ss86zcezzmq04nkx8eg85960ld5t4,287,https://koios.tosidrop.me/api/v1/pool_updates,2026-05-19T23:10:03+00:00
b3a4abea31bd646040b2769f76db5c53e7d5a7c34f0cf8075437e856,pool1kwj2h633h4jxqs9jw60hdk6u20natf7rfux0sp65xl59vh5tytl,259,https://koios.tosidrop.me/api/v1/pool_updates,2026-05-19T23:10:03+00:00
b3b14724b5f9232efd01ac60cb061d0313589406a4c31592a079d82f,pool1kwc5wf94ly3jalgp43svkpsaqvf439qx5np3ty4q08vz7syv6kp,340,https://koios.tosidrop.me/api/v1/pool_updates,2026-05-19T23:10:03+00:00
b3d3caa7357a2ef2d99bfb93067b53514afdedbaea540ff1837f91c0,pool1k0fu4fe40gh09kvmlwfsv76n2990mmd6af2qluvr07guqtstmsj,258,https://koios.tosidrop.me/api/v1/pool_updates,2026-05-19T23:10:03+00:00
b3e0db9b931d82cd340dbde7175b9f39166bc2cb2e46e2d6fad1b35d,pool1k0sdhxunrkpv6dqdhhn3wkul8ytxhskt9erw94h66xe46nsqp0c,622,https://koios.tosidrop.me/api/v1/pool_updates,2026-05-19T23:10:03+00:00
b3e7250c85f194badef1c6e473fa15c70c7411c8c69018c35b017e1d,pool1k0nj2ry97x2t4hh3cmj887s4cux8gywgc6gp3s6mq9lp6m2e9w6,254,https://koios.tosidrop.me/api/v1/pool_updates,2026-05-19T23:10:03+00:00
b405a62715301a625c2fd5eb3f5b16be9f1f3f0452f5b8b9286997c4,pool1ksz6vfc4xqdxyhp06h4n7kckh60370cy2t6m3wfgdxtug7ph4x0,599,https://koios.tosidrop.me/api/v1/pool_updates,2026-05-19T23:10:03+00:00
b4099d09df1748b807ed9a3112eb5d978a2b499bb12c46f14b3749ea,pool1ksye6zwlzaytspldngc3966aj79zkjvmkykydu2txay75c0krfp,586,https://koios.tosidrop.me/api/v1/pool_updates,2026-05-19T23:10:03+00:00
b4099d09df1748b807ed9a3112eb5d978a2b499bb12c46f14b3749ea,pool1ksye6zwlzaytspldngc3966aj79zkjvmkykydu2txay75c0krfp,599,https://koios.tosidrop.me/api/v1/pool_updates,2026-05-19T23:10:03+00:00
b410add58eeca267f5df5387ac716ccc93eac4c6189f0e79c1dfcc7d,pool1ksg2m4vwaj3x0awl2wr6cutvejf743xxrz0su7wpmlx86a2eacl,304,https://koios.tosidrop.me/api/v1/pool_updates,2026-05-19T23:10:03+00:00
b41db3f69d7d30dd5600f6766e0fb4ba56969faf96ef3bbff1bfe08e,pool1kswm8a5a05cd64sq7emxura5hftfd8a0jmhnh0l3hlsguwhamgq,463,https://koios.tosidrop.me/api/v1/pool_updates,2026-05-19T23:10:03+00:00
b43a281762c70838ed2363aa76e28eb2212c644bed89bdb3d209bf9f,pool1ksazs9mzcuyr3mfrvw48dc5wkgsjceztakymmv7jpxle7l2nfs0,525,https://koios.tosidrop.me/api/v1/pool_updates,2026-05-19T23:10:03+00:00
b441428713e2077dfc71f59a3ba78fad02ec1b7c1f767ecbcc52a8e3,pool1k3q59pcnugrhmlr37kdrhfu045pwcxmuram8aj7v225wxj4r3t6,292,https://koios.tosidrop.me/api/v1/pool_updates,2026-05-19T23:10:03+00:00
b441428713e2077dfc71f59a3ba78fad02ec1b7c1f767ecbcc52a8e3,pool1k3q59pcnugrhmlr37kdrhfu045pwcxmuram8aj7v225wxj4r3t6,297,https://koios.tosidrop.me/api/v1/pool_updates,2026-05-19T23:10:03+00:00
b44181287c72d0c7b1bce6a57173cdf739ac77d030bdfc4606138dd2,pool1k3qcz2ruwtgv0vduu6jhzu7d7uu6ca7sxz7lc3sxzwxay98k842,580,https://koios.tosidrop.me/api/v1/pool_updates,2026-05-19T23:10:03+00:00
b4612c2a040b16344f3e463dbfa1940a78a0cea26fc962157630b78b,pool1k3sjc2sypvtrgne7gc7mlgv5pfu2pn4zdlyky9tkxzmckcp9mxr,314,https://koios.tosidrop.me/api/v1/pool_updates,2026-05-19T23:10:03+00:00
b4b13182eca340d8454021c10c1d298388a7d9cc4bea9f456d8cf991,pool1kjcnrqhv5dqds32qy8qsc8ffswy20kwvf04f73td3nuezvgl9nn,488,https://koios.tosidrop.me/api/v1/pool_updates,2026-05-19T23:10:03+00:00
b4bc1f2d205f63e919edd33ad09f80792b2ffb894a3d3b4afd8602fe,pool1kj7p7tfqta37jx0d6vadp8uq0y4jl7uffg7nkjhascp0uu8yxj0,258,https://koios.tosidrop.me/api/v1/pool_updates,2026-05-19T23:10:03+00:00
b4d24fe897dbdfb7f4fdfb5bb1b9791d495b83cb1a698d9267f869a3,pool1knfyl6yhm00m0a8alddmrwter4y4hq7trf5cmyn8lp56x927l5r,409,https://koios.tosidrop.me/api/v1/pool_updates,2026-05-19T23:10:03+00:00
b4d6dda7b03daed310d546a261b7fac6b6fa9796e0b6438ee7c1a837,pool1kntdmfas8khdxyx4g63xrdl6c6m049ukuzmy8rh8cx5rwjes8zg,214,https://koios.tosidrop.me/api/v1/pool_updates,2026-05-19T23:10:03+00:00
b4e2e3f50a7c874d1e9fe5900f7017d14cf2fd1ac3957eb8e6e9e83d,pool1kn3w8ag20jr5685lukgq7uqh69x09lg6cw2haw8xa85r6l7mga9,531,https://koios.tosidrop.me/api/v1/pool_updates,2026-05-19T23:10:03+00:00
b4e403540bc4aec00e7b44224c612c97f594fe8c1e11917276581903,pool1knjqx4qtcjhvqrnmgs3yccfvjl6efl5vrcgezunktqvsx5tjrcq,459,https://koios.tosidrop.me/api/v1/pool_updates,2026-05-19T23:10:03+00:00
b4e4e97099d2c00f425ecf1837095863b9b0d8b9d5ccd5be81372f9c,pool1knjwjuye6tqq7sj7euvrwz2cvwumpk9e6hxdt05pxuhecnaj3tz,295,https://koios.tosidrop.me/api/v1/pool_updates,2026-05-19T23:10:03+00:00
b4e4e97099d2c00f425ecf1837095863b9b0d8b9d5ccd5be81372f9c,pool1knjwjuye6tqq7sj7euvrwz2cvwumpk9e6hxdt05pxuhecnaj3tz,351,https://koios.tosidrop.me/api/v1/pool_updates,2026-05-19T23:10:03+00:00
b4f0bba1b4481c76fae113cee9ec2d05df939e1458d1f2f83dfde089,pool1kncthgd5fqw8d7hpz08wnmpdqh0e88s5trgl97palhsgj5h3xen,309,https://koios.tosidrop.me/api/v1/pool_updates,2026-05-19T23:10:03+00:00
b513c299f0657d07742e284911d449a296c0efde9ccccce7d4ef5cfb,pool1k5fu9x0sv47swapw9py3r4zf52tvpm77nnxvee75aaw0kew00t5,218,https://koios.tosidrop.me/api/v1/pool_updates,2026-05-19T23:10:03+00:00
b52214d5c29ab51c3cf98b87142d736a738d9535e0b3646178316be6,pool1k53pf4wzn263c08e3wr3gttndfecm9f4uzekgctcx947vt7fh2p,556,https://koios.tosidrop.me/api/v1/pool_updates,2026-05-19T23:10:03+00:00
b52fc35c492bbb43873db2e1bcc43126eb8f539ca338dc5a79dc8127,pool1k5huxhzf9wa58peaktsme3p3ym4c75uu5vudcknemjqjw8d5fj5,278,https://koios.tosidrop.me/api/v1/pool_updates,2026-05-19T23:10:03+00:00
b550e5bec610442d3e79cb45004013452412a7fb761a6bc2a1931036,pool1k4gwt0kxzpzz60needzsqsqng5jp9flmwcdxhs4pjvgrv6m400y,289,https://koios.tosidrop.me/api/v1/pool_updates,2026-05-19T23:10:03+00:00
b5731f326f7f20f7a6d48563d0e179f124c593e6bbee9914806314be,pool1k4e37vn00us00fk5s43apcte7yjvtylxh0hfj9yqvv2tu7c9uxt,220,https://koios.tosidrop.me/api/v1/pool_updates,2026-05-19T23:10:03+00:00
b573268bf369e3f3a4e6dd16fdd78ca01eb164c1daa29d611ef885d2,pool1k4ejdzlnd83l8f8xm5t0m4uv5q0tzexpm23f6cg7lzzayrquzqw,526,https://koios.tosidrop.me/api/v1/pool_updates,2026-05-19T23:10:03+00:00
b57475ec29303269b889893d98c088f90c2df00846e5b8e31541230b,pool1k468tmpfxqexnwyf3y7e3syglyxzmuqggmjm3cc4gy3skmm557a,591,https://koios.tosidrop.me/api/v1/pool_updates,2026-05-19T23:10:03+00:00
b59bf139701b8cdae5c997225f438db7603ef1d9fd9a1f62dc5821eb,pool1kkdlzwtsrwxd4ewfju397sudkasrauwelkdp7ckutqs7khlg8k0,442,https://koios.tosidrop.me/api/v1/pool_updates,2026-05-19T23:10:03+00:00
b5a7aabeb2f03df2243ab973c5dfccb7317929603e9c7d95a60eb45f,pool1kkn6404j7q7lyfp6h9euth7vkuchj2tq86w8m9dxp6697xj3k4v,260,https://koios.tosidrop.me/api/v1/pool_updates,2026-05-19T23:10:03+00:00
b5d030e4abece7e239210b1af14eba911af89013ee7a53de77072797,pool1khgrpe9tann7ywfppvd0zn46jyd03yqnaea98hnhqunewechx5u,364,https://koios.tosidrop.me/api/v1/pool_updates,2026-05-19T23:10:03+00:00
b5dccd872177e7e7a4a4027123d0fbe369ef2d1491c68a50bb55aa51,pool1khwvmpepwln70f9yqfcj858mud577tg5j8rg559m2k49z7xj5lg,291,https://koios.tosidrop.me/api/v1/pool_updates,2026-05-19T23:10:03+00:00
b5df8e46ddd27cb70d854f54a41089cd3a7b40eb5ed829236d2ee756,pool1kh0cu3ka6f7twrv9fa22gyyfe5a8ks8ttmvzjgmd9mn4vd2t5ef,216,https://koios.tosidrop.me/api/v1/pool_updates,2026-05-19T23:10:03+00:00
b5edcd3af4dde2608dae8e060265fb13857b47061315c9cf90ebf0f8,pool1khku6wh5mh3xprdw3crqye0mzwzhk3cxzv2unnusa0c0sjqac2g,296,https://koios.tosidrop.me/api/v1/pool_updates,2026-05-19T23:10:03+00:00
b5f6d4fba980d117c6de96c2d01ab7a9e5b4ad60e05b76b065b422ef,pool1khmdf7afsrg303k7jmpdqx4h48jmfttqupdhdvr9ks3w7cwsmh0,421,https://koios.tosidrop.me/api/v1/pool_updates,2026-05-19T23:10:03+00:00
b6139d65814eef41deaf22fb100c7c6c085a6a18e393ff390b83c455,pool1kcfe6evpfmh5rh40yta3qrrudsy956scuwfl7wgts0z926z6kuw,577,https://koios.tosidrop.me/api/v1/pool_updates,2026-05-19T23:10:03+00:00
b61d46c8e39f2d10b1b4527d3cb4297341d5cd075028496b28f23474,pool1kcw5dj8rnuk3pvd52f7nedpfwdqatng82q5yj6eg7g68gt2r79h,337,https://koios.tosidrop.me/api/v1/pool_updates,2026-05-19T23:10:03+00:00
b61f05ec1e907ab9b069eaec6c664056c16f56cab59076109c66d2ae,pool1kc0stmq7jpatnvrfatkxcejq2mqk74k2kkg8vyyuvmf2uk5gmyt,453,https://koios.tosidrop.me/api/v1/pool_updates,2026-05-19T23:10:03+00:00
b62772f5982c919ff658977c4d3a0c937bcfd8127aba2c405266e217,pool1kcnh9avc9jgelajcja7y6wsvjdaulkqj02azcszjvm3pwmksr0l,548,https://koios.tosidrop.me/api/v1/pool_updates,2026-05-19T23:10:03+00:00
b62d1be50110f05d414531f289ea5b1f64d1b21f07da4fbcb09af8a8,pool1kck3hegpzrc96s29x8egn6jmrajdrvslqldyl09sntu2sw4urst,346,https://koios.tosidrop.me/api/v1/pool_updates,2026-05-19T23:10:03+00:00
b62ecc8ce7e46c4443b63b91fffaeb19f869d191a7d2381087aaa768,pool1kchver88u3kygsak8wgll7htr8uxn5v35lfrsyy842nkscrzyvj,592,https://koios.tosidrop.me/api/v1/pool_updates,2026-05-19T23:10:03+00:00
b63e941d17e0a01f48d63581ec95f07ea69eb488ef89c93e10018ec3,pool1kclfg8ghuzsp7jxkxkq7e90s06nfadyga7yuj0ssqx8vxd3htpg,281,https://koios.tosidrop.me/api/v1/pool_updates,2026-05-19T23:10:03+00:00
b6446922df11a2249e242b850eea39876494744f7125227515aff625,pool1kezxjgklzx3zf83y9wzsa63esajfgaz0wyjjyag44lmz22ptvks,457,https://koios.tosidrop.me/api/v1/pool_updates,2026-05-19T23:10:03+00:00
b64d4c9e28143cc3d452beae1e23fdefc73a800d312d9874310799e2,pool1kex5e83gzs7v84zjh6hpuglaalrn4qqdxykesap3q7v7y8rn22d,413,https://koios.tosidrop.me/api/v1/pool_updates,2026-05-19T23:10:03+00:00
b67c9ee5ad83a29998f97da64b0d1250c643f12646a47ad71e8bb154,pool1ke7faeddsw3fnx8e0knykrgj2rry8ufxg6j844c73wc4gw4rcet,397,https://koios.tosidrop.me/api/v1/pool_updates,2026-05-19T23:10:03+00:00
b684dbad975a48346edb835ffd9842ce6f5d49b1f12cb863a608c856,pool1k6zdhtvhtfyrgmkmsd0lmxzzeeh46jd37yktscaxpry9vwaxq9x,438,https://koios.tosidrop.me/api/v1/pool_updates,2026-05-19T23:10:03+00:00
b68794400ebe5cbb8607f813ba9d4d4c23765e0c9b8698dde762daed,pool1k6regsqwhewthps8lqfm482dfs3hvhsvnwrf3h08vtdw6knr82r,256,https://koios.tosidrop.me/api/v1/pool_updates,2026-05-19T23:10:03+00:00
b6a28171a69e2ec9ca987af5053383070f6c9ebc0fc7e9e7769883f5,pool1k63gzudxnchvnj5c0t6s2vurqu8ke84uplr7nemknzpl2w37vn3,345,https://koios.tosidrop.me/api/v1/pool_updates,2026-05-19T23:10:03+00:00
b6a57cb78218fb7062335c6eb082e1bcf3eafd4aaa715a1002025059,pool1k6jheduzrrahqc3nt3htpqhphne74l224fc45yqzqfg9j2j2qqc,416,https://koios.tosidrop.me/api/v1/pool_updates,2026-05-19T23:10:03+00:00
b6b2440e09ef6c4115aa2dd3ef89575ad20d31f4acc3a83a35884da1,pool1k6eygrsfaakyz9d29hf7lz2httfq6v054np6sw343px6z3j9lgg,316,https://koios.tosidrop.me/api/v1/pool_updates,2026-05-19T23:10:03+00:00
b6e0f97cbc1aa2009d3cf5d989ccc5253a09439ca97089b6e8b3debc,pool1kms0jl9ur23qp8fu7hvcnnx9y5aqjsuu49cgndhgk00tcpr0zd7,330,https://koios.tosidrop.me/api/v1/pool_updates,2026-05-19T23:10:03+00:00
b6e0f97cbc1aa2009d3cf5d989ccc5253a09439ca97089b6e8b3debc,pool1kms0jl9ur23qp8fu7hvcnnx9y5aqjsuu49cgndhgk00tcpr0zd7,334,https://koios.tosidrop.me/api/v1/pool_updates,2026-05-19T23:10:03+00:00
b6f665ef4d02abc5ce551f3565ada97d870d603c724ba791c7975a6b,pool1kmmxtm6dq24utnj4ru6kttdf0krs6cpuwf960yw8jadxknt783a,402,https://koios.tosidrop.me/api/v1/pool_updates,2026-05-19T23:10:03+00:00
b6fbcb2bcbaff08708fc5201f6b33c1fab03cc525aab7eb62fa71185,pool1kmauk27t4lcgwz8u2gqldveur74s8nzjt24had305ugc2uy8d4j,291,https://koios.tosidrop.me/api/v1/pool_updates,2026-05-19T23:10:03+00:00
b71410e0d4123b029ee91fd5132fb63f14e946f0246e8f9ae8298350,pool1ku2ppcx5zgas98hfrl23xtak8u2wj3hsy3hglxhg9xp4qck5awm,275,https://koios.tosidrop.me/api/v1/pool_updates,2026-05-19T23:10:03+00:00
b716d66f71d33519b46ba97416cb54768c2892ccb22b505b19618a5d,pool1kutdvmm36v63ndrt496pdj65w6xz3ykvkg44qkcevx996c9ykvz,369,https://koios.tosidrop.me/api/v1/pool_updates,2026-05-19T23:10:03+00:00
b72002db9e0177f2bad26724401110f9dff7e046799aeb20c9786aff,pool1kusq9ku7q9ml9wkjvujyqygsl80l0czx0xdwkgxf0p4074ls4wp,362,https://koios.tosidrop.me/api/v1/pool_updates,2026-05-19T23:10:03+00:00
b72c3ea7765ee9548b2208a1528559f328bec0f012169f341a331d1f,pool1kukrafmktm54fzezpzs49p2e7v5tas8szgtf7dq6xvw37srmutj,266,https://koios.tosidrop.me/api/v1/pool_updates,2026-05-19T23:10:03+00:00
b7564f7fef9efb021895e1eb7c01ab6029cfd4d4bdce259d08fc9afc,pool1katy7ll0nmasyxy4u84hcqdtvq5ul4x5hh8zt8ggljd0cy6qf75,327,https://koios.tosidrop.me/api/v1/pool_updates,2026-05-19T23:10:03+00:00
b75a65868d3fd3583e423833381d104c02bedd3a83c9392d92e421b1,pool1kadxtp5d8lf4s0jz8qens8gsfsptahf6s0ynjtvjussmzvzzk8a,558,https://koios.tosidrop.me/api/v1/pool_updates,2026-05-19T23:10:03+00:00
b77e7341ce9cabe8a1cced4734c2fea741fb0e28f3ca600cf9658177,pool1kal8xswwnj473gwva4rnfsh75aqlkr3g709xqr8evkqhw8j7msu,253,https://koios.tosidrop.me/api/v1/pool_updates,2026-05-19T23:10:03+00:00
b78370db9b018cc62683468af3229c53260ddd5025beffbef113f455,pool1k7phpkumqxxvvf5rg690xg5u2vnqmh2sykl0l0h3z0692lzx3hq,305,https://koios.tosidrop.me/api/v1/pool_updates,2026-05-19T23:10:03+00:00
b78370db9b018cc62683468af3229c53260ddd5025beffbef113f455,pool1k7phpkumqxxvvf5rg690xg5u2vnqmh2sykl0l0h3z0692lzx3hq,310,https://koios.tosidrop.me/api/v1/pool_updates,2026-05-19T23:10:03+00:00
b790c017d56d28406215468c4355c4525bf497c14a5c8cc249020234,pool1k7gvq974d55yqcs4g6xyx4wy2fdlf97pffwgesjfqgprg99z409,299,https://koios.tosidrop.me/api/v1/pool_updates,2026-05-19T23:10:03+00:00
b7b7811342e3bb99e950f20577e171e5e24d013e98301159455df000,pool1k7mczy6zuwaen62s7gzh0ct3uh3y6qf7nqcpzk29thcqq73gfqd,250,https://koios.tosidrop.me/api/v1/pool_updates,2026-05-19T23:10:03+00:00
b7b7811342e3bb99e950f20577e171e5e24d013e98301159455df000,pool1k7mczy6zuwaen62s7gzh0ct3uh3y6qf7nqcpzk29thcqq73gfqd,254,https://koios.tosidrop.me/api/v1/pool_updates,2026-05-19T23:10:03+00:00
b7b7811342e3bb99e950f20577e171e5e24d013e98301159455df000,pool1k7mczy6zuwaen62s7gzh0ct3uh3y6qf7nqcpzk29thcqq73gfqd,255,https://koios.tosidrop.me/api/v1/pool_updates,2026-05-19T23:10:03+00:00
b7d0d22a0aa47e4879f0e46c79ddb85d4883ef981ee0f89c2fe20ccb,pool1klgdy2s253lys70su3k8nhdct4yg8mucrms038p0ugxvk6ajxwr,325,https://koios.tosidrop.me/api/v1/pool_updates,2026-05-19T23:10:03+00:00
b7d4d200f64f96812475986b2d74cd0c715740818bd141dac430b0be,pool1kl2dyq8kf7tgzfr4np4j6axdp3c4wsyp30g5rkkyxzctul2h7fd,256,https://koios.tosidrop.me/api/v1/pool_updates,2026-05-19T23:10:03+00:00
b7dcd684b724061fbb76ef4f78b7541a0a058ab7b860ef71828e5e19,pool1klwddp9hysrplwmkaa8h3d65rg9qtz4hhpsw7uvz3e0pj8r3lrg,360,https://koios.tosidrop.me/api/v1/pool_updates,2026-05-19T23:10:03+00:00
b80632bd607066f9eeb06e0d9e1666b803ae2adb3ca08be2f8ee1fb6,pool1hqrr90tqwpn0nm4sdcxeu9nxhqp6u2km8jsghchcac0mvc7e6z8,296,https://koios.tosidrop.me/api/v1/pool_updates,2026-05-19T23:10:03+00:00
b833bde8de6d5c729250713138af16167ddf6f0e2a2b43877c4209e9,pool1hqemm6x7d4w89yjswycn3tckze7a7mcw9g458pmuggy7jm26m38,227,https://koios.tosidrop.me/api/v1/pool_updates,2026-05-19T23:10:03+00:00
b848670e38e2e2bf6c5a2e8406669504a94207588c85de1e3c222a02,pool1hpyxwr3cut3t7mz696zqve54qj55yp6c3jzau83uyg4qyqmchxj,288,https://koios.tosidrop.me/api/v1/pool_updates,2026-05-19T23:10:03+00:00
b8860f5ada00e5d09e4b42726625a20c26ab490969d5ea1b6ee869b3,pool1hzrq7kk6qrjap8jtgfexvfdzpsn2kjgfd8275xmwap5mxxuhkv8,269,https://koios.tosidrop.me/api/v1/pool_updates,2026-05-19T23:10:03+00:00
b888707321f1add918c7fe43429159183ff8e075abc5b2bf0bccab7c,pool1hzy8quep7xkajxx8lep59y2erqll3cr440zm90ctej4hchyfedg,215,https://koios.tosidrop.me/api/v1/pool_updates,2026-05-19T23:10:03+00:00
b8956b618169f2ad55a2c1f2617cfcf83988f7795ac5e077cfa09202,pool1hz2kkcvpd8e264dzc8exzl8ulquc3amettz7qa705zfqyptghxf,260,https://koios.tosidrop.me/api/v1/pool_updates,2026-05-19T23:10:03+00:00
b8d2cf0a94b576a06917cef94d0e22b3bcd5d1cda1ba4a11deecfc1f,pool1hrfv7z55k4m2q6ghemu56r3zkw7dt5wd5xay5yw7an7p7aw33ac,600,https://koios.tosidrop.me/api/v1/pool_updates,2026-05-19T23:10:03+00:00
b8d37b3ff76542cfe64c3c89abf34a6f8b1536269214bfae99d238f9,pool1hrfhk0lhv4pvlejv8jy6hu62d7932d3xjg2tlt5e6gu0jucu6mf,382,https://koios.tosidrop.me/api/v1/pool_updates,2026-05-19T23:10:03+00:00
b8d8742c7b7b512468448429c776b3b0f824cef460db61aa1d24bc65,pool1hrv8gtrm0dgjg6zyss5uwa4nkruzfnh5vrdkr2sayj7x2nw6mjc,583,https://koios.tosidrop.me/api/v1/pool_updates,2026-05-19T23:10:03+00:00
b8e25baf77c6387d155cc2f11b1ba4cc652c697e8eb4bf41755b311f,pool1hr39htmhccu8692uctc3kxaye3jjc6t7366t7st4tvc37sp7gfq,296,https://koios.tosidrop.me/api/v1/pool_updates,2026-05-19T23:10:03+00:00
b8e741efd97a8657dd8ba7e8976f92e7e2523f01b1a6a5fbac9eae07,pool1hrn5rm7e02r90hvt5l5fwmujul39y0cpkxn2t7avn6hqwt3m9j3,214,https://koios.tosidrop.me/api/v1/pool_updates,2026-05-19T23:10:03+00:00
b8eed0b008806e0b397b4c4b4dff1b5d357c2af5f5a1f546074b2224,pool1hrhdpvqgsphqkwtmf395mlcmt56hc2h47ksl23s8fv3zg2dg9uq,223,https://koios.tosidrop.me/api/v1/pool_updates,2026-05-19T23:10:03+00:00
b8f37dded30b2922e73c32ccb240b5875245d9bab13a4e1083e7d40f,pool1hrehmhknpv5j9eeuxtxtys94safytkd6kyayuyyrul2q7gxaljj,214,https://koios.tosidrop.me/api/v1/pool_updates,2026-05-19T23:10:03+00:00
b8fc14751a1460030c508699751e4a6d008188e7adfad506b6e70bee,pool1hr7pgag6z3sqxrzss6vh28j2d5qgrz884had2p4kuu97uazn2de,287,https://koios.tosidrop.me/api/v1/pool_updates,2026-05-19T23:10:03+00:00
b9147445047312aa139a331390bba715eebb58f1b66c96e660e48986,pool1hy28g3gywvf25yu6xvfepwa8zhhtkk83kekfdenqujycvqjc96g,377,https://koios.tosidrop.me/api/v1/pool_updates,2026-05-19T23:10:03+00:00
b92012c1afbd6c7ffcf034fefb4500eada5e98529f4d0f54e7db8a81,pool1hysp9sd0h4k8ll8sxnl0k3gqatd9axzjnaxs7488mw9gze40jp9,400,https://koios.tosidrop.me/api/v1/pool_updates,2026-05-19T23:10:03+00:00
b9229907803d6ab5cd62c4c7193fd01ebf2bf8b94ea648f0f76b4eef,pool1hy3fjpuq844ttntzcnr3j07sr6ljh79ef6ny3u8hdd8w7zhrwgz,346,https://koios.tosidrop.me/api/v1/pool_updates,2026-05-19T23:10:03+00:00
b9247e5435f730fa4971aa3f68d3c95ded85790752b6533aca4fcc95,pool1hyj8u4p47uc05jt34glk357fthkc27g822m9xwk2flxf26yjc35,260,https://koios.tosidrop.me/api/v1/pool_updates,2026-05-19T23:10:03+00:00
b94ba8b903956a63685d13e716ca4f0c0f355a7d16d00f6e4bade7b5,pool1h9963wgrj44xx6zaz0n3djj0ps8n2knazmgq7mjt4hnm2eynwrn,375,https://koios.tosidrop.me/api/v1/pool_updates,2026-05-19T23:10:03+00:00
b954fafa5b6a161aa56ac38e8b263da7ab462538e97dd2520b5f943b,pool1h92047jmdgtp4ft2cw8gkf3a5745vffca97ay5stt72rkxm37kl,524,https://koios.tosidrop.me/api/v1/pool_updates,2026-05-19T23:10:03+00:00
b9603ce10a1422d0ed0ebbfff6719565d0a92ddbe36b6edff0436ad9,pool1h9srecg2zs3dpmgwh0llvuv4vhg2jtwmud4kahlsgd4djdtvner,287,https://koios.tosidrop.me/api/v1/pool_updates,2026-05-19T23:10:03+00:00
b98514bb7c8fe8efaa6762d6ae811ad2fbb783653f7af1aba12ba201,pool1hxz3fwmu3l5wl2n8vtt2aqg66tam0qm98aa0r2ap9w3qzla06xk,251,https://koios.tosidrop.me/api/v1/pool_updates,2026-05-19T23:10:03+00:00
b98ff82c38f77b1f715508235aa38fed36c3a795d98235185a521688,pool1hx8lstpc7aa37u24pq344gu0a5mv8fu4mxpr2xz62gtgsjqpx8p,284,https://koios.tosidrop.me/api/v1/pool_updates,2026-05-19T23:10:03+00:00
b9b41478b2016c6658581aac47346e8496481da45bebd2525a7dde39,pool1hx6pg79jq9kxvkzcr2kywdrwsjtys8dyt04ay5j60h0rjtxxkng,285,https://koios.tosidrop.me/api/v1/pool_updates,2026-05-19T23:10:03+00:00
b9bfc3d47135f19aa318a8da017dcd08c120adaa902c4a79488d2498,pool1hxlu84r3xhce4gcc4rdqzlwdprqjptd2jqky572g35jfsjrnzww,632,https://koios.tosidrop.me/api/v1/pool_updates,2026-05-19T23:10:03+00:00
b9e907a4fab56f0c640d08cafd34f929593a901cae5cd5475d97cc17,pool1h85s0f86k4hsceqdpr906d8e99vn4yqu4ewd236ajlxpwxavz6h,215,https://koios.tosidrop.me/api/v1/pool_updates,2026-05-19T23:10:03+00:00
b9efb66eb0ecb02cc700e5241ff4e84c9a2724f68374da03cc79ffd3,pool1h8hmvm4sajcze3cqu5jpla8gfjdzwf8ksd6d5q7v08laxahp5ym,231,https://koios.tosidrop.me/api/v1/pool_updates,2026-05-19T23:10:03+00:00
b9f37fae323a80b64f234ff9eeaa07d43c3390d8b405f4f471b39789,pool1h8ehlt3j82qtvnerflu7a2s86s7r8yxckszlfar3kwtcjryswg4,407,https://koios.tosidrop.me/api/v1/pool_updates,2026-05-19T23:10:03+00:00
b9f9c1e90c5e20e7e1b244d749cb118f6594a11ea68dffd9b5a3bc28,pool1h8uur6gvtcsw0cdjgnt5njc33ajefgg756xllkd45w7zsml6ydd,477,https://koios.tosidrop.me/api/v1/pool_updates,2026-05-19T23:10:03+00:00
b9ffb01687eb9f12433a6edec90d808b75f9bde51ab2495d278d7727,pool1h8lmq958aw03yse6dm0vjrvq3d6ln009r2eyjhf834mjw9x33ng,515,https://koios.tosidrop.me/api/v1/pool_updates,2026-05-19T23:10:03+00:00
ba05a5e3e734b6714081a6691376b32eecfea1f55fe73cce48cfa9c3,pool1hgz6tcl8xjm8zsyp5e53xa4n9mk0ag04tlnnenjge75uxng032f,406,https://koios.tosidrop.me/api/v1/pool_updates,2026-05-19T23:10:03+00:00
ba27c7f34b8e0233ff7aaabb07974725fa2dd12805e879f90f68b05c,pool1hgnu0u6t3cpr8lm642as0968yhazm5fgqh58n7g0dzc9cw7hwy7,276,https://koios.tosidrop.me/api/v1/pool_updates,2026-05-19T23:10:03+00:00
ba27c7f34b8e0233ff7aaabb07974725fa2dd12805e879f90f68b05c,pool1hgnu0u6t3cpr8lm642as0968yhazm5fgqh58n7g0dzc9cw7hwy7,325,https://koios.tosidrop.me/api/v1/pool_updates,2026-05-19T23:10:03+00:00
ba372338268d3f7205bb21abfabc31e9297983435e66db44bef8ae8d,pool1hgmjxwpx35lhypdmyx4l40p3ay5hnq6rtendk397lzhg6e9r4sc,252,https://koios.tosidrop.me/api/v1/pool_updates,2026-05-19T23:10:03+00:00
ba8afcb79a251e47979fee3cbd5878e7fb7b153270986adc19063df5,pool1h290edu6y50y09ulac7t6krculahk9fjwzvx4hqeqc7l2ruttku,369,https://koios.tosidrop.me/api/v1/pool_updates,2026-05-19T23:10:03+00:00
ba90de47f28afe4bf8b3b999af16b31c233a631b962e47b9483477f4,pool1h2gdu3lj3tlyh79nhxv6794nrs3n5ccmjchy0w2gx3mlg79jtvr,421,https://koios.tosidrop.me/api/v1/pool_updates,2026-05-19T23:10:03+00:00
ba90de47f28afe4bf8b3b999af16b31c233a631b962e47b9483477f4,pool1h2gdu3lj3tlyh79nhxv6794nrs3n5ccmjchy0w2gx3mlg79jtvr,422,https://koios.tosidrop.me/api/v1/pool_updates,2026-05-19T23:10:03+00:00
baa3cba1729c37352a4692493fc12ef78efaa1265ebaa4747f9b4d3f,pool1h23uhgtjnsmn22jxjfynlsfw77804gfxt6a2garlndxn7x7mf72,415,https://koios.tosidrop.me/api/v1/pool_updates,2026-05-19T23:10:03+00:00
babef0287d7b2f5c611c4e8ac933df20f3931c66357fa05c1799267c,pool1h2l0q2ra0vh4ccguf69vjv7lyreex8rxx4l6qhqhnyn8c3syppn,231,https://koios.tosidrop.me/api/v1/pool_updates,2026-05-19T23:10:03+00:00
bac9545a444bc6868986939214c6afd375029b14d22d032b85f9a02d,pool1hty4gkjyf0rgdzvxjwfpf3406d6s9xc56gksx2u9lxsz6yyeswm,299,https://koios.tosidrop.me/api/v1/pool_updates,2026-05-19T23:10:03+00:00
bacba1f12e18b1cce54615fa40ac144c41f0e8b163a5bea2547ebb93,pool1ht96rufwrzcuee2xzhayptq5f3qlp693vwjmagj506aex9zkj3v,267,https://koios.tosidrop.me/api/v1/pool_updates,2026-05-19T23:10:03+00:00
bad3503b7459d5bca4169c281f368e8bc76399ade2c958d598b8157c,pool1htf4qwm5t82mefqkns5p7d5w30rk8xdduty434vchq2hcvwt6ka,288,https://koios.tosidrop.me/api/v1/pool_updates,2026-05-19T23:10:03+00:00
baddad05bdbad14f25f6a89c331513a68e6a4293af82834dee2b7890,pool1htw66pdahtg57f0k4zwrx9gn568x5s5n47pgxn0w9dufqu5ckkm,252,https://koios.tosidrop.me/api/v1/pool_updates,2026-05-19T23:10:03+00:00
baefbadf60969a5ecc5cd40d34054984c5ae2d0012f86a063784e554,pool1hthm4hmqj6d9anzu6sxngp2fsnz6utgqztux5p3hsnj4g22qdv4,250,https://koios.tosidrop.me/api/v1/pool_updates,2026-05-19T23:10:03+00:00
bb0dbf7a5437382357ac1cd52b79b980203884c085924584c27e5550,pool1hvxm77j5xuuzx4avrn2jk7desqsr3pxqskfytpxz0e24qjtqayd,298,https://koios.tosidrop.me/api/v1/pool_updates,2026-05-19T23:10:03+00:00
bb1cfd80373d905459c044c68ab0fcbbb17fac292e5e073dea818492,pool1hvw0mqph8kg9gkwqgnrg4v8uhwchltpf9e0qw002sxzfy2xe2js,270,https://koios.tosidrop.me/api/v1/pool_updates,2026-05-19T23:10:03+00:00
bb236318e9fe9f7b2e287dd388f9cbd32cb2e3ead404684c720c91b6,pool1hv3kxx8fl60hkt3g0hfc37wt6vkt9cl26szxsnrjpjgmv3f247v,408,https://koios.tosidrop.me/api/v1/pool_updates,2026-05-19T23:10:03+00:00
bb308eefd925ce53f280d752003accbd164cd9497616e1dd8b472080,pool1hvcgam7eyh898u5q6afqqwkvh5tyek2fwctwrhvtgusgqkgkpz8,261,https://koios.tosidrop.me/api/v1/pool_updates,2026-05-19T23:10:03+00:00
bb38423188200e3a8536d330988e925d767bc826626c8a62ab8ec6df,pool1hvuyyvvgyq8r4pfk6vcf3r5jt4m8hjpxvfkg5c4t3mrd7e264m0,426,https://koios.tosidrop.me/api/v1/pool_updates,2026-05-19T23:10:03+00:00
bb3ef210ec1e397f57d796b2025fd4b85500b49a56a37f8d12db16eb,pool1hvl0yy8vrcuh747hj6eqyh75hp2spdy6263hlrgjmvtwkjxy904,307,https://koios.tosidrop.me/api/v1/pool_updates,2026-05-19T23:10:03+00:00
bb5ed9a62e7aa83cb4800ac5ef9125c9b5ba74073d1a51ab98119f56,pool1hd0dnf3w025redyqptz7lyf9ex6m5aq885d9r2uczx04v755mey,213,https://koios.tosidrop.me/api/v1/pool_updates,2026-05-19T23:10:03+00:00
bb6caebb3e3968d6aa621a412ec316927ee5fc9a0076c3548b58726f,pool1hdk2awe7895dd2nzrfqjasckjflwtly6qpmvx4yttpex7ny236e,263,https://koios.tosidrop.me/api/v1/pool_updates,2026-05-19T23:10:03+00:00
bb6f03e67961f642e0299606d4b7316284d8319bfc3fb29d7c449563,pool1hdhs8enev8my9cpfjcrdfde3v2zdsvvmlslm98tugj2kx0pcj8v,216,https://koios.tosidrop.me/api/v1/pool_updates,2026-05-19T23:10:03+00:00
bb7ee671e73bfd6cea74486663163f2185b8c2e649a47db6068efee4,pool1hdlwvu08807ke6n5fpnxx93lyxzm3shxfxj8mdsx3mlwgehf568,235,https://koios.tosidrop.me/api/v1/pool_updates,2026-05-19T23:10:03+00:00
bb9d2e9bcce284265e43d10c6e17261a08350d6379e109ded1d54611,pool1hwwjax7vu2zzvhjr6yxxu9exrgyr2rtr08ssnhk364rpzhhxye3,533,https://koios.tosidrop.me/api/v1/pool_updates,2026-05-19T23:10:03+00:00
bbba7642bbf7073305332c9993f6a1e87263d09f14855d30b05d86ce,pool1hwa8vs4m7urnxpfn9jve8a4papex85ylzjz46v9stkrvuwqakkv,233,https://koios.tosidrop.me/api/v1/pool_updates,2026-05-19T23:10:03+00:00
bbcd8143a4e940fd47125277af484d1533062d251e44230287b60a6e,pool1h0xczsaya9q063cj2fm67jzdz5esvtf9rezzxq58kc9xuzwgs0q,277,https://koios.tosidrop.me/api/v1/pool_updates,2026-05-19T23:10:03+00:00
bbd6930ee861b48f45ede4f2990275a80c6b76374f592edb99fc3ba2,pool1h0tfxrhgvx6g730dunefjqn44qxxka3hfavjakuelsa6y7k0e7v,496,https://koios.tosidrop.me/api/v1/pool_updates,2026-05-19T23:10:03+00:00
bbd852e7fb67e8f182def1f99d22a51c76b40222ab47d0682223e606,pool1h0v99elmvl50rqk778ue6g49r3mtgq3z4draq6pzy0nqv000frd,554,https://koios.tosidrop.me/api/v1/pool_updates,2026-05-19T23:10:03+00:00
bbebda24411d5538125ef9b02bae0edf5f55aa87934ee6025828a3da,pool1h04a5fzpr42nsyj7lxczhtswma04t258jd8wvqjc9z3a58n2mgg,349,https://koios.tosidrop.me/api/v1/pool_updates,2026-05-19T23:10:03+00:00
bbfb301cad22e7a62f6fea6e3c93aec4e6f714aef66b0a828e792f12,pool1h0anq89dytn6vtm0afhreyawcnn0w99w7e4s4q5w0yh3ymzh94s,254,https://koios.tosidrop.me/api/v1/pool_updates,2026-05-19T23:10:03+00:00
bbfb301cad22e7a62f6fea6e3c93aec4e6f714aef66b0a828e792f12,pool1h0anq89dytn6vtm0afhreyawcnn0w99w7e4s4q5w0yh3ymzh94s,265,https://koios.tosidrop.me/api/v1/pool_updates,2026-05-19T23:10:03+00:00
bc045d4de15b4296fb6c34b9102bdd5087c4b0c47d48d22755feb4d0,pool1hsz96n0ptdpfd7mvxju3q27a2zrufvxy04ydyf64l66dqke8uq9,465,https://koios.tosidrop.me/api/v1/pool_updates,2026-05-19T23:10:03+00:00
bc06939875c121b22df4f3c8b55192edcfaf7a2cc14b7386071d3c46,pool1hsrf8xr4cysmyt0570yt25vjah86773vc99h8ps8r57yvfrf48m,297,https://koios.tosidrop.me/api/v1/pool_updates,2026-05-19T23:10:03+00:00
bc0aa0bf4b0128cf9f1ef99ed999c93e4d92aab478c052b2d1e5218b,pool1hs92p06tqy5vl8c7lx0dnxwf8exe92450rq99vk3u5sckuc7m26,416,https://koios.tosidrop.me/api/v1/pool_updates,2026-05-19T23:10:03+00:00
bc868d0dfdc02aa090a285bc375788c0fd131aebfe150c703f671f85,pool1hjrg6r0acq42py9zsk7rw4ugcr73xxhtlc2scuplvu0c2w968wm,299,https://koios.tosidrop.me/api/v1/pool_updates,2026-05-19T23:10:03+00:00
bc91c1d2dba3b303f1eeaff439472fef553eac8913971fecaf1db3d2,pool1hjgur5km5wes8u0w4l6rj3e0aa2natyfzwt3lm90rkeayv7r2pt,278,https://koios.tosidrop.me/api/v1/pool_updates,2026-05-19T23:10:03+00:00
bca02341b52c53b194a8534f964c1f1ff838638f7ccf261762383755,pool1hjszxsd493fmr99g2d8evnqlrlurscu00n8jv9mz8qm42f7jvln,252,https://koios.tosidrop.me/api/v1/pool_updates,2026-05-19T23:10:03+00:00
bcb952671f992942868e1cc2808ef08b8019e4e241d1fdad3baef8ec,pool1hju4yeclny559p5wrnpgprhs3wqpne8zg8glmtfm4muwcyrxju5,592,https://koios.tosidrop.me/api/v1/pool_updates,2026-05-19T23:10:03+00:00
bcbe0b38da7d479e140ae8adb004b9b79342123e00b5a57522fd50da,pool1hjlqkwx604reu9q2azkmqp9ek7f5yy37qz662afzl4gd5phcwhm,348,https://koios.tosidrop.me/api/v1/pool_updates,2026-05-19T23:10:03+00:00
bcc7aee96c48b4a8c8b520884ae793be9055c7eb72a05737b52d66fc,pool1hnr6a6tvfz623j94yzyy4eunh6g9t3ltw2s9wda494n0cgke8zz,421,https://koios.tosidrop.me/api/v1/pool_updates,2026-05-19T23:10:03+00:00
bccc811050258e544e136279cfbb51b446fa2ea239114fdaa8875fd2,pool1hnxgzyzsyk89gnsnvfuulw63k3r05t4z8yg5lk4gsa0aygj384a,284,https://koios.tosidrop.me/api/v1/pool_updates,2026-05-19T23:10:03+00:00
bccf5ce0d9b3436cd1616686c98f4584b43760704c9585f1f208ffae,pool1hn84ecxekdpke5tpv6rvnr69sj6rwcrsfj2ctu0jprl6uurdeht,212,https://koios.tosidrop.me/api/v1/pool_updates,2026-05-19T23:10:03+00:00
bce4f15e81e2d2d9fe5c061f02f89ced9a56654a753f14d8409505bb,pool1hnj0zh5putfdnljuqc0s97yuakd9ve22w5l3fkzqj5zmkwnj3e3,301,https://koios.tosidrop.me/api/v1/pool_updates,2026-05-19T23:10:03+00:00
bd3e1169c158b3e0f32a55095955955fad3cdb75c35b7280ec26d055,pool1h5lpz6wptze7pue225y4j4v4t7knekm4cddh9q8vymg92xhmn8w,531,https://koios.tosidrop.me/api/v1/pool_updates,2026-05-19T23:10:03+00:00
bd44d6fae94021f5f78f9ebd209d7b5428e7ea086dcd92c5a40d373a,pool1h4zdd7hfgqsltau0n67jp8tm2s5w06sgdhxe93dyp5mn5c2eg05,271,https://koios.tosidrop.me/api/v1/pool_updates,2026-05-19T23:10:03+00:00
bd50ebea27a9e846bcd873c361ecb1a4d9baf738040d232882109fcd,pool1h4gwh638485yd0xcw0pkrm935nvm4aecqsxjx2yzzz0u6dfj73q,412,https://koios.tosidrop.me/api/v1/pool_updates,2026-05-19T23:10:03+00:00
bd6196386a58e22200b4ac3038e3bb658bc95c20a49c88cb2ff64903,pool1h4sevwr2tr3zyq954scr3camvk9ujhpq5jwg3je07eysxeguapd,258,https://koios.tosidrop.me/api/v1/pool_updates,2026-05-19T23:10:03+00:00
bd6bc05d7ca20d7adac9746cd6cb68acf88aa5d3c5fbf91e4fadbcc9,pool1h44uqhtu5gxh4kkfw3kddjmg4nug4fwnchalj8j04k7vj5kjrnt,220,https://koios.tosidrop.me/api/v1/pool_updates,2026-05-19T23:10:03+00:00
bd6c823cfe4b0233290c4879931558928cd8539f7070b5516d2be209,pool1h4kgy087fvprx2gvfpuex92cj2xds5ulwpct25td903qj6sz38h,255,https://koios.tosidrop.me/api/v1/pool_updates,2026-05-19T23:10:03+00:00
bd80e49e7d10514fae8832ccc21620efdd1cfa2e56337e3c4d31e37f,pool1hkqwf8nazpg5lt5gxtxvy93qalw3e73w2cehu0zdx83h7qm5ale,256,https://koios.tosidrop.me/api/v1/pool_updates,2026-05-19T23:10:03+00:00
bd9b999e4d9a46aae8ef2df14c8195693fb8a1cb64b8557491391847,pool1hkden8jdnfr246809hc5eqv4dylm3gwtvju92ay38yvywfnthcg,307,https://koios.tosidrop.me/api/v1/pool_updates,2026-05-19T23:10:03+00:00
bdb047dbc997f0e5f097d3a0d9a97a8f80b4515b1b5112e41c1ec322,pool1hkcy0k7fjlcwtuyh6wsdn2t637qtg52mrdg39equrmpjyg32z0h,309,https://koios.tosidrop.me/api/v1/pool_updates,2026-05-19T23:10:03+00:00
bdb57f85c2b24be179b13d4ca163c59ad060d395bca83c624dde2b2f,pool1hk6hlpwzkf97z7d384x2zc79ntgxp5u4hj5rccjdmc4j7688nrw,364,https://koios.tosidrop.me/api/v1/pool_updates,2026-05-19T23:10:03+00:00
bdbb917f3a2611febea108cfb7747bc771690c1f8b9d76777dd189d3,pool1hkaezle6ycgla04ppr8mwarmcackjrql3wwhvama6xyaxxsmczz,264,https://koios.tosidrop.me/api/v1/pool_updates,2026-05-19T23:10:03+00:00
bdc9e0311857f72fb9071689d46bc4913e307085ba0ce25d018532ff,pool1hhy7qvgc2lmjlwg8z6yag67yjylrquy9hgxwyhgps5e07m8h0ep,375,https://koios.tosidrop.me/api/v1/pool_updates,2026-05-19T23:10:03+00:00
bde57c29cfd0cd8bbbc65ab2018d3770416f8c4113d8c1c7b6d1531b,pool1hhjhc2w06rxchw7xt2eqrrfhwpqklrzpz0vvr3ak69f3kdzsxqq,263,https://koios.tosidrop.me/api/v1/pool_updates,2026-05-19T23:10:03+00:00
be258f34e87f5d6fe5a0856793e2ffaa01bc629e273193394120bfff,pool1hcjc7d8g0awkledqs4ne8chl4gqmcc57yucexw2pyzll7eq84af,277,https://koios.tosidrop.me/api/v1/pool_updates,2026-05-19T23:10:03+00:00
be55b11098758b7804f70a8837a66779c821c2268377a40e206265b5,pool1he2mzyycwk9hsp8hp2yr0fn808yzrs3xsdm6gr3qvfjm2z58zm4,331,https://koios.tosidrop.me/api/v1/pool_updates,2026-05-19T23:10:03+00:00
be83111ec4e29494b880bd5324494eb9651b95c11b7e6ca74e8115f7,pool1h6p3z8kyu22ffwyqh4fjgj2wh9j3h9wprdlxef6wsy2lwcz4nt4,402,https://koios.tosidrop.me/api/v1/pool_updates,2026-05-19T23:10:03+00:00
be8d286024cd92cc1f27e351fe3080d89f95a0876f6dc370fd0b9fda,pool1h6xjscpyekfvc8e8udgluvyqmz0etgy8dakuxu8apw0a5yxfzyz,302,https://koios.tosidrop.me/api/v1/pool_updates,2026-05-19T23:10:03+00:00
bea0885715bcdf39129db95a69f872fbb2a1a6e691f5be6d08e88e7f,pool1h6sgs4c4hn0njy5ah9dxn7rjlwe2rfhxj86mumggaz887hevftk,326,https://koios.tosidrop.me/api/v1/pool_updates,2026-05-19T23:10:03+00:00
beb5390bc047831874ad69f615a6f023ea121865c75ec389d6c0a392,pool1h66njz7qg7p3sa9dd8mptfhsy04pyxr9ca0v8zwkcz3eyg3g3au,580,https://koios.tosidrop.me/api/v1/pool_updates,2026-05-19T23:10:03+00:00
bec1dc484b149b6d0730677bdf07360ed526951ced8a65898b91a58c,pool1hmqacjztzjdk6pesvaaa7pekpm2jd9guak9xtzvtjxjcctwcypz,230,https://koios.tosidrop.me/api/v1/pool_updates,2026-05-19T23:10:03+00:00
bee1c394dc9670ccaf70d1d73566e9d83c40311fd1a09f1742ab0bcb,pool1hmsu89xujecvetms68tn2ehfmq7yqvgl6xsf796z4v9ukzdqlp6,364,https://koios.tosidrop.me/api/v1/pool_updates,2026-05-19T23:10:03+00:00
beeb5ef988217f53f48988e96f8bf117a8ecd6bd704055273c91f892,pool1hm44a7vgy9l48ayf3r5klzl3z75we44awpq92feuj8ufyfd5ds6,253,https://koios.tosidrop.me/api/v1/pool_updates,2026-05-19T23:10:03+00:00
befa1dd3ef1628da7fdec03236fe966975f0eb492fd3d263e927c884,pool1hmapm5l0zc5d5l77cqerdl5kd96lp66f9lfayclfylygg0a9c00,320,https://koios.tosidrop.me/api/v1/pool_updates,2026-05-19T23:10:03+00:00
befc619948bcfa1c3a87736f28829a482152e3df301c22e77baf4453,pool1hm7xrx2ghnapcw58wdhj3q56fqs49c7lxqwz9emm4az9xxr5gwq,251,https://koios.tosidrop.me/api/v1/pool_updates,2026-05-19T23:10:03+00:00
bf02fa6c6f453808cd0a336a0084f16dd24840c3e727d0aee4e6d943,pool1hup05mr0g5uq3ng2xd4qpp83dhfyssxruunapthyumv5x63krug,252,https://koios.tosidrop.me/api/v1/pool_updates,2026-05-19T23:10:03+00:00
bf35f2c553131322b193c896a50b8da67df65bc479221ea74dc7b85b,pool1hu6l932nzvfj9vvnezt22zud5e7lvk7y0y3paf6dc7u9k680u5w,535,https://koios.tosidrop.me/api/v1/pool_updates,2026-05-19T23:10:03+00:00
bf35f2c553131322b193c896a50b8da67df65bc479221ea74dc7b85b,pool1hu6l932nzvfj9vvnezt22zud5e7lvk7y0y3paf6dc7u9k680u5w,557,https://koios.tosidrop.me/api/v1/pool_updates,2026-05-19T23:10:03+00:00
bf44d3187cbdd8874dca1f714a6107beea642753228490bc02c8e038,pool1hazdxxruhhvgwnw2rac55cg8hm4xgf6ny2zfp0qzersrskv27tf,228,https://koios.tosidrop.me/api/v1/pool_updates,2026-05-19T23:10:03+00:00
bf5ce0f058d10433c08ec03feb4f839deccb0e8e5c9d8c342cbcb261,pool1hawwpuzc6yzr8sywcql7knurnhkvkr5wtjwccdpvhjexzh9s5d5,268,https://koios.tosidrop.me/api/v1/pool_updates,2026-05-19T23:10:03+00:00
bf7b4a1a2f80cba111c23e05280df5050fe2fadf2660e7a28f156429,pool1haa55x30sr96zywz8czjsr04q58797klyesw0g50z4jzj2sz908,250,https://koios.tosidrop.me/api/v1/pool_updates,2026-05-19T23:10:03+00:00
bf8892369c5922d9d5e404ab733c9dbf75b6fb842fa1c09f46c60616,pool1h7yfyd5uty3dn40yqj4hx0yaha6md7uy97sup86xccrpv84xydm,276,https://koios.tosidrop.me/api/v1/pool_updates,2026-05-19T23:10:03+00:00
bf9fe7384d2f62efc04a329ae9a1e39f9990eb6841be8738bcf405d4,pool1h707wwzd9a3wlsz2x2dwng0rn7vep6mggxlgww9u7szagx8elcn,610,https://koios.tosidrop.me/api/v1/pool_updates,2026-05-19T23:10:03+00:00
bff6652692b7a0eb7c2c0b1cf95581308de124daee61e508a82a52ad,pool1hlmx2f5jk7swklpvpvw0j4vpxzx7zfx6aes72z9g9ff26ycgpjj,231,https://koios.tosidrop.me/api/v1/pool_updates,2026-05-19T23:10:03+00:00
c0147890c29db928bb7cf0f40540c30038238c6f672357c78bc3d083,pool1cq283yxznkuj3wmu7r6q2sxrqquz8rr0vu3403utc0ggx37vjzs,413,https://koios.tosidrop.me/api/v1/pool_updates,2026-05-19T23:10:03+00:00
c05ea2ea5d61a3852b1d7be3979c36183acce8cb77b1ad3df83bbc56,pool1cp0296javx3c22ca003e08pkrqave6xtw7c6600c8w79vy6yvgs,380,https://koios.tosidrop.me/api/v1/pool_updates,2026-05-19T23:10:03+00:00
c08e14eb91d967a8541f2cc686d106aac49f8ea57608fc70949d561e,pool1cz8pf6u3m9n6s4ql9nrgd5gx4tzflr49wcy0cuy5n4tpu00pa4f,237,https://koios.tosidrop.me/api/v1/pool_updates,2026-05-19T23:10:03+00:00
c0907ec5088c7bc95ad8495c398ce24d4002826f18ed77d79b1a34fb,pool1czg8a3gg33aujkkcf9wrnr8zf4qq9qn0rrkh04umrg60k0vyvdl,237,https://koios.tosidrop.me/api/v1/pool_updates,2026-05-19T23:10:03+00:00
c0a3a8f26a2fd8439238324854a26a4b489673c862fdd5b3ed6e6105,pool1cz363un29lvy8y3cxfy9fgn2fdyfvu7gvt7atvlddess20ja4qj,251,https://koios.tosidrop.me/api/v1/pool_updates,2026-05-19T23:10:03+00:00
c0b86026e65261a0698e789fc2e0b1cf36c85693dbf1cd516067400d,pool1czuxqfhx2fs6q6vw0z0u9c93eumvs45nm0cu65tqvaqq65zu9yq,212,https://koios.tosidrop.me/api/v1/pool_updates,2026-05-19T23:10:03+00:00
c0d0e3629eff3e95df16ada0a408405c85b70d48933f579b4e2d1e2a,pool1crgwxc57lulfthck4ks2gzzqtjzmwr2gjvl40x6w950z53raagx,253,https://koios.tosidrop.me/api/v1/pool_updates,2026-05-19T23:10:03+00:00
c0d645850be86f1ab7451cc2d4130ef23f6287392f574aaafe7d2285,pool1crtytpgtaph34d69rnpdgycw7glk9pee9at542h7053g2hldt3l,250,https://koios.tosidrop.me/api/v1/pool_updates,2026-05-19T23:10:03+00:00
c132bb4962a7c9a55c7cb0d5dc11cf59cc54e0537fece7e717a1b4e9,pool1cyetkjtz5ly62hrukr2acyw0t8x9fczn0lkw0ech5x6wjt6xd9z,265,https://koios.tosidrop.me/api/v1/pool_updates,2026-05-19T23:10:03+00:00
c14497021aff5ef8e22d8e69657d2c87a1804322a5c476af981f81fa,pool1c9zfwqs6la003c3d3e5k2lfvs7scqsez5hz8dtucr7ql55dp52r,264,https://koios.tosidrop.me/api/v1/pool_updates,2026-05-19T23:10:03+00:00
c17aeb0a9ed80d498bb2199f5f3002787448ec6f588f8cbed6ce3ae7,pool1c9awkz57mqx5nzajrx047vqz0p6y3mr0tz8ce0kkecawwuakske,244,https://koios.tosidrop.me/api/v1/pool_updates,2026-05-19T23:10:03+00:00
c17aeb0a9ed80d498bb2199f5f3002787448ec6f588f8cbed6ce3ae7,pool1c9awkz57mqx5nzajrx047vqz0p6y3mr0tz8ce0kkecawwuakske,245,https://koios.tosidrop.me/api/v1/pool_updates,2026-05-19T23:10:03+00:00
c1992e029f467f77ba9fabd299878022bc7a4580a3d6aa574591e95d,pool1cxvjuq5lgelh0w5l40ffnpuqy27853vq50t25469j8546e8pg8v,528,https://koios.tosidrop.me/api/v1/pool_updates,2026-05-19T23:10:03+00:00
c19a50d82b0d9ba8703bab6ef5ff85924da8fea694e6a4d986b51e45,pool1cxd9pkptpkd6supm4dh0tlu9jfx63l4xjnn2fkvxk50y2j67665,402,https://koios.tosidrop.me/api/v1/pool_updates,2026-05-19T23:10:03+00:00
c1a38fc3f41bd3ae16ee5479edae754f3a2b48178f405ec3d2df934e,pool1cx3clsl5r0f6u9hw23u7mtn4fuazkjqh3aq9as7jm7f5uf2l059,261,https://koios.tosidrop.me/api/v1/pool_updates,2026-05-19T23:10:03+00:00
c1bc5c701c149bb7e346b47b8cc631160078b2b50e8ec37b2d0a7891,pool1cx79cuquzjdm0c6xk3ace333zcq83v44p68vx7edpfufzkp8m35,426,https://koios.tosidrop.me/api/v1/pool_updates,2026-05-19T23:10:03+00:00
c1bef45a2abbb3a862cdd9142236dff38763cc32e91fc8f282823ee6,pool1cxl0gk32hwe6sckdmy2zydkl7wrk8npjay0u3u5zsglwvkqmjen,580,https://koios.tosidrop.me/api/v1/pool_updates,2026-05-19T23:10:03+00:00
c1c4f3834cc1718be3130f7d5d79578f75229ce7893f82e0fc623cab,pool1c8z08q6vc9cchccnpa74672h3a6j98883ylc9c8uvg72krnf64d,235,https://koios.tosidrop.me/api/v1/pool_updates,2026-05-19T23:10:03+00:00
c1d314a78a43f3d5baa9c2e4105015384211416f220af4a24a8ea3ee,pool1c8f3ffu2g0eatw4fctjpq5q48pppzst0yg90fgj23637uhhhx23,580,https://koios.tosidrop.me/api/v1/pool_updates,2026-05-19T23:10:03+00:00
c1ede3cc9133209466774d4826044e408db13d6fe6df751a73500f16,pool1c8k78ny3xvsfgenhf4yzvpzwgzxmz0t0um0h2xnn2q83vjdr5dj,385,https://koios.tosidrop.me/api/v1/pool_updates,2026-05-19T23:10:03+00:00
c1f33491af1ae250d5c32dcf57922d5196027cc0a0e1c8db8747db5a,pool1c8enfyd0rt39p4wr9h840y3d2xtqylxq5rsu3ku8gld45swgtne,260,https://koios.tosidrop.me/api/v1/pool_updates,2026-05-19T23:10:03+00:00
c203f4e84a7fc9749bae56c4a13534bad166e4ccfc836f1383ffe337,pool1cgplf6z20lyhfxaw2mz2zdf5htgkdexvljpk7yurll3nwrhmj3a,273,https://koios.tosidrop.me/api/v1/pool_updates,2026-05-19T23:10:03+00:00
c25ce9b36da9cfe9576a6bed6a1555aad5d883898448fade4ec67b11,pool1cfwwnvmd4887j4m2d0kk59244t2a3qufs3y04hjwcea3z8ywgp8,291,https://koios.tosidrop.me/api/v1/pool_updates,2026-05-19T23:10:03+00:00
c264782a8d5ef7ccb8b1c92210ee4b74a68cb9f9406ef51297feded0,pool1cfj8s25dtmmuew93ey3ppmjtwjngew0egph02y5hlm0dqtchq2x,269,https://koios.tosidrop.me/api/v1/pool_updates,2026-05-19T23:10:03+00:00
c26d032f89fd6fdaddfc7b867007c00e3dc09b731c46c7ee64a070b6,pool1cfksxtufl4ha4h0u0wr8qp7qpc7upxmnr3rv0mny5pctvsvv95q,267,https://koios.tosidrop.me/api/v1/pool_updates,2026-05-19T23:10:03+00:00
c2991b2dd635e8aad98189db903f33b379d6989e86f74243f7e1af36,pool1c2v3ktwkxh524kvp38deq0enkduadxy7smm5yslhuxhnvd5f05f,260,https://koios.tosidrop.me/api/v1/pool_updates,2026-05-19T23:10:03+00:00
c29dd3c55a4f3f3b02aae6463ef8e1e66a70b5d000f8a6dc3430ef04,pool1c2wa8326fulnkq42uerra78pue48pdwsqru2dhp5xrhsgzqmlsc,561,https://koios.tosidrop.me/api/v1/pool_updates,2026-05-19T23:10:03+00:00
c2a9551cf5a0f7e80558974b2476e11d2dffa8b01c9a215cf50f0f5e,pool1c25428845rm7sp2cja9jgahpr5kll29srjdzzh84pu84uzanqfc,398,https://koios.tosidrop.me/api/v1/pool_updates,2026-05-19T23:10:03+00:00
c2aa8383fbddcc3e2e1de414f68887ab27d741478961007d78e826e8,pool1c24g8qlmmhxrutsaus20dzy84vnaws2839ssqltcaqnwsa4ssy5,319,https://koios.tosidrop.me/api/v1/pool_updates,2026-05-19T23:10:03+00:00
c2cc2725c541b039b23fa0c3b3bd863615aaf70c606cc3a312f61316,pool1ctxzwfw9gxcrnv3l5rpm80vxxc264acvvpkv8gcj7cf3vk6uzce,219,https://koios.tosidrop.me/api/v1/pool_updates,2026-05-19T23:10:03+00:00
c2e35d4b2b6edaa9ce35f5316466fb43103776f5ff1e35a091f55cce,pool1ct346jetdmd2nn3475ckgehmgvgrwah4lu0rtgy374wvu6ka27q,289,https://koios.tosidrop.me/api/v1/pool_updates,2026-05-19T23:10:03+00:00
c2e85124c962d9eada3bdf2c0a27a0f5b153bb861c16432daf504dfe,pool1ct59zfxfvtv74k3mmukq5faq7kc48wuxrstyxtd02pxluwf6mkh,465,https://koios.tosidrop.me/api/v1/pool_updates,2026-05-19T23:10:03+00:00
c2f104187bec08c887db13869e11c4f2e3371456387f0384d4517ac4,pool1ctcsgxrmasyv3p7mzwrfuywy7t3nw9zk8pls8px529avg2rvqvj,213,https://koios.tosidrop.me/api/v1/pool_updates,2026-05-19T23:10:03+00:00
c3102f5ac6b0518e15f1ba1125c105f6c974ec592e695f61c2862949,pool1cvgz7kkxkpgcu903hggjtsg97myhfmze9e547cwzsc55j2ch2wz,489,https://koios.tosidrop.me/api/v1/pool_updates,2026-05-19T23:10:03+00:00
c320202c2f21866e1f1d3c16bc756c6834a49c05714021ae46f850f8,pool1cvszqtp0yxrxu8ca8sttcatvdq62f8q9w9qzrtjxlpg0shd0y2x,545,https://koios.tosidrop.me/api/v1/pool_updates,2026-05-19T23:10:03+00:00
c324a42b3a24eda221a8db6fb36eedae061e6de4229e56debdc28c26,pool1cvj2g2e6ynk6ygdgmdhmxmhd4crpum0yy209dh4ac2xzvey9rhh,290,https://koios.tosidrop.me/api/v1/pool_updates,2026-05-19T23:10:03+00:00
c326709622133a342f53bbe157a79d3c13a59e8769e3b7be97e807d3,pool1cvn8p93zzvargt6nh0s40fua8sf6t858d83m005haqrax6n4hyj,230,https://koios.tosidrop.me/api/v1/pool_updates,2026-05-19T23:10:03+00:00
c331140d6b8a87560ff6b5c9190305d1948273e17ff334d7602d77c4,pool1cvc3grtt32r4vrlkkhy3jqc96x2gyulp0lenf4mq94mugnrywuu,229,https://koios.tosidrop.me/api/v1/pool_updates,2026-05-19T23:10:03+00:00
c34a7f59c556633dc88ec25c9743c5ebca3705e179a54db5638941cb,pool1cd987kw92e3nmjywcfwfws79a09rwp0p0xj5mdtr39qukxgp9uf,513,https://koios.tosidrop.me/api/v1/pool_updates,2026-05-19T23:10:03+00:00
c3873de6c0d392ba68347d1f4c20b93839fe0c75b974e9b677281308,pool1cwrnmekq6wft56p50505cg9e8qulurr4h96wndnh9qfssuf4a3p,226,https://koios.tosidrop.me/api/v1/pool_updates,2026-05-19T23:10:03+00:00
c39f74e6ea3a8d832ff61235ec2c6bafc9eeffecdd88a0d1b15fd31d,pool1cw0hfeh282xcxtlkzg67ctrt4ly7allvmky2p5d3tlf36z8kp4u,250,https://koios.tosidrop.me/api/v1/pool_updates,2026-05-19T23:10:03+00:00
c3c487f1a4370bf489c4a5582380e0d1a5d7a77f11f685a331e7dfad,pool1c0zg0udyxu9lfzwy54vz8q8q6xja0fmlz8mgtge3ul066ghduqc,342,https://koios.tosidrop.me/api/v1/pool_updates,2026-05-19T23:10:03+00:00
c3cd598b376a7c42300d9d054a1c8d1b92f4bdc1ce5bc9539246066d,pool1c0x4nzehdf7yyvqdn5z558ydrwf0f0wpeeduj5ujgcrx66xyvkl,287,https://koios.tosidrop.me/api/v1/pool_updates,2026-05-19T23:10:03+00:00
c3d50ed5a8a6d4d07bf00a1cecf4b494443f5c5faba1cbbfaa5e3e4d,pool1c02sa4dg5m2dq7lspgwwea95j3zr7hzl4wsuh0a2tcly60ua59n,209,https://koios.tosidrop.me/api/v1/pool_updates,2026-05-19T23:10:03+00:00
c3e7025ebae638e994c149e5703e82619b31897c9e1d64fc684f81c2,pool1c0nsyh46ucuwn9xpf8jhq05zvxdnrztuncwkflrgf7quyvh82q0,343,https://koios.tosidrop.me/api/v1/pool_updates,2026-05-19T23:10:03+00:00
c40d74b9a425a35c98a78f5ebbfd29ed8e1e22463e84535c23146a27,pool1csxhfwdyyk34ex983a0thlffak8pugjx86z9xhprz34zw7qmye2,287,https://koios.tosidrop.me/api/v1/pool_updates,2026-05-19T23:10:03+00:00
c41146c30ad7394e1ecb6e0c3bbde15b39bd2bd5b893c39073c658fb,pool1csg5dsc26uu5u8ktdcxrh00ptvum6274hzfu8yrncev0kg4jg5a,317,https://koios.tosidrop.me/api/v1/pool_updates,2026-05-19T23:10:03+00:00
c4526ea0f14dc331a75e5678f12a7e50edd81d4f83e904ca63630d33,pool1c3fxag83fhpnrf672eu0z2n72rkas820s05sfjnrvvxnx767mxh,304,https://koios.tosidrop.me/api/v1/pool_updates,2026-05-19T23:10:03+00:00
c45ff02e8559e129d3e87d47475a99e60dda5cb893e8681502c1ff34,pool1c30lqt59t8sjn5lg04r5wk5eucxa5h9cj05xs9gzc8lngl4cmta,628,https://koios.tosidrop.me/api/v1/pool_updates,2026-05-19T23:10:03+00:00
c4664460d0db6a82f2d6d3ff3accaddf35a3d43cd6e0b0c76c90763e,pool1c3nygcxsmd4g9ukk60ln4n9dmu6684pu6mstp3mvjpmruwm8hax,285,https://koios.tosidrop.me/api/v1/pool_updates,2026-05-19T23:10:03+00:00
c479f07a82b014d8fc08caa5f885bd39711df7027b64ac1c31dc083e,pool1c3ulq75zkq2d3lqge2jl3pda89c3macz0dj2c8p3msyrufhk3xf,266,https://koios.tosidrop.me/api/v1/pool_updates,2026-05-19T23:10:03+00:00
c4891c1594178d705eed3c77f5db2a826a7cc38f926420ac8fb3fc4f,pool1cjy3c9v5z7xhqhhd83mltke2sf48esu0jfjzpty0k07y78df42q,257,https://koios.tosidrop.me/api/v1/pool_updates,2026-05-19T23:10:03+00:00
c4c99a8a8534231877d874c26549922ec4ffeee39273ff5ad6ee3ccf,pool1cnye4z59xs33sa7cwnpx2jvj9mz0lmhrjfel7kkkac7v7z09jw2,277,https://koios.tosidrop.me/api/v1/pool_updates,2026-05-19T23:10:03+00:00
c4d2d75a48934f592da5823b2ba4ee0fbb6ad254e4bce23452090aaf,pool1cnfdwkjgjd84jtd9sgajhf8wp7ak45j5uj7wydzjpy927fj86xf,210,https://koios.tosidrop.me/api/v1/pool_updates,2026-05-19T23:10:03+00:00
c4d2d75a48934f592da5823b2ba4ee0fbb6ad254e4bce23452090aaf,pool1cnfdwkjgjd84jtd9sgajhf8wp7ak45j5uj7wydzjpy927fj86xf,211,https://koios.tosidrop.me/api/v1/pool_updates,2026-05-19T23:10:03+00:00
c513a2368930c45f3ffcabf555845b12d61e9b15c41ab1ecfc11cd16,pool1c5f6yd5fxrz970lu4064tpzmzttpaxc4csdtrm8uz8x3vtf9gua,340,https://koios.tosidrop.me/api/v1/pool_updates,2026-05-19T23:10:03+00:00
c51e4e6cb25065ad0740249c66eafa11e186120602aff1cdca53110a,pool1c50yum9j2pj66p6qyjwxd6h6z8scvysxq2hlrnw22vgs5rq2547,580,https://koios.tosidrop.me/api/v1/pool_updates,2026-05-19T23:10:03+00:00
c5293f2ba88ac474787358b9c2f4fae7b3c4408f79cdf89a12c9ece4,pool1c55n72ag3tz8g7rntzuu9a86u7eugsy008xl3xsje8kwgvz2vdz,513,https://koios.tosidrop.me/api/v1/pool_updates,2026-05-19T23:10:03+00:00
c53e699e47f32ecc50685a08b10885e492487ef4a7f181d06aa63249,pool1c5lxn8j87vhvc5rgtgytzzy9ujfyslh55lccr5r25ceyjxfdxav,319,https://koios.tosidrop.me/api/v1/pool_updates,2026-05-19T23:10:03+00:00
c543d69a39a14c7720c185e2a79c7649d2cab35912866a3e2dc96335,pool1c4padx3e59x8wgxpsh3208rkf8fv4v6ez2rx503de93n2jl0njw,262,https://koios.tosidrop.me/api/v1/pool_updates,2026-05-19T23:10:03+00:00
c548ffb862e41fec46a1254cf8cb8203bb138b6c6bd78f7db4b87de0,pool1c4y0lwrzus07c34py4x03juzqwa38zmvd0tc7ld5hp77qwpp5qe,247,https://koios.tosidrop.me/api/v1/pool_updates,2026-05-19T23:10:03+00:00
c5560c69f4f5528c100d2522c232ade42419284d2a07bd53ac9eb02f,pool1c4tqc60574fgcyqdy53vyv4dusjpj2zd9grm65avn6cz7equ0g6,620,https://koios.tosidrop.me/api/v1/pool_updates,2026-05-19T23:10:03+00:00
c55c541a9a5c60b42d533a3c04791c19e96b0ffa4056543489343497,pool1c4w9gx56t3stgt2n8g7qg7gur85kkrl6gpt9gdyfxs6fwwzfd48,277,https://koios.tosidrop.me/api/v1/pool_updates,2026-05-19T23:10:03+00:00
c5614c3437542b161859c94bf59147ac2f6c6c8e3435be3b1af04634,pool1c4s5cdph2s43vxzee99lty284shkcmywxs6muwc67prrga6eqe4,269,https://koios.tosidrop.me/api/v1/pool_updates,2026-05-19T23:10:03+00:00
c57f6a2569afdeadacdf2b6e1af924fa6d6100beca4bf1e95a999746,pool1c4lk5ftf4l02mtxl9dhp47fylfkkzq97ef9lr626nxt5v40z9fa,314,https://koios.tosidrop.me/api/v1/pool_updates,2026-05-19T23:10:03+00:00
c58cdddf6b551416bc8250cae1e9e47aeaecaa47f8aa09b29268a904,pool1ckxdmhmt252pd0yz2r9wr60y0t4we2j8lz4qnv5jdz5sgrxc3vn,520,https://koios.tosidrop.me/api/v1/pool_updates,2026-05-19T23:10:03+00:00
c5a9cd8af568e5b822549ec574abce5a20e018c94289c00434826085,pool1ck5umzh4drjmsgj5nmzhf27wtgswqxxfg2yuqpp5sfsg2man62w,211,https://koios.tosidrop.me/api/v1/pool_updates,2026-05-19T23:10:03+00:00
c5aefe9e3b48efccb2f856521983b4b2772b51ae9b418bcfe006edbd,pool1ckh0a83mfrhuevhc2efpnqa5kfmjk5dwndqchnlqqmkm62wd3ut,216,https://koios.tosidrop.me/api/v1/pool_updates,2026-05-19T23:10:03+00:00
c5c17e9e1e9fb8044b0215ce9b121f1b8a63723dbfa81c14b7a308ba,pool1chqha8s7n7uqgjczzh8fkyslrw9xxu3ah75pc99h5vyt5nnuvgg,294,https://koios.tosidrop.me/api/v1/pool_updates,2026-05-19T23:10:03+00:00
c5e74a2157b9c78c7c5333755b55732b45518941d2501bf7d74dea6d,pool1chn55g2hh8rcclznxd64k4tn9dz4rz2p6fgpha7hfh4x6pqufd6,216,https://koios.tosidrop.me/api/v1/pool_updates,2026-05-19T23:10:03+00:00
c6074d596a4d1629304bfd92715ec1677aeb378e4932723616d575f1,pool1ccr56kt2f5tzjvztlkf8zhkpvaawkduwfye8ydsk646lz0m4h5x,615,https://koios.tosidrop.me/api/v1/pool_updates,2026-05-19T23:10:03+00:00
c607db9cbf63c074824d7b061f3c4c73f2af55522b14c3752021d8c2,pool1ccrah89lv0q8fqjd0vrp70zvw0e2742j9v2vxafqy8vvya49vvx,261,https://koios.tosidrop.me/api/v1/pool_updates,2026-05-19T23:10:03+00:00
c608933bf59a48f75f78ddcce9bf5afcc68e4bb18f4921a15bb35803,pool1ccyfxwl4nfy0whmcmhxwn066lnrguja33ayjrg2mkdvqxkuzhne,472,https://koios.tosidrop.me/api/v1/pool_updates,2026-05-19T23:10:03+00:00
c612b7bef398998a91d6ac859b94659b95fb340db657f3eda62659f5,pool1ccft00hnnzvc4ywk4jzeh9r9nw2lkdqdketl8mdxyevl2c57l4q,277,https://koios.tosidrop.me/api/v1/pool_updates,2026-05-19T23:10:03+00:00
c61e2032aae2c704a588257345a7f38f26395aa9d00b450d74d122d1,pool1cc0zqv42utrsffvgy4e5tfln3unrjk4f6q952rt56y3dzmerptw,554,https://koios.tosidrop.me/api/v1/pool_updates,2026-05-19T23:10:03+00:00
c65a6561ab578bd07d88bc8b0461e84302a22ec8055ed31e835e89c9,pool1cedx2cdt279aqlvghj9sgc0ggvp2ytkgq40dx85rt6yuje6c4v7,382,https://koios.tosidrop.me/api/v1/pool_updates,2026-05-19T23:10:03+00:00
c65e074e2cdbcdc33dcfd5baa8c0c158f72e7802ae10f992bc4d586d,pool1ce0qwn3vm0xux0w06ka23sxptrmju7qz4cg0ny4uf4vx6srts85,373,https://koios.tosidrop.me/api/v1/pool_updates,2026-05-19T23:10:03+00:00
c66d63d07512b152cee2a5651ba44cb6187d0edc6107da96e938e4de,pool1cekk85r4z2c49nhz54j3hfzvkcv86rkuvyra49hf8rjdua0lk4f,292,https://koios.tosidrop.me/api/v1/pool_updates,2026-05-19T23:10:03+00:00
c67805bc8c0116d54ace2de9f82d86e5c9108ca98c94e139f8aba727,pool1ceuqt0yvqytd2jkw9h5lstvxuhy3pr9f3j2wzw0c4wnjwn5z26g,245,https://koios.tosidrop.me/api/v1/pool_updates,2026-05-19T23:10:03+00:00
c6f745cbfeb674f922d60527939b6893766f81bedd391330f3b1f365,pool1cmm5tjl7ke60jgkkq5ne8xmgjdmxlqd7m5u3xv8nk8ek2rt6my7,285,https://koios.tosidrop.me/api/v1/pool_updates,2026-05-19T23:10:03+00:00
c7013e0a9e0f04a0363998cac5db01f08aa466b755a1a91c42b4c4b3,pool1cuqnuz57puz2qd3enr9vtkcp7z92ge4h2ks6j8zzknztx3283q7,620,https://koios.tosidrop.me/api/v1/pool_updates,2026-05-19T23:10:03+00:00
c70d35ffc108348294aac06f8f2fc65eae8bef2c4723c535ebc0830a,pool1cuxntl7ppq6g9992cphc7t7xt6hghmevgu3u2d0tczps5hu6070,267,https://koios.tosidrop.me/api/v1/pool_updates,2026-05-19T23:10:03+00:00
c710ad7154ce5a6cbe3b39fdfd51aadae977fd949b8764fc07028709,pool1cug26u25eedxe03m887l65d2mt5h0lv5nwrkflq8q2rsjud3jqz,259,https://koios.tosidrop.me/api/v1/pool_updates,2026-05-19T23:10:03+00:00
c7211fc0d32e9498acd17c2e45f5a5e1ea7f483300b47f517db986ad,pool1cus3lsxn962f3tx30shytad9u8487jpnqz6875tahxr26waf2dv,449,https://koios.tosidrop.me/api/v1/pool_updates,2026-05-19T23:10:03+00:00
c72f8755b7953de18847af8148392c1cd7792993d2ae326bf210748d,pool1cuhcw4dhj577rzz847q5swfvrnthj2vn62hry6ljzp6g6v3ag77,622,https://koios.tosidrop.me/api/v1/pool_updates,2026-05-19T23:10:03+00:00
c73186434c6fc6676bd67304d34518fc6fd7d5eaddaf78641b1e7dcf,pool1cuccvs6vdlrxw67kwvzdx3gcl3ha0402mkhhseqmre7u7vdkwev,365,https://koios.tosidrop.me/api/v1/pool_updates,2026-05-19T23:10:03+00:00
c75ab358cffd860a0f29c4ce18f33c94ea37b99cb53c9d652e4fe4a5,pool1cadtxkx0lkrq5refcn8p3ueujn4r0wvuk57f6efwflj22gg0qqw,255,https://koios.tosidrop.me/api/v1/pool_updates,2026-05-19T23:10:03+00:00
c75b6e8a3ccca5195252e9e542ac5ba8e788c951faacbaba32cea5b6,pool1cadkaz3uejj3j5jja8j59tzm4rnc3j23l2kt4w3je6jmv8k095f,290,https://koios.tosidrop.me/api/v1/pool_updates,2026-05-19T23:10:03+00:00
c770bd2955a3e96ca2bdafc90fe7387ec1439f43f8b032a8149b52be,pool1cact6224505keg4a4lysleec0mq5886rlzcr92q5ndftuntfe0y,210,https://koios.tosidrop.me/api/v1/pool_updates,2026-05-19T23:10:03+00:00
c771938819c08a3b1924fe721bddcda9a451d48ef3f0834f2a90b59f,pool1cace8zqecz9rkxfyleephhwd4xj9r4yw70cgxne2jz6e7xusjcn,320,https://koios.tosidrop.me/api/v1/pool_updates,2026-05-19T23:10:03+00:00
c7778e4412d4bf5de88950dc0cf9e151cdd083274f5abd04c2991c97,pool1camcu3qj6jl4m6yf2rwqe70p28xapqe8fadt6pxznywfwdqj0gy,256,https://koios.tosidrop.me/api/v1/pool_updates,2026-05-19T23:10:03+00:00
c792e4c0af1a99a1505925ecebdbe9c45b8c613ca45beb416d898f59,pool1c7fwfs90r2v6z5zeyhkwhklfc3dcccfu53d7kstd3x84jurpy55,323,https://koios.tosidrop.me/api/v1/pool_updates,2026-05-19T23:10:03+00:00
c7a8577cf7fb9a89f3aff0c0e0010b2d2d355caa193f63f1c067d539,pool1c759wl8hlwdgnua07rqwqqgt95kn2h92rylk8uwqvl2njdnzgtw,334,https://koios.tosidrop.me/api/v1/pool_updates,2026-05-19T23:10:03+00:00
c7aa65ce5417d3b667c3661a5364cdf5101359b81323c3ef8ca555d5,pool1c74xtnj5zlfmve7rvcd9xexd75gpxkdczv3u8muv542a2qgth4x,254,https://koios.tosidrop.me/api/v1/pool_updates,2026-05-19T23:10:03+00:00
c7c165821808622fd0303b3fd580cf612742fe1a996b48f565a5376c,pool1clqktqscpp3zl5ps8vlatqx0vyn59ls6n9453at955mkcxx9kfv,210,https://koios.tosidrop.me/api/v1/pool_updates,2026-05-19T23:10:03+00:00
c7c165821808622fd0303b3fd580cf612742fe1a996b48f565a5376c,pool1clqktqscpp3zl5ps8vlatqx0vyn59ls6n9453at955mkcxx9kfv,215,https://koios.tosidrop.me/api/v1/pool_updates,2026-05-19T23:10:03+00:00
c7c1d13803c3f76e714ffa9423e0fc07dd25ca929f743b16afe26526,pool1clqazwqrc0mkuu20l22z8c8uqlwjtj5jna6rk940ufjjvqu0fka,286,https://koios.tosidrop.me/api/v1/pool_updates,2026-05-19T23:10:03+00:00
c7c1d13803c3f76e714ffa9423e0fc07dd25ca929f743b16afe26526,pool1clqazwqrc0mkuu20l22z8c8uqlwjtj5jna6rk940ufjjvqu0fka,430,https://koios.tosidrop.me/api/v1/pool_updates,2026-05-19T23:10:03+00:00
c7c7cfb729ad1ee342a7b831490b7052ab67b499b649f3f0d5e87fb5,pool1clruldef450wxs48hqc5jzms224k0dyekeyl8ux4aplm2e4gd9e,244,https://koios.tosidrop.me/api/v1/pool_updates,2026-05-19T23:10:03+00:00
c7cb0c4355e735c2843c0af609530869678e2bdbb1ae5e6a49ac162e,pool1cl9scs64uu6u9ppuptmqj5cgd9ncu27mkxh9u6jf4stzut9jxg2,251,https://koios.tosidrop.me/api/v1/pool_updates,2026-05-19T23:10:03+00:00
c7dbddd4aa121ae3ad9d279e9f1043c9cb0207d50dd0be87f472fe22,pool1cldam492zgdw8tvay70f7yzre89syp74phgtapl5wtlzylnd20a,210,https://koios.tosidrop.me/api/v1/pool_updates,2026-05-19T23:10:03+00:00
c7e98fc9f8ea7b216063b52ec60f5fb7d2cf957624b20220d89c741d,pool1cl5clj0cafajzcrrk5hvvr6lklfvl9tkyjeqygxcn36p6xs2m24,230,https://koios.tosidrop.me/api/v1/pool_updates,2026-05-19T23:10:03+00:00
c7fb4e697c06781937d8b5ee3741e4d6b32d7236852cd7c396462986,pool1cla5u6tuqeupjd7ckhhrws0y66ej6u3ks5kd0sukgc5cvrspdq0,275,https://koios.tosidrop.me/api/v1/pool_updates,2026-05-19T23:10:03+00:00
c8091a25943321a2cd223ff54436b7514464fcfc5990951941bc0c74,pool1eqy35fv5xvs69nfz8l65gd4h29zxfl8utxgf2x2phsx8gj5vv4n,382,https://koios.tosidrop.me/api/v1/pool_updates,2026-05-19T23:10:03+00:00
c80d3b1f64feed0697bb97c97867a63ff1c33cb8b472bc33fdfa457e,pool1eqxnk8mylmksd9amjlyhseax8lcux09ck3etcvlalfzhuu7qvzp,403,https://koios.tosidrop.me/api/v1/pool_updates,2026-05-19T23:10:03+00:00
c813e712570427da01eda8e76a699de34524f0907016c2667c5a3ee7,pool1eqf7wyjhqsna5q0d4rnk56vaudzjfuyswqtvyenutglwwhl4vt7,258,https://koios.tosidrop.me/api/v1/pool_updates,2026-05-19T23:10:03+00:00
c8567f630284a3efe9dc7677acb5ebcf394cb69f90756fb79004cde3,pool1ept87cczsj37l6wuwem6ed0teuu5ed5ljp6kldusqnx7xhsp02p,411,https://koios.tosidrop.me/api/v1/pool_updates,2026-05-19T23:10:03+00:00
c85e1a95f38a866b30e8e00c3018832ea0ee765b82c626780130b6fe,pool1ep0p490n32rxkv8guqxrqxyr96swuajmstrzv7qpxzm0uvypwnr,247,https://koios.tosidrop.me/api/v1/pool_updates,2026-05-19T23:10:03+00:00
c8610d46b10baa688f1945472221c14a28b62d9cb9246c84aff2506f,pool1epss6343pw4x3rceg4rjygwpfg5tvtvuhyjxep907fgx7ynq5et,211,https://koios.tosidrop.me/api/v1/pool_updates,2026-05-19T23:10:03+00:00
c8610d46b10baa688f1945472221c14a28b62d9cb9246c84aff2506f,pool1epss6343pw4x3rceg4rjygwpfg5tvtvuhyjxep907fgx7ynq5et,222,https://koios.tosidrop.me/api/v1/pool_updates,2026-05-19T23:10:03+00:00
c89501f87a5893dd43c270ec601a9fe905bb65429c09d8bb4b2f7ef8,pool1ez2sr7r6tzfa6s7zwrkxqx5layzmke2znsya3w6t9al0sv0332y,383,https://koios.tosidrop.me/api/v1/pool_updates,2026-05-19T23:10:03+00:00
c899274f5562793caae662e86b7e1b9022025b6fda1711abc2e333c6,pool1ezvjwn64vfune2hxvt5xklsmjq3qykm0mgt3r27zuveuvtehkdh,301,https://koios.tosidrop.me/api/v1/pool_updates,2026-05-19T23:10:03+00:00
c8a112cf336c9d2339a07b8de2d9ec5353852d8acb9128042d2e914f,pool1ezs39nendjwjxwdq0wx79k0v2dfc2tv2ewgjsppd96g57ke5x3l,481,https://koios.tosidrop.me/api/v1/pool_updates,2026-05-19T23:10:03+00:00
c8a1648c3fdc0b7d5cd877bad022fb48d619eb04f74c7ec87ba5a6fc,pool1ezskfrplms9h6hxcw7adqghmfrtpn6cy7ax8ajrm5kn0crvl6sn,327,https://koios.tosidrop.me/api/v1/pool_updates,2026-05-19T23:10:03+00:00
c8b9f43186ff7a30a400a37e81b677f71e88eaee90250cf9462abfc9,pool1ezulgvvxlaarpfqq5dlgrdnh7u0g36hwjqjse72x92luj3350fr,368,https://koios.tosidrop.me/api/v1/pool_updates,2026-05-19T23:10:03+00:00
c8d3b922eae9039c5dd479568d9d93b70d07723abd8863285577cd80,pool1erfmjgh2aypechw509tgm8vnkuxswu36hkyxx2z4wlxcqv7g4gq,551,https://koios.tosidrop.me/api/v1/pool_updates,2026-05-19T23:10:03+00:00
c8ee084a463b89a6e7fe9f2e35506dd98d09047ea6d29866375e363d,pool1erhqsjjx8wy6del7nuhr25rdmxxsjpr75mffse3htcmr670afhy,314,https://koios.tosidrop.me/api/v1/pool_updates,2026-05-19T23:10:03+00:00
c922da2949ca73c3300326dc5f9dc4cb39cf6c855ab8256dffdb9289,pool1ey3d522fefeuxvqrymw9l8wyevuu7my9t2uz2m0lmwfgjg060qr,257,https://koios.tosidrop.me/api/v1/pool_updates,2026-05-19T23:10:03+00:00
c92b4b0b58718c240b4d490e580d8ec2456db239e9d1191ac6dac651,pool1ey45kz6cwxxzgz6dfy89srvwcfzkmv3ea8g3jxkxmtr9zk5ayeu,306,https://koios.tosidrop.me/api/v1/pool_updates,2026-05-19T23:10:03+00:00
c92b4b0b58718c240b4d490e580d8ec2456db239e9d1191ac6dac651,pool1ey45kz6cwxxzgz6dfy89srvwcfzkmv3ea8g3jxkxmtr9zk5ayeu,308,https://koios.tosidrop.me/api/v1/pool_updates,2026-05-19T23:10:03+00:00
c92b4b0b58718c240b4d490e580d8ec2456db239e9d1191ac6dac651,pool1ey45kz6cwxxzgz6dfy89srvwcfzkmv3ea8g3jxkxmtr9zk5ayeu,309,https://koios.tosidrop.me/api/v1/pool_updates,2026-05-19T23:10:03+00:00
c92b4b0b58718c240b4d490e580d8ec2456db239e9d1191ac6dac651,pool1ey45kz6cwxxzgz6dfy89srvwcfzkmv3ea8g3jxkxmtr9zk5ayeu,312,https://koios.tosidrop.me/api/v1/pool_updates,2026-05-19T23:10:03+00:00
c92b4b0b58718c240b4d490e580d8ec2456db239e9d1191ac6dac651,pool1ey45kz6cwxxzgz6dfy89srvwcfzkmv3ea8g3jxkxmtr9zk5ayeu,328,https://koios.tosidrop.me/api/v1/pool_updates,2026-05-19T23:10:03+00:00
c92b4b0b58718c240b4d490e580d8ec2456db239e9d1191ac6dac651,pool1ey45kz6cwxxzgz6dfy89srvwcfzkmv3ea8g3jxkxmtr9zk5ayeu,356,https://koios.tosidrop.me/api/v1/pool_updates,2026-05-19T23:10:03+00:00
c94f514bf4a48c4da994f26bd326107a328783936fef8deddf91f360,pool1e984zjl55jxym2v57f4axfss0geg0qundlhcmmwlj8ekqrk5e62,597,https://koios.tosidrop.me/api/v1/pool_updates,2026-05-19T23:10:03+00:00
c95a180a1c502f2318cfd661762286591375ec1c46b42c748dcf8375,pool1e9dpszsu2qhjxxx06eshvg5xtyfhtmqug66zcayde7ph2a8t7d9,529,https://koios.tosidrop.me/api/v1/pool_updates,2026-05-19T23:10:03+00:00
c9972c7a43fb8848b959dbb1df410ef8479ccb505ef01d9d7a065951,pool1extjc7jrlwyy3w2emwca7sgwlpreej6stmcpm8t6qev4zq7qwxc,524,https://koios.tosidrop.me/api/v1/pool_updates,2026-05-19T23:10:03+00:00
c9a397b8aa1d963030999d4edfd0f809f290f9899c73dfa1ad3a6d70,pool1ex3e0w92rktrqvyen48dl58cp8efp7vfn3ealgdd8fkhqqychgd,482,https://koios.tosidrop.me/api/v1/pool_updates,2026-05-19T23:10:03+00:00
c9aa8e864d5cc292f0e93669a79b41d67f8ea62481a0d85b14bea386,pool1ex4gapjdtnpf9u8fxe560x6p6elcaf3ysxsdskc5h63cv0zq5cv,303,https://koios.tosidrop.me/api/v1/pool_updates,2026-05-19T23:10:03+00:00
c9b9cc57c0754f2764fac514449b282e7e9059395619a818b3000020,pool1exuuc47qw48jwe86c52yfxeg9elfqkfe2cv6sx9nqqqzq7jdpzm,331,https://koios.tosidrop.me/api/v1/pool_updates,2026-05-19T23:10:03+00:00
c9bc139d73045ba6c5b002ff88ea2a5854b3e783c468adb9250df917,pool1ex7p88tnq3d6d3dsqtlc3632tp2t8eurc352mwf9phu3w8n3vz7,610,https://koios.tosidrop.me/api/v1/pool_updates,2026-05-19T23:10:03+00:00
c9e19b2f592179a518eb816b184407abcadfcd23415db84da17d1b8b,pool1e8sekt6ey9u62x8ts943s3q8409dlnfrg9wmsndp05dck68qkd7,274,https://koios.tosidrop.me/api/v1/pool_updates,2026-05-19T23:10:03+00:00
c9e3efb5bf364b63b9bec0ac6d3b6928070cc05a268083a2544f1bb6,pool1e837lddlxe9k8wd7czkx6wmf9qrsesz6y6qg8gj5fudmv9yg7h6,243,https://koios.tosidrop.me/api/v1/pool_updates,2026-05-19T23:10:03+00:00
c9ee494fe00ee83f3b3419496d4df6e5dfff24ae53424f86fae564b8,pool1e8hyjnlqpm5r7we5r9yk6n0kuh0l7f9w2dpylph6u4jtsstntgx,233,https://koios.tosidrop.me/api/v1/pool_updates,2026-05-19T23:10:03+00:00
c9ee494fe00ee83f3b3419496d4df6e5dfff24ae53424f86fae564b8,pool1e8hyjnlqpm5r7we5r9yk6n0kuh0l7f9w2dpylph6u4jtsstntgx,236,https://koios.tosidrop.me/api/v1/pool_updates,2026-05-19T23:10:03+00:00
c9f71a564b467ef8cfd931f584d412f2c1fbcad73bc5ae9b26706fa1,pool1e8m354jtgel03n7ex86cf4qj7tqlhjkh80z6axexwph6zz0m6l5,222,https://koios.tosidrop.me/api/v1/pool_updates,2026-05-19T23:10:03+00:00
ca1f895843d2059dda81dd952847846d841375cec7426371ebb945ad,pool1eg0cjkzr6gzemk5pmk2js3uydkzpxawwcapxxu0th9z66eyhf20,372,https://koios.tosidrop.me/api/v1/pool_updates,2026-05-19T23:10:03+00:00
ca2c7abdcdfd4f2e085b8078e979c0fbdbde38c0ce81f3520c9831eb,pool1egk840wdl48juzzmspuwj7wql0dauwxqe6qlx5svnqc7kvz46a3,263,https://koios.tosidrop.me/api/v1/pool_updates,2026-05-19T23:10:03+00:00
ca3335a15c84b2f19f228dafd1799565102b8573ecbb0ef621b32471,pool1egentg2usje0r8ez3khaz7v4v5gzhptnajasaa3pkvj8zqang5d,504,https://koios.tosidrop.me/api/v1/pool_updates,2026-05-19T23:10:03+00:00
ca448970424b043bdf1ab389103a1d401ee2b9ad75bc36e90424804b,pool1efzgjuzzfvzrhhc6kwy3qwsagq0w9wddwk7rd6gyyjqykqlrjlx,295,https://koios.tosidrop.me/api/v1/pool_updates,2026-05-19T23:10:03+00:00
ca485536f114368e1cd0de97a6411a8e3aa6f751ab9fde958498ccab,pool1efy92dh3zsmgu8xsm6t6vsg63ca2da634w0aa9vynrx2k83988u,284,https://koios.tosidrop.me/api/v1/pool_updates,2026-05-19T23:10:03+00:00
ca485536f114368e1cd0de97a6411a8e3aa6f751ab9fde958498ccab,pool1efy92dh3zsmgu8xsm6t6vsg63ca2da634w0aa9vynrx2k83988u,289,https://koios.tosidrop.me/api/v1/pool_updates,2026-05-19T23:10:03+00:00
ca599df54182962bb2c1420ad2cbdc10e3df7c4c2afac18e810e7035,pool1efvema2ps2tzhvkpgg9d9j7uzr3a7lzv9tavrr5ppecr28gr4kd,328,https://koios.tosidrop.me/api/v1/pool_updates,2026-05-19T23:10:03+00:00
ca7045698268675561f5513e49ecd4d1f6fc413fcd08cb73778b2869,pool1efcy26vzdpn42c042ylynmx568m0csfle5yvkumh3v5xjhdraxk,322,https://koios.tosidrop.me/api/v1/pool_updates,2026-05-19T23:10:03+00:00
ca9c75c6fcc62974ddc7b687a2e471252c0815b22f37aa7e80cc7a75,pool1e2w8t3hucc5hfhw8k6r69er3y5kqs9dj9um65l5qe3a82nl25zn,261,https://koios.tosidrop.me/api/v1/pool_updates,2026-05-19T23:10:03+00:00
cadd685836f436c085708b5ee1900435b6ae36caed404d6736a69077,pool1etwkskpk7smvppts3d0wryqyxkm2udk2a4qy6eek56g8w6auw38,314,https://koios.tosidrop.me/api/v1/pool_updates,2026-05-19T23:10:03+00:00
cae61d60380e5a5ee35ebbac9935653c4adb8e4d7f5edea4b07421de,pool1etnp6cpcped9ac67hwkfjdt9839dhrjd0a0daf9swssaush04j7,289,https://koios.tosidrop.me/api/v1/pool_updates,2026-05-19T23:10:03+00:00
caebafdaafca75851180683996849bea285597dc31cf20a3d20d1db4,pool1et46lk40ef6c2yvqdquedpymag59t97ux88jpg7jp5wmgkdydhs,251,https://koios.tosidrop.me/api/v1/pool_updates,2026-05-19T23:10:03+00:00
caf8502f66536e95138fbf23c14abde1d13090d4aef52b9287f682e8,pool1etu9qtmx2dhf2yu0hu3uzj4au8gnpyx54m6jhy5876pwsulrcmc,580,https://koios.tosidrop.me/api/v1/pool_updates,2026-05-19T23:10:03+00:00
cb23e1637e8e54bf76eb923236544bb4e7e9623103827af623722276,pool1ev37zcm73e2t7ahtjgerv4ztknn7jc33qwp84a3rwg38v32atuy,296,https://koios.tosidrop.me/api/v1/pool_updates,2026-05-19T23:10:03+00:00
cb3e1428aa4d240ca528edfd992d6509b47335849a91f0d70e5b0ffd,pool1evlpg292f5jqeffgah7ejtt9px68xdvyn2glp4cwtv8l6mgu6qe,442,https://koios.tosidrop.me/api/v1/pool_updates,2026-05-19T23:10:03+00:00
cb47d5fc20c406149d5e850fd2fa03a88270c60aef3dd6d224ae772a,pool1edratlpqcsrpf827s58a97sr4zp8p3s2au7ad53y4emj5c8evhc,349,https://koios.tosidrop.me/api/v1/pool_updates,2026-05-19T23:10:03+00:00
cb6ee40a5af7879209bfd94e18fce1120efe72884fafb4bb9089dc88,pool1edhwgzj677reyzdlm98p3l8pzg80uu5gf7hmfwus38wgs3vjkzj,269,https://koios.tosidrop.me/api/v1/pool_updates,2026-05-19T23:10:03+00:00
cb9a5414581696cf9176787e99472790355a7de61d67a5643da95a86,pool1ewd9g9zcz6tvlytk0plfj3e8jq645l0xr4n62epa49dgv9h43an,581,https://koios.tosidrop.me/api/v1/pool_updates,2026-05-19T23:10:03+00:00
cba1419077fd3a23e5036727a3994e6dd0c5dcd259bdb89df6863431,pool1ews5ryrhl5az8egrvun68x2wdhgvthxjtx7m380ksc6rzxkqz2f,564,https://koios.tosidrop.me/api/v1/pool_updates,2026-05-19T23:10:03+00:00
cba37cf4d772219176aa81422758beca40128353d0fa594635e72824,pool1ew3heaxhwgseza42s9pzwk97efqp9q6n6ra9j334uu5zggdzrsm,256,https://koios.tosidrop.me/api/v1/pool_updates,2026-05-19T23:10:03+00:00
cbd910f09f2c4f4804eeed10003da6dc8be4970950eaec93b7d76fc6,pool1e0v3puyl9385sp8wa5gqq0dxmj97f9cf2r4weyah6ahuvxenhhy,276,https://koios.tosidrop.me/api/v1/pool_updates,2026-05-19T23:10:03+00:00
cc06dfc772a853fc79e150cd458c4553d876d7c5d6f575100e082253,pool1esrdl3mj4pflc70p2rx5trz920v8d4796m6h2yqwpq39x5dmmxg,441,https://koios.tosidrop.me/api/v1/pool_updates,2026-05-19T23:10:03+00:00
cc0b50a861d794e57f6ca44f9c4d855a63a3da59f2f68f331df50516,pool1es94p2rp672w2lmv538ecnv9tf368kje7tmg7vca75z3vazs34z,268,https://koios.tosidrop.me/api/v1/pool_updates,2026-05-19T23:10:03+00:00
cc1008a2bff95e4fa408a8d8d4adfac342120307e0fb3c713fce8834,pool1esgq3g4ll90ylfqg4rvdft06cdppyqc8urancufle6yrgpp5grw,401,https://koios.tosidrop.me/api/v1/pool_updates,2026-05-19T23:10:03+00:00
cc268e389b1986b083918dccb042047380d4f4b7276c793aca0b630a,pool1esnguwymrxrtpqu33hxtqssywwqdfa9hyak8jwk2pd3s5qhytda,319,https://koios.tosidrop.me/api/v1/pool_updates,2026-05-19T23:10:03+00:00
cc2aee99cddb84a4b0d6543147f306ea7c38e4161a6e61f8f5758b70,pool1es4waxwdmwz2fvxk2sc50ucxaf7r3eqkrfhxr784wk9hql6x8xf,392,https://koios.tosidrop.me/api/v1/pool_updates,2026-05-19T23:10:03+00:00
cc3bf31353e971540a284bb7da30cfaac4b0d4138e03bbdf85013eca,pool1esalxy6na9c4gz3gfwma5vx04tztp4qn3cpmhhu9qylv56pdsa3,285,https://koios.tosidrop.me/api/v1/pool_updates,2026-05-19T23:10:03+00:00
cc47c16c8ec68b83ee9130cf4fc98c1d146c8a8b7999154e30ffdee0,pool1e3ruzmywc69c8m53xr85ljvvr52xez5t0xv32n3sll0wq4m5w8p,263,https://koios.tosidrop.me/api/v1/pool_updates,2026-05-19T23:10:03+00:00
cc570ec014e635ab80a591d507b0545e073f5e8c8c012e7de99c052c,pool1e3tsasq5uc66hq99j82s0vz5tcrn7h5v3sqjul0fnszjc642vna,217,https://koios.tosidrop.me/api/v1/pool_updates,2026-05-19T23:10:03+00:00
cc61fcd0fcb79ef8547f7c6809c3134e194e7cddbd77e3a8a00e192e,pool1e3sle58uk700s4rl035qnscnfcv5ulxah4m7829qpcvjudc9k8a,321,https://koios.tosidrop.me/api/v1/pool_updates,2026-05-19T23:10:03+00:00
cc7a01f31985bdbea49e87e9308a18d5318254c911f0b5289e763bd5,pool1e3aqrucesk7mafy7sl5npzsc65ccy4xfz8ct22y7wcaa2jpmhul,339,https://koios.tosidrop.me/api/v1/pool_updates,2026-05-19T23:10:03+00:00
cc95a9accad7c4ab3ffd460183b9c5410787d5136485a401bfb92878,pool1ej26ntx26lz2k0lagcqc8ww9gyrc04gnvjz6gqdlhy58sg5yfwa,314,https://koios.tosidrop.me/api/v1/pool_updates,2026-05-19T23:10:03+00:00
cc9adab1735df4df222386cc3d9ce6bc4a8571e836a4d0c29eb28e36,pool1ejdd4vtnth6d7g3rsmxrm88xh39g2u0gx6jdps57k28rv7j9kup,234,https://koios.tosidrop.me/api/v1/pool_updates,2026-05-19T23:10:03+00:00
ccd49f727e6447225c16ca0fe6abd3642d4e8e736768b11a275bfe16,pool1en2f7un7v3rjyhqkeg87d27nvsk5arnnva5tzx38t0lpv7hercz,296,https://koios.tosidrop.me/api/v1/pool_updates,2026-05-19T23:10:03+00:00
ccfe3b2bf890e443a0ad45fb8a2f81418b5c322133f7088639f6c1d0,pool1enlrk2lcjrjy8g9dghac5tupgx94cv3px0ms3p3e7mqaq70rlqw,402,https://koios.tosidrop.me/api/v1/pool_updates,2026-05-19T23:10:03+00:00
cd1b4dea8906ce48983b0eea7187e497ad63081985bcc93d8d468f4f,pool1e5d5m65fqm8y3xpmpm48rplyj7kkxzqesk7vj0vdg685734fgly,299,https://koios.tosidrop.me/api/v1/pool_updates,2026-05-19T23:10:03+00:00
cd4e5544ade6727692d2f6646f377d1416e9e89a724d87da5d33a97b,pool1e489239duee8dykj7ejx7dmazstwn6y6wfxc0kjaxw5hke5j4nv,528,https://koios.tosidrop.me/api/v1/pool_updates,2026-05-19T23:10:03+00:00
cd596bbfcb5cc46005fa340eb1046b40d1c49aeaadf03f6b700fbec1,pool1e4vkh07ttnzxqp06xs8tzprtgrgufxh24hcr76msp7lvzxymhxk,458,https://koios.tosidrop.me/api/v1/pool_updates,2026-05-19T23:10:03+00:00
cd6f7228b61997b642bea6c8381b9d9c69f51e162458af1985ec32be,pool1e4hhy29krxtmvs475myrsxuan35l28sky3v27xv9asetum0tv8p,506,https://koios.tosidrop.me/api/v1/pool_updates,2026-05-19T23:10:03+00:00
cd95ba0b846830803230a6ff7a51633a03ed1386cd6f2ac3c659bb22,pool1ek2m5zuydqcgqv3s5mlh55tr8gp76yuxe4hj4s7xtxajyc94rx3,228,https://koios.tosidrop.me/api/v1/pool_updates,2026-05-19T23:10:03+00:00
cd95ba0b846830803230a6ff7a51633a03ed1386cd6f2ac3c659bb22,pool1ek2m5zuydqcgqv3s5mlh55tr8gp76yuxe4hj4s7xtxajyc94rx3,232,https://koios.tosidrop.me/api/v1/pool_updates,2026-05-19T23:10:03+00:00
cd987d3271b6e8be532b9967fe7e9c1329957c2c5ee8e2cabb2cdc91,pool1ekv86vn3km5tu5etn9nlul5uzv5e2lpvtm5w9j4m9nwfzvuslfh,330,https://koios.tosidrop.me/api/v1/pool_updates,2026-05-19T23:10:03+00:00
cdae4a1a08974113e77ea332cb1da97d9e3fca5cf797f9394739214b,pool1ekhy5xsgjaq38em75vevk8df0k0rljju77tljw288ys5kumqce5,422,https://koios.tosidrop.me/api/v1/pool_updates,2026-05-19T23:10:03+00:00
cdae4a1a08974113e77ea332cb1da97d9e3fca5cf797f9394739214b,pool1ekhy5xsgjaq38em75vevk8df0k0rljju77tljw288ys5kumqce5,435,https://koios.tosidrop.me/api/v1/pool_updates,2026-05-19T23:10:03+00:00
cdb3c08deb2ee0ac95aa5ddcbfba9b397905bc88bcf229f12fc4f41d,pool1ekeupr0t9ms2e9d2thwtlw5m89ust0yghneznuf0cn6p6c79ct3,420,https://koios.tosidrop.me/api/v1/pool_updates,2026-05-19T23:10:03+00:00
ce00b3b376df15b5e41fb60dfab3570be6816d0136ada7055709d68e,pool1ecqt8vmkmu2mteqlkcxl4v6hp0ngzmgpx6k6wp2hp8tguq88u4l,622,https://koios.tosidrop.me/api/v1/pool_updates,2026-05-19T23:10:03+00:00
ce2e5bbae0caa514670d63cfdad3123a5d32cf7c37df87add5a0f75f,pool1ech9hwhqe2j3gecdv08a45cj8fwn9nmuxl0c0tw45rm47hluyng,218,https://koios.tosidrop.me/api/v1/pool_updates,2026-05-19T23:10:03+00:00
ce2fd1cc0047a9c566a681be77cc6f83d6dec1f230c1c6e3a05ebd75,pool1echarnqqg75u2e4xsxl80nr0s0tdas0jxrqudcaqt67h2l8vs7a,273,https://koios.tosidrop.me/api/v1/pool_updates,2026-05-19T23:10:03+00:00
ce31b8c72ee3e53fead0c2f55706e28be963881fd2debb9f3d062fcf,pool1eccm33ewu0jnl6ksct64wphz305k8zql6t0th8eaqchu7z7254t,249,https://koios.tosidrop.me/api/v1/pool_updates,2026-05-19T23:10:03+00:00
ce34ae387a5da86c8c45abb424eb42936abbf50f290039b27ac4d21e,pool1ec62uwr6tk5xerz94w6zf66zjd4thag09yqrnvn6cnfpu6065va,382,https://koios.tosidrop.me/api/v1/pool_updates,2026-05-19T23:10:03+00:00
ce387153282aced87eec39c24a7fe7829be859e643458a79a30c83cc,pool1ecu8z5eg9t8dslhv88py5ll8s2d7sk0xgdzc57drpjpuclj8tek,246,https://koios.tosidrop.me/api/v1/pool_updates,2026-05-19T23:10:03+00:00
ce58fef993bf6cb1959ee10dde2a24edd44c64515795514bd6a4fe89,pool1eev0a7vnhaktr9v7uyxau23yah2ycez32724zj7k5nlgjayzvt9,276,https://koios.tosidrop.me/api/v1/pool_updates,2026-05-19T23:10:03+00:00
ce5ff4ab4dd7e96d6a063c446c8fc918f763037e8bd32bf04186392b,pool1ee0lf26d6l5k66sx83zxer7frrmkxqm730fjhuzpscujkuaa6vc,252,https://koios.tosidrop.me/api/v1/pool_updates,2026-05-19T23:10:03+00:00
ce68e9ccd4c5a706df656e063b01eccf7adbc198eb186745739a7ac1,pool1ee5wnnx5cknsdhm9dcrrkq0veaadhsvcavvxw3tnnfavz6z60q8,213,https://koios.tosidrop.me/api/v1/pool_updates,2026-05-19T23:10:03+00:00
ceb080594887a3d76af9b06ab41878c5e16ebce3c2adc2437cb123dc,pool1e6cgqk2gs73aw6hekp4tgxrcchska08rc2kuysmuky3acyp5yn8,292,https://koios.tosidrop.me/api/v1/pool_updates,2026-05-19T23:10:03+00:00
ceb171ac6a0d0986043c266263a88b09ea4c39e1cc342dd9c5f2b811,pool1e6chrtr2p5ycvppuye3x82ytp84ycw0pes6zmkw972upz3g8wms,364,https://koios.tosidrop.me/api/v1/pool_updates,2026-05-19T23:10:03+00:00
cec5b8df6273a894f80053c87305cb4b6c69bdedb5e617f043804bbf,pool1emzm3hmzww5ff7qq20y8xpwtfdkxn00dkhnp0uzrsp9m778ectu,357,https://koios.tosidrop.me/api/v1/pool_updates,2026-05-19T23:10:03+00:00
cec7368b126aa4183e42459bad6437103bce8c25a703d59fc977a7e6,pool1emrndzcjd2jps0jzgkd66ephzqauarp95upat87fw7n7vnknwu2,275,https://koios.tosidrop.me/api/v1/pool_updates,2026-05-19T23:10:03+00:00
cecea77f99c1bc309e9248e264a118b3e55ae6a4044b80dbebd2db86,pool1em82wluecx7rp85jfr3xfggck0j44e4yq39cpklt6tdcvngjds7,316,https://koios.tosidrop.me/api/v1/pool_updates,2026-05-19T23:10:03+00:00
cefc7f988d848f6cb8bc92fbfb3184a5d669566e4d1b6a978e8b082d,pool1em78lxydsj8kew9ujtalkvvy5htxj4nwf5dk49uw3vyz6m4efjs,389,https://koios.tosidrop.me/api/v1/pool_updates,2026-05-19T23:10:03+00:00
cf2b0acb72eecb56a05ba6b79922d4b47fedfb93b168a2eb1e5fa260,pool1eu4s4jmjam94dgzm56mejgk5k3l7m7unk95296c7t73xqgp6kfr,580,https://koios.tosidrop.me/api/v1/pool_updates,2026-05-19T23:10:03+00:00
cf3f861bf28042093385dc05764593a4b1de80e041aeea503e8548b3,pool1eulcvxljsppqjvu9mszhv3vn5jcaaq8qgxhw55p7s4ytx7ajnaf,312,https://koios.tosidrop.me/api/v1/pool_updates,2026-05-19T23:10:03+00:00
cf4211dfdc208e92bf7d4ace35594c8f75223287cf56820a3f824604,pool1eapprh7uyz8f90maft8r2k2v3a6jyv58eatgyz3lsfrqggkc8fq,472,https://koios.tosidrop.me/api/v1/pool_updates,2026-05-19T23:10:03+00:00
cf4bb687f9bfcd905d87e98bf6de3a47d6006fbec531b8be4e7946a2,pool1ea9mdplehlxeqhv8ax9ldh36gltqqma7c5cm30jw09r2y30646r,266,https://koios.tosidrop.me/api/v1/pool_updates,2026-05-19T23:10:03+00:00
cf4bb687f9bfcd905d87e98bf6de3a47d6006fbec531b8be4e7946a2,pool1ea9mdplehlxeqhv8ax9ldh36gltqqma7c5cm30jw09r2y30646r,285,https://koios.tosidrop.me/api/v1/pool_updates,2026-05-19T23:10:03+00:00
cf5d7e0cd794e1fac808633f589070b6e37e062b5107aad612b7b769,pool1eawhurxhjnsl4jqgvvl43yrskm3hup3t2yr644sjk7mkjgrg4l7,251,https://koios.tosidrop.me/api/v1/pool_updates,2026-05-19T23:10:03+00:00
cfa696baeec47a739d9ed9051373f6c1b82f96c5200eae36a0442175,pool1e7nfdwhwc3a888v7myz3xulkcxuzl9k9yq82ud4qgssh2hw2wj9,394,https://koios.tosidrop.me/api/v1/pool_updates,2026-05-19T23:10:03+00:00
cfabe91bf845502f3d91d45d08079f83a129f0fc8581c34eea9a2057,pool1e747jxlcg4gz70v363wsspulswsjnu8uskquxnh2ngs9ww2q6tw,281,https://koios.tosidrop.me/api/v1/pool_updates,2026-05-19T23:10:03+00:00
cfb1908c018026ac5cbda197e25ba669d53aa3a6a9f5204a656386f1,pool1e7ceprqpsqn2ch9a5xt7ykaxd82n4gax486jqjn9vwr0zep8uws,261,https://koios.tosidrop.me/api/v1/pool_updates,2026-05-19T23:10:03+00:00
cfb33e2a5717c5a3dfff4c2eb629f682f2c50db6ae2aa604596de62e,pool1e7enu2jhzlz68hllfshtv20kstev2rdk4c42vpzedhnzu8p4r8j,220,https://koios.tosidrop.me/api/v1/pool_updates,2026-05-19T23:10:03+00:00
cfbee6efbab66ac5ae9b5a27e570d856ba2f0bd6c84fc36316933df8,pool1e7lwdma6ke4vtt5mtgn72uxc26az7z7kep8uxcckjv7lseltjve,230,https://koios.tosidrop.me/api/v1/pool_updates,2026-05-19T23:10:03+00:00
cfc59153a9edf2fcf466bbdea00b98e6ff44344864ac04e9c19e0134,pool1elzez5afahe0earxh002qzucuml5gdzgvjkqf6wpncqnga4j4j0,313,https://koios.tosidrop.me/api/v1/pool_updates,2026-05-19T23:10:03+00:00
cfd262b1ab70425788ffd7bfdd1a2fa63b66f85057cc637365edce16,pool1elfx9vdtwpp90z8l67la6x305cakd7zs2lxxxum9ah8pvkd4v5z,215,https://koios.tosidrop.me/api/v1/pool_updates,2026-05-19T23:10:03+00:00
cfe2c2e4fc2891e7855c674ebe70c2492eaf095557c64938e0e3440e,pool1el3v9e8u9zg70p2uva8tuuxzfyh27z242lryjw8qudzqum80p2e,217,https://koios.tosidrop.me/api/v1/pool_updates,2026-05-19T23:10:03+00:00
cfe78debc9c76e8e1b91fd27efc07ea26803967c7bcd0ed3a4a78274,pool1elncm67fcahguxu3l5n7lsr75f5q89nu00xsa5ay57p8gypxyuc,346,https://koios.tosidrop.me/api/v1/pool_updates,2026-05-19T23:10:03+00:00
cfe83240dd1eb92bac3d739b2550be334f4bb7e4fc11d7f5faeb8769,pool1el5rysxar6ujhtpawwdj2597xd85hdlylsga0a06awrkjyzuzvv,212,https://koios.tosidrop.me/api/v1/pool_updates,2026-05-19T23:10:03+00:00
cfe8efd56e6c4e564f1f11eae0d4141deb8433f2992d4e4c9a9afb40,pool1el5wl4twd389vnclz84wp4q5rh4cgvljnyk5uny6nta5qqf62ce,606,https://koios.tosidrop.me/api/v1/pool_updates,2026-05-19T23:10:03+00:00
cfeeecc93fbc9fa7baf03d55aaf816a3d239663a6eb46f8402637daf,pool1elhwejflhj060whs842647qk50frje36d66xlpqzvd767xvqk6t,306,https://koios.tosidrop.me/api/v1/pool_updates,2026-05-19T23:10:03+00:00
cff9cbd6f3fe595d9caae2159bb270616a02cf3cd39f6b5034f56d1e,pool1eluuh4hnlev4m892ug2ehvnsv94q9neu6w0kk5p574k3utjhrla,279,https://koios.tosidrop.me/api/v1/pool_updates,2026-05-19T23:10:03+00:00
cffdca6e02fcd1c2c3b90f7bbb3efb6764a5eb334dcc4a7ddf68bd3e,pool1el7u5mszlngu9saepaamk0hmvaj2t6enfhxy5lwldz7nusg54f3,260,https://koios.tosidrop.me/api/v1/pool_updates,2026-05-19T23:10:03+00:00
d002f7cf52b5b4924224b95ec08d90e1c785daf5be202f209d06c09a,pool16qp00n6jkk6fys3yh90vprvsu8rctkh4hcsz7gyaqmqf58296hl,230,https://koios.tosidrop.me/api/v1/pool_updates,2026-05-19T23:10:03+00:00
d010c96871731a87aaf95dc75539e689cd6716100369bbf3250e5afe,pool16qgvj6r3wvdg02hethr42w0x38xkw9ssqd5mhue9ped0uxts5u3,531,https://koios.tosidrop.me/api/v1/pool_updates,2026-05-19T23:10:03+00:00
d012e2cf4253c306b8babdcdd8f792371d8052faa4fff12e0d8ef131,pool16qfw9n6z20psdw96hhxa3aujxuwcq5h65nllztsd3mcnzflrpm8,253,https://koios.tosidrop.me/api/v1/pool_updates,2026-05-19T23:10:03+00:00
d01379b3dc768ece2a25f2c20b6b434d79dcd9bb16b1645e9a62d500,pool16qfhnv7uw68vu2397tpqk66rf4uaekdmz6ckgh56vt2sqn44jya,266,https://koios.tosidrop.me/api/v1/pool_updates,2026-05-19T23:10:03+00:00
d01a7310556c271450466996c1aa91e1e41278d89d78b2b0aae214f4,pool16qd8xyz4dsn3g5zxdxtvr253u8jpy7xcn4ut9v92ug20gegt55h,237,https://koios.tosidrop.me/api/v1/pool_updates,2026-05-19T23:10:03+00:00
d026c269eea21d619fc0207ae548689b5637e36eef19a7ed41a7cc20,pool16qnvy60w5gwkr87qypaw2jrgndtr0cmwauv60m2p5lxzq5akftk,239,https://koios.tosidrop.me/api/v1/pool_updates,2026-05-19T23:10:03+00:00
d033770dc9259350ca3de7612b9cb4e62ee576bfe48828e0866f4ba4,pool16qehwrwfykf4pj3auasjh895uchw2a4lujyz3cyxda96g523wkl,303,https://koios.tosidrop.me/api/v1/pool_updates,2026-05-19T23:10:03+00:00
d03dfd66fa5560fa43c8fc524f76299d05102f6a297e2fba2bfa5b9a,pool16q7l6eh624s05s7gl3fy7a3fn5z3qtm299lzlw3tlfde5p9c32s,300,https://koios.tosidrop.me/api/v1/pool_updates,2026-05-19T23:10:03+00:00
d0507160a231932b401c64a1afc8dc21e682993e2e6c0cdba129fa77,pool16pg8zc9zxxfjksquvjs6ljxuy8ng9xf79ekqekap98a8wjzuttg,367,https://koios.tosidrop.me/api/v1/pool_updates,2026-05-19T23:10:03+00:00
d05ef48821fb07d5f2e8c49805ed8992fe660e9934cbbeeee39c0e67,pool16p00fzpplvratuhgcjvqtmvfjtlxvr5exn9mamhrns8xwp76wnt,225,https://koios.tosidrop.me/api/v1/pool_updates,2026-05-19T23:10:03+00:00
d05ef48821fb07d5f2e8c49805ed8992fe660e9934cbbeeee39c0e67,pool16p00fzpplvratuhgcjvqtmvfjtlxvr5exn9mamhrns8xwp76wnt,231,https://koios.tosidrop.me/api/v1/pool_updates,2026-05-19T23:10:03+00:00
d05fbfedfdc4a3367ea437273ecd2f4cb2eb7b8d969dbb058ce07b44,pool16p0mlm0acj3nvl4yxunnanf0fjewk7udj6wmkpvvupa5grx344k,396,https://koios.tosidrop.me/api/v1/pool_updates,2026-05-19T23:10:03+00:00
d06d19e148f50ef63b839f97a02648cf9f8c1c9f602cb7e26284ecbc,pool16pk3nc2g7580vwurn7t6qfjge70cc8ylvqkt0cnzsnktc5j38qp,304,https://koios.tosidrop.me/api/v1/pool_updates,2026-05-19T23:10:03+00:00
d073c1c581df6dac53c5c9b0307369116a7d09b4d4190bb71fb8f31c,pool16peur3vpmak6c579excrqumfz9486zd56svshdclhre3cv5z848,336,https://koios.tosidrop.me/api/v1/pool_updates,2026-05-19T23:10:03+00:00
d075c7836424da4033125d3fc30876f4e649da9ac48cd6e6e7a7d7ea,pool16p6u0qmyyndyqvcjt5luxzrk7nnynk56cjxddeh85lt753tach8,259,https://koios.tosidrop.me/api/v1/pool_updates,2026-05-19T23:10:03+00:00
d07cbd3c49635bdafebeb5e0d2c9ce8089031b2da3fe6323daf8b846,pool16p7t60zfvdda4l47khsd9jwwszysxxed50lxxg76lzuyvqg26nm,450,https://koios.tosidrop.me/api/v1/pool_updates,2026-05-19T23:10:03+00:00
d08c0687519e46160ee564e05491de861f3b14aa15193b82da68b7e4,pool16zxqdp63nerpvrh9vns9fyw7sc0nk992z5vnhqk6dzm7gwmkvjs,237,https://koios.tosidrop.me/api/v1/pool_updates,2026-05-19T23:10:03+00:00
d0bc68eb83d85aace04d977e3bf370fb5625e445235be987429cf5c8,pool16z7x36urmpd2eczdjalrhumsldtztez9ydd7np6znn6ussjdkxq,214,https://koios.tosidrop.me/api/v1/pool_updates,2026-05-19T23:10:03+00:00
d0cb7f2af246ab86298286cdb59bf47adc3b6a1621727f9dd3ba0736,pool16r9h72hjg64cv2vzsmxmtxl50twrk6sky9e8l8wnhgrnv09yrns,367,https://koios.tosidrop.me/api/v1/pool_updates,2026-05-19T23:10:03+00:00
d0cdb84791e3620f06b770bc632502a9ecc3aa3c3156aecc9d593ddb,pool16rxms3u3ud3q7p4hwz7xxfgz48kv823ux9t2anyaty7akm0mtjx,248,https://koios.tosidrop.me/api/v1/pool_updates,2026-05-19T23:10:03+00:00
d0d16de348779cff71a27a04be0aa2636bd1cdd8b477b685e8f5c0d9,pool16rgkmc6gw7w07udz0gztuz4zvd4arnwck3mmdp0g7hqdjnzf6fn,366,https://koios.tosidrop.me/api/v1/pool_updates,2026-05-19T23:10:03+00:00
d0d8e5c2dfb06296b20071fd7365224d13d6e79cdfa4510d4ed315b4,pool16rvwtsklkp3fdvsqw87hxefzf5fadeuum7j9zr2w6v2mgh983y0,215,https://koios.tosidrop.me/api/v1/pool_updates,2026-05-19T23:10:03+00:00
d0deba25ce9e6ff59af7f39305fce373241156616cdf0a49b1d49e48,pool16r0t5fwwnehltxhh7wfstl8rwvjpz4npdn0s5jd36j0ysflw7ef,426,https://koios.tosidrop.me/api/v1/pool_updates,2026-05-19T23:10:03+00:00
d0e71ce3f4dff0277ecf58ff2bade3a90ffffaaa4748eb9f0f178efe,pool16rn3ecl5mlczwlk0trljht0r4y8ll742gaywh8c0z780uqeztgq,360,https://koios.tosidrop.me/api/v1/pool_updates,2026-05-19T23:10:03+00:00
d12c8d1c9900ef55d7555cdee2c117f988d061f580897bd49f55fafe,pool16ykg68yeqrh4t464tn0w9sghlxydqc04szyhh4yl2ha0u7h5ezt,251,https://koios.tosidrop.me/api/v1/pool_updates,2026-05-19T23:10:03+00:00
d1490a628f85b5ae90852c9724ee4fec75e75991becb8a35e0479cae,pool169ys5c50sk66ayy99jtjfmj0a367wkv3hm9c5d0qg7w2u7ya5zz,473,https://koios.tosidrop.me/api/v1/pool_updates,2026-05-19T23:10:03+00:00
d15671beaa7fd2340ebec575626e33ed46a6019fed1cbedffe117b64,pool169t8r0420lfrgr47c46kym3na4r2vqvla5wtahl7z9akgwr8eqf,323,https://koios.tosidrop.me/api/v1/pool_updates,2026-05-19T23:10:03+00:00
d17a9cfe7b4bb58c7414533d580b89e13a7e912b8f8e2f4d6bacdf76,pool169afelnmfw6ccaq52v74szufuya8ayft378z7ntt4n0hv9zpcz9,305,https://koios.tosidrop.me/api/v1/pool_updates,2026-05-19T23:10:03+00:00
d183d3db6556df80179399eb8c8887223ead8caf5d00c67790727652,pool16xpa8km92m0cq9unn84cezy8ygl2mr90t5qvvauswfm9yqyj524,492,https://koios.tosidrop.me/api/v1/pool_updates,2026-05-19T23:10:03+00:00
d19db3e7e7b4c7b3673e6f8ae92cbf46eb4c13897d28363e0fdc1f44,pool16xwm8el8knrmxee7d79wjt9lgm45cyuf055rv0s0ms05g592l2c,484,https://koios.tosidrop.me/api/v1/pool_updates,2026-05-19T23:10:03+00:00
d19f0911de1f06bb763d0f095d6d8da441b8e744085715d7bfb7c2fa,pool16x0sjyw7rurtka3apuy46mvd53qm3e6yppt3t4alklp050qr3up,400,https://koios.tosidrop.me/api/v1/pool_updates,2026-05-19T23:10:03+00:00
d1ad75a4dd3e9b8d6b7a1723137ec9498612b96252a650cbee65d224,pool16xkhtfxa86dc66m6zu33xlkffxrp9wtz22n9pjlwvhfzgrfhg9n,331,https://koios.tosidrop.me/api/v1/pool_updates,2026-05-19T23:10:03+00:00
d1bdaa3228cc5778b77fd33c21caa6f0f42f8d63f1280e97a1f7048f,pool16x765v3ge3th3dml6v7zrj4x7r6zlrtr7y5qa9ap7uzg7f50uu8,606,https://koios.tosidrop.me/api/v1/pool_updates,2026-05-19T23:10:03+00:00
d1cf1a4fbe612f8f2ccc05a68637aef9f8c66f11160de1e9c666788e,pool168835na7vyhc7txvqkngvdawl8uvvmc3zcx7r6wxveuguzgmf5t,262,https://koios.tosidrop.me/api/v1/pool_updates,2026-05-19T23:10:03+00:00
d1db25959274547291f1bbb29d97f78234673b4aaa6d6a29d4a4d7ed,pool168djt9vjw3289y03hwefm9lhsg6xww624fkk52w55nt765l44wl,293,https://koios.tosidrop.me/api/v1/pool_updates,2026-05-19T23:10:03+00:00
d1f84ed69e422531edc277f027f2d8d66d0ad4daa0348496a69c4a43,pool168uya457ggjnrmwzwlcz0ukc6eks44x65q6gf94xn39yxchqlhe,222,https://koios.tosidrop.me/api/v1/pool_updates,2026-05-19T23:10:03+00:00
d20ea3c57e2a21a3aa30a97ae9ab2e989c8b6cb56a4cdd29ed17839f,pool16g8283t79gs6823s49awn2ewnzwgkm94dfxd620dz7pe7cuas0l,246,https://koios.tosidrop.me/api/v1/pool_updates,2026-05-19T23:10:03+00:00
d235997f7443d7410390f21c289d75489ee4c6fbee14d8ab8b2070f2,pool16g6ejlm5g0t5zqus7gwz38t4fz0wf3hmac2d32utypc0yj2t228,222,https://koios.tosidrop.me/api/v1/pool_updates,2026-05-19T23:10:03+00:00
d247781dc404a32a054f15812ad36cb86543a5d84df5a44f55d249e0,pool16frhs8wyqj3j5p20zkqj45mvhpj58fwcfh66gn646fy7q46xpnc,290,https://koios.tosidrop.me/api/v1/pool_updates,2026-05-19T23:10:03+00:00
d24f9c06689689b1cd563efb431825ee66438fa8fa005f3313e920c5,pool16f8ecpngj6ymrn2k8ma5xxp9aeny8raglgq97vcnaysv2g6rs35,282,https://koios.tosidrop.me/api/v1/pool_updates,2026-05-19T23:10:03+00:00
d264ba622976fe65ed0d194175afe80927e379ac23de5e6c3d42febb,pool16fjt5c3fwmlxtmgdr9qhttlgpyn7x7dvy009umpagtltkhzdsnh,319,https://koios.tosidrop.me/api/v1/pool_updates,2026-05-19T23:10:03+00:00
d28d500e037a6cd3cc5d7f8ec14cbec4242027ef8bb068e35482b6ef,pool162x4qrsr0fkd8nza078vzn97csjzqfl03wcx3c65s2mw7vhr2xj,230,https://koios.tosidrop.me/api/v1/pool_updates,2026-05-19T23:10:03+00:00
d28e4ae3848720195f09becd15e6985b54cbf3b62e52bf53c5af8501,pool1628y4cuysuspjhcfhmx3te5ctd2vhuak9eft757947zsz5rtx8h,582,https://koios.tosidrop.me/api/v1/pool_updates,2026-05-19T23:10:03+00:00
d291a7ebd793c51590c39fb2f76f028e8800ea66e4735353b7b39932,pool162g6067hj0z3tyxrn7e0wmcz36yqp6nxu3e4x5ahkwvnygsuwqk,593,https://koios.tosidrop.me/api/v1/pool_updates,2026-05-19T23:10:03+00:00
d2b32bb469f6e8bcd6e1e0ba818716d317e3f26d0a93f317b08fdced,pool162ejhdrf7m5te4hpuzagrpck6vt78undp2flx9as3lww6uvs4lq,580,https://koios.tosidrop.me/api/v1/pool_updates,2026-05-19T23:10:03+00:00
d2bf4dfff27f93ac77cc11f32a608d32e1978446f8db748032d23902,pool162l5mllj07f6ca7vz8ej5cydxtse0pzxlrdhfqpj6gusylylpxn,431,https://koios.tosidrop.me/api/v1/pool_updates,2026-05-19T23:10:03+00:00
d2c391e69ffb010196706660f3f41e9190e4b94314f3d9dab34529e8,pool16tpere5llvqsr9nsves08aq7jxgwfw2rzneank4ng557stqzedf,303,https://koios.tosidrop.me/api/v1/pool_updates,2026-05-19T23:10:03+00:00
d3186f6bf3779c016305024f2cdc58bc61d8c032776c1ddbedb92102,pool16vvx76lnw7wqzcc9qf8jehzch3sa3spjwakpmkldhyssy3s7kmf,282,https://koios.tosidrop.me/api/v1/pool_updates,2026-05-19T23:10:03+00:00
d321faeaa07bd05c56a7b1c23e16f3411c300ec3a3bb3cefa91cc786,pool16vsl464q00g9c448k8pru9hngywrqrkr5wanemafrnrcv2frl0e,256,https://koios.tosidrop.me/api/v1/pool_updates,2026-05-19T23:10:03+00:00
d32d813142d2f64987dc0bef23864d8f642beaea38698fd79cfd6f68,pool16vkczv2z6tmynp7up0hj8pjd3ajzh6h28p5cl4uul4hkskksjke,388,https://koios.tosidrop.me/api/v1/pool_updates,2026-05-19T23:10:03+00:00
d3324649b58b4ddc61cc60ea20521ac3bdbcaac80ee044a819fbfead,pool16veyvjd43dxaccwvvr4zq5s6cw7me2kgpmsyf2qel0l266kattr,210,https://koios.tosidrop.me/api/v1/pool_updates,2026-05-19T23:10:03+00:00
d34288884f176e20b854d8285b2a44b424238c5c5db05572266ae2b3,pool16dpg3zz0zahzpwz5mq59k2jyksjz8rzutkc92u3xdt3txsnwfg8,230,https://koios.tosidrop.me/api/v1/pool_updates,2026-05-19T23:10:03+00:00
d34d33e345f006058bf136745a2c6b6e557621cf02dbaa29e71f3a0f,pool16dxn8c697qrqtzl3xe695trtde2hvgw0qtd65208ruaq70hv4ud,608,https://koios.tosidrop.me/api/v1/pool_updates,2026-05-19T23:10:03+00:00
d36086d73f63041ee2ac62af6cecd57fbdeb28c6863f1bc3837292d1,pool16dsgd4elvvzpac4vv2hkemx40777k2xxscl3hsurw2fdz5q3cwv,421,https://koios.tosidrop.me/api/v1/pool_updates,2026-05-19T23:10:03+00:00
d366f39bad506a5ed9c7be9d2c0cab997f9d48c46475a2486cb85223,pool16dn08xad2p49akw8h6wjcr9tn9le6jxyv366yjrvhpfzxtscuyr,290,https://koios.tosidrop.me/api/v1/pool_updates,2026-05-19T23:10:03+00:00
d384e4e0ff7952f0e4edaed6264facdd08d80d23c5d0d6acc3df8097,pool16wzwfc8l09f0pe8d4mtzvnavm5ydsrfrchgddtxrm7qfw7wnfwg,296,https://koios.tosidrop.me/api/v1/pool_updates,2026-05-19T23:10:03+00:00
d385e45001d129b78031c28f4ac4611021d769c5b60dfb928287e6e0,pool16wz7g5qp6y5m0qp3c28543rpzqsaw6w9kcxlhy5zslnwq4qglcw,471,https://koios.tosidrop.me/api/v1/pool_updates,2026-05-19T23:10:03+00:00
d39231fdecb829f683aae46c23ef651fbf40efe0071fad7909912c9b,pool16wfrrl0vhq5ldqa2u3kz8mm9r7l5pmlqqu0667gfjykfkyv98ge,526,https://koios.tosidrop.me/api/v1/pool_updates,2026-05-19T23:10:03+00:00
d394429a616c96a55be2bf1d811641610803eaafde43f961c6aee5b8,pool16w2y9xnpdjt22klzhuwcz9jpvyyq8640mepljcwx4mjmsvpqk0y,404,https://koios.tosidrop.me/api/v1/pool_updates,2026-05-19T23:10:03+00:00
d3ac6f76523bbf092fa3d92a18f5400c01e076fa09c33cb162a31e5b,pool16wkx7ajj8wlsjtarmy4p3a2qpsq7qah6p8pnevtz5v09kqe4ygy,478,https://koios.tosidrop.me/api/v1/pool_updates,2026-05-19T23:10:03+00:00
d3e74f95108509f3a3f3e8436cfccd98f255d1dcee3b880492a8e4bc,pool160n5l9gss5yl8glnappkelxdnre9t5wuacacspyj4rjtc0ytn7p,237,https://koios.tosidrop.me/api/v1/pool_updates,2026-05-19T23:10:03+00:00
d3e8b0c021f1403e1945e6f7c237e6030296fb93f2284e2beef8fcde,pool1605tpspp79qrux29ummuydlxqvpfd7un7g5yu2lwlr7duuft6a6,405,https://koios.tosidrop.me/api/v1/pool_updates,2026-05-19T23:10:03+00:00
d41023adb9283df6c048520ca56666489ba198eed211a6223237ea54,pool16sgz8tde9q7ldszg2gx22enxfzd6rx8w6gg6vg3jxl49gdsf5e0,255,https://koios.tosidrop.me/api/v1/pool_updates,2026-05-19T23:10:03+00:00
d425fd2cf93347999106b8fbb463cc87af26791d8d31d957193204db,pool16sjl6t8exdrenygxhramgc7vs7hjv7ga35caj4cexgzdk7mrpxr,300,https://koios.tosidrop.me/api/v1/pool_updates,2026-05-19T23:10:03+00:00
d425fd2cf93347999106b8fbb463cc87af26791d8d31d957193204db,pool16sjl6t8exdrenygxhramgc7vs7hjv7ga35caj4cexgzdk7mrpxr,336,https://koios.tosidrop.me/api/v1/pool_updates,2026-05-19T23:10:03+00:00
d44442e0f92b4173205c4e8609cd48cbbb09c7dbcb805704c22be1ff,pool163zy9c8e9dqhxgzuf6rqnn2gewasn37mewq9wpxz90sl7rtj60h,397,https://koios.tosidrop.me/api/v1/pool_updates,2026-05-19T23:10:03+00:00
d445212cc1d533c0106c8b942c8e73e5f56b80c7a5c8d1bb332640c6,pool163zjztxp65euqyrv3w2zernnuh6khqx85hydrwenyeqvvw8v636,319,https://koios.tosidrop.me/api/v1/pool_updates,2026-05-19T23:10:03+00:00
d44686bfa3d58bb5bdc521f4bd2622b7283c79834e6598658d046e98,pool163rgd0ar6k9mt0w9y86t6f3zku5rc7vrfejesevdq3hfs768n4g,294,https://koios.tosidrop.me/api/v1/pool_updates,2026-05-19T23:10:03+00:00
d4714eaaae409f0d17ac0a246164b25867dddb7231028d697c94cbee,pool163c5a24wgz0s69avpgjxze9jtpnamkmjxypg66tujn97ufpqasc,230,https://koios.tosidrop.me/api/v1/pool_updates,2026-05-19T23:10:03+00:00
d471e981d54a7f60496f9239d2d706db7a71df8517025f478c112e3e,pool163c7nqw4fflkqjt0jgua94cxmda8rhu9zup973uvzyhruner2hq,295,https://koios.tosidrop.me/api/v1/pool_updates,2026-05-19T23:10:03+00:00
d474bd5d43d04a06f12a996a92d2cc95044bc7c875ecc18dad60c5e5,pool1636t6h2r6p9qduf2n94f95kvj5zyh37gwhkvrrddvrz7299amvm,259,https://koios.tosidrop.me/api/v1/pool_updates,2026-05-19T23:10:03+00:00
d47816a94c206f84511c2bd2f66eb5461f503bb6d27fe606ed43d26c,pool163upd22vyphcg5gu90f0vm44gc04qwak6fl7vphdg0fxcp0ga8k,319,https://koios.tosidrop.me/api/v1/pool_updates,2026-05-19T23:10:03+00:00
d4970177385f7c3c90f51af3dbc4a865221778b48f23e4dc60dd4a67,pool16jtszaecta7rey84rteah39gv53pw7953u37fhrqm49xwfdtdjd,580,https://koios.tosidrop.me/api/v1/pool_updates,2026-05-19T23:10:03+00:00
d49757950618ce3661b28098eb772f0d1e06b275b8962cf2da984b2e,pool16jt409gxrr8rvcdjszvwkae0p50qdvn4hztzeuk6np9judl8prq,251,https://koios.tosidrop.me/api/v1/pool_updates,2026-05-19T23:10:03+00:00
d4a1f18f9c24dd1768ed019b533f15bb91d2f6d49920526b12807dd7,pool16jslrruuynw3w68dqxd4x0c4hwga9ak5nys9y6cjsp7awtfrzas,266,https://koios.tosidrop.me/api/v1/pool_updates,2026-05-19T23:10:03+00:00
d4b4edba1f9630a04f4d1a9baeda5d8472339fccbe6c4ccbde24c926,pool16j6wmwsljcc2qn6dr2d6akjas3er887vhekyej77ynyjvh2fj5n,300,https://koios.tosidrop.me/api/v1/pool_updates,2026-05-19T23:10:03+00:00
d4b5b8d5c83e97b2cd90a0fd818f3c9d8e7388bcc7706327a92d2092,pool16j6m34wg86tm9nvs5r7crreunk888z9ucacxxfaf95sfys7vdz0,396,https://koios.tosidrop.me/api/v1/pool_updates,2026-05-19T23:10:03+00:00
d4b7e814ab2260c63264b8609dd517fdc299e059e990b344301af5c9,pool16jm7s99tyfsvvvnyhpsfm4ghlhpfnczeaxgtx3psrt6ujc5xva6,242,https://koios.tosidrop.me/api/v1/pool_updates,2026-05-19T23:10:03+00:00
d4b7e814ab2260c63264b8609dd517fdc299e059e990b344301af5c9,pool16jm7s99tyfsvvvnyhpsfm4ghlhpfnczeaxgtx3psrt6ujc5xva6,245,https://koios.tosidrop.me/api/v1/pool_updates,2026-05-19T23:10:03+00:00
d4bb78d4af682e20786aa0d9413e8657607da14ce05b3dc2cd596e2e,pool16jah3490dqhzq7r25rv5z05x2as8mg2vupdnmskdt9hzu65aepu,370,https://koios.tosidrop.me/api/v1/pool_updates,2026-05-19T23:10:03+00:00
d4c5ab7aa286ca6a249753baf0acb89fa974c30960206e05ecfbd800,pool16nz6k74zsm9x5fyh2wa0pt9cn75hfscfvqsxup0vl0vqqthwnkz,309,https://koios.tosidrop.me/api/v1/pool_updates,2026-05-19T23:10:03+00:00
d4f5facc35ebc5f98a14efe6aa9d1b35b7665d93b11f5a8eb2c1384f,pool16n6l4np4a0zlnzs5aln248gmxkmkvhvnky044r4jcyuy787nw05,249,https://koios.tosidrop.me/api/v1/pool_updates,2026-05-19T23:10:03+00:00
d51eb01bbfc128e557b51ea104983dc3825cd73e11fa1c33b950c66f,pool1650tqxalcy5w24a4r6ssfxpacwp9e4e7z8apcvae2rrx7u2pqh9,266,https://koios.tosidrop.me/api/v1/pool_updates,2026-05-19T23:10:03+00:00
d5342a3aa3414e9b730212cd065a009443f3fc4cddc78cd5879bfd70,pool1656z5w4rg98fkuczztxsvksqj3pl8lzvmhrce4v8n07hqt0gayg,283,https://koios.tosidrop.me/api/v1/pool_updates,2026-05-19T23:10:03+00:00
d5382307ce9a0798d289cd96b65f10897deebb30b88f8eb98f051044,pool165uzxp7wngre355fekttvhcs3977aweshz8cawv0q5gygdv5yuv,299,https://koios.tosidrop.me/api/v1/pool_updates,2026-05-19T23:10:03+00:00
d53bfe019e6e1b31f50922bb9992a6e65f1313297721d59ddf0f0fb0,pool165aluqv7dcdnragfy2aeny4xue03xyefwusat8wlpu8mqxpu2m8,442,https://koios.tosidrop.me/api/v1/pool_updates,2026-05-19T23:10:03+00:00
d541be7e3d46b18f66fe6718d6e4e5a74227fcbdd0690a68c8494795,pool164qmul3ag6cc7eh7vuvdde895apz0l9a6p5s56xgf9re2tx4wyf,416,https://koios.tosidrop.me/api/v1/pool_updates,2026-05-19T23:10:03+00:00
d550ad0dfe5f112b85922d67a628a858d150f34196089d7c1596bcfe,pool164g26r07tugjhpvj94n6v29gtrg4pu6pjcyf6lq4j670u990ztk,286,https://koios.tosidrop.me/api/v1/pool_updates,2026-05-19T23:10:03+00:00
d5ab27d16607ef2f49ee6d9c8d8ba9ec2fdde9b1f0ab2c4ca002670d,pool16k4j05txqlhj7j0wdkwgmzafasham6d37z4jcn9qqfns6a2tjhx,298,https://koios.tosidrop.me/api/v1/pool_updates,2026-05-19T23:10:03+00:00
d5c67497f57a1b31ed9208dee9d121da8572eaec5f6da689c19c0487,pool16hr8f9l40gdnrmvjpr0wn5fpm2zh96hvtak6dzwpnszgw4lcrww,253,https://koios.tosidrop.me/api/v1/pool_updates,2026-05-19T23:10:03+00:00
d5e493b834ee233104cff9d141ffae2d8d76a563f829e78987540046,pool16hjf8wp5ac3nzpx0l8g5rlaw9kxhdftrlq570zv82sqyvmffx9s,383,https://koios.tosidrop.me/api/v1/pool_updates,2026-05-19T23:10:03+00:00
d5e8556106b38cda9847d410114c4da0510d1d32de06da4a2f427991,pool16h592cgxkwxd4xz86sgpznzd5pgs68fjmcrd5j30gfuezd5yeya,342,https://koios.tosidrop.me/api/v1/pool_updates,2026-05-19T23:10:03+00:00
d6036da56d5acfae952e41421a6be3856934d1bff0ddce6218df631b,pool16cpkmftdtt86a9fwg9pp56lrs45nf5dl7rwuucscma33kvppfky,264,https://koios.tosidrop.me/api/v1/pool_updates,2026-05-19T23:10:03+00:00
d60b9cb53a299122ed7337786e37b9e216e61c34b45d8ef200b7edb6,pool16c9eedf69xgj9mtnxauxudaeugtwv8p5k3wcausqklkmvgvmk8f,315,https://koios.tosidrop.me/api/v1/pool_updates,2026-05-19T23:10:03+00:00
d613665a2cd8ce30dac408a53a484525c627270846c813b36584b1e5,pool16cfkvk3vmr8rpkkypzjn5jz9yhrzwfcggmyp8vm9sjc72kjlyul,269,https://koios.tosidrop.me/api/v1/pool_updates,2026-05-19T23:10:03+00:00
d6262a18f56264232e0d4522267c916039bb4830b87ea4e693df09fd,pool16cnz5x84vfjzxtsdg53zvly3vqumkjpshpl2fe5nmuyl6srx4m8,542,https://koios.tosidrop.me/api/v1/pool_updates,2026-05-19T23:10:03+00:00
d68004736add691133c8a5d662e3a0633fa0534cf46e15e9f33383e7,pool166qqgum2m453zv7g5htx9caqvvl6q56v73hpt60nxwp7wttq4zf,283,https://koios.tosidrop.me/api/v1/pool_updates,2026-05-19T23:10:03+00:00
d68004736add691133c8a5d662e3a0633fa0534cf46e15e9f33383e7,pool166qqgum2m453zv7g5htx9caqvvl6q56v73hpt60nxwp7wttq4zf,284,https://koios.tosidrop.me/api/v1/pool_updates,2026-05-19T23:10:03+00:00
d68eed68381b65beb04fc7984dfa156c4dbf53c7911e900af6a535ef,pool1668w66pcrdjmavz0c7vym7s4d3xm7578jy0fqzhk55677t4etud,601,https://koios.tosidrop.me/api/v1/pool_updates,2026-05-19T23:10:03+00:00
d698c67ed52ea02dae75e0b4e4601a6c86495bcf40c3d0bd44312019,pool166vvvlk496szmtn4uz6wgcq6djryjk70grpap02yxyspjzkr490,364,https://koios.tosidrop.me/api/v1/pool_updates,2026-05-19T23:10:03+00:00
d6a7ae863359d7f908e1a446f8fc5cbccf378770682d1a53c901ae22,pool166n6ap3nt8tljz8p53r03lzuhn8n0pmsdqk3557fqxhzy6uqkcg,397,https://koios.tosidrop.me/api/v1/pool_updates,2026-05-19T23:10:03+00:00
d6b1d84cc45915310accdbbe4b9059043710544881432daad8922c32,pool166casnxyty2nzzkvmwlyhyzeqsm3q4zgs9pjm2kcjgkryashttq,336,https://koios.tosidrop.me/api/v1/pool_updates,2026-05-19T23:10:03+00:00
d6b4480e5dc5dbedfa703d188646c8c7c0191f7eae756911ceba20e2,pool1666ysrjachd7m7ns85vgv3kgclqpj8m74e6kjywwhgswyw3lcpe,469,https://koios.tosidrop.me/api/v1/pool_updates,2026-05-19T23:10:03+00:00
d6d6be18816229e61bddc651634c2e4ca4c585a2a7441d162f859530,pool16mttuxypvg57vx7acegkxnpwfjjvtpdz5azp6930sk2nq4gv2gx,321,https://koios.tosidrop.me/api/v1/pool_updates,2026-05-19T23:10:03+00:00
d6da63cabab27d8c883b42f4175fbb6d4a0e4d331a9ee9cb5cb202a8,pool16mdx8j46kf7cezpmgt6pwhamd49qunfnr20wnj6ukgp2spam082,274,https://koios.tosidrop.me/api/v1/pool_updates,2026-05-19T23:10:03+00:00
d6e82701b80ff3fb20b185a599add6f0704bda7269b95298b9ebf76f,pool16m5zwqdcplelkg93skjentwk7pcyhknjdxu49x9ea0mk7qhf94t,427,https://koios.tosidrop.me/api/v1/pool_updates,2026-05-19T23:10:03+00:00
d70dfad0df2b1bd64401b7b9f7a104f5e83f22ee5d676e99df86e0ad,pool16uxl45xl9vdav3qpk7ul0ggy7h5r7ghwt4nkaxwlsms26harw99,382,https://koios.tosidrop.me/api/v1/pool_updates,2026-05-19T23:10:03+00:00
d71b41cefbbb82c0228f9c60fd9f67e023211123986ced8551f7f469,pool16ud5rnhmhwpvqg50n3s0m8m8uq3jzyfrnpkwmp237l6xjuzfz4a,291,https://koios.tosidrop.me/api/v1/pool_updates,2026-05-19T23:10:03+00:00
d71ee5a9f6bf92ca5fc71f3860f0c8342ac6a7724b9a4d2018b8ab46,pool16u0wt20kh7fv5h78ruuxpuxgxs4vdfmjfwdy6gqchz45v8skm8j,269,https://koios.tosidrop.me/api/v1/pool_updates,2026-05-19T23:10:03+00:00
d728b1de1e241b7564fdeb6cf09cc1a2a1817cf0517a4d117764606e,pool16u5trhs7ysdh2e8aadk0p8xp52sczl8s29ay6ythv3sxujmdfeu,445,https://koios.tosidrop.me/api/v1/pool_updates,2026-05-19T23:10:03+00:00
d732678a5edb2cd7a86cb4124cdad8104d6bc53398d92667d1b82496,pool16uex0zj7mvkd02rvksfyekkczpxkh3fnnrvjve73hqjfvv35409,268,https://koios.tosidrop.me/api/v1/pool_updates,2026-05-19T23:10:03+00:00
d74503ba0c51ef4a8bf9e307eb814be671007696e0a4a1a026348c9c,pool16azs8wsv28h54zleuvr7hq2tuecsqa5kuzj2rgpxxjxfc0k06el,317,https://koios.tosidrop.me/api/v1/pool_updates,2026-05-19T23:10:03+00:00
d7479096c7f41344c6d121d47f4afe5a5be88cbdc73c0fc76bfc43f2,pool16arep9k87sf5f3k3y8287jh7tfd73r9acu7ql3mtl3ply52ywnm,267,https://koios.tosidrop.me/api/v1/pool_updates,2026-05-19T23:10:03+00:00
d773895ab4aba50c5ea573c2dda883c5b875ca18523fe1ead8293f2f,pool16aecjk454wjsch49w0pdm2yrcku8tjsc2gl7r6kc9ylj7hp983w,532,https://koios.tosidrop.me/api/v1/pool_updates,2026-05-19T23:10:03+00:00
d77e214c0e20f82001f5acb7042abfd7979f83e7f6019efcaedcbed2,pool16alzznqwyruzqq044jmsg24l67telql87cqeal9wmjldyryp3yu,260,https://koios.tosidrop.me/api/v1/pool_updates,2026-05-19T23:10:03+00:00
d781462d62a5598f1d98a6314cb8aa3e9fd596e927774d7972fe7ce0,pool167q5vttz54vc78vc5cc5ew92860at9hfyam567tjle7wqnc0est,263,https://koios.tosidrop.me/api/v1/pool_updates,2026-05-19T23:10:03+00:00
d7876f8358f5e479ae2839de62d43353b07b2006a40fbf94e723c18c,pool167rklq6c7hj8nt3g880x94pn2wc8kgqx5s8ml988y0qcccr6qsl,358,https://koios.tosidrop.me/api/v1/pool_updates,2026-05-19T23:10:03+00:00
d79955b6cdaccd10a079deb3f1340ecfefda701e1f817668f7cd22dd,pool167v4tdkd4nx3pgrem6elzdqwelha5uq7r7qhv68he53d6zlsl7m,248,https://koios.tosidrop.me/api/v1/pool_updates,2026-05-19T23:10:03+00:00
d7a12d751d829078dfe2bf8a1a705b1b0ed1faca216462f6c6ad3598,pool167sj6agas2g83hlzh79p5uzmrv8dr7k2y9jx9akx456es867vyw,256,https://koios.tosidrop.me/api/v1/pool_updates,2026-05-19T23:10:03+00:00
d7c2fbb7974147573514e12dabbd681373c1cda985f36ddfb2ab5d25,pool16lp0hduhg9r4wdg5uyk6h0tgzdeurndfshekmhaj4dwj25y4gqy,253,https://koios.tosidrop.me/api/v1/pool_updates,2026-05-19T23:10:03+00:00
d7c3af0c92d7d9ca061cf43a24099b5f43e0387585ee0f55e9fd74cb,pool16lp67ryj6lvu5psu7sazgzvmtap7qwr4shhq740fl46vkznc0gh,271,https://koios.tosidrop.me/api/v1/pool_updates,2026-05-19T23:10:03+00:00
d7c6ee789aac57cc99d6be6fb16c0cea19b57e71ce60306cb9d08b2e,pool16lrwu7y643tuexwkhehmzmqvagvm2ln3eesrqm9e6z9juq0zkpl,241,https://koios.tosidrop.me/api/v1/pool_updates,2026-05-19T23:10:03+00:00
d7cd5d495080c13a9b76cea106728a5e59e0afe05e022f7033345f6d,pool16lx46j2ssrqn4xmke6ssvu52tev7ptlqtcpz7upnx30k6wnw4kf,265,https://koios.tosidrop.me/api/v1/pool_updates,2026-05-19T23:10:03+00:00
d7dc0487d80b04e9eb77e3d128debded2da917647df35da25267689f,pool16lwqfp7cpvzwn6mhu0gj3h4aa5k6j9my0he4mgjjva5f7vvnkw2,611,https://koios.tosidrop.me/api/v1/pool_updates,2026-05-19T23:10:03+00:00
d7ee9af9afe1ef4e21387213aa1e445944cb40f7ec55859189c5c522,pool16lhf47d0u8h5ugfcwgf658jyt9zvks8ha32ctyvfchzjy4vk8rt,311,https://koios.tosidrop.me/api/v1/pool_updates,2026-05-19T23:10:03+00:00
d80765c06afe265213d446d5747a38ccbfc592bb97365d8535fb897b,pool1mqrktsr2lcn9yy75gm2hg73cejluty4mjum9mpf4lwyhkyldh30,237,https://koios.tosidrop.me/api/v1/pool_updates,2026-05-19T23:10:03+00:00
d81407a659b5a9f59e4ab0c644d06c71a82afe9f78f5d4def27ed685,pool1mq2q0fjekk5lt8j2krryf5rvwx5z4l5l0r6afhhj0mtg23ylyuk,627,https://koios.tosidrop.me/api/v1/pool_updates,2026-05-19T23:10:03+00:00
d81db0f144b0f40a297c5d4914f04d57f89bc3c235ae21243c9d9445,pool1mqwmpu2ykr6q52tut4y3fuzd2lufhs7zxkhzzfpunk2y2j9kjdw,230,https://koios.tosidrop.me/api/v1/pool_updates,2026-05-19T23:10:03+00:00
d8322d503e4b00a280693c2ce349cf17c0fdf47a5634c7ee969968b4,pool1mqez65p7fvq29qrf8skwxjw0zlq0mar62c6v0m5kn95tgzeh7rv,333,https://koios.tosidrop.me/api/v1/pool_updates,2026-05-19T23:10:03+00:00
d854986d64cb440f9554576eee79542ddd86afa49008f9223da2549e,pool1mp2fsmtyedzql9252ahwu7259hwcdtayjqy0jg3a5f2fupfusp8,416,https://koios.tosidrop.me/api/v1/pool_updates,2026-05-19T23:10:03+00:00
d862e8289a047010be8e4036742cf68e234d2ddaa321a53d0768a459,pool1mp3ws2y6q3cpp05wgqm8gt8k3c356tw65vs620g8dzj9jjrd2gf,287,https://koios.tosidrop.me/api/v1/pool_updates,2026-05-19T23:10:03+00:00
d89b3aaef1dc7c961adb41a643531e8373d54d348ec155244cc8901d,pool1mzdn4th3m37fvxkmgxnyx5c7sdea2nf53mq42fzvezgp6jn43vc,268,https://koios.tosidrop.me/api/v1/pool_updates,2026-05-19T23:10:03+00:00
d8cb476e181ba4fad925f5750352250652994768a4db91506261ed4c,pool1mr95wmscrwj04kf9746sx539qeffj3mg5ndez5rzv8k5cdwjc0t,308,https://koios.tosidrop.me/api/v1/pool_updates,2026-05-19T23:10:03+00:00
d8d8ce2685a4b6e70b505d859759cf75fec815fd47c12693f2e49cb9,pool1mrvvuf595jmwwz6stkzewkw0whlvs90aglqjdyljujwtj6aklzp,259,https://koios.tosidrop.me/api/v1/pool_updates,2026-05-19T23:10:03+00:00
d8d8fd61ce6ca61d085a21dc0f643d6532475bbea0d5651804a1f22d,pool1mrv06cwwdjnp6zz6y8wq7epav5eywka75r2k2xqy58ez6dge9cf,430,https://koios.tosidrop.me/api/v1/pool_updates,2026-05-19T23:10:03+00:00
d8d8fd61ce6ca61d085a21dc0f643d6532475bbea0d5651804a1f22d,pool1mrv06cwwdjnp6zz6y8wq7epav5eywka75r2k2xqy58ez6dge9cf,432,https://koios.tosidrop.me/api/v1/pool_updates,2026-05-19T23:10:03+00:00
d9213f9987f7f8d271bd369178cdffddd0c8175928040850979c1f72,pool1mysnlxv87ludyudax6gh3n0lmhgvs96e9qzqs5yhns0hyfk0wh7,289,https://koios.tosidrop.me/api/v1/pool_updates,2026-05-19T23:10:03+00:00
d95c3255c419692c4b60db801be51d72524d471522a4372660c93143,pool1m9wry4wyr95jcjmqmwqphegawffy63c4y2jrwfnqeyc5x87d7m3,314,https://koios.tosidrop.me/api/v1/pool_updates,2026-05-19T23:10:03+00:00
d97b3167a89cdd7badd78b3f661e24b93550d84aab64c1c918ce2532,pool1m9anzeagnnwhhtwh3vlkv83yhy64pkz24djvrjgcecjnyzwfk30,233,https://koios.tosidrop.me/api/v1/pool_updates,2026-05-19T23:10:03+00:00
d9931174a5260bf4ce6d94b3097fbaa0c4567e6a293ce91aa18c78fc,pool1mxf3za99yc9lfnndjjesjla65rz9vln29y7wjx4p33u0cr84n04,350,https://koios.tosidrop.me/api/v1/pool_updates,2026-05-19T23:10:03+00:00
d9ae0d657bced910b484c095632ef1e9d0d04e5971913cebc903be94,pool1mxhq6etmemv3pdyycz2kxth3a8gdqnjewxgne67fqwlfgz6f7xa,608,https://koios.tosidrop.me/api/v1/pool_updates,2026-05-19T23:10:03+00:00
d9ba1c74d289a64dbf5471d800f0685dada44206eb68455077beb98c,pool1mxapcaxj3xnym065w8vqpurgtkk6gssxad5y25rhh6ucc2dw4em,314,https://koios.tosidrop.me/api/v1/pool_updates,2026-05-19T23:10:03+00:00
d9bf76f675bf1a4e98f6aebf2fccecbfbbef9ffbb3aff330846b2afe,pool1mxlhdan4hudyax8k46ljln8vh7a7l8lmkwhlxvyydv40uwq0t9g,383,https://koios.tosidrop.me/api/v1/pool_updates,2026-05-19T23:10:03+00:00
da1a7917535d24934083b5c0bab15650ae87d436cc9edeab86de13ba,pool1mgd8j96nt5jfxsyrkhqt4v2k2zhg04pkej0da2uxmcfm5jmp4cy,248,https://koios.tosidrop.me/api/v1/pool_updates,2026-05-19T23:10:03+00:00
da2d3d5a9987070461c465cc4f2397998f86ba52c276252e9766693f,pool1mgkn6k5esursgcwyvhxy7guhnx8cdwjjcfmz2t5hve5n7shtphl,555,https://koios.tosidrop.me/api/v1/pool_updates,2026-05-19T23:10:03+00:00
da3cb5918133919b8d42d6cfc6fe621f156f74b8f6a3a11c9e86ff98,pool1mg7ttyvpxwgehr2z6m8udlnzru2k7a9c7636z8y7smles9apmq5,350,https://koios.tosidrop.me/api/v1/pool_updates,2026-05-19T23:10:03+00:00
da9850e01cbe9e4b761656533871d5c0c4bc00b4cc8587122d176d8c,pool1m2v9pcquh60ykask2efnsuw4crztcq95ejzcwy3dzakccrtzc8c,270,https://koios.tosidrop.me/api/v1/pool_updates,2026-05-19T23:10:03+00:00
da997b84607597037da1401ae7cce7df90eaa518e194b598b2860462,pool1m2vhhprqwktsxldpgqdw0n88m7gw4fgcux2ttx9jsczxy0tvux4,318,https://koios.tosidrop.me/api/v1/pool_updates,2026-05-19T23:10:03+00:00
daa851f96311aabb524af513ef2473ade6ba0084a8fd1576c47638e8,pool1m259r7trzx4tk5j275f77frn4hnt5qyy4r732akywcuwsmx0q8j,230,https://koios.tosidrop.me/api/v1/pool_updates,2026-05-19T23:10:03+00:00
dabdc418201dad35588515619fe8f0d9b4280fbf9ef0b8934fe1d6bb,pool1m27ugxpqrkkn2ky9z4sel68smx6zsralnmct3y60u8ttku8duhe,235,https://koios.tosidrop.me/api/v1/pool_updates,2026-05-19T23:10:03+00:00
dad893073815ca8b225554a2fc5048e366bd65938551323fc13cf7f5,pool1mtvfxpeczh9gkgj42j30c5zgudnt6evns4gny07p8nml2qrthav,392,https://koios.tosidrop.me/api/v1/pool_updates,2026-05-19T23:10:03+00:00
dae3968f05afdce1f50952a2e3ccd4da60a7802c588caec1121465bf,pool1mt3edrc94lwwragf223w8nx5mfs20qpvtzx2asgjz3jm7sd2qax,440,https://koios.tosidrop.me/api/v1/pool_updates,2026-05-19T23:10:03+00:00
dae74e2d2c8b6add32471caeade21a22ece020be31624a3ac05fffcf,pool1mtn5utfv3d4d6vj8rjh2mcs6ytkwqg97x93y5wkqtllu7r5u8ny,340,https://koios.tosidrop.me/api/v1/pool_updates,2026-05-19T23:10:03+00:00
daff7bb7b219bdda0e9dc1031454721ed9e52c9b626833cb798a95ed,pool1mtlhhdajrx7a5r5acyp3g4rjrmv72tymvf5r8jme32276x7jgvs,287,https://koios.tosidrop.me/api/v1/pool_updates,2026-05-19T23:10:03+00:00
db08847da4c75760f7aad2034fb9d7a9ed1d3e6c65742a962368c1e9,pool1mvyggldycatkpaa26gp5lwwh48k360nvv46z493rdrq7jt60e3z,383,https://koios.tosidrop.me/api/v1/pool_updates,2026-05-19T23:10:03+00:00
db0b2d9cfe4d50d08de9a04e3c8f2e941a863545fad5d72db3dca284,pool1mv9jm887f4gdpr0f5p8rerewjsdgvd29lt2awtdnmj3ggkq973a,422,https://koios.tosidrop.me/api/v1/pool_updates,2026-05-19T23:10:03+00:00
db172ffa295369edb048b0a5b802f1d7ed5579b71e78334635b7c0e7,pool1mvtjl73f2d57mvzgkzjmsqh36lk427dhreurx334klqww6sx7xm,502,https://koios.tosidrop.me/api/v1/pool_updates,2026-05-19T23:10:03+00:00
db19db28adb7c827e052ed29bcbf14ff6cab2272b65f7b2ce485048e,pool1mvvak29dklyz0czja55me0c5lak2kgnjke0hkt8ys5zgul9yptu,271,https://koios.tosidrop.me/api/v1/pool_updates,2026-05-19T23:10:03+00:00
db23cdcc7c3dd942873cb9b783ff001c2281c67764f549e3b5f2a855,pool1mv3umnru8hv59peuhxmc8lcqrs3gr3nhvn65nca472592a77jda,282,https://koios.tosidrop.me/api/v1/pool_updates,2026-05-19T23:10:03+00:00
db57667073912eff1615a4970c7e14a2c63d2de6e893e428618ce19a,pool1mdtkvurnjyh079s45jtscls55trr6t0xazf7g2rp3nse59avrxl,473,https://koios.tosidrop.me/api/v1/pool_updates,2026-05-19T23:10:03+00:00
db7d4459043262364b65731c1af1e5de99d9809c5ea0414d948e1ea2,pool1md75gkgyxf3rvjm9wvwp4u09m6vanqyut6syznv53c02y70gmxw,260,https://koios.tosidrop.me/api/v1/pool_updates,2026-05-19T23:10:03+00:00
db8ae7c8d579dfd4db4bd9fca05d44ef471195f3dbbf07fb885ee402,pool1mw9w0jx4080afk6tm872qh2yaar3r90nmwls07ugtmjqyakcsth,306,https://koios.tosidrop.me/api/v1/pool_updates,2026-05-19T23:10:03+00:00
dba751795bcc13dc1bc344837fcf6e8d7a9bd9dedc380e66fa3ccef1,pool1mwn4z72mesfacx7rgjphlnmw34afhkw7msuqueh68n80zduarq2,295,https://koios.tosidrop.me/api/v1/pool_updates,2026-05-19T23:10:03+00:00
dbc40da32e039750b63dd9972e23dcb481583110067bb7dfcd52d7a9,pool1m0zqmgewqwt4pd3amxtjug7ukjq4svgsqeam0h7d2tt6jfcxzk9,490,https://koios.tosidrop.me/api/v1/pool_updates,2026-05-19T23:10:03+00:00
dbcce755300521437fad194dc26872c559da210f76bc0ffce3b5c25b,pool1m0xww4fsq5s5xladr9xuy6rjc4va5gg0w67qll8rkhp9k89u7hk,251,https://koios.tosidrop.me/api/v1/pool_updates,2026-05-19T23:10:03+00:00
dbf4bfc944b75c263b3dc237734ab1b92d81213c24ecaf8046642fba,pool1m06tlj2ykawzvweacgmhxj43hykczgfuynk2lqzxvshm5lq2lyq,209,https://koios.tosidrop.me/api/v1/pool_updates,2026-05-19T23:10:03+00:00
dbf6e023565b34a92c5e203d706a4b5dbf8be33b90b604ec519d076a,pool1m0mwqg6ktv62jtz7yq7hq6jttklchcemjzmqfmz3n5rk5rpxpfk,309,https://koios.tosidrop.me/api/v1/pool_updates,2026-05-19T23:10:03+00:00
dc2be21a6f44e5f2516600f6f130b46343e3ea22737ae4ab18dfd9f4,pool1ms47yxn0gnjly5txqrm0zv95vdp7863zwdawf2ccmlvlg5pmldp,295,https://koios.tosidrop.me/api/v1/pool_updates,2026-05-19T23:10:03+00:00
dc2d8c0b921771a493d37798c57e48d713ba2a7ae75dad98ea5c0776,pool1mskcczujzac6fy7nw7vv2ljg6ufm52n6uaw6mx82tsrhvm3qrgm,231,https://koios.tosidrop.me/api/v1/pool_updates,2026-05-19T23:10:03+00:00
dc2fe82783dd918041ce02288e263832002a8ed6c53c8d24abcd39a2,pool1msh7sfurmkgcqswwqg5guf3cxgqz4rkkc57g6f9te5u6y385hhj,310,https://koios.tosidrop.me/api/v1/pool_updates,2026-05-19T23:10:03+00:00
dc3852b69aacfec0fc276e1971f03fa37984fc40b57fb97441c38f3e,pool1msu99d564nlvplp8dcvhrupl5ducflzqk4lmjazpcw8nu7znftq,434,https://koios.tosidrop.me/api/v1/pool_updates,2026-05-19T23:10:03+00:00
dc66b4c944faa7cc893a32eb7de5c7df7de1ae4aea7844c873e9c215,pool1m3ntfj2yl2nuezf6xt4hmew8ma77rtj2afuyfjrna8pp2usyjvh,331,https://koios.tosidrop.me/api/v1/pool_updates,2026-05-19T23:10:03+00:00
dc7c3a976125562ba3238d8909bd37317b6407fd3534686871286b13,pool1m37r49mpy4tzhger3kysn0fhx9akgplax56xs6r39p43xfpffwm,344,https://koios.tosidrop.me/api/v1/pool_updates,2026-05-19T23:10:03+00:00
dc9b71a7a58b954db4419dce75ba025f8b50c50d11d2a6a3aec864d3,pool1mjdhrfa93w25mdzpnh88twszt794p3gdz8f2dgawepjdxf6fxae,216,https://koios.tosidrop.me/api/v1/pool_updates,2026-05-19T23:10:03+00:00
dcab6580ec7c69d128afaad66a16c6ee8d6be19aed9aab3ea0c93452,pool1mj4ktq8v035az2904ttx59kxa6xkhcv6akd2k04qey69yu6hspq,267,https://koios.tosidrop.me/api/v1/pool_updates,2026-05-19T23:10:03+00:00
dcb37c1940e79633705c4348ee31a4040e231ec1baa24d63d7b9b451,pool1mjehcx2qu7trxuzugdywuvdyqs8zx8kph23y6c7hhx69z50acun,297,https://koios.tosidrop.me/api/v1/pool_updates,2026-05-19T23:10:03+00:00
dcc0b4406e0bec0d315446f9627365e7fba9e9e786e020c4dd19d25b,pool1mnqtgsrwp0kq6v25gmukyum9ula6n608smszp3xar8f9k0vwz2c,318,https://koios.tosidrop.me/api/v1/pool_updates,2026-05-19T23:10:03+00:00
dcd2cc9a541983e521749b81cc0038fe2129adff245a24b108362cde,pool1mnfvexj5rxp72gt5nwqucqpclcsjnt0ly3dzfvggxckdu5n48ps,328,https://koios.tosidrop.me/api/v1/pool_updates,2026-05-19T23:10:03+00:00
dcd6826f7bc2cea79576f0ebeff28bcfe8b49fb2abc08304dbdbf202,pool1mntgymmmct8209tk7r47lu5tel5tf8aj40qgxpxmm0eqywgpgh4,299,https://koios.tosidrop.me/api/v1/pool_updates,2026-05-19T23:10:03+00:00
dcdd4e7f07e389aadd12475876f7bbe024ef398f08571cbd3c398e16,pool1mnw5ulc8uwy64hgjgav8daamuqjw7wv0ppt3e0fu8x8pvjnpyfp,253,https://koios.tosidrop.me/api/v1/pool_updates,2026-05-19T23:10:03+00:00
dcdd4e7f07e389aadd12475876f7bbe024ef398f08571cbd3c398e16,pool1mnw5ulc8uwy64hgjgav8daamuqjw7wv0ppt3e0fu8x8pvjnpyfp,255,https://koios.tosidrop.me/api/v1/pool_updates,2026-05-19T23:10:03+00:00
dce22e3ed77b39885d062c17597c7bfad9d86f41df4c057a32cf0b25,pool1mn3zu0kh0vucshgx9st4jlrmltvasm6pmaxq273jeu9j2cys5sf,280,https://koios.tosidrop.me/api/v1/pool_updates,2026-05-19T23:10:03+00:00
dce4ff4ab3d3e8d94cd554ea039e54b3c8ce8c3ef8378ac4e76f2237,pool1mnj07j4n605djnx42n4q88j5k0yvarp7lqmc4388du3rwnljenz,485,https://koios.tosidrop.me/api/v1/pool_updates,2026-05-19T23:10:03+00:00
dce4ff4ab3d3e8d94cd554ea039e54b3c8ce8c3ef8378ac4e76f2237,pool1mnj07j4n605djnx42n4q88j5k0yvarp7lqmc4388du3rwnljenz,487,https://koios.tosidrop.me/api/v1/pool_updates,2026-05-19T23:10:03+00:00
dce8f0adc69d0151a06e0662b99691d736b2992f2e2487bbaee64204,pool1mn50ptwxn5q4rgrwqe3tn9536umt9xf09cjg0wawuepqgk80d6r,525,https://koios.tosidrop.me/api/v1/pool_updates,2026-05-19T23:10:03+00:00
dcf8e21e88051ccfd55a6baf510a9fe8c9d5b06cbea0e3b7ec013adc,pool1mnuwy85gq5wvl426dwh4zz5laryatvrvh6sw8dlvqyadctw02s8,334,https://koios.tosidrop.me/api/v1/pool_updates,2026-05-19T23:10:03+00:00
dcfbfc65083fd8a1d931b826e67549323d4946f02eda20622b618321,pool1mnalcegg8lv2rkf3hqnwva2fxg75j3hs9mdzqc3tvxpjzcpmvcc,351,https://koios.tosidrop.me/api/v1/pool_updates,2026-05-19T23:10:03+00:00
dd00f589439a68200642e31d9446643a01027925941b76ebcf0999cd,pool1m5q0tz2rnf5zqpjzuvweg3ny8gqsy7f9jsdhd670pxvu6wm6qnu,318,https://koios.tosidrop.me/api/v1/pool_updates,2026-05-19T23:10:03+00:00
dd029d74b3ed9e6a7525dad0f07973a1e94c4132d626c528ca090c7e,pool1m5pf6a9nak0x5af9mtg0q7tn5855csfj6cnv22x2pyx8ux0lj85,383,https://koios.tosidrop.me/api/v1/pool_updates,2026-05-19T23:10:03+00:00
dd7391ef3d3ab311f561574a29e317626353fccc7b038b844f978f3b,pool1m4eermea82e3ratp2a9zncchvf348lxv0vpchpz0j78nkahaz0d,290,https://koios.tosidrop.me/api/v1/pool_updates,2026-05-19T23:10:03+00:00
dd777ca1053943ccf29a781014f4472405fb073020a37240bf68cc71,pool1m4mhegg989pueu560qgpfaz8yszlkpesyz3hys9ldrx8zdkdauv,377,https://koios.tosidrop.me/api/v1/pool_updates,2026-05-19T23:10:03+00:00
ddf686213f0a98f6515a7a700652e229ce222174158f5f82b43457bc,pool1mhmgvgflp2v0v5260fcqv5hz988zygt5zk84lq45x3tmcl0aa67,359,https://koios.tosidrop.me/api/v1/pool_updates,2026-05-19T23:10:03+00:00
ddf8a398f07e643755e3128a5dc12992e4e912c192002c567b600874,pool1mhu28x8s0ejrw40rz299msffjtjwjykpjgqzc4nmvqy8gfk8s2g,531,https://koios.tosidrop.me/api/v1/pool_updates,2026-05-19T23:10:03+00:00
de040bdddb4bdee99ef029a94d3b05e732b59b041386ce5fae7a5b68,pool1mczqhhwmf00wn8hs9x556wc9uuettxcyzwrvuhaw0fdksvgddfm,230,https://koios.tosidrop.me/api/v1/pool_updates,2026-05-19T23:10:03+00:00
de091067d0fc04776cdd9fb1c58ed185de2aaeb5c1353f5629ae3aff,pool1mcy3qe7slsz8wmxan7cutrk3sh0z4t44cy6n743f4ca07a76227,292,https://koios.tosidrop.me/api/v1/pool_updates,2026-05-19T23:10:03+00:00
de0f2d8ec4a4079eb44437ecf986f805fae1907abc544e8721a55cce,pool1mc8jmrky5sreadzyxlk0nphcqhawryr6h32yapep54wvu9c0g2r,274,https://koios.tosidrop.me/api/v1/pool_updates,2026-05-19T23:10:03+00:00
de139c25613206965fe544275d6c3505cfc1554126dc26a45c3ed399,pool1mcfecftpxgrfvhl9gsn46mp4qh8uz42pymwzdfzu8mfej53p6s2,254,https://koios.tosidrop.me/api/v1/pool_updates,2026-05-19T23:10:03+00:00
de2e00a923f6dd016a43087e608df9b6ddd4e587e8ff4f39c64e2d43,pool1mchqp2fr7mwsz6jrpplxpr0ekmwafev8arl57wwxfck5x0dwv60,506,https://koios.tosidrop.me/api/v1/pool_updates,2026-05-19T23:10:03+00:00
de3498ad820d0a44cd411893fb00a0d59ef43ee909316a2e8ebca070,pool1mc6f3tvzp59yfn2przflkq9q6k00g0hfpyck5t5whjs8qdcjuj3,495,https://koios.tosidrop.me/api/v1/pool_updates,2026-05-19T23:10:03+00:00
de6ae3b38810974103a98d993405cd1767e2f7e85a083879f930dfb9,pool1me4w8vugzzt5zqaf3kvngpwdzan79algtgyrs70exr0mjghf2he,223,https://koios.tosidrop.me/api/v1/pool_updates,2026-05-19T23:10:03+00:00
dec381f39b0c3d4ecf44ca22ea294f45b351faa5fd120c570f61e177,pool1mmpcruumps75an6yeg3w5220gke4r749l5fqc4c0v8shwjg2y2k,344,https://koios.tosidrop.me/api/v1/pool_updates,2026-05-19T23:10:03+00:00
dec6d338be22ca05289dce3358dfd9da9378239b1b9de174b26b9653,pool1mmrdxw97yt9q22yaece43h7em2fhsgumrww7za9jdwt9xraehp4,385,https://koios.tosidrop.me/api/v1/pool_updates,2026-05-19T23:10:03+00:00
dee408516c02ab72285740dc8c2a1b18c3365cd9fb37d2c67c25262e,pool1mmjqs5tvq24hy2zhgrwgc2smrrpnvhxelvma93nuy5nzuzwsmmd,262,https://koios.tosidrop.me/api/v1/pool_updates,2026-05-19T23:10:03+00:00
def7f6a14be0a8f13595e479bd394d63d55695f7d084ed89ff4c33fe,pool1mmmldg2tuz50zdv4u3um6w2dv024d90h6zzwmz0lfselu0sflma,258,https://koios.tosidrop.me/api/v1/pool_updates,2026-05-19T23:10:03+00:00
defdd6638e3b3493eb3002d7a31b43b750320d20528852d613cc0f15,pool1mm7avcuw8v6f86esqtt6xx6rkagryrfq22y994snes832rjs2mt,336,https://koios.tosidrop.me/api/v1/pool_updates,2026-05-19T23:10:03+00:00
df01dcb3a9e8966b6376e6e6db8739fff72cb769a3b5174736520baa,pool1muqaevafaztxkcmkumndhpeellmjedmf5w63w3ek2g965mp6ne7,287,https://koios.tosidrop.me/api/v1/pool_updates,2026-05-19T23:10:03+00:00
df0d1b70945b0c4d6560ee64837ca54e025eabbe710e256f6836273e,pool1mux3kuy5tvxy6etqaejgxl99fcp9a2a7wy8z2mmgxcnnuu52ju8,313,https://koios.tosidrop.me/api/v1/pool_updates,2026-05-19T23:10:03+00:00
df1750df9b2df285fcfb50f4740657a18ee3af42727d410c37b86207,pool1mut4phum9hegtl8m2r68gpjh5x8w8t6zwf75zrphhp3qwwrrpgt,513,https://koios.tosidrop.me/api/v1/pool_updates,2026-05-19T23:10:03+00:00
df20194b13da05eb42b09d2430e3343f6ba835a403b172d3b3f4c7d2,pool1muspjjcnmgz7ks4sn5jrpce58a46sddyqwch95an7nrayfa7h8t,244,https://koios.tosidrop.me/api/v1/pool_updates,2026-05-19T23:10:03+00:00
df27b852b9ea0fcf9de2d95011ca5dc5c8ddbf26a299248a03c49c1c,pool1munms54eag8ul80zm9gprjjachydm0ex52vjfzsrcjwpcdavcdd,519,https://koios.tosidrop.me/api/v1/pool_updates,2026-05-19T23:10:03+00:00
df27b852b9ea0fcf9de2d95011ca5dc5c8ddbf26a299248a03c49c1c,pool1munms54eag8ul80zm9gprjjachydm0ex52vjfzsrcjwpcdavcdd,520,https://koios.tosidrop.me/api/v1/pool_updates,2026-05-19T23:10:03+00:00
df294c4b393692b505810f06bd2909a70d837b5eb2ec196b5a2eae13,pool1mu55cjeex6ft2pvppurt62gf5uxcx767ktkpj66696hpx6zhsed,214,https://koios.tosidrop.me/api/v1/pool_updates,2026-05-19T23:10:03+00:00
df2c28671a7d2e9b29703547533543926445f3a70f119a07af41d434,pool1mukzsec605hfk2tsx4r4xd2rjfjytua8puge5pa0g82rgqm0kt9,475,https://koios.tosidrop.me/api/v1/pool_updates,2026-05-19T23:10:03+00:00
df4ac1e5ccb7d3b638ae70dd835f3e0b7bf1b76b2e1dcbb34c9d4a12,pool1ma9vrewvklfmvw9wwrwcxhe7pdalrdmt9cwuhv6vn49pylkyccl,234,https://koios.tosidrop.me/api/v1/pool_updates,2026-05-19T23:10:03+00:00
df55c8a2ce44223e52a4e78fd4ce0e11cb428cf5750d3ceed117bf6f,pool1ma2u3gkwgs3ru54yu78afnswz8959r84w5xnemk3z7lk7anzx4m,266,https://koios.tosidrop.me/api/v1/pool_updates,2026-05-19T23:10:03+00:00
df6be519c6b621d4612989cec80582d3dbb857fc90d5e4bf7dacb280,pool1ma472xwxkcsagcff388vspvz60dms4lujr27f0ma4jegqmtqhh7,301,https://koios.tosidrop.me/api/v1/pool_updates,2026-05-19T23:10:03+00:00
df6d366e0d659557f7ce38f1f6015fe5022b15fac72e5c3bd28bc5ed,pool1maknvmsdvk240a7w8rclvq2lu5pzk906cuh9cw7j30z76ff257u,485,https://koios.tosidrop.me/api/v1/pool_updates,2026-05-19T23:10:03+00:00
df86c35858d0e19b9fa60fb16b7acef80585cd80c57e0051c7ac2754,pool1m7rvxkzc6rseh8axp7ckk7kwlqzctnvqc4lqq5w84sn4g4j4e90,451,https://koios.tosidrop.me/api/v1/pool_updates,2026-05-19T23:10:03+00:00
df86c35858d0e19b9fa60fb16b7acef80585cd80c57e0051c7ac2754,pool1m7rvxkzc6rseh8axp7ckk7kwlqzctnvqc4lqq5w84sn4g4j4e90,468,https://koios.tosidrop.me/api/v1/pool_updates,2026-05-19T23:10:03+00:00
df91f9ff97c9e83812bbbb7afc64916b1adc62aa964b84b8f5963c6b,pool1m7glnluhe85rsy4mhda0cey3dvddcc42je9cfw84jc7xk0ye90y,532,https://koios.tosidrop.me/api/v1/pool_updates,2026-05-19T23:10:03+00:00
df95dcb0a3cb53b8479a3501c3d5f4b34c9bb5afa0a470602e048e1d,pool1m72aev9redfms3u6x5qu8405kdxfhdd05zj8qcpwqj8p6cytqpg,286,https://koios.tosidrop.me/api/v1/pool_updates,2026-05-19T23:10:03+00:00
df983a6e50640eab5e840968119614737ed4a9871e87b0b0e2a78813,pool1m7vr5mjsvs82kh5yp95pr9s5wdldf2v8r6rmpv8z57ypxmrkqsa,334,https://koios.tosidrop.me/api/v1/pool_updates,2026-05-19T23:10:03+00:00
dfa6b525aca3d03d7933aa73913573204414b4ca661ba6140d90e851,pool1m7nt2fdv50gr67fn4feezdtnypzpfdx2vcd6v9qdjr59zvw9pvs,258,https://koios.tosidrop.me/api/v1/pool_updates,2026-05-19T23:10:03+00:00
dfacb4313176b700e8ce0ba88732a5d7583746ccfaf582bd12095fde,pool1m7ktgvf3w6msp6xwpw5gwv496avrw3kvlt6c90gjp90aud72642,254,https://koios.tosidrop.me/api/v1/pool_updates,2026-05-19T23:10:03+00:00
dfaf8179da6abf63efa746fc62dd94925a03f0b13d77a0574a0ca6b8,pool1m7hcz7w6d2lk8ma8gm7x9hv5jfdq8u9384m6q462pjntsgfr982,306,https://koios.tosidrop.me/api/v1/pool_updates,2026-05-19T23:10:03+00:00
dfb5469cb63aa0870da9c85960f9bbc8dd2759bb9a689f8429af5487,pool1m765d89k82sgwrdfepvkp7dmerwjwkdmnf5flppf4a2gwvtr32n,285,https://koios.tosidrop.me/api/v1/pool_updates,2026-05-19T23:10:03+00:00
dfb7802156aad8381919831c5f17498b5ea3f56711c469e28d4da165,pool1m7mcqg2k4tvrsxgesvw9796f3d028at8z8zxnc5dfksk203fftn,556,https://koios.tosidrop.me/api/v1/pool_updates,2026-05-19T23:10:03+00:00
dfd4da5019fc96ad6373187e04c96552ddb604a70a857800e1431731,pool1ml2d55qeljt26cmnrplqfjt92twmvp98p2zhsq8pgvtnzmkdj4s,265,https://koios.tosidrop.me/api/v1/pool_updates,2026-05-19T23:10:03+00:00
dfdbc19fc678bd2a386973f977d56e63e59dd70fc7530fc7f7c9933b,pool1mldur87x0z7j5wrfw0uh04twv0jem4c0cafsl3lhexfnka2ngxh,289,https://koios.tosidrop.me/api/v1/pool_updates,2026-05-19T23:10:03+00:00
dfed20e5e35ec66314cfed847e89914b65ccd747e50b76c68c44750e,pool1mlkjpe0rtmrxx9x0akz8azv3fdjue468u59hd35vg36suapgmeq,355,https://koios.tosidrop.me/api/v1/pool_updates,2026-05-19T23:10:03+00:00
dff369840cea5478a48c17cda549c5455ea39d8e712534948006b1a6,pool1mleknpqvaf283fyvzlx62jw9g40288vwwyjnf9yqq6c6vc5d9lc,259,https://koios.tosidrop.me/api/v1/pool_updates,2026-05-19T23:10:03+00:00
e0079c2670ee8206a962d3c6ffe255b7277c546371fff68c2d624c50,pool1uqrecfnsa6pqd2tz60r0lcj4kunhc4rrw8lldrpdvfx9qfjd6n0,603,https://koios.tosidrop.me/api/v1/pool_updates,2026-05-19T23:10:03+00:00
e00dac4566812442174bcfb4c12225f7a305606eed12f62e62085253,pool1uqx6c3txsyjyy96te76vzg39773s2crwa5f0vtnzppf9xzrm8qs,304,https://koios.tosidrop.me/api/v1/pool_updates,2026-05-19T23:10:03+00:00
e01133b97103bb932f7be0f7896ed1ca1d0ee350e4c8058e101b73d6,pool1uqgn8wt3qwaextmmurmcjmk3egwsac6sunyqtrssrdeavlgpyr4,491,https://koios.tosidrop.me/api/v1/pool_updates,2026-05-19T23:10:03+00:00
e01cbec1a70e125cfdda1664686fa1b27617a68d97cd1ff87de876fb,pool1uqwtasd8pcf9elw6zejxsmapkfmp0f5djlx3l7raapm0k02l4tn,228,https://koios.tosidrop.me/api/v1/pool_updates,2026-05-19T23:10:03+00:00
e02dc4456d3ab8ac9196a1c10cfb0a2d3e3976a398ea3561348265bf,pool1uqkug3td82u2eyvk58qse7c295lrja4rnr4r2cf5sfjm7wnvt5x,221,https://koios.tosidrop.me/api/v1/pool_updates,2026-05-19T23:10:03+00:00
e0337098957416ab539aabdcd59568d81ad56bef6f6e83263f9f9f28,pool1uqehpxy4wst2k5u640wdt9tgmqdd26l0dahgxf3ln70js830xv2,237,https://koios.tosidrop.me/api/v1/pool_updates,2026-05-19T23:10:03+00:00
e04b6da7e3d1e5f7ec7e996ff65aedfc4e2f1c9741917a1f0024aec6,pool1up9kmflr68jl0mr7n9hlvkhdl38z78yhgxgh58cqyjhvvmr4edy,282,https://koios.tosidrop.me/api/v1/pool_updates,2026-05-19T23:10:03+00:00
e080d5bd7ebbe6ae668dac39e802b5d9e9ef8f8d9e85b00b244ffbca,pool1uzqdt0t7h0n2ue5d4su7sq44m857lrudn6zmqzeyflau5msh6vd,499,https://koios.tosidrop.me/api/v1/pool_updates,2026-05-19T23:10:03+00:00
e09bd054b948adf8e934b25e86bd367f2eff957049de17aad0deaacf,pool1uzdaq49efzkl36f5kf0gd0fk0uh0l9tsf80p02ksm64v7y98rw6,286,https://koios.tosidrop.me/api/v1/pool_updates,2026-05-19T23:10:03+00:00
e0ac9f1b68d0621a4e6723f369a50e81f27916acb7cd42bc03eaac93,pool1uzkf7xmg6p3p5nn8y0eknfgws8e8j94vklx590qra2kfxpsxwsa,580,https://koios.tosidrop.me/api/v1/pool_updates,2026-05-19T23:10:03+00:00
e0d0addd30cce8adb8e4eaac01a222e63101e5ad438643e5542254af,pool1urg2mhfsen52mw8ya2kqrg3zuccsreddgwry8e25yf227hpvh3m,307,https://koios.tosidrop.me/api/v1/pool_updates,2026-05-19T23:10:03+00:00
e0e573565164437ffd11e7030d226951b98bc3710049517a8d379037,pool1urjhx4j3v3phllg3uups6gnf2xuchsm3qpy4z75dx7grw5nt46f,209,https://koios.tosidrop.me/api/v1/pool_updates,2026-05-19T23:10:03+00:00
e0e573565164437ffd11e7030d226951b98bc3710049517a8d379037,pool1urjhx4j3v3phllg3uups6gnf2xuchsm3qpy4z75dx7grw5nt46f,210,https://koios.tosidrop.me/api/v1/pool_updates,2026-05-19T23:10:03+00:00
e0e573565164437ffd11e7030d226951b98bc3710049517a8d379037,pool1urjhx4j3v3phllg3uups6gnf2xuchsm3qpy4z75dx7grw5nt46f,211,https://koios.tosidrop.me/api/v1/pool_updates,2026-05-19T23:10:03+00:00
e0f98b7f06508c15b2dd0330f6f7f6babfcaed7cf7bc69b7a0629844,pool1urucklcx2zxptvkaqvc0dalkh2lu4mtu777xndaqv2vygwmxzhv,358,https://koios.tosidrop.me/api/v1/pool_updates,2026-05-19T23:10:03+00:00
e10ee86a38d8a3e47793b5f99b926c1d7af276ce5118f62650f3eb15,pool1uy8ws63cmz37gaunkhuehynvr4a0yakw2yv0vfjs704326nte98,237,https://koios.tosidrop.me/api/v1/pool_updates,2026-05-19T23:10:03+00:00
e116bf936475165924795ae3f2dda01ab4a893ad8444a1364dd5886b,pool1uyttlymyw5t9jfrett3l9hdqr2623yads3z2zdjd6kyxkg8hpn7,399,https://koios.tosidrop.me/api/v1/pool_updates,2026-05-19T23:10:03+00:00
e126430621628818d5ed881fb78c99d6e6c6ac92db81f9316e92b5f8,pool1uynyxp3pv2yp340d3q0m0rye6mnvdtyjmwqljvtwj26lsayl7gy,290,https://koios.tosidrop.me/api/v1/pool_updates,2026-05-19T23:10:03+00:00
e13efa0c5fa2ac9a8c8603a6f7497f7b44929770aa9737c061981bef,pool1uyl05rzl52kf4ryxqwn0wjtl0dzf99ms42tn0srpnqd77m3cuv4,434,https://koios.tosidrop.me/api/v1/pool_updates,2026-05-19T23:10:03+00:00
e142b621ff2fc440af4d37c979f837c7f9e920cf928f41138522a6a4,pool1u9ptvg0l9lzypt6dxlyhn7phclu7jgx0j285zyu9y2n2gldazj5,403,https://koios.tosidrop.me/api/v1/pool_updates,2026-05-19T23:10:03+00:00
e151c6e13d6e6ffe8ed7a99ab40d31164592f8fb1ceeb1b24db49d2f,pool1u9gudcfadehlarkh4xdtgrf3zeze978mrnhtrvjdkjwj7wxvcje,324,https://koios.tosidrop.me/api/v1/pool_updates,2026-05-19T23:10:03+00:00
e17da710f1c139e4aacdc0dfe73c3be361cef97ddf3d5e9715c64278,pool1u976wy83cyu7f2kdcr07w0pmudsua7tamu74a9c4cep8sw5utyw,222,https://koios.tosidrop.me/api/v1/pool_updates,2026-05-19T23:10:03+00:00
e1ae99532bbe499351d123769bb5d49a20a4607f067b0919d7a1ece7,pool1uxhfj5etheyex5w3ydmfhdw5ngs2gcrlqeasjxwh58kww9zs9uv,357,https://koios.tosidrop.me/api/v1/pool_updates,2026-05-19T23:10:03+00:00
e1ca526fe5d2d2ac26a2b3ab52bf73ba4f1506da4e533eff8c5faa7f,pool1u899yml96tf2cf4zkw4490mnhf832pk6fefnaluvt7487jmqzhg,527,https://koios.tosidrop.me/api/v1/pool_updates,2026-05-19T23:10:03+00:00
e1cd85f4c2c60a1b71411d045eee6e6f541c2b4df1c916b1d4686073,pool1u8xctaxzcc9pku2pr5z9amnwda2pc26d78y3dvw5dps8xls749j,261,https://koios.tosidrop.me/api/v1/pool_updates,2026-05-19T23:10:03+00:00
e1e1c7be4d9bb57abfb2e3112b6f97aa9021cb25e6c42fbcbe417fc4,pool1u8su00jdnw6h40ajuvgjkmuh42gzrje9umzzl097g9lugx4cc8t,312,https://koios.tosidrop.me/api/v1/pool_updates,2026-05-19T23:10:03+00:00
e20b231fa8859cc244efae1abd7ee70a178c2410263b144688438d8c,pool1ug9jx8agskwvy3804cdt6lh8pgtccfqsyca3g35ggwxccvmeq5c,546,https://koios.tosidrop.me/api/v1/pool_updates,2026-05-19T23:10:03+00:00
e20bd557014af3f4215c66ca00084d07bb0a5e39b96d04a6346b953a,pool1ug9a24cpftelgg2uvm9qqzzdq7as5h3eh9ksff35dw2n5k8cefd,290,https://koios.tosidrop.me/api/v1/pool_updates,2026-05-19T23:10:03+00:00
e211046ea83fe61174e0313edd23a30148db11645f6a136918efdc33,pool1uggsgm4g8lnpza8qxyld6garq9ydkytyta4px6gcalwrxzqv4zl,304,https://koios.tosidrop.me/api/v1/pool_updates,2026-05-19T23:10:03+00:00
e2246ed4c38b4adf9a0e518a99174ebc29ee8fd01a5b73df80c1e95e,pool1ugjxa4xr3d9dlxsw2x9fj96whs57ar7srfdh8huqc854uy04sd3,307,https://koios.tosidrop.me/api/v1/pool_updates,2026-05-19T23:10:03+00:00
e2266a309ec7aa5c8158d35eddc680c11be66b4e6975d5c668e6e4d8,pool1ugnx5vy7c749eq2c6d0dm35qcyd7v66wd96at3ngumjdsqdhwhj,299,https://koios.tosidrop.me/api/v1/pool_updates,2026-05-19T23:10:03+00:00
e23f567013cef0ee3cbc6bc9015966f834634e6842a9ee6b2647f55c,pool1ugl4vuqnemcwu09ud0yszktxlq6xxnngg257u6exgl64c3dxgdj,325,https://koios.tosidrop.me/api/v1/pool_updates,2026-05-19T23:10:03+00:00
e24c5c7bdd631b0a67b057018a7666bc5d218cb165cc0ce710dd4dc0,pool1ufx9c77avvds5eas2uqc5anxh3wjrr93vhxqeecsm4xuqzf9mtj,222,https://koios.tosidrop.me/api/v1/pool_updates,2026-05-19T23:10:03+00:00
e29ff09ee8b5373f6033e97313be24734cbbd644924eb28919d5a6c0,pool1u20lp8hgk5mn7cpna9e3803ywdxth4jyjf8t9zge6knvq3d7tp4,223,https://koios.tosidrop.me/api/v1/pool_updates,2026-05-19T23:10:03+00:00
e2d11c2a62badb1e0245c74fd2731c0beb16f88cb83f1f878bb5174d,pool1utg3c2nzhtd3uqj9ca8ayucup043d7yvhql3lputk5t56txxhjy,425,https://koios.tosidrop.me/api/v1/pool_updates,2026-05-19T23:10:03+00:00
e2f8f217966a62687eb007f3c776b285fa3b2d408db76edda16d3e14,pool1utu0y9ukdf3xsl4sqleuwa4jsharkt2q3kmkahdpd5lpg7zpth5,394,https://koios.tosidrop.me/api/v1/pool_updates,2026-05-19T23:10:03+00:00
e310c2488894d8a790bc70feb3c121f4852c17411e5aedaedfee0b8d,pool1uvgvyjygjnv20y9uwrlt8sfp7jzjc96predwmtklac9c6m9yq0v,329,https://koios.tosidrop.me/api/v1/pool_updates,2026-05-19T23:10:03+00:00
e3403cc6aec2c8d37ebc38549f924ea82780f89afd98aa3a7e7c74aa,pool1udqre34wctydxl4u8p2flyjw4qncp7y6lkv25wn7036254ytlps,284,https://koios.tosidrop.me/api/v1/pool_updates,2026-05-19T23:10:03+00:00
e35d3918cc7098fa61de7990babb2d87fdfb1c753220e53a05bef95d,pool1udwnjxxvwzv05cw70xgt4wedsl7lk8r4xgsw2ws9hmu46zaz2f9,232,https://koios.tosidrop.me/api/v1/pool_updates,2026-05-19T23:10:03+00:00
e36bc28e2bc668de6f51fc111360f399c98fabff351110053ae5b15b,pool1ud4u9r3tce5dum63lsg3xc8nn8ycl2llx5g3qpf6ukc4k0gcfy7,399,https://koios.tosidrop.me/api/v1/pool_updates,2026-05-19T23:10:03+00:00
e3adac106a02c295221b670d2e83ddd3ea14ffd8629f4f4bbbb197d4,pool1uwk6cyr2qtpf2gsmvuxjaq7a604pfl7cv2057jamkxtagpxuuxa,254,https://koios.tosidrop.me/api/v1/pool_updates,2026-05-19T23:10:03+00:00
e3c915ad6cca4ce2eb275c7c61062e9a80ad790cf77bf226596c4b3e,pool1u0y3tttvefxw96e8t37xzp3wn2q267gv7aalyfjed39nuayjxa5,275,https://koios.tosidrop.me/api/v1/pool_updates,2026-05-19T23:10:03+00:00
e3ec86f5eaad786fd46987b615a7ac33872cd730a06faa185bd95445,pool1u0kgda0244uxl4rfs7mptfavxwrje4es5ph65xzmm92y29nlcmz,252,https://koios.tosidrop.me/api/v1/pool_updates,2026-05-19T23:10:03+00:00
e42b85d83cb44c1226a1f5af075cff3c22e21b7f1fe05c6661ea8db3,pool1us4ctkpuk3xpyf4p7khswh8l8s3wyxmlrls9cenpa2xmx7jyvrf,306,https://koios.tosidrop.me/api/v1/pool_updates,2026-05-19T23:10:03+00:00
e454652db4bb4a07aac51df90cc4f082cd28526ac990b7ddf7466ed2,pool1u32x2td5hd9q02k9rhuse38sstxjs5n2exgt0h0hgehdyuw9xsf,259,https://koios.tosidrop.me/api/v1/pool_updates,2026-05-19T23:10:03+00:00
e45aa054e603519a5b32b616ecdff8155ec76f541e1f2cb4bea8b1a6,pool1u3d2q48xqdge5kejkctwehlcz40vwm65rc0jed974zc6vfd4clc,627,https://koios.tosidrop.me/api/v1/pool_updates,2026-05-19T23:10:03+00:00
e4790ef73207425c014c430d348301603db6d43559dc1a57692dd427,pool1u3usaaejqap9cq2vgvxnfqcpvq7md4p4t8wp54mf9h2zw2yp9m0,537,https://koios.tosidrop.me/api/v1/pool_updates,2026-05-19T23:10:03+00:00
e47f3e910f4b922bdb039f3fda2f3cb8d25639338e3950d6c70e403c,pool1u3lnayg0fwfzhkcrnula5teuhrf9vwfn3cu4p4k8peqrcdv6sfe,606,https://koios.tosidrop.me/api/v1/pool_updates,2026-05-19T23:10:03+00:00
e488f605dc5c2d5d335022d8d518d0108359e733c06c1bd023fa9ec8,pool1ujy0vpwutsk46v6sytvd2xxszzp4neencpkph5prl20vssnz3dv,286,https://koios.tosidrop.me/api/v1/pool_updates,2026-05-19T23:10:03+00:00
e4ac73ef83e1d5950a3fe84b3a4b51045f9b01d2db18121395b4ac94,pool1ujk88muru82e2z3lap9n5j63q30ekqwjmvvpyyu4kjkfg0hdyle,506,https://koios.tosidrop.me/api/v1/pool_updates,2026-05-19T23:10:03+00:00
e4c3e5723c84283498d630ed5c3efe9623d8f5ac7fbeb7f590b9c0fa,pool1unp72u3uss5rfxxkxrk4c0h7jc3a3adv07lt0avsh8q05gq3yel,378,https://koios.tosidrop.me/api/v1/pool_updates,2026-05-19T23:10:03+00:00
e4c3e5723c84283498d630ed5c3efe9623d8f5ac7fbeb7f590b9c0fa,pool1unp72u3uss5rfxxkxrk4c0h7jc3a3adv07lt0avsh8q05gq3yel,400,https://koios.tosidrop.me/api/v1/pool_updates,2026-05-19T23:10:03+00:00
e4dcb7f9dbd7e7526ff7da111e50f3aef9a33f93bfd78cb97cc5d21d,pool1unwt07wm6ln4ymlhmgg3u58n4mu6x0unhltcewtuchfp6n6frxc,300,https://koios.tosidrop.me/api/v1/pool_updates,2026-05-19T23:10:03+00:00
e4e654a59774e791a1dd8661edbd76fcff10a6527f30da2239bfc150,pool1unn9ffvhwnnergwases7m0tklnl3pfjj0ucd5g3ehlq4qde4wpl,216,https://koios.tosidrop.me/api/v1/pool_updates,2026-05-19T23:10:03+00:00
e4e8771692a6c73270d01852a5f2bb10bbf35388d43c792e883cc824,pool1un58w95j5mrnyuxsrpf2tu4mzzalx5ug6s78jt5g8nyzgdyzajy,418,https://koios.tosidrop.me/api/v1/pool_updates,2026-05-19T23:10:03+00:00
e542f88759c997c8a3357a542efbf00c85405baea7f6006b3b344160,pool1u4p03p6eextu3ge40f2za7lspjz5qkaw5lmqq6emx3qkqq6yjvr,450,https://koios.tosidrop.me/api/v1/pool_updates,2026-05-19T23:10:03+00:00
e564fc0bbe991ec8e9cfc4b67eb9a16c696772f13ef6d6bed864536a,pool1u4j0cza7ny0v36w0cjm8awdpd35kwuh38mmdd0kcv3fk59mt80g,267,https://koios.tosidrop.me/api/v1/pool_updates,2026-05-19T23:10:03+00:00
e5725bfa101aaf86d28fff196e74e747c9160b90e57495ec13d599fb,pool1u4e9h7ssr2hcd550luvkua88gly3vzusu46ftmqn6kvlkh3v9gf,576,https://koios.tosidrop.me/api/v1/pool_updates,2026-05-19T23:10:03+00:00
e57d8d7f0d9c6087c23d7ea26e746b5699576b8abd18b7580663268c,pool1u47c6lcdn3sg0s3a063xuart26v4w6u2h5vtwkqxvvngchz7jp5,373,https://koios.tosidrop.me/api/v1/pool_updates,2026-05-19T23:10:03+00:00
e5b5cf5d692a0be8b49868a13ca090e16e7f2d5f51500eada51725e8,pool1uk6u7htf9g973dycdzsnegysu9h87t2l29gqatd9zuj7se4zl9p,423,https://koios.tosidrop.me/api/v1/pool_updates,2026-05-19T23:10:03+00:00
e5c35a37b7ab12021380ef8d365a291a52689d26a8ad07fc1fe19b73,pool1uhp45dah4vfqyyuqa7xnvk3frffx38fx4zks0lqluxdhx5zkq2s,352,https://koios.tosidrop.me/api/v1/pool_updates,2026-05-19T23:10:03+00:00
e5d987eb01bacd87e0a954a4c935faa3a15a77a602dd48fdb615bdd6,pool1uhvc06cphtxc0c9f2jjvjd065ws45aaxqtw53ldkzk7avzwtrpc,267,https://koios.tosidrop.me/api/v1/pool_updates,2026-05-19T23:10:03+00:00
e5e49b3f503bd50f931e92c28a3d16e60901e7bd7f219562af905f4b,pool1uhjfk06s802slyc7jtpg50gkucysreaa0use2c40jp05ksq3y0c,254,https://koios.tosidrop.me/api/v1/pool_updates,2026-05-19T23:10:03+00:00
e5e49b3f503bd50f931e92c28a3d16e60901e7bd7f219562af905f4b,pool1uhjfk06s802slyc7jtpg50gkucysreaa0use2c40jp05ksq3y0c,256,https://koios.tosidrop.me/api/v1/pool_updates,2026-05-19T23:10:03+00:00
e5ebc15274ba0d9532e52f6f919b55b16545312b6fc9f76071da2d18,pool1uh4uz5n5hgxe2vh99aherx64k9j52vftdlylwcr3mgk3sdz6vj4,505,https://koios.tosidrop.me/api/v1/pool_updates,2026-05-19T23:10:03+00:00
e5f9fff7747452412cb4d8c7fce151b651eb92a564e918a33a5ba006,pool1uhullam5w3fyzt95mrrlec23keg7hy49vn533ge6twsqvwu5qx9,405,https://koios.tosidrop.me/api/v1/pool_updates,2026-05-19T23:10:03+00:00
e602442ead829084d3eb38a96111937386f4206b04fef0a3aee369f8,pool1ucpygt4ds2ggf5lt8z5kzyvnwwr0ggrtqnl0pgawud5ls2cnnkl,528,https://koios.tosidrop.me/api/v1/pool_updates,2026-05-19T23:10:03+00:00
e612c7b057ef62a968372f949dd41c8c32506dbd2631570d473fc92e,pool1ucfv0vzhaa32j6ph972fm4qu3se9qmdaycc4wr288lyjurcl9a4,234,https://koios.tosidrop.me/api/v1/pool_updates,2026-05-19T23:10:03+00:00
e6167b787c6722d47cb7742a1945762c1620fe15cb26485467051925,pool1uct8k7ruvu3dgl9hws4pj3tk9stzpls4evnys4r8q5vj2p9w92w,521,https://koios.tosidrop.me/api/v1/pool_updates,2026-05-19T23:10:03+00:00
e62be741acba2d9f27a2fb6e1516a8dbe75e8686d64e42e1b158e172,pool1uc47wsdvhgke7fazldhp294gm0n4ap5x6e8y9cd3trshyddry7k,241,https://koios.tosidrop.me/api/v1/pool_updates,2026-05-19T23:10:03+00:00
e63d0fa435f185cf651c81bf666f51199ca6dd7ba1fe7cbf75d76776,pool1uc7slfp47xzu7egusxlkvm63rxw2dhtm58l8e0m46anhvhaecr2,215,https://koios.tosidrop.me/api/v1/pool_updates,2026-05-19T23:10:03+00:00
e63d0fa435f185cf651c81bf666f51199ca6dd7ba1fe7cbf75d76776,pool1uc7slfp47xzu7egusxlkvm63rxw2dhtm58l8e0m46anhvhaecr2,342,https://koios.tosidrop.me/api/v1/pool_updates,2026-05-19T23:10:03+00:00
e643037b6f5157b4ec9a7852129701f3fb3f0f2b768b7817756a5a0e,pool1uepsx7m029tmfmy60pfp99cp70an7retw69hs9m4dfdquvp9phz,318,https://koios.tosidrop.me/api/v1/pool_updates,2026-05-19T23:10:03+00:00
e645c034522f32522bf1c64a7f46128c562880abc26abe5f65f25a84,pool1uezuqdzj9ue9y2l3ce9873sj33tz3q9tcf4tuhm97fdggywuydy,580,https://koios.tosidrop.me/api/v1/pool_updates,2026-05-19T23:10:03+00:00
e65debd0f8929713b22de09383fa13107b0a351194497bee8c2f0c13,pool1uew7h58cj2t38v3duzfc87snzpas5dg3j3yhhm5v9uxpx2tn522,435,https://koios.tosidrop.me/api/v1/pool_updates,2026-05-19T23:10:03+00:00
e6ca6ff4ddeb8e81fe3574faa1f2929f0a8741d6d04b7eaf50265048,pool1um9xlaxaaw8grl34wna2ru5jnu9gwswk6p9hat6syegys09836g,258,https://koios.tosidrop.me/api/v1/pool_updates,2026-05-19T23:10:03+00:00
e6cbba49ed7b3106e2de87726d45a6f777b7f42ddabae7da5e5772fc,pool1um9m5j0d0vcsdck7saex63dx7amm0apdm2aw0kj72ae0ck0jqrv,300,https://koios.tosidrop.me/api/v1/pool_updates,2026-05-19T23:10:03+00:00
e6e1f4291b1e6a29c8f7818a6572bdbd50971d1c657725de72466365,pool1umslg2gmre4znj8hsx9x2u4ah4gfw8guv4mjthnjge3k2j5f8cl,433,https://koios.tosidrop.me/api/v1/pool_updates,2026-05-19T23:10:03+00:00
e6fe66f57ad03cf98579828e95bce09bebcc828e98c39322c8c6d871,pool1umlxdat66q70nptes28ft08qn04ueq5wnrpexgkgcmv8z906n7v,260,https://koios.tosidrop.me/api/v1/pool_updates,2026-05-19T23:10:03+00:00
e75db854d77e286bd86ef59cfc694629fdd0f70e7f7d84bd98d8cd53,pool1uawms4xh0c5xhkrw7kw0c62x987apacw0a7cf0vcmrx4x8qck2g,237,https://koios.tosidrop.me/api/v1/pool_updates,2026-05-19T23:10:03+00:00
e75db854d77e286bd86ef59cfc694629fdd0f70e7f7d84bd98d8cd53,pool1uawms4xh0c5xhkrw7kw0c62x987apacw0a7cf0vcmrx4x8qck2g,243,https://koios.tosidrop.me/api/v1/pool_updates,2026-05-19T23:10:03+00:00
e768a8d7bef0345cb0f439dc1ec0ac7c293188fcc18f60f5208a850f,pool1ua5234a77q69ev8588wpas9v0s5nrz8ucx8kpafq32zs7ylfvg3,398,https://koios.tosidrop.me/api/v1/pool_updates,2026-05-19T23:10:03+00:00
e76cf5ef93b5c650db92026b1c5fd802e4b4913a66efb96d410a92ae,pool1uak0tmunkhr9pkujqf43ch7cqtjtfyf6vmhmjm2pp2f2udpttwr,424,https://koios.tosidrop.me/api/v1/pool_updates,2026-05-19T23:10:03+00:00
e772a4d7283eee2e70758b8bf3b036ab783a1dda7bccfc11594d3b34,pool1uae2f4eg8mhzuur43w9l8vpk4dur58w600x0cy2ef5angazhg3x,629,https://koios.tosidrop.me/api/v1/pool_updates,2026-05-19T23:10:03+00:00
e776110582d8b973a6ded19abe169bf3c875aa3b46d010d51109cec0,pool1uampzpvzmzuh8fk76xdtu95m70y8t23mgmgpp4g3p88vqtnva4p,341,https://koios.tosidrop.me/api/v1/pool_updates,2026-05-19T23:10:03+00:00
e77b1fe68290a4b1770c47d0c2c2fd5044717f28f9f8d21447fddadc,pool1uaa3le5zjzjtzacvglgv9sha2pz8zlegl8udy9z8lhddcgufzlx,447,https://koios.tosidrop.me/api/v1/pool_updates,2026-05-19T23:10:03+00:00
e785ec77b57f27cf8a67d15903bdbfc76b9c54c82dd18c274e84a1e8,pool1u7z7caa40unulzn869vs80dlca4ec4xg9hgccf6wsjs7sw8uq48,299,https://koios.tosidrop.me/api/v1/pool_updates,2026-05-19T23:10:03+00:00
e79239b170d213600d893737a5e044b41fbdb569ab0f0af6ae2f2b1a,pool1u7frnvts6gfkqrvfxum6tczyks0mmdtf4v8s4a4w9u435ewv79x,345,https://koios.tosidrop.me/api/v1/pool_updates,2026-05-19T23:10:03+00:00
e7aad457df97cb8c4c669f09459e78b89a723a56aa1087dbebd3ffe7,pool1u74dg47ljl9ccnrxnuy5t8nchzd8ywjk4ggg0klt60l7wxgrnhn,226,https://koios.tosidrop.me/api/v1/pool_updates,2026-05-19T23:10:03+00:00
e7db783b5abf2c185a23eeeb6923a0b2dd1faae4e5becfc4758c7814,pool1uldhsw66hukpsk3ram4kjgaqktw3l2hyuklvl3r433upgmhck4h,399,https://koios.tosidrop.me/api/v1/pool_updates,2026-05-19T23:10:03+00:00
e7dfac5c0621b9f8a4b59522b1c9955d090b59b1e2d76f1eb4708110,pool1ul06chqxyxul3f94j53trjv4t5yskkd3uttk7845wzq3qv3lfq0,354,https://koios.tosidrop.me/api/v1/pool_updates,2026-05-19T23:10:03+00:00
e7e18f2050fa307fc9405f1d517760e894f8fbdf41a9b1b280571b38,pool1ulsc7gzslgc8lj2qtuw4zamqaz20377lgx5mrv5q2udnshcr8dl,241,https://koios.tosidrop.me/api/v1/pool_updates,2026-05-19T23:10:03+00:00
e7ff1af0cb5c6f1f1206c835fcc025a47560032b6b72e39d5f6f5dcd,pool1ull34uxtt3h37ysxeq6lesp9536kqqetddew882ldawu6yqmsl9,265,https://koios.tosidrop.me/api/v1/pool_updates,2026-05-19T23:10:03+00:00
e8013175d4afe9499834e197241ee17335689fb4c3e221da9c6732b3,pool1aqqnzaw54l55nxp5uxtjg8hpwv6k38a5c03zrk5uvuetxavluyt,231,https://koios.tosidrop.me/api/v1/pool_updates,2026-05-19T23:10:03+00:00
e80ba59f3c2218e581ad9f3658713c7484ad6de2f70f0f33211e870b,pool1aq96t8euygvwtqddnum9sufuwjz26m0z7u8s7vepr6rsk4k2e8z,528,https://koios.tosidrop.me/api/v1/pool_updates,2026-05-19T23:10:03+00:00
e8167261090f590718d0f6fd338c55eac1fecc38da7d14028f1ec67e,pool1aqt8ycgfpavswxxs7m7n8rz4atqlanpcmf73gq50rmr8um7nde8,570,https://koios.tosidrop.me/api/v1/pool_updates,2026-05-19T23:10:03+00:00
e82caad6754faa93bdb222f0e70e88c1b70c05f9f6854ec224157bfe,pool1aqk244n4f74f80djytcwwr5gcxmscp0e76z5as3yz4alu39568r,488,https://koios.tosidrop.me/api/v1/pool_updates,2026-05-19T23:10:03+00:00
e86fd25073a2636d91ff5561c6062a28435f964fc5485df11c5a444d,pool1aphay5rn5f3kmy0l24suvp329pp4l9j0c4y9mugutfzy6q899xe,423,https://koios.tosidrop.me/api/v1/pool_updates,2026-05-19T23:10:03+00:00
e898444ac21cb7630502b4b4bcc4ccd0be38282ed3eeab36c2b75fe3,pool1azvygjkzrjmkxpgzkj6te3xv6zlrs2pw60h2kdkzka07xpunagz,214,https://koios.tosidrop.me/api/v1/pool_updates,2026-05-19T23:10:03+00:00
e8a215a5aeca330da9ed1189050096c9cbda8d86fee1d933f2ea93bd,pool1az3ptfdwegesm20dzxys2qyke89a4rvxlmsajvlja2fm6sek26j,314,https://koios.tosidrop.me/api/v1/pool_updates,2026-05-19T23:10:03+00:00
e8a73e30e333fd9d3641be411b5df41f84edbc5af2b87634eb1c4868,pool1aznnuv8rx07e6djpheq3kh05r7zwm0z672u8vd8tr3yxsnegkp4,589,https://koios.tosidrop.me/api/v1/pool_updates,2026-05-19T23:10:03+00:00
e8b0e6480a7e83059e61fc4e51ef3d39e63e8d3e246d022c7a7f2ded,pool1azcwvjq206pst8npl389rmea88nrarf7y3ksytr60uk76swpyql,255,https://koios.tosidrop.me/api/v1/pool_updates,2026-05-19T23:10:03+00:00
e8d7513c4bc6ad6148fd70c7cd494162b37c8eb4763a5a86e5a5773b,pool1art4z0ztc6kkzj8awrru6j2pv2eher45wca94ph954mnk7844n0,215,https://koios.tosidrop.me/api/v1/pool_updates,2026-05-19T23:10:03+00:00
e8fb1e898f1d3d9e219b784a080793d65153abf9dd0ab35a698cdcee,pool1ara3azv0r57eugvm0p9qspun6eg482lem59txknf3nwwu6h9ptg,531,https://koios.tosidrop.me/api/v1/pool_updates,2026-05-19T23:10:03+00:00
e92ea8769442e0e93604a64830d07f1327bdb5db5ba19f332490ed05,pool1ayh2sa55gtswjdsy5eyrp5rlzvnmmdwmtwse7veyjrks2hu2vrc,258,https://koios.tosidrop.me/api/v1/pool_updates,2026-05-19T23:10:03+00:00
e97191994b0ca417f71fea850389c844be1786e00778615adba32c5d,pool1a9cerx2tpjjp0acla2zs8zwggjlp0phqqauxzkkm5vk963608aw,510,https://koios.tosidrop.me/api/v1/pool_updates,2026-05-19T23:10:03+00:00
e9794106e9403e8fbe059b1a2728fa8f686cf6e90565f7ba542b2dca,pool1a9u5zphfgqlgl0s9nvdzw2863a5xeahfq4jl0wj59vku5kv9ykm,500,https://koios.tosidrop.me/api/v1/pool_updates,2026-05-19T23:10:03+00:00
e98e298624ce6efe34635318bdd5d634bed732bb238989d3d1b6fc9e,pool1ax8znp3yeeh0udrr2vvtm4wkxjldwv4mywycn573km7fu20y5xa,213,https://koios.tosidrop.me/api/v1/pool_updates,2026-05-19T23:10:03+00:00
e990b066616878fb4efcfc55a01fad6a841e74674f02b8a4d8247910,pool1axgtqenpdpu0knhul326q8add2zpuar8fupt3fxcy3u3qz9dq4e,337,https://koios.tosidrop.me/api/v1/pool_updates,2026-05-19T23:10:03+00:00
e99a9a8dd24c1b4ea27f54faa5fa39ded50ee5fe3ccd92263b4d71a6,pool1axdf4rwjfsd5agnl2na2t73emm2sae078nxeyf3mf4c6vhh0dwm,573,https://koios.tosidrop.me/api/v1/pool_updates,2026-05-19T23:10:03+00:00
e9a4c0eb587df26cb4052b0ffbf7051b302e4c7340fb7f0b3990c776,pool1axjvp66c0hexedq99v8lhac9rvczunrngrah7zeejrrhvgr23vs,341,https://koios.tosidrop.me/api/v1/pool_updates,2026-05-19T23:10:03+00:00
e9c2db878b29143e6f458568a1b2b3b5f2fe8131308c484528e32da1,pool1a8pdhput9y2rum69s452rv4nkhe0aqf3xzxys3fguvk6zemhq97,349,https://koios.tosidrop.me/api/v1/pool_updates,2026-05-19T23:10:03+00:00
e9c55b1910e7fdcacf2db1be6f20fadff0e5d68d6566b223698031ab,pool1a8z4kxgsul7u4nedkxlx7g86mlcwt45dv4ntygmfsqc6kdse5c7,374,https://koios.tosidrop.me/api/v1/pool_updates,2026-05-19T23:10:03+00:00
e9c55b1910e7fdcacf2db1be6f20fadff0e5d68d6566b223698031ab,pool1a8z4kxgsul7u4nedkxlx7g86mlcwt45dv4ntygmfsqc6kdse5c7,379,https://koios.tosidrop.me/api/v1/pool_updates,2026-05-19T23:10:03+00:00
e9c55b1910e7fdcacf2db1be6f20fadff0e5d68d6566b223698031ab,pool1a8z4kxgsul7u4nedkxlx7g86mlcwt45dv4ntygmfsqc6kdse5c7,391,https://koios.tosidrop.me/api/v1/pool_updates,2026-05-19T23:10:03+00:00
e9c7b7cad4c4e4dbfc4504e926c02b5068ee84a98955e51cbf778714,pool1a8rm0jk5cnjdhlz9qn5jdspt2p5wap9f3927289lw7r3gaznasu,347,https://koios.tosidrop.me/api/v1/pool_updates,2026-05-19T23:10:03+00:00
e9d8a338fc643bb3e82308548cda29c52ab2de728751fefca20f9b54,pool1a8v2xw8uvsam86prpp2gek3fc54t9hnjsaglal9zp7d4g2tf525,382,https://koios.tosidrop.me/api/v1/pool_updates,2026-05-19T23:10:03+00:00
e9ef42e5fe6e45c46565d601cf66e9006d84bfb7fa8ace69afd0ad5e,pool1a8h59e07dezuget96cqu7ehfqpkcf0ahl29vu6d06zk4uqltt5l,239,https://koios.tosidrop.me/api/v1/pool_updates,2026-05-19T23:10:03+00:00
e9efe8540ad7ab0a77a0b068d450a705de5f42b61c9c8434c6785c8c,pool1a8h7s4q2674s5aaqkp5dg598qh097s4krjwggdxx0pwgcl2c5cm,382,https://koios.tosidrop.me/api/v1/pool_updates,2026-05-19T23:10:03+00:00
e9f7317424234e76913af2ff22f16fbc4f298cae98cf2cf6947eb425,pool1a8mnzapyyd88dyf67tlj9ut0h38jnr9wnr8jea55066z2pntpnm,248,https://koios.tosidrop.me/api/v1/pool_updates,2026-05-19T23:10:03+00:00
ea00ab4ff7004cc9aafe7a32106afd1e55d5f1c6b5a63224219a78b6,pool1agq2knlhqpxvn2h70gepq6hare2atuwxkknryfppnfutv2av4ej,466,https://koios.tosidrop.me/api/v1/pool_updates,2026-05-19T23:10:03+00:00
ea0bb34f495893ab906beac15b4a15fba6699f52a736a9fc0504744f,pool1ag9mxn6ftzf6hyrtatq4kjs4lwnxn86j5um2nlq9q36y7vh2ff7,316,https://koios.tosidrop.me/api/v1/pool_updates,2026-05-19T23:10:03+00:00
ea3bcd0f7eef6dcc792b7530d2eed388f57e81204e307f6ba9b35c47,pool1agau6rm7aakuc7ftw5cd9mkn3r6haqfqfcc876afkdwyw3wac6t,325,https://koios.tosidrop.me/api/v1/pool_updates,2026-05-19T23:10:03+00:00
ea5f1fb21658736dce6e8c63a516e9e5d645e104b9efbfbb395d7e68,pool1af03lvsktpekmnnw333629hfuhtytcgyh8hmlweet4lxs6p56fq,514,https://koios.tosidrop.me/api/v1/pool_updates,2026-05-19T23:10:03+00:00
ea9f41f217c35c500d6de75a4f7f4ac3153aadcc4f2e91194470e5f6,pool1a205rushcdw9qrtduady7l62cv2n4twvfuhfzx2ywrjlvsuuur5,213,https://koios.tosidrop.me/api/v1/pool_updates,2026-05-19T23:10:03+00:00
ea9f41f217c35c500d6de75a4f7f4ac3153aadcc4f2e91194470e5f6,pool1a205rushcdw9qrtduady7l62cv2n4twvfuhfzx2ywrjlvsuuur5,227,https://koios.tosidrop.me/api/v1/pool_updates,2026-05-19T23:10:03+00:00
ea9f4a127f07cf5c8a63a40189ece41c104a7f93786f25b379be9254,pool1a2055ynlql84eznr5sqcnm8yrsgy5lun0phjtvmeh6f9gx4h5n2,314,https://koios.tosidrop.me/api/v1/pool_updates,2026-05-19T23:10:03+00:00
eaa2cf4b082b53fd6b62aa56eaa8d85205c4b86d300c2faf19873359,pool1a23v7jcg9dfl66mz4ftw42xc2gzufwrdxqxzltcesue4jn0pd5r,285,https://koios.tosidrop.me/api/v1/pool_updates,2026-05-19T23:10:03+00:00
eaa53f6113008d931bc1a05a35e22b4a25b79ab8824bd3561dd1505b,pool1a2jn7cgnqzxexx7p5pdrtc3tfgjm0x4csf9ax4sa69g9kkxxke6,442,https://koios.tosidrop.me/api/v1/pool_updates,2026-05-19T23:10:03+00:00
eab028a23d615bb6d13e946a5416b082725fd95a79144a664b98e080,pool1a2cz3g3av9dmd5f7j349g94ssfe9lk260y2y5ejtnrsgq8ng069,223,https://koios.tosidrop.me/api/v1/pool_updates,2026-05-19T23:10:03+00:00
eadcf948b272f590db1a3c6bd234625123912011f6b1ecb0de8bf9ce,pool1atw0jj9jwt6epkc6834aydrz2y3ezgq376c7evx730uuuudnrp7,214,https://koios.tosidrop.me/api/v1/pool_updates,2026-05-19T23:10:03+00:00
eb0e2f923660b482d2bb03f7d12e8852a6089aea4225cd1a7777944c,pool1av8zly3kvz6g954mq0mazt5g22nq3xh2ggju6xnhw72yc3ltl0s,271,https://koios.tosidrop.me/api/v1/pool_updates,2026-05-19T23:10:03+00:00
eb1fdde2c0bb0f401b0b721579565843509b876c63a38a6583b20bdf,pool1av0amckqhv85qxctwg2hj4jcgdgfhpmvvw3c5evrkg9a76tr7jh,227,https://koios.tosidrop.me/api/v1/pool_updates,2026-05-19T23:10:03+00:00
eb1fdde2c0bb0f401b0b721579565843509b876c63a38a6583b20bdf,pool1av0amckqhv85qxctwg2hj4jcgdgfhpmvvw3c5evrkg9a76tr7jh,229,https://koios.tosidrop.me/api/v1/pool_updates,2026-05-19T23:10:03+00:00
eb26c0090a308585b27ef0a5a614e349889f841a087427f76de15f75,pool1avnvqzg2xzzctvn77zj6v98rfxyflpq6pp6z0amdu90h2vjvhlr,272,https://koios.tosidrop.me/api/v1/pool_updates,2026-05-19T23:10:03+00:00
eb3b0c284e1a63b80d5aaff48ccad542b46591962c935471fa117919,pool1avasc2zwrf3msr264l6gejk4g26xtyvk9jf4gu06z9u3j8thzyf,502,https://koios.tosidrop.me/api/v1/pool_updates,2026-05-19T23:10:03+00:00
eb3d7328b3d225707d447f0a3db2282b7033ea624117d50f964487d9,pool1av7hx29n6gjhql2y0u9rmv3g9dcr86nzgyta2rukgjrajxta32h,261,https://koios.tosidrop.me/api/v1/pool_updates,2026-05-19T23:10:03+00:00
eb5c5159a2ad1ece71d969bbe36636ba9a67f256f1dfa8823eff51b5,pool1adw9zkdz450vuuwedxa7xe3kh2dx0ujk78063q37lagm2jh0rn9,226,https://koios.tosidrop.me/api/v1/pool_updates,2026-05-19T23:10:03+00:00
eb64dcca5c0eba7043e62a831993812e7e53d81871e4aacb1c99d49b,pool1adjdejjup6a8qslx92p3nyup9el98kqcw8j24jcun82fkkdjr8c,259,https://koios.tosidrop.me/api/v1/pool_updates,2026-05-19T23:10:03+00:00
eb6e1949ef2e1f2cdb9b041d2a4b86d4d837798ab3ddfe53cc4cafe4,pool1adhpjj009c0jekumqswj5jux6nvrw7v2k0wlu57vfjh7gd5wyh9,460,https://koios.tosidrop.me/api/v1/pool_updates,2026-05-19T23:10:03+00:00
eb78e79b7f07d7391849b76ac41293bc65095d43b03e7a3a8984e866,pool1aduw0xmlqltnjxzfka4vgy5nh3jsjh2rkql85w5fsn5xv0t6zj6,316,https://koios.tosidrop.me/api/v1/pool_updates,2026-05-19T23:10:03+00:00
eb7d911eb4c0ca066badadab42d80d5b59a5ce996389523a26edb64a,pool1ad7ez845cr9qv6ad4k459kqdtdv6tn5evwy4yw3xakmy5mkxlm5,416,https://koios.tosidrop.me/api/v1/pool_updates,2026-05-19T23:10:03+00:00
eb7ff9eeb15c67c805931d06f3cafa4048ccb79ed5c77c68c4dc85d6,pool1adllnm43t3nuspvnr5r08jh6gpyvedu76hrhc6xymjzavd5d8f6,287,https://koios.tosidrop.me/api/v1/pool_updates,2026-05-19T23:10:03+00:00
eb7ff9eeb15c67c805931d06f3cafa4048ccb79ed5c77c68c4dc85d6,pool1adllnm43t3nuspvnr5r08jh6gpyvedu76hrhc6xymjzavd5d8f6,288,https://koios.tosidrop.me/api/v1/pool_updates,2026-05-19T23:10:03+00:00
eb87c0c00ba971e4438ef65ac775d21a3411223c7eebb061d71d25aa,pool1awrupsqt49c7gsuw7edvwawjrg6pzg3u0m4mqcwhr5j65z4aezs,544,https://koios.tosidrop.me/api/v1/pool_updates,2026-05-19T23:10:03+00:00
ebb32905bc6ef3b584b1e6f81de7e14201362aa04d10429123feb67f,pool1awejjpdudmemtp93umupmelpggqnv24qf5gy9yfrl6m87astv7w,238,https://koios.tosidrop.me/api/v1/pool_updates,2026-05-19T23:10:03+00:00
ebfb896d42beb891dd67208d6d4c0ed56f68d82945c6a3d8d90034c0,pool1a0acjm2zh6ufrht8yzxk6nqw64hk3kpfghr28kxeqq6vqvr9mhl,308,https://koios.tosidrop.me/api/v1/pool_updates,2026-05-19T23:10:03+00:00
ec06be60a0428ffe3f79fbe22f558832a64a77ec73eccfef9af8c1d1,pool1asrtuc9qg28lu0mel03z74vgx2ny5alvw0kvlmu6lrqazv6c23w,510,https://koios.tosidrop.me/api/v1/pool_updates,2026-05-19T23:10:03+00:00
ec1c7c5b2d5e56e2bbde3b49dd4f733d45d74a6d7f92ebeceb9a8a1b,pool1asw8ckedtetw9w778dya6nmn84zawjnd07fwhm8tn29pkav585j,402,https://koios.tosidrop.me/api/v1/pool_updates,2026-05-19T23:10:03+00:00
ec5b48b7106b22ca49c4fbafad4b46d0524d6d8527cc90432ddd4862,pool1a3d53dcsdv3v5jwylwh66j6x6pfy6mv9ylxfqsedm4yxy7zu03d,362,https://koios.tosidrop.me/api/v1/pool_updates,2026-05-19T23:10:03+00:00
ec5c54e80af68f4c0dee562ee06de58acb1769e9d0126d8b15f161f4,pool1a3w9f6q27685cr0w2chwqm093t93w60f6qfxmzc479slg5w79yq,271,https://koios.tosidrop.me/api/v1/pool_updates,2026-05-19T23:10:03+00:00
ec7871705e483ac323f53c0f68f9c776a72b785967c444c9bf119393,pool1a3u8zuz7fqavxgl48s8k37w8w6njk7zevlzyfjdlzxfexjcue6a,309,https://koios.tosidrop.me/api/v1/pool_updates,2026-05-19T23:10:03+00:00
ec7a55f00b00ea158d4fef43e767835f06276cae1a5abf4608cad51e,pool1a3a9tuqtqr4ptr20aap7weurturzwm9wrfdt73sget23u959cyd,255,https://koios.tosidrop.me/api/v1/pool_updates,2026-05-19T23:10:03+00:00
ec8b04ecd4456ddba74342ca080975b0393eaefb45b41a80520d0200,pool1aj9sfmx5g4kahf6rgt9qszt4kqunathmgk6p4qzjp5pqqlgmxxz,234,https://koios.tosidrop.me/api/v1/pool_updates,2026-05-19T23:10:03+00:00
ecb766ce74e49b0f7fcfc556699fbe32b1bf5e6adb778415539887c0,pool1ajmkdnn5ujds7l70c4txn8a7x2cm7hn2mdmcg92nnzruqes3l6p,296,https://koios.tosidrop.me/api/v1/pool_updates,2026-05-19T23:10:03+00:00
ed272b8d1587aac41273ee5f7badf5723784fa9676671d7b52b8c746,pool1a5njhrg4s74vgynnae0hht04wgmcf75kwen3676jhrr5v3s8ecq,271,https://koios.tosidrop.me/api/v1/pool_updates,2026-05-19T23:10:03+00:00
ed63d2eeb2c7205bcb11b61983867dc220456d5251ef5aa7630922af,pool1a43a9m4jcus9hjc3kcvc8pnacgsy2m2j28h44fmrpy327kwz7dx,220,https://koios.tosidrop.me/api/v1/pool_updates,2026-05-19T23:10:03+00:00
ed63d2eeb2c7205bcb11b61983867dc220456d5251ef5aa7630922af,pool1a43a9m4jcus9hjc3kcvc8pnacgsy2m2j28h44fmrpy327kwz7dx,221,https://koios.tosidrop.me/api/v1/pool_updates,2026-05-19T23:10:03+00:00
ed68a7b106a8c78ffed1ece95a0d5aeae5380f58a0ec4caa58e05799,pool1a4520vgx4rrcllk3an545r26atjnsr6c5rkye2jcuptejnz7jtn,416,https://koios.tosidrop.me/api/v1/pool_updates,2026-05-19T23:10:03+00:00
ed8b9c25260584007c5453650cbad28c163c0c9d01b880f30655c396,pool1ak9ecffxqkzqqlz52djsewkj3strcryaqxugpucx2hpev58kw25,299,https://koios.tosidrop.me/api/v1/pool_updates,2026-05-19T23:10:03+00:00
eda73c855d04c0b75840042b2d9f5117cbfd494ad2fa63402f3564e8,pool1aknnep2aqnqtwkzqqs4jm863zl9l6j226taxxsp0x4jwsqmmuga,237,https://koios.tosidrop.me/api/v1/pool_updates,2026-05-19T23:10:03+00:00
edaab9a020027f7c7699dad930d4ea5182627bdbc7d8dbc06c3f89ef,pool1ak4tngpqqflhca5emtvnp4822xpxy77mclvdhsrv87y77y0jnrl,253,https://koios.tosidrop.me/api/v1/pool_updates,2026-05-19T23:10:03+00:00
edbf17f6796a0434a8269f000cf2cba87452abf39c9967c8a318f456,pool1akl30anedgzrf2pxnuqqeukt4p6992lnnjvk0j9rrr69vtqka7k,490,https://koios.tosidrop.me/api/v1/pool_updates,2026-05-19T23:10:03+00:00
eddd529ca919280b9b3bdd1a4a520491cc4f43efc32e4c071037f618,pool1ahw4989fry5qhxemm5dy55syj8xy7sl0cvhycpcsxlmpsz9x853,303,https://koios.tosidrop.me/api/v1/pool_updates,2026-05-19T23:10:03+00:00
edffe7d318ed16e6a77bfbed0e1b4fd2cecdf33be15909a6282d77bf,pool1ahl705cca5twdfmml0ksux606t8vmuemu9vsnf3g94mm7lhnhtv,240,https://koios.tosidrop.me/api/v1/pool_updates,2026-05-19T23:10:03+00:00
ee07da2c1b504a55ecf570576a9c60b38b8509234acd9a4627336a83,pool1acra5tqm2p99tm84wptk48rqkw9c2zfrftxe5338xd4gxzp5xxh,219,https://koios.tosidrop.me/api/v1/pool_updates,2026-05-19T23:10:03+00:00
ee1f91a5e08196567a88de2f1180b4a9f673961e5c2e170421a39002,pool1ac0erf0qsxt9v75gmch3rq9548m889s7tshpwppp5wgqy5j32mh,450,https://koios.tosidrop.me/api/v1/pool_updates,2026-05-19T23:10:03+00:00
ee3fd28910d73dd6476b4e6ce2a00d09cc9a3c7cc1562d289f1f89d8,pool1acla9zgs6u7av3mtfekw9gqdp8xf50ruc9tz62ylr7yaszn0zsy,244,https://koios.tosidrop.me/api/v1/pool_updates,2026-05-19T23:10:03+00:00
ee3fd28910d73dd6476b4e6ce2a00d09cc9a3c7cc1562d289f1f89d8,pool1acla9zgs6u7av3mtfekw9gqdp8xf50ruc9tz62ylr7yaszn0zsy,245,https://koios.tosidrop.me/api/v1/pool_updates,2026-05-19T23:10:03+00:00
ee48adaff818376437bfacfcfee1cd4684c55bab024194e6ea1d41a5,pool1aey2mtlcrqmkgdal4n70acwdg6zv2katqfqefeh2r4q62k56sr4,245,https://koios.tosidrop.me/api/v1/pool_updates,2026-05-19T23:10:03+00:00
ee771169b18771adb46d0acd845f4160cd7145360df84aed11ac2108,pool1aem3z6d3sac6mdrdptxcgh6pvrxhz3fkphuy4mg34sssspha6rn,298,https://koios.tosidrop.me/api/v1/pool_updates,2026-05-19T23:10:03+00:00
ee89064ccaa9a12ba93acdd1b3789c282b44b7df858e762a0e35b36f,pool1a6ysvnx24xsjh2f6ehgmx7yu9q45fd7lsk88v2swxkek7pkxtgp,215,https://koios.tosidrop.me/api/v1/pool_updates,2026-05-19T23:10:03+00:00
ee92ba5963b30f6fcfad5f338d5b8ab5e0ba028c5af5ed877d7a9893,pool1a6ft5ktrkv8klnadtuec6ku2khst5q5vtt67mpma02vfx3nwm7g,445,https://koios.tosidrop.me/api/v1/pool_updates,2026-05-19T23:10:03+00:00
ee98228cf7a9c673942d51136ed8f56186e99b7afb458ed563bdc372,pool1a6vz9r8h48r889pd2yfkak84vxrwnxm6ldzca4trhhphy3jvt6p,231,https://koios.tosidrop.me/api/v1/pool_updates,2026-05-19T23:10:03+00:00
ee98a72dfb3ba43e9de2e39ef825a69d5d45627d2e918ea3e260f2dd,pool1a6v2wt0m8wjra80zuw00sfdxn4w52cna96gcaglzvred6gnsusx,526,https://koios.tosidrop.me/api/v1/pool_updates,2026-05-19T23:10:03+00:00
eeb180952144eaf1aa5ff27a19322a5560e027ca1510bae10ec2e76a,pool1a6ccp9fpgn40r2jl7fapjv3224swqf72z5gt4cgwctnk5etfjlr,397,https://koios.tosidrop.me/api/v1/pool_updates,2026-05-19T23:10:03+00:00
eee291899d6d173b8ce806d3bc0ba770e04f53f2fe1b79e94ac3f85c,pool1am3frzvad5tnhr8gqmfmcza8wrsy75ljlcdhn622c0u9c3sr7v5,216,https://koios.tosidrop.me/api/v1/pool_updates,2026-05-19T23:10:03+00:00
eef2555d6075c393b1f1bf8446d7c117b8382db7853499ee1aa0e1b2,pool1ame92htqwhpe8v03h7zyd47pz7urstdhs56fnms65rsmysevs9m,256,https://koios.tosidrop.me/api/v1/pool_updates,2026-05-19T23:10:03+00:00
eef371f5329ff0394243d16aa35a8ffe7b500aa6d46d80b3b1375766,pool1amehrafjnlcrjsjr6942xk50lea4qz4x63kcpva3xatkvjd26ry,302,https://koios.tosidrop.me/api/v1/pool_updates,2026-05-19T23:10:03+00:00
ef02b13ef062236829d567178288b8079cb2a924008734fc07ffd5b8,pool1auptz0hsvg3ks2w4vutc9z9cq7wt92fyqzrnflq8ll2msg0tecn,292,https://koios.tosidrop.me/api/v1/pool_updates,2026-05-19T23:10:03+00:00
ef03ceb5bb2f71143c91f387606631e2735e7baae7709cd0dc6b8e3e,pool1aupuaddm9ac3g0y37wrkqe33ufe4u7a2uacfe5xudw8ruhtav0m,304,https://koios.tosidrop.me/api/v1/pool_updates,2026-05-19T23:10:03+00:00
ef1083ee689025b30ce2205a0379fad275e05312c71c9f44f2efb102,pool1augg8mngjqjmxr8zypdqx7066f67q5cjcuwf738ja7csynadd99,237,https://koios.tosidrop.me/api/v1/pool_updates,2026-05-19T23:10:03+00:00
ef18e97a80f3e1e9633a8cd815f250d574fb308604dee96516157779,pool1auvwj75q70s7jce63nvptujs6460kvyxqn0wjegkz4mhja7g5t6,391,https://koios.tosidrop.me/api/v1/pool_updates,2026-05-19T23:10:03+00:00
ef35be2059b0dd8c0d59cdb40e9d9f1066cf653cf037c0ab46caa49b,pool1au6mugzekrwccr2eek6qa8vlzpnv7efu7qmup26xe2jfk9vhtce,408,https://koios.tosidrop.me/api/v1/pool_updates,2026-05-19T23:10:03+00:00
ef3b18cbe99ae5bf7626c51ba8cb66e130efbaccf18cfdf1f5126592,pool1aua33jlfntjm7a3xc5d63jmxuycwlwkv7xx0mu04zfjeyc4up7c,546,https://koios.tosidrop.me/api/v1/pool_updates,2026-05-19T23:10:03+00:00
ef3b39f506cf2c93073d95a6bb45b354f685c0e5fb17727104faf015,pool1auannagxeukfxpeajkntk3dn2nmgts89lvthyugyltcp2j8vcac,267,https://koios.tosidrop.me/api/v1/pool_updates,2026-05-19T23:10:03+00:00
ef66afe8e857b514a69452f9d4745839f6f49e430294f509fb7ffb6c,pool1aan2l68g2763ff552tuagazc88m0f8jrq2202z0m0lakcdpw5qa,294,https://koios.tosidrop.me/api/v1/pool_updates,2026-05-19T23:10:03+00:00
ef6b89d6d7703dac40fc526c8e9079e94cebf8c757e6c129d90be3fd,pool1aa4cn4khwq76cs8u2fkgayrea9xwh7x82lnvz2wep03l6lmzp3g,599,https://koios.tosidrop.me/api/v1/pool_updates,2026-05-19T23:10:03+00:00
ef71e664f4299e9f0a3a0817aa153aa2ca2af3b3c7f9195117d81515,pool1aac7ve859x0f7z36pqt659f65t9z4uanclu3j5ghmq232tnap8f,233,https://koios.tosidrop.me/api/v1/pool_updates,2026-05-19T23:10:03+00:00
ef9123943836fd7d47f98de569e7a10ca3ba5b80ca2ab3a7b41ce8dd,pool1a7gj89pcxm7h63le3hjkneappj3m5kuqeg4t8fa5rn5d6z2nhkx,563,https://koios.tosidrop.me/api/v1/pool_updates,2026-05-19T23:10:03+00:00
efa35ea93eb64d159597d27c367a54a55d583d6874555bda68cf1306,pool1a734a2f7kex3t9vh6f7rv7j554w4s0tgw324hkngeufsv92gzct,449,https://koios.tosidrop.me/api/v1/pool_updates,2026-05-19T23:10:03+00:00
efcd84c9ec1d7f034a8d5cee057fa246f4a1698298c6fc00616269f6,pool1alxcfj0vr4lsxj5dtnhq2lazgm62z6vznrr0cqrpvf5lvsyuesz,211,https://koios.tosidrop.me/api/v1/pool_updates,2026-05-19T23:10:03+00:00
eff80e975ae5b851965c6515b67869d17e9765949336b0239e26d495,pool1aluqa966uku9r9juv52mv7rf69lfwev5jvmtqgu7ym2f2qpn6np,274,https://koios.tosidrop.me/api/v1/pool_updates,2026-05-19T23:10:03+00:00
f00ddc4c2e7daefc69c50929fdca5fdfb16ec5297c711fbbc9f6f0b8,pool17qxacnpw0kh0c6w9py5lmjjlm7cka3ff03c3lw7f7mctsatwcd6,288,https://koios.tosidrop.me/api/v1/pool_updates,2026-05-19T23:10:03+00:00
f015cb7c52826de010be14208959de56afce1acb9e667b1cb3983e6f,pool17q2uklzjsfk7qy97zssgjkw726huuxktnen8k89nnqlx76vjuyu,252,https://koios.tosidrop.me/api/v1/pool_updates,2026-05-19T23:10:03+00:00
f019acb1df16035f2311d242ea946e5c856f81ea4f1d4002a0c1b870,pool17qv6evwlzcp47gc36fpw49rwtjzklq02fuw5qq4qcxu8q5rp8rk,253,https://koios.tosidrop.me/api/v1/pool_updates,2026-05-19T23:10:03+00:00
f01c52fd85cf391313a7c09318d7292edd9f8828d2460dc9f0501da2,pool17qw99lv9euu3xya8czf334ef9mwelzpg6frqmj0s2qw6y8prwlr,284,https://koios.tosidrop.me/api/v1/pool_updates,2026-05-19T23:10:03+00:00
f038585f5ca460b6049602214895301db3e31d32ae68a5ff1ee0ae1f,pool17qu9sh6u53stvpykqgs539fsrke7x8fj4e52tlc7uzhp75vk0wl,286,https://koios.tosidrop.me/api/v1/pool_updates,2026-05-19T23:10:03+00:00
f046602bc2d9526d5058786e081a8bf523ad6499237cdecadc6497eb,pool17prxq27zm9fx65zc0phqsx5t75366eyeyd7dajkuvjt7kde8ua0,318,https://koios.tosidrop.me/api/v1/pool_updates,2026-05-19T23:10:03+00:00
f06bccfa2d64e58989542975c105147e0872fcea2fd72c6739a6f118,pool17p4ue73dvnjcnz25996uzpg50cy89l829ltjceee5mc3s2p502n,406,https://koios.tosidrop.me/api/v1/pool_updates,2026-05-19T23:10:03+00:00
f06ec8f6783be726b14887e3fc5c3b9d4d1c1eade2f2060c32e8a29d,pool17phv3anc80njdv2gsl3lchpmn4x3c84duteqvrpjaz3f6lnvu8y,250,https://koios.tosidrop.me/api/v1/pool_updates,2026-05-19T23:10:03+00:00
f06ec8f6783be726b14887e3fc5c3b9d4d1c1eade2f2060c32e8a29d,pool17phv3anc80njdv2gsl3lchpmn4x3c84duteqvrpjaz3f6lnvu8y,265,https://koios.tosidrop.me/api/v1/pool_updates,2026-05-19T23:10:03+00:00
f0a112d12e435e9659f80a41236daf525e08189702a25a7d0876f962,pool17zs395fwgd0fvk0cpfqjxmd02f0qsxyhq2395lggwmukycj5rqm,531,https://koios.tosidrop.me/api/v1/pool_updates,2026-05-19T23:10:03+00:00
f0beff5c2252d9205771543b5febac9340fe884a49e697bff256e96a,pool17zl07hpz2tvjq4m32sa4l6avjdq0azz2f8nf00lj2m5k53mhnas,287,https://koios.tosidrop.me/api/v1/pool_updates,2026-05-19T23:10:03+00:00
f0c61854f3e7f0e94c41cc2c41a5c19009018b48d60f3fdfe445ebc4,pool17rrps48nulcwjnzpeskyrfwpjqysrz6g6c8nlhlygh4ugr9g8n6,434,https://koios.tosidrop.me/api/v1/pool_updates,2026-05-19T23:10:03+00:00
f0ca38f7cff2872e1d6ffd203a94dbcb71a5ab5af579790138176ca8,pool17r9r3a7072rju8t0l5sr49xmedc6t26674uhjqfczak2sgp29ax,607,https://koios.tosidrop.me/api/v1/pool_updates,2026-05-19T23:10:03+00:00
f0d7ce6a2bca4bbadf2a92d4223dccec99ce652dbff39614c2a92db4,pool17rtuu63tef9m4he2jt2zy0wvajvuuefdhleev9xz4ykmgujvl85,223,https://koios.tosidrop.me/api/v1/pool_updates,2026-05-19T23:10:03+00:00
f11e40d0ea734b80c3568afe4850ec872cf1f293c3d9b0cdcb1db5f3,pool17y0yp582wd9cps6k3tlys58vsuk0ru5nc0vmpnwtrk6lxt9l75w,257,https://koios.tosidrop.me/api/v1/pool_updates,2026-05-19T23:10:03+00:00
f12f26fcb658f1c8d1deb9a1bff67d5a81d480c522443770b5ccec8d,pool17yhjdl9ktrcu35w7hxsmlanat2qafqx9yfzrwu94enkg6teasjk,307,https://koios.tosidrop.me/api/v1/pool_updates,2026-05-19T23:10:03+00:00
f137e6702bb09babf88cc93c93dffd64379d5d43bdbe3ce870ff5c54,pool17ym7vuptkzd6h7yvey7f8hlavsme6h2rhklre6rslaw9gfvekag,435,https://koios.tosidrop.me/api/v1/pool_updates,2026-05-19T23:10:03+00:00
f147b3dc5a138ac28a88bc0f4626a0f33fd9b01c19bb33087014a177,pool179rm8hz6zw9v9z5ghs85vf4q7vlanvqurxanxzrszjshwaarkck,303,https://koios.tosidrop.me/api/v1/pool_updates,2026-05-19T23:10:03+00:00
f1515a2f8c00e23f24cc7874994372d359412452c766472aa97b1ed3,pool179g45tuvqr3r7fxv0p6fjsmj6dv5zfzjcanyw24f0v0dxjfg6xk,336,https://koios.tosidrop.me/api/v1/pool_updates,2026-05-19T23:10:03+00:00
f171144c73274b5ff009a1ddb74c172d630d7d9c7d3073e6d64fc0ee,pool179c3gnrnya94luqf58wmwnqh943s6lvu05c88ekkflqwu3m6unj,263,https://koios.tosidrop.me/api/v1/pool_updates,2026-05-19T23:10:03+00:00
f18569ab44c31d83fb3be7e050bdd944199bc21588d87f76ed1b98d7,pool17xzkn26ycvwc87emuls9p0wegsvehss43rv87ahdrwvdw0ul6pr,259,https://koios.tosidrop.me/api/v1/pool_updates,2026-05-19T23:10:03+00:00
f1a77751dcfee6792f6e25f1257092aa18c98e0137e9a6a5c4f993d6,pool17xnhw5wulmn8jtmwyhcj2uyj4gvvnrspxl56dfwylxfavd3kn4v,216,https://koios.tosidrop.me/api/v1/pool_updates,2026-05-19T23:10:03+00:00
f1ae552b032c2d87a416f4067eaf4636b3fe5e80230a1f63aa33f6bc,pool17xh922cr9skc0fqk7sr8at6xx6eluh5qyv9p7ca2x0mtc3st0mz,631,https://koios.tosidrop.me/api/v1/pool_updates,2026-05-19T23:10:03+00:00
f1c96d35a89c44f6bebbdb70bbd62fb8435090cfd4899fb2fa336d34,pool178yk6ddgn3z0d04mmdcth430hpp4pyx06jyelvh6xdkngm68rmk,468,https://koios.tosidrop.me/api/v1/pool_updates,2026-05-19T23:10:03+00:00
f1e470e5967d43d257e8128b82928ab45e607fdceca826c0020f4b27,pool178j8pevk04pay4lgz29c9y52k30xql7uaj5zdsqzpa9jwkuhqn5,504,https://koios.tosidrop.me/api/v1/pool_updates,2026-05-19T23:10:03+00:00
f1fc30093604e78c0a60655d3e14fcd7643e79244e6cedb0f45b5ed8,pool1787rqzfkqnnccznqv4wnu98u6ajru7fyfekwmv85td0dsqua9mq,388,https://koios.tosidrop.me/api/v1/pool_updates,2026-05-19T23:10:03+00:00
f23a606aac5217f3c0e22deebb100c2f8fa4ae15fec306e623d175a5,pool17gaxq64v2gtl8s8z9hhtkyqv9786fts4lmpsde3r69662jg9mh8,316,https://koios.tosidrop.me/api/v1/pool_updates,2026-05-19T23:10:03+00:00
f23ff7a5d780b3b66e3342ebf8cb371add69a10b8c6bfbe9eaf86c12,pool17gll0fwhszemvm3ngt4l3jehrtwknggt334lh602lpkpy5eytqn,279,https://koios.tosidrop.me/api/v1/pool_updates,2026-05-19T23:10:03+00:00
f2423991e47a678bfe67b3deafa42cd3e02e7e1c00f220c13cbffd60,pool17fprny0y0fnchln8k002lfpv60szulsuqrezpsfuhl7kqhrm9dh,279,https://koios.tosidrop.me/api/v1/pool_updates,2026-05-19T23:10:03+00:00
f263f28bf47693622013046313dca1e4fc841dca2f326e67e7454624,pool17f3l9zl5w6fkygqnq3338h9pun7gg8w29uexuel8g4rzglyqv6t,223,https://koios.tosidrop.me/api/v1/pool_updates,2026-05-19T23:10:03+00:00
f2731a34131c71fcaf38449ddcb98903de4b3a6dd173f42ec7f4f069,pool17fe35dqnr3cletecgjwaewvfq00ykwnd69elgtk87ncxjyr72dx,296,https://koios.tosidrop.me/api/v1/pool_updates,2026-05-19T23:10:03+00:00
f28af11d1c3896b7eb39d6a0f575c803ff10af7b6c184fe0c3f37295,pool17290z8gu8ztt06ee66s02awgq0l3ptmmdsvylcxr7def2j0a7dz,267,https://koios.tosidrop.me/api/v1/pool_updates,2026-05-19T23:10:03+00:00
f2bc1e741aec723ee827fd1fa293ed2285ef5f7153cfdcdefac41905,pool1727puaq6a3era6p8l5069yldy2z77hm3208aehh6csvs2y3hpqh,295,https://koios.tosidrop.me/api/v1/pool_updates,2026-05-19T23:10:03+00:00
f2d23cc3549ab3fe4c78dd9115aab0a9e47dde96b7c4346822c72aa3,pool17tfres65n2elunrcmkg3t24s48j8mh5kklzrg6pzcu42x7shmrv,312,https://koios.tosidrop.me/api/v1/pool_updates,2026-05-19T23:10:03+00:00
f2d8e5d834aaac3f3fc844dec8fdc86f9f88d9a5e8db508d158b68d9,pool17tvwtkp542kr707ggn0v3lwgd70c3kd9ard4prg43d5dj4x7e0n,326,https://koios.tosidrop.me/api/v1/pool_updates,2026-05-19T23:10:03+00:00
f2ede10eb16efe1011765177da6766c839e6ea60cfc6f34e821ecc5e,pool17tk7zr43dmlpqytk29ma5emxequ7d6nqelr0xn5zrmx9uvqkc5c,276,https://koios.tosidrop.me/api/v1/pool_updates,2026-05-19T23:10:03+00:00
f2fd0f4c1e0fd136b59a0c16037664d0bef9db989029dc7705569305,pool17t7s7nq7plgnddv6pstqxany6zl0nkucjq5acac926fs2tqkuca,331,https://koios.tosidrop.me/api/v1/pool_updates,2026-05-19T23:10:03+00:00
f30cd28a7d444493f357817d0555713e7fcaa54bcdf9a5cb43bf1804,pool17vxd9znag3zf8u6hs97s24t38elu4f2tehu6tj6rhuvqgrfvkgd,320,https://koios.tosidrop.me/api/v1/pool_updates,2026-05-19T23:10:03+00:00
f30d745ccb53957c1f05ad3265380177f028959ae6229c1980fceb48,pool17vxhghxt2w2hc8c945ex2wqpwlcz39v6uc3fcxvqln45s8xrdt3,237,https://koios.tosidrop.me/api/v1/pool_updates,2026-05-19T23:10:03+00:00
f31ff35ffb2125fb8d61e2a9c11d4726c3d5149105a5f06342a8024b,pool17v0lxhlmyyjlhrtpu25uz828ympa29y3qkjlqc6z4qpyknf89y9,259,https://koios.tosidrop.me/api/v1/pool_updates,2026-05-19T23:10:03+00:00
f322b5ad43b8decce9e8279e42840b5c5fca0397c5ca76b9504331ee,pool17v3ttt2rhr0ve60gy70y9pqtt30u5quhch98dw2sgvc7uez3fng,441,https://koios.tosidrop.me/api/v1/pool_updates,2026-05-19T23:10:03+00:00
f32abcd6b7b14277bd47eb61e14cdd5ecd99ca326646efa140029317,pool17v4te44hk9p80028ads7znxatmxenj3jverwlg2qq2f3wwr5exs,286,https://koios.tosidrop.me/api/v1/pool_updates,2026-05-19T23:10:03+00:00
f333d6af93639f6b10d7107f07f78e202f321fbadfbf866368621e48,pool17veadtunvw0kkyxhzpls0auwyqhny8a6m7lcvcmgvg0ys0mm7yd,531,https://koios.tosidrop.me/api/v1/pool_updates,2026-05-19T23:10:03+00:00
f33738494ea4e7a1bc60c57981ea9468c80ba83ec4a921ed6d295cba,pool17vmnsj2w5nn6r0rqc4ucr655dryqh2p7cj5jrmtd99wt5ldhjth,305,https://koios.tosidrop.me/api/v1/pool_updates,2026-05-19T23:10:03+00:00
f37a8ad3edc8598b01a6630217349571c181404feb97c580925045d8,pool17dag45ldepvckqdxvvppwdy4w8qczsz0awtutqyj2pzashn3ds2,534,https://koios.tosidrop.me/api/v1/pool_updates,2026-05-19T23:10:03+00:00
f38ef98cbc971755dddd9a6505cd9c72dceb1ffc27e7a6307f02d9e8,pool17w80nr9ujut4thwanfjstnvuwtwwk8luyln6vvrlqtv7sz3szeq,209,https://koios.tosidrop.me/api/v1/pool_updates,2026-05-19T23:10:03+00:00
f3cc723ca0ffafd9cb569b505cc3f2340d951592c7de4d2c6e39d8c6,pool170x8y09ql7hanj6kndg9esljxsxe29vjcl0y6trw88vvvuw9aul,281,https://koios.tosidrop.me/api/v1/pool_updates,2026-05-19T23:10:03+00:00
f3cfeb21aafb364863f71a1d4289b4b1573bda47088c8d65afe076d5,pool17087kgd2lvmysclhrgw59zd5k9tnhkj8pzxg6ed0upmd2f0q7up,388,https://koios.tosidrop.me/api/v1/pool_updates,2026-05-19T23:10:03+00:00
f3e279601a335129bcd091bdbf1466a287e8730072c74929ebb2a2ea,pool17038jcq6xdgjn0xsjx7m79rx52r7sucqwtr5j20tk23w5mjank3,237,https://koios.tosidrop.me/api/v1/pool_updates,2026-05-19T23:10:03+00:00
f40a1c4277473391aaa1afed488f88f8de33bde521923031c8b5106d,pool17s9pcsnhgueer24p4lk53ruglr0r8009yxfrqvwgk5gx6r44cpe,298,https://koios.tosidrop.me/api/v1/pool_updates,2026-05-19T23:10:03+00:00
f4527edc3869ce9f82be8a314ee40b0c7645a8c20555d7cc83092f5a,pool173f8ahpcd88flq473gc5aeqtp3myt2xzq42a0nyrpyh45z2ps09,242,https://koios.tosidrop.me/api/v1/pool_updates,2026-05-19T23:10:03+00:00
f47c3824cd694542e6555e783d4ae3fbdab607734738f01db4a17c61,pool1737rsfxdd9z59ej4teur6jhrl0dtvpmnguu0q8d5597xzmlplyd,273,https://koios.tosidrop.me/api/v1/pool_updates,2026-05-19T23:10:03+00:00
f483240a6096421f885504a9ccaf932fa9edf41252369cf35127e4d3,pool17jpjgznqjepplzz4qj5uetun9757maqj2gmfeu63yljdxcnzvt2,463,https://koios.tosidrop.me/api/v1/pool_updates,2026-05-19T23:10:03+00:00
f48b50270660de66705437d583ce6b3870cab14df522c498d10d7f58,pool17j94qfcxvr0xvuz5xl2c8nnt8pcv4v2d753vfxx3p4l4sukhtq0,277,https://koios.tosidrop.me/api/v1/pool_updates,2026-05-19T23:10:03+00:00
f49ab3d905832835d10aaa49ed0f11caa5221e1754d64f529ee263c9,pool17jdt8kg9sv5rt5g24fy76rc3e2jjy8sh2nty7557uf3uj694hy6,248,https://koios.tosidrop.me/api/v1/pool_updates,2026-05-19T23:10:03+00:00
f49b1f9fbaaca0d6ee4d348ced2dfff14f6584cd06d55d7edee8f981,pool17jd3l8a64jsddmjdxjxw6t0l798ktpxdqm246lk7arucz32fupq,410,https://koios.tosidrop.me/api/v1/pool_updates,2026-05-19T23:10:03+00:00
f49b57f24d6f2ac5c50819c126e4bbe55567237ba08e52b5d6b418a2,pool17jd40ujddu4vt3ggr8qjde9mu42kwgmm5z899dwkksv2y5zww5h,246,https://koios.tosidrop.me/api/v1/pool_updates,2026-05-19T23:10:03+00:00
f4a10d6f82ca3a874ff2e556fd9a163fa99e686fe387eda7bb4a8d86,pool17jss6muzegagwnlju4t0mxsk875eu6r0uwr7mfamf2xcvrwk4tc,473,https://koios.tosidrop.me/api/v1/pool_updates,2026-05-19T23:10:03+00:00
f4a26ceae75860ddd44f7f385c6128119c8f2555f37d614c44b118c8,pool17j3xe6h8tpsdm4z00uu9ccfgzxwg7f247d7kznzykyvvsm4vujk,278,https://koios.tosidrop.me/api/v1/pool_updates,2026-05-19T23:10:03+00:00
f4c50c06dcc45e1b1eae66f42307295040564243fa635b8ca847e6d9,pool17nzscpkuc30pk84wvm6zxpef2pq9vsjrlf34hr9gglndjqyx39n,294,https://koios.tosidrop.me/api/v1/pool_updates,2026-05-19T23:10:03+00:00
f4d6271e886a4a2ca6e4d3c91156204b0e26569a2b01eda832cb862c,pool17ntzw85gdf9zefhy60y3z43qfv8zv4569vq7m2pjewrzc02dz4f,476,https://koios.tosidrop.me/api/v1/pool_updates,2026-05-19T23:10:03+00:00
f4faa869ab48aa890e67105994d4e47f51303c6c79535d7635cc64b9,pool17na2s6dtfz4gjrn8zpvef48y0agnq0rv09f46a34e3jtjdpvlnq,435,https://koios.tosidrop.me/api/v1/pool_updates,2026-05-19T23:10:03+00:00
f5051e869a2e1c632f524c5de447c25a3e9d9037b73b40cec6fdea86,pool175z3ap569cwxxt6jf3w7g37ztglfmyphkua5pnkxlh4gv02nuxz,238,https://koios.tosidrop.me/api/v1/pool_updates,2026-05-19T23:10:03+00:00
f51e13866bf3427d1a1e97ec3c6e22e662d3a030ac26812e111c94cf,pool1750p8pnt7dp86xs7jlkrcm3zue3d8gps4sngzts3rj2v7vrz7ul,434,https://koios.tosidrop.me/api/v1/pool_updates,2026-05-19T23:10:03+00:00
f537b3a5ac2ecdc854a535a15f7732632375a0bf2af17dccbe5b422d,pool175mm8fdv9mxus499xks47aejvv3htg9l9tchmn97tdpz6lhq0zm,321,https://koios.tosidrop.me/api/v1/pool_updates,2026-05-19T23:10:03+00:00
f537b3a5ac2ecdc854a535a15f7732632375a0bf2af17dccbe5b422d,pool175mm8fdv9mxus499xks47aejvv3htg9l9tchmn97tdpz6lhq0zm,338,https://koios.tosidrop.me/api/v1/pool_updates,2026-05-19T23:10:03+00:00
f53a65c2462fa4599d19d42f1dc6a465f5459db48ad3208e056bff97,pool175axtsjx97j9n8ge6sh3m34yvh65t8d53tfjprs9d0lew3a0vkn,387,https://koios.tosidrop.me/api/v1/pool_updates,2026-05-19T23:10:03+00:00
f53c76b198e44ec385183d239e187b5a265394ad01f3df580740faea,pool17578dvvcu38v8pgc853euxrmtgn9899dq8ea7kq8graw53y4s35,382,https://koios.tosidrop.me/api/v1/pool_updates,2026-05-19T23:10:03+00:00
f5487af25ae67ba4678d5431d912f0b54050615447f3f99f64bb0fa3,pool174y84uj6uea6geud2scajyhsk4q9qc25gleln8myhv86xr22jrd,247,https://koios.tosidrop.me/api/v1/pool_updates,2026-05-19T23:10:03+00:00
f54a517beb8954d6c4298b2717e745c33237a000ecbb41b664c8c2cd,pool17499z7lt392dd3pf3vn30e69cver0gqqaja5rdnyerpv6zdzgkd,307,https://koios.tosidrop.me/api/v1/pool_updates,2026-05-19T23:10:03+00:00
f57eadd26faadfa356d208d39febce79b17f6b0a5b62afc99a666e73,pool174l2m5n04t06x4kjprfel67w0xch76c2td32ljv6veh8xxe7eee,289,https://koios.tosidrop.me/api/v1/pool_updates,2026-05-19T23:10:03+00:00
f58633867bea26335d12aa95a8b3b1dee5b6994ffd4bac5348375220,pool17krr8pnmagnrxhgj42263va3mmjmdx20l496c56gxafzqpq0ha3,212,https://koios.tosidrop.me/api/v1/pool_updates,2026-05-19T23:10:03+00:00
f589b57ca8a0aa624021aa64ea798d55a2e1ca5d32bb56a60eaf703b,pool17kym2l9g5z4xyspp4fjw57vd2k3wrjjax2a4dfsw4acrkwpf6gj,230,https://koios.tosidrop.me/api/v1/pool_updates,2026-05-19T23:10:03+00:00
f59e3495e638303cfa63750d5da209412a59c880680e7a8393dd5368,pool17k0rf90x8qcre7nrw5x4mgsfgy49njyqdq884qunm4fkslu6nye,421,https://koios.tosidrop.me/api/v1/pool_updates,2026-05-19T23:10:03+00:00
f5a37010d68963bdfa069ea95573e493d34e985a5a5aea43aad39f50,pool17k3hqyxk393mm7sxn6542ulyj0f5axz6tfdw5sa26w04q9567qm,233,https://koios.tosidrop.me/api/v1/pool_updates,2026-05-19T23:10:03+00:00
f5aa6abc4ef18e02492d7295baa7d152944a65c8cd0cdcd99b4fb37a,pool17k4x40zw7x8qyjfdw22m4f73222y5ewge5xdekvmf7eh5mql26m,249,https://koios.tosidrop.me/api/v1/pool_updates,2026-05-19T23:10:03+00:00
f5d066936773993aebcba53757730e2c8bcec370b9da4f85811b31b0,pool17hgxdym8wwvn467t55m4wucw9j9uasmsh8dylpvprvcmqusaj5c,257,https://koios.tosidrop.me/api/v1/pool_updates,2026-05-19T23:10:03+00:00
f5e75f957469080ac20ba49c0b8983433d5c2c9dbb2ebc6e1704795f,pool17hn4l9t5dyyq4sst5jwqhzvrgv74ctyahvhtcmshq3u47qpdxhd,285,https://koios.tosidrop.me/api/v1/pool_updates,2026-05-19T23:10:03+00:00
f60047eedbf063c4b0b68de3e73eaf33cf836a595449a90ec8dae113,pool17cqy0mkm7p3ufv9k3h37w040x08cx6je23y6jrkgmts3x9g78tu,300,https://koios.tosidrop.me/api/v1/pool_updates,2026-05-19T23:10:03+00:00
f618fabdad47ebd46a678f2367f9378d27d27aa7028336933eae59e9,pool17cv040ddgl4ag6n83u3k07fh35nay748q2pndye74ev7j0ypu3f,532,https://koios.tosidrop.me/api/v1/pool_updates,2026-05-19T23:10:03+00:00
f619a10b7ccea6167c5f169634e834b57739c2db892185f2efa9f1eb,pool17cv6zzmue6npvlzlz6trf6p5k4mnnskm3ysctuh048c7k9s64jz,434,https://koios.tosidrop.me/api/v1/pool_updates,2026-05-19T23:10:03+00:00
f65364f1175b48fb8e6ccadc1f851a948ed2f9d162a0b68ac3aa49e6,pool17efkfughtdy0hrnvetwplpg6jj8d97w3v2stdzkr4fy7vyrcrvd,324,https://koios.tosidrop.me/api/v1/pool_updates,2026-05-19T23:10:03+00:00
f6541f3ca941d96d3c243eae01fea874d6be403b2dd2c6575245de6e,pool17e2p709fg8vk60py86hqrl4gwnttuspm9hfvv46jgh0xuf72jqx,434,https://koios.tosidrop.me/api/v1/pool_updates,2026-05-19T23:10:03+00:00
f685439e01508839dfce172be07b3a5db88a87d16c836b4112daeb9d,pool176z588sp2zyrnh7wzu47q7e6tkug4p73djpkksgjmt4e67dj77f,379,https://koios.tosidrop.me/api/v1/pool_updates,2026-05-19T23:10:03+00:00
f68550a5e32875703027dc6318037a618eb91620a109c99194af8fba,pool176z4pf0r9p6hqvp8m333sqm6vx8tj93q5yyunyv5478m5yp8j07,314,https://koios.tosidrop.me/api/v1/pool_updates,2026-05-19T23:10:03+00:00
f68550a5e32875703027dc6318037a618eb91620a109c99194af8fba,pool176z4pf0r9p6hqvp8m333sqm6vx8tj93q5yyunyv5478m5yp8j07,330,https://koios.tosidrop.me/api/v1/pool_updates,2026-05-19T23:10:03+00:00
f685ec1bd556b584dc764b9c2aca83d65d4231268d42337dbd041a50,pool176z7cx74266cfhrkfwwz4j5r6ew5yvfx34prxldaqsd9qel5pnq,327,https://koios.tosidrop.me/api/v1/pool_updates,2026-05-19T23:10:03+00:00
f687f4625ae3abd2bf4a49bb5e04f669773cd8cb80954d1d2a32eb99,pool176rlgcj6uw4a9062fxa4up8kd9mnekxtsz2568f2xt4ejvz68cd,382,https://koios.tosidrop.me/api/v1/pool_updates,2026-05-19T23:10:03+00:00
f690ab7d5c8643171b760f5f155c558dca69e9d23773ae3fb5eff777,pool176g2kl2usep3wxmkpa032hz43h9xn6wjxae6u0a4almhweyhyg5,292,https://koios.tosidrop.me/api/v1/pool_updates,2026-05-19T23:10:03+00:00
f6aaa9fd1740b19f36423aed192b57509cb3b3e4110f018eeb71391f,pool17642nlghgzce7djz8tk3j26h2zwt8vlyzy8srrhtwyu37h7fs83,257,https://koios.tosidrop.me/api/v1/pool_updates,2026-05-19T23:10:03+00:00
f6f1e0170d267c00b8fcdb692091903828426720915db17633fadea0,pool17mc7q9cdye7qpw8umd5jpyvs8q5yyeeqj9wmza3nlt02qwccmtn,261,https://koios.tosidrop.me/api/v1/pool_updates,2026-05-19T23:10:03+00:00
f6f57b2d7d8f6f895193fb7d17c1e32562bea8917e99298e2197237d,pool17m6hktta3ahcj5vnld730s0ry43ta2y306vjnr3pju3h6yyzj25,251,https://koios.tosidrop.me/api/v1/pool_updates,2026-05-19T23:10:03+00:00
f7021c3773560bb28cd58250adef948cf942f4f374d934751c20e880,pool17uppcdmn2c9m9rx4sfg2mmu53nu59a8nwnvngaguyr5gqslwdyd,224,https://koios.tosidrop.me/api/v1/pool_updates,2026-05-19T23:10:03+00:00
f740ce50f4d598832ecdd7e2ca3b73c64c1aad2738482883bbf865f2,pool17aqvu5856kvgxtkd6l3v5wmncexp4tf88pyz3qamlpjlyuwn4vj,340,https://koios.tosidrop.me/api/v1/pool_updates,2026-05-19T23:10:03+00:00
f74566cbdda85f4c7c11452275c03835a9ec18ccc61ee183c19a932c,pool17azkdj7a4p05clq3g538tspcxk57cxxvcc0wrq7pn2fjcpe985h,216,https://koios.tosidrop.me/api/v1/pool_updates,2026-05-19T23:10:03+00:00
f747208eb5e3b703b271ff373b4dc4ca643c026071e480689be320d9,pool17arjpr44uwms8vn3lumnknwyefjrcqnqw8jgq6ymuvsdjcucyfu,469,https://koios.tosidrop.me/api/v1/pool_updates,2026-05-19T23:10:03+00:00
f757ff549d27a0556b79b8676a905583daa97dc9a3a98fe897822f5b,pool17atl74yay7s926mehpnk4yz4s0d2jlwf5w5cl6yhsgh4k03xlt8,272,https://koios.tosidrop.me/api/v1/pool_updates,2026-05-19T23:10:03+00:00
f758bd7d92dec6dc5a7f23ad20bf53d4dcf76c1ed84c0449289cfc8b,pool17avt6lvjmmrdcknlywkjp06n6nw0wmq7mpxqgjfgnn7gkqzrppy,288,https://koios.tosidrop.me/api/v1/pool_updates,2026-05-19T23:10:03+00:00
f76d1d7b81ef48fc15772180534de09fb577c4719461a687543dfbaa,pool17ak367upaay0c9thyxq9xn0qn76h03r3j3s6dp658ha650r38nz,500,https://koios.tosidrop.me/api/v1/pool_updates,2026-05-19T23:10:03+00:00
f7811118c400834b2539bd24684266b786e986c97d74a3db104bf049,pool177q3zxxyqzp5kffeh5jxssnxk7rwnpkf04628kcsf0cyj6jaklw,625,https://koios.tosidrop.me/api/v1/pool_updates,2026-05-19T23:10:03+00:00
f792d0af62312786bed43717a4300fc722fcbe054a61fa62e5e183e3,pool177fdptmzxyncd0k5xut6gvq0cu30e0s9ffsl5ch9uxp7xnev57d,334,https://koios.tosidrop.me/api/v1/pool_updates,2026-05-19T23:10:03+00:00
f799b4b4418b3b668697d6c71bafecf23f85196f264286f462c3e959,pool177vmfdzp3vakdp5h6mr3htlv7glc2xt0yepgdarzc054jjxdjrf,291,https://koios.tosidrop.me/api/v1/pool_updates,2026-05-19T23:10:03+00:00
f7ae59a074c909f1d87389435934124ce5fecf15660839d23ad7fd81,pool177h9ngr5eyylrkrn39p4jdqjfnjlanc4vcyrn5366l7czkpsngt,438,https://koios.tosidrop.me/api/v1/pool_updates,2026-05-19T23:10:03+00:00
f7af6803dd8b1b6a217cb8efdaefb4b8bac9e96d186b245a98b6c587,pool177hksq7a3vdk5gtuhrha4ma5hzavn6tdrp4jgk5ckmzcw9yvlul,270,https://koios.tosidrop.me/api/v1/pool_updates,2026-05-19T23:10:03+00:00
f7b90ea9a8fa39cb328faeb5bbaecbe0bf3bdd89ecdaa8ac89a5a8ed,pool177usa2dglguukv50466mhtktuzlnhhvfand23tyf5k5w6yyy527,306,https://koios.tosidrop.me/api/v1/pool_updates,2026-05-19T23:10:03+00:00
f7da5d99907c6a3a1c6045b7dc212c6124699ebdc60c8f3a2c6f82c1,pool17ld9mxvs034r58rqgkmacgfvvyjxn84accxg7w3vd7pvzkm09gy,292,https://koios.tosidrop.me/api/v1/pool_updates,2026-05-19T23:10:03+00:00
f7db3e1778ffc9833edf82fde30aca87817e28d0b8d0341444f54f55,pool17ldnu9mcllycx0klst77xzk2s7qhu2xshrgrg9zy74842476era,304,https://koios.tosidrop.me/api/v1/pool_updates,2026-05-19T23:10:03+00:00
f80c43e32943a0187ddb64b0ce68cd6ec0e61292d9f75153acc92583,pool1lqxy8cefgwspslwmvjcvu6xddmqwvy5jm8m4z5aveyjcx7hf4fy,259,https://koios.tosidrop.me/api/v1/pool_updates,2026-05-19T23:10:03+00:00
f823d4cfa020dc1b51899c41b6a412103822bdcc3e29f7f62a03b20c,pool1lq3afnaqyrwpk5vfn3qmdfqjzquz90wv8c5l0a32qweqcfpwan9,332,https://koios.tosidrop.me/api/v1/pool_updates,2026-05-19T23:10:03+00:00
f8396314cab569afe95fedbcd770c5bfa2303875dea99547de022438,pool1lqukx9x2k456l62lak7dwux9h73rqwr4m65e2377qgjrsszjp5k,334,https://koios.tosidrop.me/api/v1/pool_updates,2026-05-19T23:10:03+00:00
f86a8d8edd76e696bc78cfd12fadae5bc410103b192b272718376dc3,pool1lp4gmrkawmnfd0rcelgjltdwt0zpqypmry4jwfccxakuxz4rtsk,214,https://koios.tosidrop.me/api/v1/pool_updates,2026-05-19T23:10:03+00:00
f8868abd1e639033268abd5fb933de711dd966d648e81d4518ef7483,pool1lzrg40g7vwgrxf52h40mjv77wywajekkfr5p63gcaa6gxrnqy2t,348,https://koios.tosidrop.me/api/v1/pool_updates,2026-05-19T23:10:03+00:00
f894f7018fe4491b7dadc19fd43ca1ae64397abe2626ead6057a8151,pool1lz20wqv0u3y3klddcx0ag09p4ejrj747ycnw44s902q4zy4257y,240,https://koios.tosidrop.me/api/v1/pool_updates,2026-05-19T23:10:03+00:00
f8a2e8f0a7a218b4e870a8623367d75f996cce7ac1fbed776aa25c9d,pool1lz3w3u985gvtf6rs4p3rxe7ht7vkenn6c8a76am25fwf674dag8,297,https://koios.tosidrop.me/api/v1/pool_updates,2026-05-19T23:10:03+00:00
f8ad01786093bbb202da6b08acb7b4abe24204e73a65401ba75d42da,pool1lzksz7rqjwamyqk6dvy2eda5403yyp888fj5qxa8t4pd56tve5t,240,https://koios.tosidrop.me/api/v1/pool_updates,2026-05-19T23:10:03+00:00
f8c033ad4dbee1bcc6dbeae6a67695f89452d18d4c6f9ca28618501d,pool1lrqr8t2dhmsme3kmatn2va54lz2995vdf3heeg5xrpgp6ady0jy,376,https://koios.tosidrop.me/api/v1/pool_updates,2026-05-19T23:10:03+00:00
f8cd51b8ee69603e9e6578118674890646c2cc65d59824fce3c2943f,pool1lrx4rw8wd9sra8n90qgcvayfqerv9nr96kvzfl8rc22r7k74436,280,https://koios.tosidrop.me/api/v1/pool_updates,2026-05-19T23:10:03+00:00
f8cdd2882726b313f783a4fa0cbd6bbc8d7aa28c768989d90b22325e,pool1lrxa9zp8y6e38aur5naqe0tthjxh4g5vw6ycnkgtyge9utf0dcn,398,https://koios.tosidrop.me/api/v1/pool_updates,2026-05-19T23:10:03+00:00
f8db1f8bbe1abb1e26a22928a127c555b7b4002647cf0e74473a3c94,pool1lrd3lza7r2a3uf4z9y52zf792kmmgqpxgl8suaz88g7fg7sdw3g,234,https://koios.tosidrop.me/api/v1/pool_updates,2026-05-19T23:10:03+00:00
f8deee4c3ed093969ade03079cd88c634759be0adee88ad0f3f76c36,pool1lr0wunp76zfedxk7qvreekyvvdr4n0s2mm5g458n7akrvmdnfwl,268,https://koios.tosidrop.me/api/v1/pool_updates,2026-05-19T23:10:03+00:00
f8fa087ad73d205a6667548d657efaa15b7ba3f1354b5da31483ac1a,pool1lraqs7kh85s95en82jxk2lh659dhhgl3x494mgc5swkp5y7e8d9,243,https://koios.tosidrop.me/api/v1/pool_updates,2026-05-19T23:10:03+00:00
f905a9f5572e359f4ab59affc55d506916683b93249de0d30b426baf,pool1lyz6na2h9c6e7j44ntlu2h2sdytxswunyjw7p5ctgf467dsyryz,399,https://koios.tosidrop.me/api/v1/pool_updates,2026-05-19T23:10:03+00:00
f908b93de306af12c111b6e591d319784a58500ea00775c4e84ebe80,pool1lyytj00rq6h39sg3kmjer5ce0p99s5qw5qrht38gf6lgq7tfmp6,272,https://koios.tosidrop.me/api/v1/pool_updates,2026-05-19T23:10:03+00:00
f9317946c36f6ea5625732382ba4de05ddf4a3fe5952caa838cee051,pool1lychj3krdah22cjhxguzhfx7qhwlfgl7t9fv42pcems9zvknahx,361,https://koios.tosidrop.me/api/v1/pool_updates,2026-05-19T23:10:03+00:00
f936532cb939c8acef7fbaa7fca48301631ec72dea8d71b06237076f,pool1lym9xt9e88y2emmlh2nlefyrq933a3eda2xhrvrzxurk7s5h8e7,298,https://koios.tosidrop.me/api/v1/pool_updates,2026-05-19T23:10:03+00:00
f94910c846034fde8222e7b0a28d381ad8d9ebab51b44313d8eeb797,pool1l9y3pjzxqd8aaq3zu7c29rfcrtvdn6at2x6yxy7ca6mewhgdf5f,279,https://koios.tosidrop.me/api/v1/pool_updates,2026-05-19T23:10:03+00:00
f9546a2b91f4f3cc29d13b868cf239870a0135bb132cc27125626d44,pool1l92x52u37neuc2w38wrgeu3esu9qzddmzvkvyuf9vfk5gav8nxl,290,https://koios.tosidrop.me/api/v1/pool_updates,2026-05-19T23:10:03+00:00
f96080f834deb1a7d2a3e7a867fbcdc3d23cb14bb6e8297ffbb7f42d,pool1l9sgp7p5m6c6054ru75x077dc0frev2tkm5zjllmkl6z6rtq8tp,359,https://koios.tosidrop.me/api/v1/pool_updates,2026-05-19T23:10:03+00:00
f96b040819395ea1a0fe845da0181e399db99224e3088e82fbc441b2,pool1l94sgzqe8902rg87s3w6qxq78xwmny3yuvygaqhmc3qmy7nmj5a,297,https://koios.tosidrop.me/api/v1/pool_updates,2026-05-19T23:10:03+00:00
f99151a5fd003b8bb92ba2af02ed6efec2923b520189cf89e1c264aa,pool1lxg4rf0aqqachwft52hs9mtwlmpfyw6jqxyulz0pcfj25d4uaqd,580,https://koios.tosidrop.me/api/v1/pool_updates,2026-05-19T23:10:03+00:00
f99470aa3e945dc48421e1c09bb65e227566e4b3ec8f89aa3c550d8d,pool1lx28p237j3wufpppu8qfhdj7yf6kde9naj8cn23u25xc6qmuc0f,532,https://koios.tosidrop.me/api/v1/pool_updates,2026-05-19T23:10:03+00:00
f9a026c4d72b3d0bdc63893f2ac2a546629d538846f6fa9135b021a1,pool1lxszd3xh9v7shhrr3ylj4s49ge3f65uggmm04yf4kqs6zx7r2xa,283,https://koios.tosidrop.me/api/v1/pool_updates,2026-05-19T23:10:03+00:00
f9a2c9145d0b845bfc727d48e3b530b1f3169e70fc9d5738d547d265,pool1lx3vj9zapwz9hlrj04yw8dfsk8e3d8nsljw4wwx4glfx2ph5l0m,442,https://koios.tosidrop.me/api/v1/pool_updates,2026-05-19T23:10:03+00:00
f9d13642b664d8438cf58c7d4599d4246205f982b6190c42e81ced2c,pool1l8gnvs4kvnvy8r843375txw5y33qt7vzkcvscshgrnkjclqvaum,296,https://koios.tosidrop.me/api/v1/pool_updates,2026-05-19T23:10:03+00:00
f9db7272010a3ef3fcf1eeeab378fbccbb08fc9985feec2676b4cc11,pool1l8dhyusppgl08l83am4tx78mejas3lyeshlwcfnkknxpzv8pssp,363,https://koios.tosidrop.me/api/v1/pool_updates,2026-05-19T23:10:03+00:00
fa02819bae672ae782dc8351d2c85e53fd903418d6ce9bb5cfbe5074,pool1lgpgrxawvu4w0qkusdga9jz7207eqdqc6m8fhdw0heg8gcpu7r9,305,https://koios.tosidrop.me/api/v1/pool_updates,2026-05-19T23:10:03+00:00
fa11934be80ac1af0c935ae5af7aaa1fc8945116de0cf39a2de83e8d,pool1lggexjlgptq67rynttj67742rlyfg5gkmcx08x3daqlg63sz35m,286,https://koios.tosidrop.me/api/v1/pool_updates,2026-05-19T23:10:03+00:00
fa12fc84aeccc7ac2727d7a335000582a7ea983cd7fa733319d2c4fb,pool1lgf0ep9wenr6cfe8673n2qq9s2n74xpu6la8xvce6tz0kzp7wpu,382,https://koios.tosidrop.me/api/v1/pool_updates,2026-05-19T23:10:03+00:00
fa156bbd494fe565920b676d2a115ec8b11e7b9addc1cb15c5aebda6,pool1lg2kh02ffljktystvakj5y27ezc3u7u6mhquk9w94676vsmntrk,402,https://koios.tosidrop.me/api/v1/pool_updates,2026-05-19T23:10:03+00:00
fa1b6d428dd27ec5424fc2042a661467c87fa0e7b2b3ead3cbc56b79,pool1lgdk6s5d6flv2sj0cgzz5es5vly8lg88k2e7457tc44hjf8pffk,240,https://koios.tosidrop.me/api/v1/pool_updates,2026-05-19T23:10:03+00:00
fa1dcae3fb53819b8e2a5fd39b2cb623fb1eb6091ba240fb7163ed47,pool1lgwu4clm2wqehr32tlfekt9ky0a3adsfrw3yp7m3v0k5wsuas5r,255,https://koios.tosidrop.me/api/v1/pool_updates,2026-05-19T23:10:03+00:00
fa40fcde282587cbcf983d7fc5a6e6e05ce326f127d3c20d7af5af2b,pool1lfq0eh3gykruhnuc84lutfhxupwwxfh3ylfuyrt67khjkcj9r6y,377,https://koios.tosidrop.me/api/v1/pool_updates,2026-05-19T23:10:03+00:00
fa44cfd4079e76dec995876b0e9e7828d366b0e99463df864b56867d,pool1lfzvl4q8nemdajv4sa4sa8nc9rfkdv8fj33alpjt26r86q9wy4m,420,https://koios.tosidrop.me/api/v1/pool_updates,2026-05-19T23:10:03+00:00
fa55c56d5e217f0e46aa333643492ce105ced4fe75f6d6ace78db7d2,pool1lf2u2m27y9lsu342xvmyxjfvuyzua487whmddt883kmay4mxjeg,577,https://koios.tosidrop.me/api/v1/pool_updates,2026-05-19T23:10:03+00:00
fa5ce1bb71b8c6c7c1eb5a4eb5443aa187c8d13efb164381edb80af7,pool1lfwwrwm3hrrv0s0ttf8t23p65xru35f7lvty8q0dhq90wudsp66,577,https://koios.tosidrop.me/api/v1/pool_updates,2026-05-19T23:10:03+00:00
fa6369d4960007d990b275c4351ddb803da30e863450053f5f74fdc4,pool1lf3kn4ykqqrany9jwhzr28wmsq76xr5xx3gq206lwn7ugln9ul3,278,https://koios.tosidrop.me/api/v1/pool_updates,2026-05-19T23:10:03+00:00
fa6ecac0a10fb561de74bd94c16ef8a20727255a9b10f56f49ab7148,pool1lfhv4s9pp76krhn5hk2vzmhc5grjwf26nvg02m6f4dc5sk8akt3,233,https://koios.tosidrop.me/api/v1/pool_updates,2026-05-19T23:10:03+00:00
fa8b96740590a9638e8b548ca07992c776efda3ea56f50f8d99bf73d,pool1l29evaq9jz5k8r5t2jx2q7vjcamwlk3754h4p7xen0mn6f3le20,555,https://koios.tosidrop.me/api/v1/pool_updates,2026-05-19T23:10:03+00:00
fa96534ae68ee30cc258ce325da05a35bc370223bca3063dbc1af636,pool1l2t9xjhx3m3sesjcece9mgz6xk7rwq3rhj3sv0durtmrvdujc46,484,https://koios.tosidrop.me/api/v1/pool_updates,2026-05-19T23:10:03+00:00
faa4c3ce7af7bd87488b2ebe6eed74ebee781dfedb325e6afd834810,pool1l2jv8nn6777cwjyt96lxamt5a0h8s807mve9u6hasdypqv5cszk,442,https://koios.tosidrop.me/api/v1/pool_updates,2026-05-19T23:10:03+00:00
fab24ffce0611c290e10211cac009b1366ae1cece4a1c57d110ddfa1,pool1l2eyll8qvywzjrssyyw2cqymzdn2u88vujsu2lg3ph06zem2ykv,614,https://koios.tosidrop.me/api/v1/pool_updates,2026-05-19T23:10:03+00:00
fb05a2dfaed44ea665a40ddc1bfa7079e63eaf75d166c5774ded4960,pool1lvz69haw6382vedyphwph7ns08nratm469nv2a6da4ykqqgl56q,404,https://koios.tosidrop.me/api/v1/pool_updates,2026-05-19T23:10:03+00:00
fb0b97ceb0c478ca2026b9a90d3f4f087e251765989c385f5bfc684a,pool1lv9e0n4sc3uv5gpxhx5s6060pplz29m9nzwrsh6ml35y59wz22v,311,https://koios.tosidrop.me/api/v1/pool_updates,2026-05-19T23:10:03+00:00
fb2ef0b6933e23890ae8ca4a4d3137f61991aab76b33a2426e0f6aa2,pool1lvh0pd5n8c3cjzhgef9y6vfh7cver24hdve6ysnwpa42ys5emms,464,https://koios.tosidrop.me/api/v1/pool_updates,2026-05-19T23:10:03+00:00
fb377ccd85a754a25a6a90a1884750dd828409762b6e89fff1791f8d,pool1lvmhenv95a22ykn2jzscs36smkpggztk9dhgnll30y0c6sr250l,270,https://koios.tosidrop.me/api/v1/pool_updates,2026-05-19T23:10:03+00:00
fb414f643f7b8e64894bdcd321a15adf9ea7f99d2d231a884e6622d5,pool1ldq57epl0w8xfz2tmnfjrg26m70207va95334zzwvc3d2evdtca,300,https://koios.tosidrop.me/api/v1/pool_updates,2026-05-19T23:10:03+00:00
fb5dff7079e52e49170615add978a2712f5f93c72cb12215a44777e6,pool1ldwl7ureu5hyj9cxzkkaj79zwyh4ly789jcjy9dygam7vl4n28d,244,https://koios.tosidrop.me/api/v1/pool_updates,2026-05-19T23:10:03+00:00
fb82466458cb60c5295b8d335c24c83d85d510e0e012b877bcadbe98,pool1lwpyvezcedsv222m35e4cfxg8kza2y8quqftsaau4klfsmptz6c,306,https://koios.tosidrop.me/api/v1/pool_updates,2026-05-19T23:10:03+00:00
fb83ad3fa6705ac82d7bc5bb10a7a6d792d964d2a55afbbe419d9d4c,pool1lwp660axwpdvsttmcka3pfax67fdjexj54d0h0jpnkw5cjqqn68,233,https://koios.tosidrop.me/api/v1/pool_updates,2026-05-19T23:10:03+00:00
fb9e6df48b27018b7687851ebb7d4bde2802300a987e4042b84b59c6,pool1lw0xmaytyuqcka58s50tkl2tmc5qyvq2nplyqs4cfdvuvu76pmu,375,https://koios.tosidrop.me/api/v1/pool_updates,2026-05-19T23:10:03+00:00
fbaf2f0064de0c03dda0057c70a4af31fd3f9d3add57a8f5590f73d4,pool1lwhj7qrymcxq8hdqq478pf90x87nl8f6m4t63a2epaeagthkmfc,268,https://koios.tosidrop.me/api/v1/pool_updates,2026-05-19T23:10:03+00:00
fbc13e2e0c463f2f9663b2548996ee4a50fe420a5278e5ff8cd7f600,pool1l0qnutsvgcljl9nrkf2gn9hwffg0uss22fuwtluv6lmqqx33alt,241,https://koios.tosidrop.me/api/v1/pool_updates,2026-05-19T23:10:03+00:00
fbcc69ce8cdfc9cd3c2d9606657aaf7d4e33c1d22c99ab41533f3791,pool1l0xxnn5vmlyu60pdjcrx2740048r8swj9jv6ks2n8umezp2jh62,287,https://koios.tosidrop.me/api/v1/pool_updates,2026-05-19T23:10:03+00:00
fbd3e6d348721a4c2f4ccb0e7dcf89af67632921dd221f8ce8d0dba1,pool1l0f7d56gwgdyct6vev88mnuf4ankx2fpm53plr8g6rd6zxz6del,307,https://koios.tosidrop.me/api/v1/pool_updates,2026-05-19T23:10:03+00:00
fbf52221935b5205fbcb6e914184b0acc98e65ec01e3e96c64412cbb,pool1l06jygvntdfqt77td6g5rp9s4nycue0vq837jmrygyktke23pcy,552,https://koios.tosidrop.me/api/v1/pool_updates,2026-05-19T23:10:03+00:00
fbf7642ae3b21fa0624c18dfb9c75d7a24664abafc96adfda8673466,pool1l0mkg2hrkg06qcjvrr0mn36a0gjxvj46ljt2mldgvu6xv9s8vla,335,https://koios.tosidrop.me/api/v1/pool_updates,2026-05-19T23:10:03+00:00
fc2966cf162529c09e3f25f558bf14d38b0c367301e7c3f4f3c6d6dd,pool1ls5kdncky55up83lyh6430c56w9scdnnq8nu8a8ncmtd6txcz3y,214,https://koios.tosidrop.me/api/v1/pool_updates,2026-05-19T23:10:03+00:00
fc326584793485896db00cd60d37688e41f87031d106e957f76ed7ba,pool1lsextprexjzcjmdspntq6dmg3eqlsup36yrwj4lhdmtm5jmlsut,369,https://koios.tosidrop.me/api/v1/pool_updates,2026-05-19T23:10:03+00:00
fc48e5d44e1a3f662d0225a765c6eb02e2379407d361e9b317e245b3,pool1l3ywt4zwrglkvtgzyknkt3htqt3r09q86ds7nvchufzmx24xhnm,243,https://koios.tosidrop.me/api/v1/pool_updates,2026-05-19T23:10:03+00:00
fc52cf8badb52e8f1dc48e62fac0ab3ae4234f85d2b2a4ffcb01cca2,pool1l3fvlzadk5hg78wy3e304s9t8tjzxnu962e2fl7tq8x2yg3mz6l,237,https://koios.tosidrop.me/api/v1/pool_updates,2026-05-19T23:10:03+00:00
fc668f903818eba84b1f9b319b63c238005b937e2a848598e6018c02,pool1l3nglypcrr46sjclnvcekc7z8qq9hym792zgtx8xqxxqy6g5pkm,253,https://koios.tosidrop.me/api/v1/pool_updates,2026-05-19T23:10:03+00:00
fc74618b0eb94205fd1bcf75ac018f1684afb110cc678cd1e6ecb130,pool1l36xrzcwh9pqtlgmea66cqv0z6z2lvgse3nce50xajcnqzyuwg9,347,https://koios.tosidrop.me/api/v1/pool_updates,2026-05-19T23:10:03+00:00
fc7c663438fd4b61c5d0c064128467a550fd4e721fe6d5f237f5b416,pool1l37xvdpcl49kr3wscpjp9pr854g06nnjrlndtu3h7k6pvfapgap,501,https://koios.tosidrop.me/api/v1/pool_updates,2026-05-19T23:10:03+00:00
fc829c2e520933adc4c09e2cd7398e0390eb125c5c77cf8b024555e6,pool1ljpfctjjpye6m3xqnckdwwvwqwgwkyjut3mulzczg427v8mske7,332,https://koios.tosidrop.me/api/v1/pool_updates,2026-05-19T23:10:03+00:00
fc8ab7c3bd36652d347b36528cc9dc257df3572e70f8e64e3c5ac9c7,pool1lj9t0saaxejj6drmxefgejwuy47lx4ewwruwvn3uttyuw6f5389,210,https://koios.tosidrop.me/api/v1/pool_updates,2026-05-19T23:10:03+00:00
fcad6abfd17123496ede7cefd440abc576703548862d3d2b54d4e27f,pool1ljkk4073wy35jmk70nhags9tc4m8qd2gsckn62656n387fuvxx9,291,https://koios.tosidrop.me/api/v1/pool_updates,2026-05-19T23:10:03+00:00
fcbfb4a3c18f890de7a51f68603b18e654f8b432abdda17c53a0d586,pool1ljlmfg7p37ysmea9ra5xqwccue203dpj40w6zlzn5r2cvjrf6tw,597,https://koios.tosidrop.me/api/v1/pool_updates,2026-05-19T23:10:03+00:00
fcc8a499e4711c9b23df11b9f3a39584ff47bb1cff7fb764f6f5ed9c,pool1lny2fx0ywywfkg7lzxul8gu4snl50wculalmwe8k7hkec29zlh6,275,https://koios.tosidrop.me/api/v1/pool_updates,2026-05-19T23:10:03+00:00
fcd4729667b4d9687a5a05e92f1e8abcea7a3c34b7312a610b97b5e8,pool1ln2899n8knvks7j6qh5j7852hn4850p5kucj5cgtj767s86gd7d,252,https://koios.tosidrop.me/api/v1/pool_updates,2026-05-19T23:10:03+00:00
fce1c48fa96d810eaaf310ef4c287d028cf179b3d4f1a44515cb9932,pool1lnsufrafdkqsa2hnzrh5c2raq2x0z7dn6nc6g3g4ewvnyz50fqy,223,https://koios.tosidrop.me/api/v1/pool_updates,2026-05-19T23:10:03+00:00
fcf13d74e6245bb53e3b3bee3ab6a0dd23752bb53e550f3e2228065c,pool1lncn6a8xy3dm203m80hr4d4qm53h22a48e2s703z9qr9c20akka,415,https://koios.tosidrop.me/api/v1/pool_updates,2026-05-19T23:10:03+00:00
fd16af916631bd29bf926d210da45d4aaa852242965ad06c124726f1,pool1l5t2lytxxx7jn0ujd5ssmfzaf24g2gjzjeddqmqjgun0z7r3gwv,319,https://koios.tosidrop.me/api/v1/pool_updates,2026-05-19T23:10:03+00:00
fd17a8a715c510d8d378f1272f052c0c9d7991e90e985d4bae0f07b9,pool1l5t63fc4c5gd35mc7ynj7pfvpjwhny0fp6v96jawpurmj5nnyyv,296,https://koios.tosidrop.me/api/v1/pool_updates,2026-05-19T23:10:03+00:00
fd1c08136e1536ad1dee49d86efd7283602670d40cd187dba003fd19,pool1l5wqsymwz5m2680wf8vxaltjsdszvux5pngc0kaqq073jgytzvu,436,https://koios.tosidrop.me/api/v1/pool_updates,2026-05-19T23:10:03+00:00
fd30f95effb4f28920020901e3a4ad04f4d3585bc46953de762e8c0c,pool1l5c0jhhlknegjgqzpyq78f9dqn6dxkzmc3548hnk96xqcf7spx2,475,https://koios.tosidrop.me/api/v1/pool_updates,2026-05-19T23:10:03+00:00
fd502e9cf5c05943e8f250e4961b68f169c786b044134c64759b0e7b,pool1l4gza884cpv5868j2rjfvxmg795u0p4sgsf5cer4nv88k8gu6wv,289,https://koios.tosidrop.me/api/v1/pool_updates,2026-05-19T23:10:03+00:00
fd65d95ebd28e7d4dd0fa5389f279a8786318cb7e21a13adcffc69fe,pool1l4jajh4a9rnafhg055uf7fu6s7rrrr9hugdp8tw0l35luhlpqlw,264,https://koios.tosidrop.me/api/v1/pool_updates,2026-05-19T23:10:03+00:00
fd75500e6e8264e40cc537b97f03ace910db3a6bfd747f91ad6b4de1,pool1l464qrnwsfjwgrx9x7uh7qavaygdkwntl468lyddddx7zyz8jpj,337,https://koios.tosidrop.me/api/v1/pool_updates,2026-05-19T23:10:03+00:00
fdb8e1e7f181f23d31f09bb4547370ef104688b37b3e7f4fdb222f4f,pool1lkuwrel3s8er6v0snw69gumsaugydz9n0vl87n7mygh576mwcy0,458,https://koios.tosidrop.me/api/v1/pool_updates,2026-05-19T23:10:03+00:00
fdd12df69fcca7aa647ef993001baffa30c28cae1cd70c95d2d9e350,pool1lhgjma5lejn65er7lxfsqxa0lgcv9r9wrntse9wjm834qp89chh,466,https://koios.tosidrop.me/api/v1/pool_updates,2026-05-19T23:10:03+00:00
fea1da6c3631f137e76c7d893dd57373ff84d43408552bcfa5f055cc,pool1l6sa5mpkx8cn0emv0kynm4tnw0lcf4p5pp2jhna97p2ucfj69n9,382,https://koios.tosidrop.me/api/v1/pool_updates,2026-05-19T23:10:03+00:00
feba82f6abcda72836070600135e306f5011b354e8603240ea0e0f38,pool1l6ag9a4teknjsds8qcqpxh3sdagprv65apsrys82pc8nspzrxtc,237,https://koios.tosidrop.me/api/v1/pool_updates,2026-05-19T23:10:03+00:00
fec0c5f77fb6eac6e01124a0a11af032b322157d4c35a14361732d19,pool1lmqvtamlkm4vdcq3yjs2zxhsx2ejy9tafs66zsmpwvk3jq0zhyu,364,https://koios.tosidrop.me/api/v1/pool_updates,2026-05-19T23:10:03+00:00
fed2de9b6534835ccdd910c89282aaf244ea0b04b55e0cd0086c6271,pool1lmfdaxm9xjp4enwezryf9q427fzw5zcyk40qe5qgd338za9x65e,398,https://koios.tosidrop.me/api/v1/pool_updates,2026-05-19T23:10:03+00:00
fedf1eb0119189fa8a3a5375027a8b8c0aa05f53ff3e82039f909adf,pool1lm03avq3jxyl4z362d6sy75t3s92qh6nlulgyquljzdd79usuqe,234,https://koios.tosidrop.me/api/v1/pool_updates,2026-05-19T23:10:03+00:00
fee3bedc411184269a695e3bb960a2b0211f0abaf82a5c3d3b58492a,pool1lm3mahzpzxzzdxnftcamjc9zkqs37z46lq49c0fmtpyj5cy3rsj,285,https://koios.tosidrop.me/api/v1/pool_updates,2026-05-19T23:10:03+00:00
fef2921a96ef6f18e4f71051bf1d205dee89483a5795fabd0f69b9f7,pool1lmefyx5kaah33e8hzpgm78fqthhgjjp6272l40g0dxulwhge326,258,https://koios.tosidrop.me/api/v1/pool_updates,2026-05-19T23:10:03+00:00
ff069b3ecf738d4adfe83f7c20c64b82f94f7285ee41eedb2bfd297b,pool1lurfk0k0wwx54hlg8a7zp3jtstu57u59aeq7aketl55hknmmtu0,624,https://koios.tosidrop.me/api/v1/pool_updates,2026-05-19T23:10:03+00:00
ff5181baf722aa81b4c1cae54639d9268479e03e418a86b681f226da,pool1lagcrwhhy24grdxpetj5vwwey6z8ncp7gx9gdd5p7gnd5f6urcc,340,https://koios.tosidrop.me/api/v1/pool_updates,2026-05-19T23:10:03+00:00
ff5940e0061e5c8c3e37f76c47bd7be5ab8eb9dfe43f6c2d1b74f028,pool1lav5pcqxrewgc03h7aky00tmuk4cawwluslkctgmwnczsgnmn9v,569,https://koios.tosidrop.me/api/v1/pool_updates,2026-05-19T23:10:03+00:00
ff9477b81985600c917596474775a4bdf9aa6a7d935deae017f89052,pool1l7280wqes4sqeyt4jer5wadyhhu656najdw74cqhlzg9y9qf4dk,372,https://koios.tosidrop.me/api/v1/pool_updates,2026-05-19T23:10:03+00:00
ffb3fe58689ae0d70d6fb939a842ee78ecfa10eab561274327e78b7b,pool1l7elukrgntsdwrt0hyu6sshw0rk05y82k4sjwse8u79hkhf862z,580,https://koios.tosidrop.me/api/v1/pool_updates,2026-05-19T23:10:03+00:00
ffb61ca36c4caa1bd126b725ee627cab9f2a3efa52bf3c21d662ff66,pool1l7mpegmvfj4ph5fxkuj7ucnu4w0j50h622lncgwkvtlkvhjfp9n,299,https://koios.tosidrop.me/api/v1/pool_updates,2026-05-19T23:10:03+00:00
ffc48cf3ab1b87ec97eb8722475b9e9f0bd601e5cdcd724503d54087,pool1llzgeuatrwr7e9ltsu3ywku7nu9avq09ehxhy3gr64qgwfh6ku0,531,https://koios.tosidrop.me/api/v1/pool_updates,2026-05-19T23:10:03+00:00
ffd23ba5f75e28a3cb1b095a352c5094d6589148b49329d05395cbdf,pool1llfrhf0htc528jcmp9dr2tzsjnt93y2gkjfjn5znjh9a79avwv7,632,https://koios.tosidrop.me/api/v1/pool_updates,2026-05-19T23:10:03+00:00
ffdf1b8fe56f419eaf95f20df8ffa8e72c799e9571ef9ce1c9a997f3,pool1ll03hrl9daqeatu47gxl3laguuk8n854w8heecwf4xtlxhg4vxp,306,https://koios.tosidrop.me/api/v1/pool_updates,2026-05-19T23:10:03+00:00
fffda60991eafa48674f7137a76e11ddc2464e94c73a4319629072b4,pool1ll76vzv3atayse60wym6wms3mhpyvn55cuayxxtzjpetg03xpdp,360,https://koios.tosidrop.me/api/v1/pool_updates,2026-05-19T23:10:03+00:00
