pool_hash,pool_id,status,source,generated_at
7bdd22d7824d2ace055768acfea668ab6f2e81085fa558d76b46cec5,pool100wj94uzf54vup2hdzk0afng4dhjaqggt7j434mtgm8v2gfvfgp,Inactive,https://raw.githubusercontent.com/input-output-hk/spo-incentives/main/report-november-2025/scripts/inactive-pools.txt,2026-05-19T23:10:03+00:00
7d3dcf02af6c7a2776c72bc1928d7125e94af1ab049123cedcb3db4e,pool1057u7q40d3azwak890qe9rt3yh554udtqjgj8nkuk0d5unenspe,Inactive,https://raw.githubusercontent.com/input-output-hk/spo-incentives/main/report-november-2025/scripts/inactive-pools.txt,2026-05-19T23:10:03+00:00
7d08f3a51f2f90aa501e6167679bdd010dd063fc6655235d0eceedd3,pool105y08fgl97g255q7v9nk0x7aqyxaqcluve2jxhgwemkaxkeyd82,Inactive,https://raw.githubusercontent.com/input-output-hk/spo-incentives/main/report-november-2025/scripts/inactive-pools.txt,2026-05-19T23:10:03+00:00
7ea4b5bf56a3a4106283a26c27e82875dddfc850d2abb9a79d3a6d70,pool106jtt06k5wjpqc5r5fkz06pgwhwaljzs624mnfua8fkhq0fl9am,Inactive,https://raw.githubusercontent.com/input-output-hk/spo-incentives/main/report-november-2025/scripts/inactive-pools.txt,2026-05-19T23:10:03+00:00
7ebe7823947b82e8cf60b6eff40bf4c616eaa8e3e676a185d2b7d15d,pool106l8sgu50wpw3nmqkmhlgzl5cctw428ruem2rpwjklg46nprex0,Inactive,https://raw.githubusercontent.com/input-output-hk/spo-incentives/main/report-november-2025/scripts/inactive-pools.txt,2026-05-19T23:10:03+00:00
796cf5f959b9d66176a15cfa89a480b4a7b4e74fea76bdd5ac917e2f,pool109k0t72eh8txza4ptnagnfyqkjnmfe60afmtm4dvj9lz7dy78lh,Inactive,https://raw.githubusercontent.com/input-output-hk/spo-incentives/main/report-november-2025/scripts/inactive-pools.txt,2026-05-19T23:10:03+00:00
7e02278b2102a37debe3b1d889c1aeffbcaff6002e3bdced8e2dae5b,pool10cpz0zepq23hm6lrk8vgnsdwl772lasq9caaemvw9kh9ktxqygk,Inactive,https://raw.githubusercontent.com/input-output-hk/spo-incentives/main/report-november-2025/scripts/inactive-pools.txt,2026-05-19T23:10:03+00:00
7b45073ac7260664b1f59b2b54c82069ab2a6792abf4d4bcd0078c42,pool10dzswwk8ycrxfv04nv44fjpqdx4j5euj406df0xsq7xyy0r0ta5,Inactive,https://raw.githubusercontent.com/input-output-hk/spo-incentives/main/report-november-2025/scripts/inactive-pools.txt,2026-05-19T23:10:03+00:00
7e762cb67e960521dbc6f68fed89c1041404d8ed9ec9c4c71df4b87c,pool10emzedn7jczjrk7x7687mzwpqs2qfk8dnmyuf3ca7ju8cx79z57,Inactive,https://raw.githubusercontent.com/input-output-hk/spo-incentives/main/report-november-2025/scripts/inactive-pools.txt,2026-05-19T23:10:03+00:00
7e454e721b11bd90e839ceafb00fc5153397fee81373f1202bc9ae53,pool10ez5uusmzx7ep6pee6hmqr79z5ee0lhgzdelzgptexh9xq3ar4e,Inactive,https://raw.githubusercontent.com/input-output-hk/spo-incentives/main/report-november-2025/scripts/inactive-pools.txt,2026-05-19T23:10:03+00:00
7a696d3656f6cb46fe077a69352f3b97eddc400dafbd438946efce8f,pool10f5k6djk7m95dls80f5n2temjlkacsqd47758z2xal8g79kg9ct,Inactive,https://raw.githubusercontent.com/input-output-hk/spo-incentives/main/report-november-2025/scripts/inactive-pools.txt,2026-05-19T23:10:03+00:00
7a608a12c2c4b8205122d9592d36246be520211a04c5dd70ee581faf,pool10fsg5ykzcjuzq5fzm9vj6d3yd0jjqgg6qnza6u8wtq0677vam2t,Inactive,https://raw.githubusercontent.com/input-output-hk/spo-incentives/main/report-november-2025/scripts/inactive-pools.txt,2026-05-19T23:10:03+00:00
7dcb22dfa2dae022248b27b3a64a3c80f4c7c9a260fa0c18d05786b0,pool10h9j9hazmtszyfyty7e6vj3usr6v0jdzvraqcxxs27rtqp7hsgc,Inactive,https://raw.githubusercontent.com/input-output-hk/spo-incentives/main/report-november-2025/scripts/inactive-pools.txt,2026-05-19T23:10:03+00:00
7fe4d9c44e85fcc958c9d2d547d551fd004a9fc63c60bf6cfda46461,pool10ljdn3zwsh7vjkxf6t250423l5qy487x83st7m8a53jxznrkw5g,Inactive,https://raw.githubusercontent.com/input-output-hk/spo-incentives/main/report-november-2025/scripts/inactive-pools.txt,2026-05-19T23:10:03+00:00
7ce992df81b19e9844a9ddc41e41b76aa8cbe96e3100a9d1b3c6501b,pool10n5e9hupkx0fs39fmhzpusdhd25vh6twxyq2n5dncegpkumhuz5,Inactive,https://raw.githubusercontent.com/input-output-hk/spo-incentives/main/report-november-2025/scripts/inactive-pools.txt,2026-05-19T23:10:03+00:00
7cf8850b077af4b16abd7006f8e9564c2fa23259d184aeeba108ae27,pool10nug2zc80t6tz64awqr0362kfsh6yvje6xz2a6appzhzwe25nc5,Inactive,https://raw.githubusercontent.com/input-output-hk/spo-incentives/main/report-november-2025/scripts/inactive-pools.txt,2026-05-19T23:10:03+00:00
7cdddc5037c62acb499c3536ed218d17cdc1d9a5ad734218a4227a78,pool10nwac5phcc4vkjvux5mw6gvdzlxurkd944e5yx9yyfa8sqs35t7,Inactive,https://raw.githubusercontent.com/input-output-hk/spo-incentives/main/report-november-2025/scripts/inactive-pools.txt,2026-05-19T23:10:03+00:00
787d769117dd93ce1b21ac3f0fb250526cfbe71703badc2a353e7485,pool10p7hdyghmkfuuxep4slslvjs2fk0hechqwadc2348e6g2x8hta6,Inactive,https://raw.githubusercontent.com/input-output-hk/spo-incentives/main/report-november-2025/scripts/inactive-pools.txt,2026-05-19T23:10:03+00:00
786cbd8d5a485835fbd2f6e9bc5c1f5bf72ded2c5f87c6372eb603d8,pool10pktmr26fpvrt77j7m5mchqlt0mjmmfvt7ruvdewkcpasp0nzkl,Inactive,https://raw.githubusercontent.com/input-output-hk/spo-incentives/main/report-november-2025/scripts/inactive-pools.txt,2026-05-19T23:10:03+00:00
78761277c7631510cd1fe27d770505fe4790ec0ddb795f5f89a3210b,pool10pmpya78vv23pngluf7hwpg9lerepmqdmdu47huf5vsskt56wzq,Inactive,https://raw.githubusercontent.com/input-output-hk/spo-incentives/main/report-november-2025/scripts/inactive-pools.txt,2026-05-19T23:10:03+00:00
7858e168a015747df8a4838e0963aca08f17c19516f2118f8a9d7b32,pool10pvwz69qz468m79ysw8qjcav5z830sv4zmeprru2n4anyuxwj9l,Inactive,https://raw.githubusercontent.com/input-output-hk/spo-incentives/main/report-november-2025/scripts/inactive-pools.txt,2026-05-19T23:10:03+00:00
784c4dd4702abf23d232e0adc89c543b4b3a147da500d56e7b3a9ff9,pool10pxym4rs92lj853juzku38z58d9n59ra55qd2mnm820ljx4c6h9,Inactive,https://raw.githubusercontent.com/input-output-hk/spo-incentives/main/report-november-2025/scripts/inactive-pools.txt,2026-05-19T23:10:03+00:00
780623d70c1168241e1d4d623e5e14e7f02e701b536329e9a735ad61,pool10qrz84cvz95zg8saf43ruhs5ulczuuqm2d3jn6d8xkkkzgzfje7,Inactive,https://raw.githubusercontent.com/input-output-hk/spo-incentives/main/report-november-2025/scripts/inactive-pools.txt,2026-05-19T23:10:03+00:00
78f2b62177cd584ddfa03b06af46a2ff5bbce78e23fc301c744e8af2,pool10retvgthe4vymhaq8vr2734zladmeeuwy07rq8r5f690ydmz3vc,Inactive,https://raw.githubusercontent.com/input-output-hk/spo-incentives/main/report-november-2025/scripts/inactive-pools.txt,2026-05-19T23:10:03+00:00
7af088e539c63cfd38a7043d2a49c7accd6c1310cda01aeddaa864b2,pool10tcg3efecc706w98qs7j5jw84nxkcycseksp4mw64pjty26wr7f,Inactive,https://raw.githubusercontent.com/input-output-hk/spo-incentives/main/report-november-2025/scripts/inactive-pools.txt,2026-05-19T23:10:03+00:00
7f0affb3dd2112de7e6b7beb7539155112952b0764bf3048ccf048b2,pool10u90lv7ayyfdulnt004h2wg42yff22c8vjlnqjxv7pytypuaykv,Inactive,https://raw.githubusercontent.com/input-output-hk/spo-incentives/main/report-november-2025/scripts/inactive-pools.txt,2026-05-19T23:10:03+00:00
7f203d750f8eb9275f7b3d2db3b9f0b4a714862d74ecb59e12cd7e96,pool10usr6ag036ujwhmm85km8w0skjn3fp3dwnktt8sje4lfvwhu40u,Inactive,https://raw.githubusercontent.com/input-output-hk/spo-incentives/main/report-november-2025/scripts/inactive-pools.txt,2026-05-19T23:10:03+00:00
7b35cbf89d9a9a83f16e0a383969778f2308823b57f08388bb32e786,pool10v6uh7yan2dg8utwpgurj6th3u3s3q3m2lcg8z9mxtncvx72dhc,Inactive,https://raw.githubusercontent.com/input-output-hk/spo-incentives/main/report-november-2025/scripts/inactive-pools.txt,2026-05-19T23:10:03+00:00
7b113eb1efa990e7c4160249a3eaa20523f14ad84be04cf2a88f2473,pool10vgnav004xgw03qkqfy6864zq53lzjkcf0syeu4g3uj8xaytlm8,Inactive,https://raw.githubusercontent.com/input-output-hk/spo-incentives/main/report-november-2025/scripts/inactive-pools.txt,2026-05-19T23:10:03+00:00
7b8e8dde611a7776fc3a9864b3b62b86ab345406871fb1c62db84c11,pool10w8gmhnprfmhdlp6npjt8d3ts64ng4qxsu0mr33dhpxpzwn4rgt,Inactive,https://raw.githubusercontent.com/input-output-hk/spo-incentives/main/report-november-2025/scripts/inactive-pools.txt,2026-05-19T23:10:03+00:00
7bb8849e06e203ea91edea5983c65bc21422b3dca1130f1444d7866c,pool10wugf8sxugp74y0dafvc83jmcg2z9v7u5yfs79zy67rxc5lqhd6,Inactive,https://raw.githubusercontent.com/input-output-hk/spo-incentives/main/report-november-2025/scripts/inactive-pools.txt,2026-05-19T23:10:03+00:00
7b9caa86c714d3eaf8da6bdd8e67b2ca0727082c398bdaf7a3aadf48,pool10ww24pk8znf747x6d0wcueajegrjwzpv8x9a4aar4t05s7uzf76,Inactive,https://raw.githubusercontent.com/input-output-hk/spo-incentives/main/report-november-2025/scripts/inactive-pools.txt,2026-05-19T23:10:03+00:00
53e0777308b95b385d31359894822ffe135b2fa5e0931a42b5cf3f91,pool120s8wucgh9dnshf3xkvffq30lcf4kta9uzf35s44eulezc8puwj,Inactive,https://raw.githubusercontent.com/input-output-hk/spo-incentives/main/report-november-2025/scripts/inactive-pools.txt,2026-05-19T23:10:03+00:00
5290994493153173e13633d6ba36090cd31d4392c306c30812da8e42,pool122gfj3ynz5ch8cfkx0tt5dsfpnf36sujcvrvxzqjm28yym8vv8x,Inactive,https://raw.githubusercontent.com/input-output-hk/spo-incentives/main/report-november-2025/scripts/inactive-pools.txt,2026-05-19T23:10:03+00:00
5462801d8bd4c445f1da7c06541152de6f839d2147c7218a0d3d890a,pool1233gq8vt6nzytuw60sr9gy2jmehc88fpglrjrzsd8kys5gqelgg,Inactive,https://raw.githubusercontent.com/input-output-hk/spo-incentives/main/report-november-2025/scripts/inactive-pools.txt,2026-05-19T23:10:03+00:00
545132ec9ae4542cf4ff8f2c7394729280952d3d4605af02aca8cb8c,pool123gn9my6u32zea8l3uk889rjj2qf2tfagcz67q4v4r9ccjjtge7,Inactive,https://raw.githubusercontent.com/input-output-hk/spo-incentives/main/report-november-2025/scripts/inactive-pools.txt,2026-05-19T23:10:03+00:00
557fb2fa1a4d61d5ffc613f9f1211a5b22f5c2c3244589adc3168f3d,pool124lm97s6f4satl7xz0ulzgg6tv30tskry3zcntwrz68n60v5yne,Inactive,https://raw.githubusercontent.com/input-output-hk/spo-incentives/main/report-november-2025/scripts/inactive-pools.txt,2026-05-19T23:10:03+00:00
56b8898df3348c2f2a43f8860cac067e4d3ac57476bdc2b380544d93,pool126ugnr0nxjxz72jrlzrqetqx0exn43t5w67u9vuq23xex4ym7dv,Inactive,https://raw.githubusercontent.com/input-output-hk/spo-incentives/main/report-november-2025/scripts/inactive-pools.txt,2026-05-19T23:10:03+00:00
57b01d7f3a656f0ad22bb3a726eb9d2a71bddfc4a0b15a88dea2882b,pool127cp6le6v4hs453tkwnjd6ua9fcmmh7y5zc44zx752yzklgcrcq,Inactive,https://raw.githubusercontent.com/input-output-hk/spo-incentives/main/report-november-2025/scripts/inactive-pools.txt,2026-05-19T23:10:03+00:00
578c2387f08fc7a9e17a72bd50dd48af0f1603b2412c98fcbfffbca4,pool127xz8pls3lr6nct6w274ph2g4u83vqajgykf3l9ll772gvmju8z,Inactive,https://raw.githubusercontent.com/input-output-hk/spo-incentives/main/report-november-2025/scripts/inactive-pools.txt,2026-05-19T23:10:03+00:00
576bb31c4b323cd7757bd7f69dc740f648445971246ea2aedf6603a6,pool12a4mx8ztxg7dwatm6lmfm36q7eyygkt3y3h29tklvcp6vyxp0nt,Inactive,https://raw.githubusercontent.com/input-output-hk/spo-incentives/main/report-november-2025/scripts/inactive-pools.txt,2026-05-19T23:10:03+00:00
57779a2cf76fd64fc5f308a6cbcd51b1a6c5dec7548a1f3475e65d12,pool12ame5t8hdltyl30npznvhn23kxnvthk82j9p7dr4uew3y92uqes,Inactive,https://raw.githubusercontent.com/input-output-hk/spo-incentives/main/report-november-2025/scripts/inactive-pools.txt,2026-05-19T23:10:03+00:00
5630759483a1cdc1e5d9b425e8b0fe35b7a833103ca269acb1136827,pool12cc8t9yr58xureweksj73v87xkm6svcs8j3xnt93zd5zw5q6ugr,Inactive,https://raw.githubusercontent.com/input-output-hk/spo-incentives/main/report-november-2025/scripts/inactive-pools.txt,2026-05-19T23:10:03+00:00
52747b413b82ef9a8ca632b8129aa23562b82f910c37265a9e0f4306,pool12f68ksfmsthe4r9xx2up9x4zx43tstu3psmjvk57papsv8vu9re,Inactive,https://raw.githubusercontent.com/input-output-hk/spo-incentives/main/report-november-2025/scripts/inactive-pools.txt,2026-05-19T23:10:03+00:00
52580bb59a71bde15a4d03f56a13e2839afd3bc4eb1674b750dd02eb,pool12fvqhdv6wx77zkjdq06k5ylzswd06w7yavt8fd6sm5pwk30k9l4,Inactive,https://raw.githubusercontent.com/input-output-hk/spo-incentives/main/report-november-2025/scripts/inactive-pools.txt,2026-05-19T23:10:03+00:00
55eaf38bf6eb1c6755d67175b59f93940f09abd6792d525c55089903,pool12h408zlkavwxw4wkw96mt8unjs8sn27k0yk4yhz4pzvsx0wvmq5,Inactive,https://raw.githubusercontent.com/input-output-hk/spo-incentives/main/report-november-2025/scripts/inactive-pools.txt,2026-05-19T23:10:03+00:00
548091bafc62a537f09b76f8d537514068d1c9e74c93d1acad3203c5,pool12jqfrwhuv2jn0uymwmud2d63gp5drj08fjfart9dxgpu2tmj8a0,Inactive,https://raw.githubusercontent.com/input-output-hk/spo-incentives/main/report-november-2025/scripts/inactive-pools.txt,2026-05-19T23:10:03+00:00
548446c24a24a53a14594b102502be1b1362d1e6c5b7435732c359cc,pool12jzydsj2yjjn59zefvgz2q47rvfk950xckm5x4ejcdvucueg5c8,Inactive,https://raw.githubusercontent.com/input-output-hk/spo-incentives/main/report-november-2025/scripts/inactive-pools.txt,2026-05-19T23:10:03+00:00
56f1dd7fde3b159a3814ed6d879efa40f0c2cb49f1096595c492d78b,pool12mca6l778v2e5wq5a4kc08h6grcv9j6f7yykt9wyjttckfxksvg,Inactive,https://raw.githubusercontent.com/input-output-hk/spo-incentives/main/report-november-2025/scripts/inactive-pools.txt,2026-05-19T23:10:03+00:00
56d9cee9f44f9ca440af6d0ef23844224ba965e4a03427604affb4bc,pool12mvua605f7w2gs90d580ywzyyf96je0y5q6zwcz2l76tcdqa8y9,Inactive,https://raw.githubusercontent.com/input-output-hk/spo-incentives/main/report-november-2025/scripts/inactive-pools.txt,2026-05-19T23:10:03+00:00
504aff7150f5ee7ae26734d5ab9c8b6ad2b1b2bc3a73a30a7fa9bb06,pool12p907u2s7hh84cn8xn26h8ytdtftrv4u8fe6xznl4xasvckxd8r,Inactive,https://raw.githubusercontent.com/input-output-hk/spo-incentives/main/report-november-2025/scripts/inactive-pools.txt,2026-05-19T23:10:03+00:00
507fb4a160b56727ba19a3a63a94cbba94997706dbd06445d839f2e1,pool12plmfgtqk4nj0wse5wnr49xth22fjacxm0gxg3wc88ewzztpwf5,Inactive,https://raw.githubusercontent.com/input-output-hk/spo-incentives/main/report-november-2025/scripts/inactive-pools.txt,2026-05-19T23:10:03+00:00
507816d8077dcc6c4b25ada48c7a862b200823a2d53819ecdeb785b6,pool12pupdkq80hxxcje94kjgc75x9vsqsgaz65upnmx7k7zmvc3rpd5,Inactive,https://raw.githubusercontent.com/input-output-hk/spo-incentives/main/report-november-2025/scripts/inactive-pools.txt,2026-05-19T23:10:03+00:00
50251007aac763201e72d068184866f1b9e6b25b550c3ed20f818c18,pool12qj3qpa2ca3jq8nj6p5psjrx7xu7dvjm25xra5s0sxxps4qx7c8,Inactive,https://raw.githubusercontent.com/input-output-hk/spo-incentives/main/report-november-2025/scripts/inactive-pools.txt,2026-05-19T23:10:03+00:00
503fa739c7ef4fc84ca7e8bf617b4d55d665ecb0777ec2770af0fe0d,pool12ql6www8aa8usn98azlkz76d2htxtm9swalvyac27rlq6mdkxc7,Inactive,https://raw.githubusercontent.com/input-output-hk/spo-incentives/main/report-november-2025/scripts/inactive-pools.txt,2026-05-19T23:10:03+00:00
50c7c93f7200ba938c88f4c8f37bc43bfe1699be15eb642282211e35,pool12rruj0mjqzaf8ryg7ny0x77y80lpdxd7zh4kgg5zyy0r2rzue0q,Inactive,https://raw.githubusercontent.com/input-output-hk/spo-incentives/main/report-november-2025/scripts/inactive-pools.txt,2026-05-19T23:10:03+00:00
50d717b296beeea2167d0c529ceb33634e5f80a049d35e406fccdce1,pool12rt30v5khmh2y9nap3ffe6envd89lq9qf8f4usr0enwwzzwktsu,Inactive,https://raw.githubusercontent.com/input-output-hk/spo-incentives/main/report-november-2025/scripts/inactive-pools.txt,2026-05-19T23:10:03+00:00
52e2e2085b45370a2c42f3b59665a34fb777fb67f507a6a6c7307681,pool12t3wyzzmg5ms5tzz7w6evedrf7mh07m875r6dfk8xpmgzjc3d9g,Inactive,https://raw.githubusercontent.com/input-output-hk/spo-incentives/main/report-november-2025/scripts/inactive-pools.txt,2026-05-19T23:10:03+00:00
52f3e43e2ac95a0903343406fa6c76f1a05666aed2d5ea61bdf64a0e,pool12te7g032e9dqjqe5xsr05mrk7xs9ve4w6t275cda7e9quafr3zq,Inactive,https://raw.githubusercontent.com/input-output-hk/spo-incentives/main/report-november-2025/scripts/inactive-pools.txt,2026-05-19T23:10:03+00:00
52ffc8b767d55223231209643812d8de18685a4b0388ff08a7575803,pool12tlu3dm864fzxgcjp9jrsykcmcvxskjtqwy07z982avqx3n9dp2,Inactive,https://raw.githubusercontent.com/input-output-hk/spo-incentives/main/report-november-2025/scripts/inactive-pools.txt,2026-05-19T23:10:03+00:00
52d92549f4bdf485c18e8d4ace66049bc41bdfd4e799d6de83b4a14d,pool12tvj2j05hh6gtsvw349vuesyn0zphh75u7vadh5rkjs566s2ty5,Inactive,https://raw.githubusercontent.com/input-output-hk/spo-incentives/main/report-november-2025/scripts/inactive-pools.txt,2026-05-19T23:10:03+00:00
533dde5bf52e6e92921d400ba7e6cad4b2474c1120994ba3f5ce1976,pool12v7aukl49ehf9ysagq960ek26jeywnq3yzv5hgl4ecvhvyax5p6,Inactive,https://raw.githubusercontent.com/input-output-hk/spo-incentives/main/report-november-2025/scripts/inactive-pools.txt,2026-05-19T23:10:03+00:00
530cfe2d3589c61342db63b67f3d8116813e0e2590bfe44237bdfed0,pool12vx0utf438rpxskmvwm870vpz6qnur39jzl7gs3hhhldqekzjea,Inactive,https://raw.githubusercontent.com/input-output-hk/spo-incentives/main/report-november-2025/scripts/inactive-pools.txt,2026-05-19T23:10:03+00:00
51b42577654982ef40ee4c8306b6b2da9947365a5261763de2584c3d,pool12x6z2am9fxpw7s8wfjpsdd4jm2v5wdj62fshv00ztpxr6jy3ztp,Inactive,https://raw.githubusercontent.com/input-output-hk/spo-incentives/main/report-november-2025/scripts/inactive-pools.txt,2026-05-19T23:10:03+00:00
51120922fb9d7c0ecbb20378950da7880cb6dd9d3c9e06e17bff6aca,pool12yfqjghmn47qajajqduf2rd83qxtdhva8j0qdctmla4v5w3mhq4,Inactive,https://raw.githubusercontent.com/input-output-hk/spo-incentives/main/report-november-2025/scripts/inactive-pools.txt,2026-05-19T23:10:03+00:00
50b00b03f5a1c57784cc0b8a0eb4fbc67186f57657f6fc04c907e94f,pool12zcqkql458zh0pxvpw9qad8mceccdatk2lm0cpxfql557lhve8y,Inactive,https://raw.githubusercontent.com/input-output-hk/spo-incentives/main/report-november-2025/scripts/inactive-pools.txt,2026-05-19T23:10:03+00:00
5090bc31f8e531dcace452e7d2fdf2baee3ae84175ea56dde8ae5cfa,pool12zgtcv0cu5caet8y2tna9l0jhthr46zpwh49dh0g4ew05st2t2w,Inactive,https://raw.githubusercontent.com/input-output-hk/spo-incentives/main/report-november-2025/scripts/inactive-pools.txt,2026-05-19T23:10:03+00:00
50a7d6c3ad4aaf5668d749e4e063481c8d01b67a4d237a6603b76540,pool12znadsadf2h4v6xhf8jwqc6grjxsrdn6f53h5esrkaj5qjtjnfs,Inactive,https://raw.githubusercontent.com/input-output-hk/spo-incentives/main/report-november-2025/scripts/inactive-pools.txt,2026-05-19T23:10:03+00:00
8bf855ee961425617d75100a72c2314cf349941dbd9b8df777d1cee1,pool130u9tm5kzsjkzlt4zq989s33fne5n9qahkdcmamh688wzrk78g6,Inactive,https://raw.githubusercontent.com/input-output-hk/spo-incentives/main/report-november-2025/scripts/inactive-pools.txt,2026-05-19T23:10:03+00:00
8a8a6e2317266068885b2ea64f83e1178f8ef057433e6eb97ffbc2bf,pool1329xugchyesx3zzm96nylqlpz78cauzhgvlxawtll0pt7gnyul7,Inactive,https://raw.githubusercontent.com/input-output-hk/spo-incentives/main/report-november-2025/scripts/inactive-pools.txt,2026-05-19T23:10:03+00:00
8d5b59b6d7782b1d92c0b954ab3ed718edbf0fe1b48f1acb9ab3a5dd,pool134d4ndkh0q43mykqh922k0khrrkm7rlpkj834ju6kwja6dmu2f6,Inactive,https://raw.githubusercontent.com/input-output-hk/spo-incentives/main/report-november-2025/scripts/inactive-pools.txt,2026-05-19T23:10:03+00:00
8d08ff608063a8bb52848c7525ed471f7341c10380f59ae1c317d801,pool135y07cyqvw5tk55y336jtm28rae5rsgrsr6e4cwrzlvqz305cng,Inactive,https://raw.githubusercontent.com/input-output-hk/spo-incentives/main/report-november-2025/scripts/inactive-pools.txt,2026-05-19T23:10:03+00:00
8e8ea1b273cf1dfa4bcb4dde24854b3bce2e4a4d1baa5282ddbf0cdd,pool13682rvnneuwl5j7tfh0zfp2t808zujjdrw499qkahuxd6zqxz00,Inactive,https://raw.githubusercontent.com/input-output-hk/spo-incentives/main/report-november-2025/scripts/inactive-pools.txt,2026-05-19T23:10:03+00:00
8e8af8edf6ea15ddfd1d5103811dd34f9b4a28082517a6094107c5c0,pool136903m0kag2amlga2ypcz8wnf7d552qgy5t6vz2pqlzuq2kyshy,Inactive,https://raw.githubusercontent.com/input-output-hk/spo-incentives/main/report-november-2025/scripts/inactive-pools.txt,2026-05-19T23:10:03+00:00
8ebb7e21acee66c3e5af6c765ea6ad31962e7b9160520aecd6f001a3,pool136ahugdvaenv8ed0d3m9af4dxxtzu7u3vpfq4mxk7qq6xuvd0ca,Inactive,https://raw.githubusercontent.com/input-output-hk/spo-incentives/main/report-november-2025/scripts/inactive-pools.txt,2026-05-19T23:10:03+00:00
8eb7c2d29baa7fa82c4028e43839c55192b74e433d0a5f0896c809fc,pool136mu955m4fl6stzq9rjrsww92xftwnjr85997zykeqylc9h3k8u,Inactive,https://raw.githubusercontent.com/input-output-hk/spo-incentives/main/report-november-2025/scripts/inactive-pools.txt,2026-05-19T23:10:03+00:00
8f92e6d5491342d688d7a69069ac36cc6f8dd2181f92f4ba654c4c38,pool137fwd42fzdpddzxh56gxntpke3hcm5scr7f0fwn9f3xrsd4pu20,Inactive,https://raw.githubusercontent.com/input-output-hk/spo-incentives/main/report-november-2025/scripts/inactive-pools.txt,2026-05-19T23:10:03+00:00
89f2aa94572fcb1e8a095053e712e627482c19b780d116002936b54c,pool138e249zh9l93azsf2pf7wyhxyayzcxdhsrg3vqpfx665c8xa348,Inactive,https://raw.githubusercontent.com/input-output-hk/spo-incentives/main/report-november-2025/scripts/inactive-pools.txt,2026-05-19T23:10:03+00:00
895b0a174b09b2e3eeece7bc1aeed5565aaa374aedd5cc3beecee7a3,pool139ds596tpxew8mhvu77p4mk42ed25d62ah2ucwlwemn6xltj4ws,Inactive,https://raw.githubusercontent.com/input-output-hk/spo-incentives/main/report-november-2025/scripts/inactive-pools.txt,2026-05-19T23:10:03+00:00
8952900d84070b044336b443c2afd2318fe53b54a3219879b5056063,pool139ffqrvyqu9sgsekk3pu9t7jxx872w655vses7d4q4sxxyd257a,Inactive,https://raw.githubusercontent.com/input-output-hk/spo-incentives/main/report-november-2025/scripts/inactive-pools.txt,2026-05-19T23:10:03+00:00
897fad51f3af1e84153b9b63dc083a5028674d01514a173af956e5e8,pool139l6650n4u0gg9fmnd3aczp62q5xwngp299pwwhe2mj7sm5vqs6,Inactive,https://raw.githubusercontent.com/input-output-hk/spo-incentives/main/report-november-2025/scripts/inactive-pools.txt,2026-05-19T23:10:03+00:00
8f77e8a0202c6e39a1c19fc51ae1d822f84b048b32ec22c07b18226d,pool13am73gpq93hrngwpnlz34cwcytuykpytxtkz9srmrq3x6x8qlsu,Inactive,https://raw.githubusercontent.com/input-output-hk/spo-incentives/main/report-november-2025/scripts/inactive-pools.txt,2026-05-19T23:10:03+00:00
8b605f403472d21e78de53c323d63d32b1748f12551a73f625f9f029,pool13ds97sp5wtfpu7x720pj843ax2chfrcj25d88a39l8czjmg4gkf,Inactive,https://raw.githubusercontent.com/input-output-hk/spo-incentives/main/report-november-2025/scripts/inactive-pools.txt,2026-05-19T23:10:03+00:00
8e6f0aa0582af4b90e830926059027ee1759240bbd2b7e137d8721f9,pool13ehs4gzc9t6tjr5rpynqtyp8act4jfqth54huymasuslj05fu8z,Inactive,https://raw.githubusercontent.com/input-output-hk/spo-incentives/main/report-november-2025/scripts/inactive-pools.txt,2026-05-19T23:10:03+00:00
8a086b2cc0b9f9b94e2dbab962cf98ee27947de10e20942a3abd937c,pool13gyxktxqh8umjn3dh2uk9nucacnegl0ppcsfg236hkfhcg8asxf,Inactive,https://raw.githubusercontent.com/input-output-hk/spo-incentives/main/report-november-2025/scripts/inactive-pools.txt,2026-05-19T23:10:03+00:00
8dc36b97f25c3b539759673bf0b2c438f033940b1312d9c35502fe1f,pool13hpkh9ljtsa4896evualpvky8rcr89qtzvfdns64qtlp7pe93nn,Inactive,https://raw.githubusercontent.com/input-output-hk/spo-incentives/main/report-november-2025/scripts/inactive-pools.txt,2026-05-19T23:10:03+00:00
8dc1206886c42d170488cb7017d703b50e0861ef43aae4fbc0d5b373,pool13hqjq6yxcsk3wpygedcp04crk58qsc00gw4wf77q6kehxxagqme,Inactive,https://raw.githubusercontent.com/input-output-hk/spo-incentives/main/report-november-2025/scripts/inactive-pools.txt,2026-05-19T23:10:03+00:00
8fe0ec50951131c2f351b2e100e873c0965f2494ae016ac159bba5d7,pool13lswc5y4zycu9u63ktssp6rnczt97fy54cqk4s2ehwjawg5tlh6,Inactive,https://raw.githubusercontent.com/input-output-hk/spo-incentives/main/report-november-2025/scripts/inactive-pools.txt,2026-05-19T23:10:03+00:00
8fc544452fb652f2ca9267dd55bda0f665c47e803c2ef19c84e9aede,pool13lz5g3f0kef09j5jvlw4t0dq7ejugl5q8sh0r8yyaxhdu04z560,Inactive,https://raw.githubusercontent.com/input-output-hk/spo-incentives/main/report-november-2025/scripts/inactive-pools.txt,2026-05-19T23:10:03+00:00
884e3b60b361f9b714e06b24063d7b7225b17f64cb46d8ee8f0c821a,pool13p8rkc9nv8umw98qdvjqv0tmwgjmzlmyedrd3m50pjpp58ek53a,Inactive,https://raw.githubusercontent.com/input-output-hk/spo-incentives/main/report-november-2025/scripts/inactive-pools.txt,2026-05-19T23:10:03+00:00
880f6f960fb7121fbd92dcc76525531167fcc6c5fc43315eb3ca3a9f,pool13q8kl9s0kufpl0vjmnrk2f2nz9nle3k9l3pnzh4negaf7kmd80p,Inactive,https://raw.githubusercontent.com/input-output-hk/spo-incentives/main/report-november-2025/scripts/inactive-pools.txt,2026-05-19T23:10:03+00:00
88f1026007bbcf42279edc6153a0092a20642b4909ca057b31ff8e7b,pool13rcsycq8h085yfu7m3s48gqf9gsxg26fp89q27e3l788k8xa4ea,Inactive,https://raw.githubusercontent.com/input-output-hk/spo-incentives/main/report-november-2025/scripts/inactive-pools.txt,2026-05-19T23:10:03+00:00
8f2b4e9691fef2721e34cd3819b401a3c673f9b7ef90b5699abe3b9e,pool13u45a953lme8y835e5upndqp50r887dha7gt26v6hcaeup4aavx,Inactive,https://raw.githubusercontent.com/input-output-hk/spo-incentives/main/report-november-2025/scripts/inactive-pools.txt,2026-05-19T23:10:03+00:00
8f302d7bc723929a0778ea2a1c5a602a37a93ea05a2faa6385c536bf,pool13ucz6778ywff5pmcag4pcknq9gm6j04qtgh65cu9c5mt73t5ulv,Inactive,https://raw.githubusercontent.com/input-output-hk/spo-incentives/main/report-november-2025/scripts/inactive-pools.txt,2026-05-19T23:10:03+00:00
8f102a1325d2292c19cac46cb29bd8c7a81aff66faa42f608fed4d6b,pool13ugz5ye96g5jcxw2c3kt9x7cc75p4lmxl2jz7cy0a4xkkju0dr0,Inactive,https://raw.githubusercontent.com/input-output-hk/spo-incentives/main/report-november-2025/scripts/inactive-pools.txt,2026-05-19T23:10:03+00:00
8b8bbc04fd4d7293b1d076955eee113bbd783f1762e569894b88706b,pool13w9mcp8af4ef8vwsw624ams38w7hs0chvtjknz2t3pcxkm8w9m2,Inactive,https://raw.githubusercontent.com/input-output-hk/spo-incentives/main/report-november-2025/scripts/inactive-pools.txt,2026-05-19T23:10:03+00:00
8b8417759d9a4361d475945e1f8ff8d367a09d4afd96a509bffec9e0,pool13wzpwavanfpkr4r4j30plrlc6dn6p822lkt22zdllmy7q8y7s90,Inactive,https://raw.githubusercontent.com/input-output-hk/spo-incentives/main/report-november-2025/scripts/inactive-pools.txt,2026-05-19T23:10:03+00:00
89af15a1c2b8e379aa8ca6d4d9b0134e373122f84f6f45fac2e26c47,pool13xh3tgwzhr3hn25v5m2dnvqnfcmnzghcfah5t7kzufkywuy7w7v,Inactive,https://raw.githubusercontent.com/input-output-hk/spo-incentives/main/report-november-2025/scripts/inactive-pools.txt,2026-05-19T23:10:03+00:00
89bf7bb7ea0dc478702fbbb1cb8758ada181acd0d35f4994b79ef9db,pool13xlhhdl2phz8sup0hwcuhp6c4kscrtxs6d05n99hnmuakfkd6ws,Inactive,https://raw.githubusercontent.com/input-output-hk/spo-incentives/main/report-november-2025/scripts/inactive-pools.txt,2026-05-19T23:10:03+00:00
8923eeac4dc58437a1923ed73df6a5d3d5292f0e536e328b612547d8,pool13y37atzdckzr0gvj8mtnma49602jjtcw2dhr9zmpy4rase88j6p,Inactive,https://raw.githubusercontent.com/input-output-hk/spo-incentives/main/report-november-2025/scripts/inactive-pools.txt,2026-05-19T23:10:03+00:00
88ad8407d0ca94fae8254604b29fbc2c5ae3d00a47b7117664ad849d,pool13zkcgp7se22046p9gczt98au93dw85q2g7m3zany4kzf66y46x0,Inactive,https://raw.githubusercontent.com/input-output-hk/spo-incentives/main/report-november-2025/scripts/inactive-pools.txt,2026-05-19T23:10:03+00:00
abda5f23f790e93740f86de7e7deb3b468cdef6c06622722b15d71d3,pool140d97glhjr5nws8cdhn70h4nk35vmmmvqe3zwg43t4caxt0m7wn,Inactive,https://raw.githubusercontent.com/input-output-hk/spo-incentives/main/report-november-2025/scripts/inactive-pools.txt,2026-05-19T23:10:03+00:00
abcd27d5ee8f838e24cdb8653cbe309a86d7a4c48576ac3e0893a810,pool140xj040w37pcufxdhpjne03sn2rd0fxys4m2c0sgjw5pqjnlx8f,Inactive,https://raw.githubusercontent.com/input-output-hk/spo-incentives/main/report-november-2025/scripts/inactive-pools.txt,2026-05-19T23:10:03+00:00
ad709eb28c6e98eee65ac4022cf6219258dc4907d704c286e6ca047f,pool144cfav5vd6vwaej6cspzea3pjfvdcjg86uzv9phxegz87ynw2zz,Inactive,https://raw.githubusercontent.com/input-output-hk/spo-incentives/main/report-november-2025/scripts/inactive-pools.txt,2026-05-19T23:10:03+00:00
ae8f552c7462014532d0de3013a96bcfd16d31c4a1df585a7b36a1f2,pool146842tr5vgq52vksmccp82ttelgk6vwy5804sknmx6slyrehm4y,Inactive,https://raw.githubusercontent.com/input-output-hk/spo-incentives/main/report-november-2025/scripts/inactive-pools.txt,2026-05-19T23:10:03+00:00
aeb8f19c177c91a1b62bbfb40d632176df1993b50d98993cf2e0062f,pool146u0r8qh0jg6rd3th76q6cepwm03nya4pkvfj08juqrz7wxnfv9,Inactive,https://raw.githubusercontent.com/input-output-hk/spo-incentives/main/report-november-2025/scripts/inactive-pools.txt,2026-05-19T23:10:03+00:00
af96ac5f392b3049197d4b9a7ceed291ce92b47d79baac7d0ef8f5bf,pool147t2chee9vcyjxtafwd8emkjj88f9dra0xa2clgwlr6m7tzdzvz,Inactive,https://raw.githubusercontent.com/input-output-hk/spo-incentives/main/report-november-2025/scripts/inactive-pools.txt,2026-05-19T23:10:03+00:00
a9ea2055f6a991a2ae9415520178e216a515942cfbab26ea34768aa3,pool1484zq40k4xg69t55z4fqz78zz6j3t9pvlw4jd635w692xhfzkka,Inactive,https://raw.githubusercontent.com/input-output-hk/spo-incentives/main/report-november-2025/scripts/inactive-pools.txt,2026-05-19T23:10:03+00:00
a9ce9a0c5c87ac1e4443d09c471f6d23c72aee369c20ca1f33e0d103,pool1488f5rzus7kpu3zr6zwyw8mdy0rj4m3knssv58enurgsx40msjf,Inactive,https://raw.githubusercontent.com/input-output-hk/spo-incentives/main/report-november-2025/scripts/inactive-pools.txt,2026-05-19T23:10:03+00:00
a9fb2641de1177743ab158188da46c52ba266f513da76022e0654be3,pool148ajvsw7z9mhgw43tqvgmfrv22azvm638knkqghqv497xvdl2tk,Inactive,https://raw.githubusercontent.com/input-output-hk/spo-incentives/main/report-november-2025/scripts/inactive-pools.txt,2026-05-19T23:10:03+00:00
af5797205f66a7f564f68cda31396523fd0c8781fc8ace1ad158c429,pool14atewgzlv6nl2e8k3ndrzwt9y07sepuplj9vuxk3trzzj5lmg64,Inactive,https://raw.githubusercontent.com/input-output-hk/spo-incentives/main/report-november-2025/scripts/inactive-pools.txt,2026-05-19T23:10:03+00:00
ab45a813bf36d7f25bbc6dad47aca65b32f9e54362e0806c8c4e514c,pool14dz6syalxmtlykaudkk50t9xtve0ne2rvtsgqmyvfeg5cxx68n4,Inactive,https://raw.githubusercontent.com/input-output-hk/spo-incentives/main/report-november-2025/scripts/inactive-pools.txt,2026-05-19T23:10:03+00:00
ae7c8a9b72f7a1e8129cec9cc6ed9996e5865ec9ad4abec011588ef4,pool14e7g4xmj77s7sy5uajwvdmvejmjcvhkf449tasq3tz80gv098t8,Inactive,https://raw.githubusercontent.com/input-output-hk/spo-incentives/main/report-november-2025/scripts/inactive-pools.txt,2026-05-19T23:10:03+00:00
ae4c86522eced52771630060d32c7faddd9ca49bfac0f5197e50b4f3,pool14exgv53wem2jwutrqpsdxtrl4hweefymltq02xt72z60x8ge4qf,Inactive,https://raw.githubusercontent.com/input-output-hk/spo-incentives/main/report-november-2025/scripts/inactive-pools.txt,2026-05-19T23:10:03+00:00
aa6dd7ae211c87f6cadd6031a641e224d00f49c5cb736a7a502d5056,pool14fka0t3prjrldjkavqc6vs0zyngq7jw9edek57js94g9v4r25rg,Inactive,https://raw.githubusercontent.com/input-output-hk/spo-incentives/main/report-november-2025/scripts/inactive-pools.txt,2026-05-19T23:10:03+00:00
aa3d1049e013e84d811e684b63378790fdce0b7a16a71938c1602164,pool14g73qj0qz05ymqg7dp9kxdu8jr7uuzm6z6n3jwxpvqskghhmhng,Inactive,https://raw.githubusercontent.com/input-output-hk/spo-incentives/main/report-november-2025/scripts/inactive-pools.txt,2026-05-19T23:10:03+00:00
aa3c4307380854c5aa93c7b725a4e0a20f38e94e35a0c098544dd71a,pool14g7yxpecpp2vt25nc7mjtf8q5g8n362wxksvpxz5fht35khqs0t,Inactive,https://raw.githubusercontent.com/input-output-hk/spo-incentives/main/report-november-2025/scripts/inactive-pools.txt,2026-05-19T23:10:03+00:00
aa3afa914dce3ccdf6e282daac537283bcc03d9a56dd8f80936114e8,pool14ga04y2dec7vmahzstd2c5mjsw7vq0v62mwclqynvy2wsc5g40p,Inactive,https://raw.githubusercontent.com/input-output-hk/spo-incentives/main/report-november-2025/scripts/inactive-pools.txt,2026-05-19T23:10:03+00:00
aa3f700fc539642a938fbcc8b0bb4a37c0fd6b5023fd412f89693aa2,pool14glhqr7989jz4yu0hnytpw62xlq0666sy075ztufdya2yw4d6fe,Inactive,https://raw.githubusercontent.com/input-output-hk/spo-incentives/main/report-november-2025/scripts/inactive-pools.txt,2026-05-19T23:10:03+00:00
aa0523f4a5e56325239113dd8265ac6e3aaf6d5f37b700188efc7e3c,pool14gzj8a99u43j2gu3z0wcyedvdca27m2lx7msqxywl3lrcyrvmys,Inactive,https://raw.githubusercontent.com/input-output-hk/spo-incentives/main/report-november-2025/scripts/inactive-pools.txt,2026-05-19T23:10:03+00:00
adfd8912df98d2a27f9a428472ce82c5b2408dd1d7e0b77beea59807,pool14h7cjyklnrf2ylu6g2z89n5zckeyprw36lstw7lw5kvqwc4xw2d,Inactive,https://raw.githubusercontent.com/input-output-hk/spo-incentives/main/report-november-2025/scripts/inactive-pools.txt,2026-05-19T23:10:03+00:00
adec7b19583f2c6c03c28ac0dcb7e42d0a549609b929f4b63b094eb3,pool14hk8kx2c8ukxcq7z3tqdedly9599f9sfhy5lfd3mp98txkdeevk,Inactive,https://raw.githubusercontent.com/input-output-hk/spo-incentives/main/report-november-2025/scripts/inactive-pools.txt,2026-05-19T23:10:03+00:00
adc2fa80e53128745cb293123ed0c7fa44df4b308cbf276243bbc789,pool14hp04q89xy58gh9jjvfra5x8lfzd7jes3jljwcjrh0rcjqkss7y,Inactive,https://raw.githubusercontent.com/input-output-hk/spo-incentives/main/report-november-2025/scripts/inactive-pools.txt,2026-05-19T23:10:03+00:00
adc382b913711ee8c87fc01c959389d9cd0a0333ed61d352e6f6680f,pool14hpc9wgnwy0w3jrlcqwftyufm8xs5qena4sax5hx7e5q703uuml,Inactive,https://raw.githubusercontent.com/input-output-hk/spo-incentives/main/report-november-2025/scripts/inactive-pools.txt,2026-05-19T23:10:03+00:00
ad9adce0849bd92dbfd61f9985cc139c5abd68ed9f751c85bf2294f1,pool14kddecyyn0vjm07kr7vctnqnn3dt668dna63epdly220z4kgss7,Inactive,https://raw.githubusercontent.com/input-output-hk/spo-incentives/main/report-november-2025/scripts/inactive-pools.txt,2026-05-19T23:10:03+00:00
adbe37dd34c5e0235c0bf2a6037e9e05739d89e481e21c06783cf64d,pool14klr0hf5chszxhqt72nqxl57q4eemz0ys83pcpnc8nmy68fx5vc,Inactive,https://raw.githubusercontent.com/input-output-hk/spo-incentives/main/report-november-2025/scripts/inactive-pools.txt,2026-05-19T23:10:03+00:00
aef9b993cb2fea46cac0b7fe4f98426392f851792b39206567566029,pool14mumny7t9l4ydjkqkllylxzzvwf0s5te9vujqet82eszj3d6ccm,Inactive,https://raw.githubusercontent.com/input-output-hk/spo-incentives/main/report-november-2025/scripts/inactive-pools.txt,2026-05-19T23:10:03+00:00
accd28c048ea968ffdd99c91d927f125574f3c88bdc968e9aabe7806,pool14nxj3szga2tgllwenjgajfl3y4t570yghhyk36d2heuqvy63wl3,Inactive,https://raw.githubusercontent.com/input-output-hk/spo-incentives/main/report-november-2025/scripts/inactive-pools.txt,2026-05-19T23:10:03+00:00
acc4bd79e795648e5134ec8c80bc2d486aa9007de6e87a348a1f98ba,pool14nzt6708j4jgu5f5ajxgp0pdfp42jqraum585dy2r7vt5zulyd8,Inactive,https://raw.githubusercontent.com/input-output-hk/spo-incentives/main/report-november-2025/scripts/inactive-pools.txt,2026-05-19T23:10:03+00:00
a875fe3eb4abaae069103192b0345589a2be322bcf2613d91c79d7dc,pool14p6lu0454w4wq6gsxxftqdz43x3tuv3teunp8kgu08tacgf43gd,Inactive,https://raw.githubusercontent.com/input-output-hk/spo-incentives/main/report-november-2025/scripts/inactive-pools.txt,2026-05-19T23:10:03+00:00
a8767e82b9e6b70a8e9941352aa1f327b5808104abc0821ba7c552f5,pool14pm8aq4eu6ms4r5egy6j4g0ny76cpqgy40qgyxa8c4f02kj98wg,Inactive,https://raw.githubusercontent.com/input-output-hk/spo-incentives/main/report-november-2025/scripts/inactive-pools.txt,2026-05-19T23:10:03+00:00
a85c94aa97ff9ede43a2962d2030495c69976bcb8c4d52ddd2dd25e2,pool14pwff25hl70dusazjckjqvzft35ew67t33x49hwjm5j7y675ere,Inactive,https://raw.githubusercontent.com/input-output-hk/spo-incentives/main/report-november-2025/scripts/inactive-pools.txt,2026-05-19T23:10:03+00:00
a8d2f897e5b42d9906a8f40931e53c922f9db5d6cccd4ad50472025c,pool14rf039l9kskejp4g7synrefujghemdwkenx544gywgp9cttert6,Inactive,https://raw.githubusercontent.com/input-output-hk/spo-incentives/main/report-november-2025/scripts/inactive-pools.txt,2026-05-19T23:10:03+00:00
a8e1eb11e13ebd67a725dda3ce20b8d39fb77c5187ff7f0c2e3601dc,pool14rs7ky0p867k0fe9mk3uug9c6w0mwlz3sllh7rpwxcqacr70s8t,Inactive,https://raw.githubusercontent.com/input-output-hk/spo-incentives/main/report-november-2025/scripts/inactive-pools.txt,2026-05-19T23:10:03+00:00
aae9be46187fb2555b595840a3256e91142890e8301ee991581b7160,pool14t5mu3sc07e92k6etpq2xftwjy2z3y8gxq0wny2crdckq2rpt0r,Inactive,https://raw.githubusercontent.com/input-output-hk/spo-incentives/main/report-november-2025/scripts/inactive-pools.txt,2026-05-19T23:10:03+00:00
aada0ed2b22d9d7304d1052821a16a460ff058ab1dae9cfb71d26e1f,pool14tdqa54j9kwhxpx3q55zrgt2gc8lqk9trkhfe7m36fhp7jjzf6w,Inactive,https://raw.githubusercontent.com/input-output-hk/spo-incentives/main/report-november-2025/scripts/inactive-pools.txt,2026-05-19T23:10:03+00:00
aae479cbf142052ab45880f7424b361f6e4586a2b5e30f1d1030ab8a,pool14tj8njl3ggzj4dzcsrm5yjekrahytp4zkh3s78gsxz4c55jfuzv,Inactive,https://raw.githubusercontent.com/input-output-hk/spo-incentives/main/report-november-2025/scripts/inactive-pools.txt,2026-05-19T23:10:03+00:00
aae152692161a788e55d038c0bd0d0b4882f8456d0f2641171812ea6,pool14ts4y6fpvxnc3e2aqwxqh5xskjyzlpzk6rexgyt3syh2vdgrv7a,Inactive,https://raw.githubusercontent.com/input-output-hk/spo-incentives/main/report-november-2025/scripts/inactive-pools.txt,2026-05-19T23:10:03+00:00
af2483fd46d277496dfe937524aecb5c68d142794fd52d98ad3b075c,pool14ujg8l2x6fm5jm07jd6jftktt35dzsnefl2jmx9d8vr4cxxkt5d,Inactive,https://raw.githubusercontent.com/input-output-hk/spo-incentives/main/report-november-2025/scripts/inactive-pools.txt,2026-05-19T23:10:03+00:00
aba6f432eede4bf318bff48f4b3da352dc41a12593ed1419e9a3698b,pool14wn0gvhwme9lxx9l7j85k0dr2twyrgf9j0k3gx0f5d5ckzeln2l,Inactive,https://raw.githubusercontent.com/input-output-hk/spo-incentives/main/report-november-2025/scripts/inactive-pools.txt,2026-05-19T23:10:03+00:00
a922e197f601328388e177023dc9ddb8de46f1e1940fc811482c77c4,pool14y3wr9lkqyeg8z8pwuprmjwahr0ydu0pjs8usy2g93mugtpx622,Inactive,https://raw.githubusercontent.com/input-output-hk/spo-incentives/main/report-november-2025/scripts/inactive-pools.txt,2026-05-19T23:10:03+00:00
a932273ab880015990a677eb4cc598b306df0ece54aa98d1eefab600,pool14yezww4csqq4ny9xwl45e3vckvrd7rkw2j4f350wl2mqqw6shcf,Inactive,https://raw.githubusercontent.com/input-output-hk/spo-incentives/main/report-november-2025/scripts/inactive-pools.txt,2026-05-19T23:10:03+00:00
a936530dd93b25f3993bf1a468e728f25a0cdac3ccafce23d156c8dd,pool14ym9xrwe8vjl8xfm7xjx3eeg7fdqekkrejhuug732myd66y6qdy,Inactive,https://raw.githubusercontent.com/input-output-hk/spo-incentives/main/report-november-2025/scripts/inactive-pools.txt,2026-05-19T23:10:03+00:00
a8a82e00853b4b4d62cb24b825f65ee57b574b273e0f970a606df5c3,pool14z5zuqy98d956cktyjuztaj7u4a4wje88c8ewznqdh6uxwlpnj4,Inactive,https://raw.githubusercontent.com/input-output-hk/spo-incentives/main/report-november-2025/scripts/inactive-pools.txt,2026-05-19T23:10:03+00:00
a8acc941be990ad4614da27a072d62bab797ac5cb14db49d84698d86,pool14zkvjsd7ny9dgc2d5faqwttzh2me0tzuk9xmf8vydxxcvqaaaya,Inactive,https://raw.githubusercontent.com/input-output-hk/spo-incentives/main/report-november-2025/scripts/inactive-pools.txt,2026-05-19T23:10:03+00:00
a3cbd717c489c9fd603ddb022650f7b971af986841a10274ab748a9d,pool1509aw97y38yl6cpamvpzv58hh9c6lxrggxssya9twj9f6xxd394,Inactive,https://raw.githubusercontent.com/input-output-hk/spo-incentives/main/report-november-2025/scripts/inactive-pools.txt,2026-05-19T23:10:03+00:00
a284343fcb143cc961de06aa33d32866b291d0bf81275650800188f6,pool152zrg07tzs7vjcw7q64r85egv6efr59lsyn4v5yqqxy0vspj26f,Inactive,https://raw.githubusercontent.com/input-output-hk/spo-incentives/main/report-november-2025/scripts/inactive-pools.txt,2026-05-19T23:10:03+00:00
a79f70b1c852a7b3f3aba3e9b952fbd074256a8a3cf8e60c7e1d277d,pool1570hpvwg22nm8uat505mj5hm6p6z26528nuwvrr7r5nh6yavdqt,Inactive,https://raw.githubusercontent.com/input-output-hk/spo-incentives/main/report-november-2025/scripts/inactive-pools.txt,2026-05-19T23:10:03+00:00
a79f362a5947f002a9087837627e8d720aadcab1f5655c7b3d41abeb,pool1570nv2jeglcq92gg0qmkyl5dwg92mj4374j4c7eagx47kdm0r4l,Inactive,https://raw.githubusercontent.com/input-output-hk/spo-incentives/main/report-november-2025/scripts/inactive-pools.txt,2026-05-19T23:10:03+00:00
a79511ed32291c73925164af7aa4ea37dd600dcbbed0ef144bd33dcb,pool15723rmfj9yw88yj3vjhh4f82xlwkqrwthmgw79zt6v7ukx3zv2y,Inactive,https://raw.githubusercontent.com/input-output-hk/spo-incentives/main/report-november-2025/scripts/inactive-pools.txt,2026-05-19T23:10:03+00:00
a7a2ffbb7cf30694dbf57b9721cf0b825a7abd3fa4b7c72a2f1bdbaa,pool15730lwmu7vrffkl40wtjrnctsfd840fl5jmuw230r0d65a74k5e,Inactive,https://raw.githubusercontent.com/input-output-hk/spo-incentives/main/report-november-2025/scripts/inactive-pools.txt,2026-05-19T23:10:03+00:00
a7a12c53399bc2b24c73d656b36843523e776ce4dc96ee107d6037bc,pool157sjc5een0ptynrn6ettx6zr2gl8wm8ymjtwuyravqmmcs45d20,Inactive,https://raw.githubusercontent.com/input-output-hk/spo-incentives/main/report-november-2025/scripts/inactive-pools.txt,2026-05-19T23:10:03+00:00
a78d317d68646f510b28cd0177a4ca8e0657a199d6a266b560ac9fca,pool157xnzltgv3h4zzege5qh0fx23cr90gve663xddtq4j0u56fu8c9,Inactive,https://raw.githubusercontent.com/input-output-hk/spo-incentives/main/report-november-2025/scripts/inactive-pools.txt,2026-05-19T23:10:03+00:00
a17eb8c448dbb75cdc971c4bf7510caa7f3c21ff838c31cc874cf15e,pool159lt33zgmwm4ehyhr39lw5gv4flncg0lswxrrny8fnc4uun4h74,Inactive,https://raw.githubusercontent.com/input-output-hk/spo-incentives/main/report-november-2025/scripts/inactive-pools.txt,2026-05-19T23:10:03+00:00
a167ca4a63f4b143dc1d71cef02c22803ca014382ba2339c79cf097f,pool159nu5jnr7jc58hqaw880qtpzsq72q9pc9w3r88reeuyh702apfe,Inactive,https://raw.githubusercontent.com/input-output-hk/spo-incentives/main/report-november-2025/scripts/inactive-pools.txt,2026-05-19T23:10:03+00:00
a343a6e2eb4bb7f8abf039b82e579131b56966d88d9937e679365269,pool15dp6dchtfwml32ls8xuzu4u3xx6kjekc3kvn0enexefxj90hw3c,Inactive,https://raw.githubusercontent.com/input-output-hk/spo-incentives/main/report-november-2025/scripts/inactive-pools.txt,2026-05-19T23:10:03+00:00
a6774e31393f2508cc9a2371324fa261af3b79a02df87106a04d25bb,pool15em5uvfe8ujs3ny6ydcnynazvxhnk7dq9hu8zp4qf5jmknx32jn,Inactive,https://raw.githubusercontent.com/input-output-hk/spo-incentives/main/report-november-2025/scripts/inactive-pools.txt,2026-05-19T23:10:03+00:00
a49bc4fe3dbde289bc359a4aa09a40bc140daace4e95abb7a6b2e652,pool15jdufl3ahh3gn0p4nf92pxjqhs2qm2kwf626hdaxktn9yh8m3p6,Inactive,https://raw.githubusercontent.com/input-output-hk/spo-incentives/main/report-november-2025/scripts/inactive-pools.txt,2026-05-19T23:10:03+00:00
a49177494e8f50f21af5a39fd3b55dc9be3b8638cc5194eebd0bfd08,pool15jghwj2w3ag0yxh45w0a8d2aexlrhp3ce3gefm4ap07ssehz8qj,Inactive,https://raw.githubusercontent.com/input-output-hk/spo-incentives/main/report-november-2025/scripts/inactive-pools.txt,2026-05-19T23:10:03+00:00
a491f00b077b02789dfa707b11f73a29411540ce2625b12ec126ae55,pool15jglqzc80vp83806wpa3rae699q32sxwycjmztkpy6h92p43t4h,Inactive,https://raw.githubusercontent.com/input-output-hk/spo-incentives/main/report-november-2025/scripts/inactive-pools.txt,2026-05-19T23:10:03+00:00
a4be954679e0d08ed6af7193c329150d9e174b6f5976c609907cc2c2,pool15jlf23neurgga440wxfux2g4pk0pwjm0t9mvvzvs0npvy59mdpn,Inactive,https://raw.githubusercontent.com/input-output-hk/spo-incentives/main/report-november-2025/scripts/inactive-pools.txt,2026-05-19T23:10:03+00:00
a484916ef185593bed40dc434cbf51559879f1caff0dd180620f4fdd,pool15jzfzmh3s4vnhm2qm3p5e0632kv8nuw2luxarqrzpa8a6cgnthk,Inactive,https://raw.githubusercontent.com/input-output-hk/spo-incentives/main/report-november-2025/scripts/inactive-pools.txt,2026-05-19T23:10:03+00:00
a7fc9a31b48031790090d1a8446da881ce0a93536bb1e310bd7d08a9,pool15l7f5vd5sqchjqys6x5ygmdgs88q4y6ndwc7xy9a05y2jfced93,Inactive,https://raw.githubusercontent.com/input-output-hk/spo-incentives/main/report-november-2025/scripts/inactive-pools.txt,2026-05-19T23:10:03+00:00
a7ce13b0e41364cfc59bfe81d499ee412b6d2cb13cbef01155743e87,pool15l8p8v8yzdjvl3vml6qafx0wgy4k6t938jl0qy24wslgw7xlhc2,Inactive,https://raw.githubusercontent.com/input-output-hk/spo-incentives/main/report-november-2025/scripts/inactive-pools.txt,2026-05-19T23:10:03+00:00
a7c31f27cdebd1c96b4a960c47e498a961441b8dc34b191c02acd386,pool15lp37f7da0guj662jcxy0eyc49s5gxudcd93j8qz4nfcvuhrsf9,Inactive,https://raw.githubusercontent.com/input-output-hk/spo-incentives/main/report-november-2025/scripts/inactive-pools.txt,2026-05-19T23:10:03+00:00
a6e331ec57ee53ad4ab0e67c1d6890bacc9e20f5172e969e1635ee50,pool15m3nrmzhaef66j4sue7p66yshtxfug84zuhfd8skxhh9q6mkgyx,Inactive,https://raw.githubusercontent.com/input-output-hk/spo-incentives/main/report-november-2025/scripts/inactive-pools.txt,2026-05-19T23:10:03+00:00
a6edf2450e7bcedd9923b9724c7e9d47089dbc776ff8155c5cb4ac38,pool15mkly3gw008dmxfrh9eycl5aguyfm0rhdlup2hzukjkrsfdxqew,Inactive,https://raw.githubusercontent.com/input-output-hk/spo-incentives/main/report-november-2025/scripts/inactive-pools.txt,2026-05-19T23:10:03+00:00
a4dcead63ac83d18e481683cc9fff0980837256eac6a6b303b56f0ab,pool15nww4436eq733eypdq7vnllsnqyrwftw434xkvpm2mc2kfue2ux,Inactive,https://raw.githubusercontent.com/input-output-hk/spo-incentives/main/report-november-2025/scripts/inactive-pools.txt,2026-05-19T23:10:03+00:00
a0508250b0ddcf5d53edcb718a5a0f9fc7a31bf3efa2ed86c90d253f,pool15pggy59smh8465ldedcc5ks0nlr6xxlna73wmpkfp5jn7sh23pv,Inactive,https://raw.githubusercontent.com/input-output-hk/spo-incentives/main/report-november-2025/scripts/inactive-pools.txt,2026-05-19T23:10:03+00:00
a2dec27db00f4dacf0fb079347c2a3959409a91eb71bf29d72e004b5,pool15t0vyldspax6eu8mq7f50s4rjk2qn2g7kudl98tjuqzt2a2zpmx,Inactive,https://raw.githubusercontent.com/input-output-hk/spo-incentives/main/report-november-2025/scripts/inactive-pools.txt,2026-05-19T23:10:03+00:00
a2e6f9ffa2ef57cfb81ad780d4c285f041f1a27a5756f48191fb054c,pool15tn0nlazaatulwq667qdfs597pqlrgn62at0fqv3lvz5cg9l30m,Inactive,https://raw.githubusercontent.com/input-output-hk/spo-incentives/main/report-november-2025/scripts/inactive-pools.txt,2026-05-19T23:10:03+00:00
a2d7c530964b52d333cc664b1fc5acb697f1e3281787af54b021215e,pool15ttu2vykfdfdxv7vve93l3dvk6tlrcegz7r6749syys4us2k3tu,Inactive,https://raw.githubusercontent.com/input-output-hk/spo-incentives/main/report-november-2025/scripts/inactive-pools.txt,2026-05-19T23:10:03+00:00
a73897c05473ec1a3ddb4fcdbf9d29988e77d5ea9b254ae6afcfbe73,pool15uuf0sz5w0kp50wmflxml8ffnz880402nvj54e40e7l8x06y5e6,Inactive,https://raw.githubusercontent.com/input-output-hk/spo-incentives/main/report-november-2025/scripts/inactive-pools.txt,2026-05-19T23:10:03+00:00
a393cf2db41d6caf6476a028e5bf46a161631880929fa5b669da776f,pool15wfu7td5r4k27erk5q5wt06x59skxxyqj206tdnfmfmk7pd3rp3,Inactive,https://raw.githubusercontent.com/input-output-hk/spo-incentives/main/report-november-2025/scripts/inactive-pools.txt,2026-05-19T23:10:03+00:00
a3acf7487de502cd0c3a746a88ee46066564ca24ed9e6e977a8f0383,pool15wk0wjrau5pv6rp6w34g3mjxqejkfj3yak0xa9m63upcxx63myh,Inactive,https://raw.githubusercontent.com/input-output-hk/spo-incentives/main/report-november-2025/scripts/inactive-pools.txt,2026-05-19T23:10:03+00:00
a38388384df50e8d136f454d1d9b44d5f71ee186535fc04491168d39,pool15wpcswzd758g6ym0g4x3mx6y6hm3acvx2d0uq3y3z6xnj0eajkg,Inactive,https://raw.githubusercontent.com/input-output-hk/spo-incentives/main/report-november-2025/scripts/inactive-pools.txt,2026-05-19T23:10:03+00:00
a39c252e5179a5919a0b74b22bfc279801c3c88c305f7d3655b09a0d,pool15wwz2tj30xjerxstwjezhlp8nqqu8jyvxp0h6dj4kzdq6cgv3gv,Inactive,https://raw.githubusercontent.com/input-output-hk/spo-incentives/main/report-november-2025/scripts/inactive-pools.txt,2026-05-19T23:10:03+00:00
a19acffcdbf8ae27e171e468e6451b1189b7e84e447fafaf80de21b6,pool15xdvllxmlzhz0ct3u35wv3gmzxym06zwg3l6ltuqmcsmv9jq527,Inactive,https://raw.githubusercontent.com/input-output-hk/spo-incentives/main/report-november-2025/scripts/inactive-pools.txt,2026-05-19T23:10:03+00:00
a1939bf991b0e92af264cc0469a5848d4adadcf02aaf5335df55f0bd,pool15xfeh7v3kr5j4unyeszxnfvy349d4h8s92h4xdwl2hct6n0wgah,Inactive,https://raw.githubusercontent.com/input-output-hk/spo-incentives/main/report-november-2025/scripts/inactive-pools.txt,2026-05-19T23:10:03+00:00
a189efc883f462c58597d5361e81ff5d38590203d70fc1ee40f0cd7d,pool15xy7ljyr733vtpvh65mpaq0lt5u9jqsr6u8urmjq7rxh6ne904c,Inactive,https://raw.githubusercontent.com/input-output-hk/spo-incentives/main/report-november-2025/scripts/inactive-pools.txt,2026-05-19T23:10:03+00:00
a0bc72bf869ea6efa89c499036c192185afb0a68671a9da84a275309,pool15z7890uxn6nwl2yufxgrdsvjrpd0kzngvudfm2z2yafsjgkfndg,Inactive,https://raw.githubusercontent.com/input-output-hk/spo-incentives/main/report-november-2025/scripts/inactive-pools.txt,2026-05-19T23:10:03+00:00
a0872ac67f6e234f4fb07a3c8fede5702eb264c686ab0b028adad1a8,pool15zrj43nldc357nas0g7glm09wqhtyexxs64skq52mtg6sdrsjzd,Inactive,https://raw.githubusercontent.com/input-output-hk/spo-incentives/main/report-november-2025/scripts/inactive-pools.txt,2026-05-19T23:10:03+00:00
a0b9cf234f8bdd04f53cd74ef0a74253b58cf2bde6f8a6ea792590bc,pool15zuu7g6030wsfafu6a80pf6z2w6ceu4aumu2d6neykgtcx650u2,Inactive,https://raw.githubusercontent.com/input-output-hk/spo-incentives/main/report-november-2025/scripts/inactive-pools.txt,2026-05-19T23:10:03+00:00
d29e9b1bfcea57060a9f465455cb838a7eee9dc46844023c4dae3ff3,pool1620fkxluaftsvz5lge29tjur3flwa8wydpzqy0zd4cllxx2w3ma,Inactive,https://raw.githubusercontent.com/input-output-hk/spo-incentives/main/report-november-2025/scripts/inactive-pools.txt,2026-05-19T23:10:03+00:00
d2a0220fe37661e0388f176b9b712827e4913ffdc1567b9e0c177f9d,pool162szyrlrwes7qwy0za4ekufgyljfz0lac9t8h8svzale67n8vl4,Inactive,https://raw.githubusercontent.com/input-output-hk/spo-incentives/main/report-november-2025/scripts/inactive-pools.txt,2026-05-19T23:10:03+00:00
d47bdc4fbe99d680dc557847d0c9161d82c8256be8174d13285060d5,pool163aacna7n8tgphz40prapjgkrkpvsfttaqt56yeg2psd2umnxqu,Inactive,https://raw.githubusercontent.com/input-output-hk/spo-incentives/main/report-november-2025/scripts/inactive-pools.txt,2026-05-19T23:10:03+00:00
d4405171c1595c338c7ce5dcad8b4ed676aa6eeb1b28749e622f48e9,pool163q9zuwpt9wr8rruuhw2mz6w6em25mhtrv58f8nz9aywj7vzer7,Inactive,https://raw.githubusercontent.com/input-output-hk/spo-incentives/main/report-november-2025/scripts/inactive-pools.txt,2026-05-19T23:10:03+00:00
d574cff47d83db9fc97702d3f2b42d728d09f7c52fdf6e909c2b2b5c,pool1646vlaras0deljthqtfl9dpdw2xsna799l0kayyu9v44cql4ky0,Inactive,https://raw.githubusercontent.com/input-output-hk/spo-incentives/main/report-november-2025/scripts/inactive-pools.txt,2026-05-19T23:10:03+00:00
d567bfbe1162d4f934fc4bfee4d2f29aeacc766584b6619efc07aca0,pool164nml0s3vt20jd8uf0lwf5hjnt4vcan9sjmxr8huq7k2qswd8jq,Inactive,https://raw.githubusercontent.com/input-output-hk/spo-incentives/main/report-november-2025/scripts/inactive-pools.txt,2026-05-19T23:10:03+00:00
d5304843b72bb13b70008c4b82a7bba391d89bc2feacead97f58286d,pool165cyssah9wcnkuqq339c9fam5wga3x7zl6kw4ktltq5x68tlu4w,Inactive,https://raw.githubusercontent.com/input-output-hk/spo-incentives/main/report-november-2025/scripts/inactive-pools.txt,2026-05-19T23:10:03+00:00
d6921660bfcfdc70b598ace26c8270a5976b6c5ca87fdccca52a5c45,pool166fpvc9lelw8pdvc4n3xeqns5ktkkmzu4plaen999fwy2xytgce,Inactive,https://raw.githubusercontent.com/input-output-hk/spo-incentives/main/report-november-2025/scripts/inactive-pools.txt,2026-05-19T23:10:03+00:00
d7a8e9208f4216b57d51ce7b2a6494fbd409287da9e0b663c9272108,pool1675wjgy0ggtt2l23eeaj5ey5l02qj2ra48stvc7fyussslr0kq7,Inactive,https://raw.githubusercontent.com/input-output-hk/spo-incentives/main/report-november-2025/scripts/inactive-pools.txt,2026-05-19T23:10:03+00:00
d7a6f54ea7fd2e94279acd74601e7126538c6cadc4f794db66e1377c,pool167n02n48l5hfgfu6e46xq8n3yefccm9dcnmefkmxuymhc8ncrjm,Inactive,https://raw.githubusercontent.com/input-output-hk/spo-incentives/main/report-november-2025/scripts/inactive-pools.txt,2026-05-19T23:10:03+00:00
d7875b556eec7e3008226b6b5bfebdbe0a39aea6f0e4b70b4f42d3e9,pool167r4k4twa3lrqzpzdd44hl4ahc9rnt4x7rjtwz60gtf7j7pnk5x,Inactive,https://raw.githubusercontent.com/input-output-hk/spo-incentives/main/report-november-2025/scripts/inactive-pools.txt,2026-05-19T23:10:03+00:00
d1d51a624180d8e9b1adddf1e6ed7800fd8abe4adfc61bc40ce1ad19,pool168235cjpsrvwnvddmhc7dmtcqr7c40j2mlrph3qvuxk3jqls0wy,Inactive,https://raw.githubusercontent.com/input-output-hk/spo-incentives/main/report-november-2025/scripts/inactive-pools.txt,2026-05-19T23:10:03+00:00
d1637a4a755567eb74449aeb728f49c9f8772e01f720ade74fdc014b,pool1693h5jn424n7kazynt4h9r6fe8u8wtsp7us2me60msq5kpv390n,Inactive,https://raw.githubusercontent.com/input-output-hk/spo-incentives/main/report-november-2025/scripts/inactive-pools.txt,2026-05-19T23:10:03+00:00
d1779777832efba4a5da315e6bca4f858b23939124c0253e577c5b25,pool169mewaur9ma6ffw6x90xhjj0sk9j8yu3ynqz20jh03dj20syqwc,Inactive,https://raw.githubusercontent.com/input-output-hk/spo-incentives/main/report-november-2025/scripts/inactive-pools.txt,2026-05-19T23:10:03+00:00
d75510f36a80dd436ed69b1c76af0724c1969a2ece377ee322ae2e36,pool16a23pum2srw5xmkknvw8dtc8ynqedx3wecmhacez4chrv9huvyg,Inactive,https://raw.githubusercontent.com/input-output-hk/spo-incentives/main/report-november-2025/scripts/inactive-pools.txt,2026-05-19T23:10:03+00:00
d7447cc02f0206b8b1d30837354d428dfd3c9877dd41339863ac1b0d,pool16az8esp0qgrt3vwnpqmn2n2z3h7nexrhm4qn8xrr4sds6tj0dxa,Inactive,https://raw.githubusercontent.com/input-output-hk/spo-incentives/main/report-november-2025/scripts/inactive-pools.txt,2026-05-19T23:10:03+00:00
d6339f825c8475640ad88627282d8fe059d53e2c609871342c7eae5c,pool16ceelqjus36kgzkcscnjstv0upva203vvzv8zdpv06h9cjgzynz,Inactive,https://raw.githubusercontent.com/input-output-hk/spo-incentives/main/report-november-2025/scripts/inactive-pools.txt,2026-05-19T23:10:03+00:00
d35efae280f5bce2254a8d9185ab4296032003efa8d9331d8bc3d74c,pool16d004c5q7k7wyf223kgct26zjcpjqql04rvnx8vtc0t5ckmnzaa,Inactive,https://raw.githubusercontent.com/input-output-hk/spo-incentives/main/report-november-2025/scripts/inactive-pools.txt,2026-05-19T23:10:03+00:00
d36dad36be5df6bcaefe3c6cb561c5e5de2c54d06b3e01bbad179932,pool16dk66d47thmteth783kt2cw9uh0zc4xsdvlqrwadz7vnyaev8cv,Inactive,https://raw.githubusercontent.com/input-output-hk/spo-incentives/main/report-november-2025/scripts/inactive-pools.txt,2026-05-19T23:10:03+00:00
d22bd5db44ecbd7364c3fdc892e90b32e11b4a147404c36c0f0f5d13,pool16g4atk6yaj7hxexrlhyf96gtxts3kjs5wszvxmq0paw3xdre68q,Inactive,https://raw.githubusercontent.com/input-output-hk/spo-incentives/main/report-november-2025/scripts/inactive-pools.txt,2026-05-19T23:10:03+00:00
d23a78c60e3ac5c630f1401480e844e3af28feddacf2c9f792a2061e,pool16ga833sw8tzuvv83gq2gp6zyuwhj3lka4nevnauj5grpuq8y2al,Inactive,https://raw.githubusercontent.com/input-output-hk/spo-incentives/main/report-november-2025/scripts/inactive-pools.txt,2026-05-19T23:10:03+00:00
d22d7c62ed2007ee958be0717c37a0acf9ef2c055be647d8bb3fbdcf,pool16gkhcchdyqr7a9vtupchcdaq4nu77tq9t0ny0k9m877u7zv03v2,Inactive,https://raw.githubusercontent.com/input-output-hk/spo-incentives/main/report-november-2025/scripts/inactive-pools.txt,2026-05-19T23:10:03+00:00
d495082ea4ff9f19dda431e13b17eda0dd24775daa6ca7c42bcb44b0,pool16j2sst4yl703nhdyx8snk9ld5rwjga6a4fk203ptedztq7uza5f,Inactive,https://raw.githubusercontent.com/input-output-hk/spo-incentives/main/report-november-2025/scripts/inactive-pools.txt,2026-05-19T23:10:03+00:00
d4a952e3fe4ae45cc9c581a8ca3c52272e7fd4b05efb61a479ed4662,pool16j549cl7ftj9ejw9sx5v50zjyuh8l49stmakrfrea4rxy0e7us5,Inactive,https://raw.githubusercontent.com/input-output-hk/spo-incentives/main/report-november-2025/scripts/inactive-pools.txt,2026-05-19T23:10:03+00:00
d4b0213dbf6529e6208e4256daee2c74dd29fe277067e7728800c82f,pool16jczz0dlv557vgywgftd4m3vwnwjnl38wpn7wu5gqryz7aedahd,Inactive,https://raw.githubusercontent.com/input-output-hk/spo-incentives/main/report-november-2025/scripts/inactive-pools.txt,2026-05-19T23:10:03+00:00
d4af25ea7f256145de12c3c99b6ae508dcbb02e0d352956ed2205d9e,pool16jhjt6nly4s5thsjc0yek6h9prwtkqhq6dff2mkjypweut69zh3,Inactive,https://raw.githubusercontent.com/input-output-hk/spo-incentives/main/report-november-2025/scripts/inactive-pools.txt,2026-05-19T23:10:03+00:00
d5a5dd677517f87c6fe3a7fb151070352400e64d0597d6b8b36470e3,pool16kja6em4zlu8cmlr5la32yrsx5jqpejdqktadw9nv3cwx2s6ccf,Inactive,https://raw.githubusercontent.com/input-output-hk/spo-incentives/main/report-november-2025/scripts/inactive-pools.txt,2026-05-19T23:10:03+00:00
d7d56e1703630780176cf944a77b7829b4ba97888fa9a32468011985,pool16l2ku9crvvrcq9mvl9z2w7mc9x6t49ug3756xfrgqyvc2e5y6hl,Inactive,https://raw.githubusercontent.com/input-output-hk/spo-incentives/main/report-november-2025/scripts/inactive-pools.txt,2026-05-19T23:10:03+00:00
d7e062ee4a829c38c7d7616af5666e79cfa6bca819a987b6a1b17ced,pool16lsx9mj2s2wr337hv9402enw0886d09grx5c0d4pk97w63kjn2a,Inactive,https://raw.githubusercontent.com/input-output-hk/spo-incentives/main/report-november-2025/scripts/inactive-pools.txt,2026-05-19T23:10:03+00:00
d7dc0487d80b04e9eb77e3d128debded2da917647df35da25267689f,pool16lwqfp7cpvzwn6mhu0gj3h4aa5k6j9my0he4mgjjva5f7vvnkw2,Inactive,https://raw.githubusercontent.com/input-output-hk/spo-incentives/main/report-november-2025/scripts/inactive-pools.txt,2026-05-19T23:10:03+00:00
d6e3808faa3a1ef5aaf04eeb89156efd48f94131e41426ea64904542,pool16m3cpra28g00t2hsfm4cj9twl4y0jsf3us2zd6nyjpz5yuagmkn,Inactive,https://raw.githubusercontent.com/input-output-hk/spo-incentives/main/report-november-2025/scripts/inactive-pools.txt,2026-05-19T23:10:03+00:00
d6f58a0f01dea36569fafd81d6a226a0496938750aef7916f5ecf00e,pool16m6c5rcpm63k2606lkqadg3x5pykjwr4pthhj9h4ancquafwhjl,Inactive,https://raw.githubusercontent.com/input-output-hk/spo-incentives/main/report-november-2025/scripts/inactive-pools.txt,2026-05-19T23:10:03+00:00
d6ce6147ac2e63f74cc8e3e499f1d8b23a4cb35110458e5357818de6,pool16m8xz3av9e3lwnxgu0jfnuwckgayev63zpzcu56hsxx7vy4eqzn,Inactive,https://raw.githubusercontent.com/input-output-hk/spo-incentives/main/report-november-2025/scripts/inactive-pools.txt,2026-05-19T23:10:03+00:00
d4e7f39378b6b0a798fafa5b409411204aef54b8eed5a214f4ad0ae7,pool16nnl8ymck6c20x86lfd5p9q3yp9w749cam26y985459ww6kjtz8,Inactive,https://raw.githubusercontent.com/input-output-hk/spo-incentives/main/report-november-2025/scripts/inactive-pools.txt,2026-05-19T23:10:03+00:00
d4d84275c3311e3818a54462a2449d84e62aaba3182e3818070b3d37,pool16nvyyawrxy0rsx99g332y3yasnnz42arrqhrsxq8pv7nwsya9nu,Inactive,https://raw.githubusercontent.com/input-output-hk/spo-incentives/main/report-november-2025/scripts/inactive-pools.txt,2026-05-19T23:10:03+00:00
d00e3bcc92d536b488e362627c8e637cbf81d1186864263dc858198c,pool16q8rhnyj65mtfz8rvf38ernr0jlcr5gcdpjzv0wgtqvcc5yw7g7,Inactive,https://raw.githubusercontent.com/input-output-hk/spo-incentives/main/report-november-2025/scripts/inactive-pools.txt,2026-05-19T23:10:03+00:00
d02e955642a85a3e3d001dca374d8c2b1f4ee920f4515db75bebbac1,pool16qhf24jz4pdru0gqrh9rwnvv9v05a6fq73g4md6mawavz2fg5v7,Inactive,https://raw.githubusercontent.com/input-output-hk/spo-incentives/main/report-november-2025/scripts/inactive-pools.txt,2026-05-19T23:10:03+00:00
d020d68672653709074af9bbbae47c1e2d6814eb56756f2f8075335e,pool16qsddpnjv5msjp62lxam4erurckks98t2e6k7tuqw5e4u5xcmc5,Inactive,https://raw.githubusercontent.com/input-output-hk/spo-incentives/main/report-november-2025/scripts/inactive-pools.txt,2026-05-19T23:10:03+00:00
d0e3a14eecbc6eafda94670e5bc0d1e20b58195958185829efd34fd7,pool16r36znhvh3h2lk55vu89hsx3ug94sx2etqv9s2006d8awufhaz7,Inactive,https://raw.githubusercontent.com/input-output-hk/spo-incentives/main/report-november-2025/scripts/inactive-pools.txt,2026-05-19T23:10:03+00:00
d0f005a0a823b331583a5d0083f3745f39fd36ad13bbc0845e147892,pool16rcqtg9gywenzkp6t5qg8um5tuul6d4dzwauppz7z3ufyaj0ky3,Inactive,https://raw.githubusercontent.com/input-output-hk/spo-incentives/main/report-november-2025/scripts/inactive-pools.txt,2026-05-19T23:10:03+00:00
d0c0f9ec7108d4f577cdc24b47f904a7230b965a6b8f2938316a2a0c,pool16rq0nmr3pr202a7dcf9507gy5u3sh9j6dw8jjwp3dg4qc6cqj0f,Inactive,https://raw.githubusercontent.com/input-output-hk/spo-incentives/main/report-november-2025/scripts/inactive-pools.txt,2026-05-19T23:10:03+00:00
d0c7cae9b825957a024e0691333b9b6c8e2b4a53b99ab6071f200f7d,pool16rru46dcyk2h5qjwq6gnxwumdj8zkjjnhxdtvpclyq8h6q9apua,Inactive,https://raw.githubusercontent.com/input-output-hk/spo-incentives/main/report-november-2025/scripts/inactive-pools.txt,2026-05-19T23:10:03+00:00
d725d5056fa35a02ec58838a6b32af037fe86def9b0327debd1cde94,pool16uja2pt05ddq9mzcsw9xkv40qdl7sm00nvpj0h4arn0fgl2xrae,Inactive,https://raw.githubusercontent.com/input-output-hk/spo-incentives/main/report-november-2025/scripts/inactive-pools.txt,2026-05-19T23:10:03+00:00
d32c5ec95bf97ffc4781020f20a27af8ac0ed9643cec8345847f489f,pool16vk9aj2ml9llc3upqg8jpgn6lzkqakty8nkgx3vy0ayf78zdsgj,Inactive,https://raw.githubusercontent.com/input-output-hk/spo-incentives/main/report-november-2025/scripts/inactive-pools.txt,2026-05-19T23:10:03+00:00
d30c003d6b2313659ea9d5a13c42c86d9e32b8fcff79b7f527c6f694,pool16vxqq0ttyvfkt84f6ksncskgdk0r9w8ulaum0af8cmmfgsf5hua,Inactive,https://raw.githubusercontent.com/input-output-hk/spo-incentives/main/report-november-2025/scripts/inactive-pools.txt,2026-05-19T23:10:03+00:00
d395b8436f88c76a4856c30c4df7de160c6ab212bb85ef5edd8c5138,pool16w2mssm03rrk5jzkcvxyma77zcxx4vsjhwz77hka33gnsk9j47n,Inactive,https://raw.githubusercontent.com/input-output-hk/spo-incentives/main/report-november-2025/scripts/inactive-pools.txt,2026-05-19T23:10:03+00:00
d3adaebc7b707f8615dbd18f823359f7b24f091fe0a79a4840683690,pool16wk6a0rmwplcv9wm6x8cyv6e77ey7zgluzne5jzqdqmfq52s69q,Inactive,https://raw.githubusercontent.com/input-output-hk/spo-incentives/main/report-november-2025/scripts/inactive-pools.txt,2026-05-19T23:10:03+00:00
d1b58b2754899bcd0db7d999c8e68f47db715b431b4ad81f56870be9,pool16x6ckf653xdu6rdhmxvu3e50gldhzk6rrd9ds86ksu97jexw7m8,Inactive,https://raw.githubusercontent.com/input-output-hk/spo-incentives/main/report-november-2025/scripts/inactive-pools.txt,2026-05-19T23:10:03+00:00
d1bdaa3228cc5778b77fd33c21caa6f0f42f8d63f1280e97a1f7048f,pool16x765v3ge3th3dml6v7zrj4x7r6zlrtr7y5qa9ap7uzg7f50uu8,Inactive,https://raw.githubusercontent.com/input-output-hk/spo-incentives/main/report-november-2025/scripts/inactive-pools.txt,2026-05-19T23:10:03+00:00
d114d9973ec39fe72f23411661c740f91a9cfbb22a8d7650b9d04591,pool16y2dn9e7cw07wtergytxr36qlydfe7aj92xhv59e6pzezgwxtv8,Inactive,https://raw.githubusercontent.com/input-output-hk/spo-incentives/main/report-november-2025/scripts/inactive-pools.txt,2026-05-19T23:10:03+00:00
d1033d20f0dd39bf6ec625dbcf48b90145f8d1c470293298e87f792c,pool16ypn6g8sm5um7mkxyhdu7j9eq9zl35wywq5n9x8g0aujc060qzp,Inactive,https://raw.githubusercontent.com/input-output-hk/spo-incentives/main/report-november-2025/scripts/inactive-pools.txt,2026-05-19T23:10:03+00:00
d09215fee2381af15f89451cf2e035a8f7479971d86ee5a8ffae0cea,pool16zfptlhz8qd0zhufg5w09cp44rm50xt3mphwt28l4cxw55ewvh0,Inactive,https://raw.githubusercontent.com/input-output-hk/spo-incentives/main/report-november-2025/scripts/inactive-pools.txt,2026-05-19T23:10:03+00:00
d0a506b386ec4ae2daa7c15b0f4279ae0bfbe3fbde3e4a470deaeb3e,pool16zjsdvuxa39w9k48c9ds7sne4c9lhclmmcly53cdat4nu7l36f6,Inactive,https://raw.githubusercontent.com/input-output-hk/spo-incentives/main/report-november-2025/scripts/inactive-pools.txt,2026-05-19T23:10:03+00:00
d08ca08fad6442d669760a9b3ffe2df70f06bbed39ea9528e6fe94c2,pool16zx2pradv3pdv6tkp2dnll3d7u8sdwld884f228xl62vy2msdt0,Inactive,https://raw.githubusercontent.com/input-output-hk/spo-incentives/main/report-november-2025/scripts/inactive-pools.txt,2026-05-19T23:10:03+00:00
d089b733c355608c191588ab8cbd0fdb9e45e84d366f84389684ab4d,pool16zymwv7r24sgcxg43z4ce0g0mw0yt6zdxehcgwyksj456y0ef4a,Inactive,https://raw.githubusercontent.com/input-output-hk/spo-incentives/main/report-november-2025/scripts/inactive-pools.txt,2026-05-19T23:10:03+00:00
f3e3ed8134b5759d483de66bafa494a30eaf0f25c2371004ec806310,pool17037mqf5k46e6jpaue46lfy55v827re9cgm3qp8vsp33q8zufvy,Inactive,https://raw.githubusercontent.com/input-output-hk/spo-incentives/main/report-november-2025/scripts/inactive-pools.txt,2026-05-19T23:10:03+00:00
f3e52b8630f21ca8e3e6d11896a58c2af5943ba295ed14128479a60d,pool170jjhp3s7gw23clx6yvfdfvv9t6egwazjhk3gy5y0xnq6y8mjjt,Inactive,https://raw.githubusercontent.com/input-output-hk/spo-incentives/main/report-november-2025/scripts/inactive-pools.txt,2026-05-19T23:10:03+00:00
f2930e8988d0861b4bd83badf807df1ce84349971f2b99b5ac626643,pool172fsazvg6zrpkj7c8wklsp7lrn5yxjvhru4enddvvfnyx343dyc,Inactive,https://raw.githubusercontent.com/input-output-hk/spo-incentives/main/report-november-2025/scripts/inactive-pools.txt,2026-05-19T23:10:03+00:00
f29069bcfbd55844b0332ab4b880fb6d009780b68935600b561c8e32,pool172gxn08m64vyfvpn926t3q8md5qf0q9k3y6kqz6krj8ry0tntmz,Inactive,https://raw.githubusercontent.com/input-output-hk/spo-incentives/main/report-november-2025/scripts/inactive-pools.txt,2026-05-19T23:10:03+00:00
f299723acf9ab7e1d7dd3b81e39858f4e645f226f1dc44af6dcb5922,pool172vhywk0n2m7r47a8wq78xzc7nnytu3x78wyftmdedvjyzxjc7s,Inactive,https://raw.githubusercontent.com/input-output-hk/spo-incentives/main/report-november-2025/scripts/inactive-pools.txt,2026-05-19T23:10:03+00:00
f4534b0b3c154f4b42ec4762bf7267e68a5728689fbdd0c8cff1ccdf,pool173f5kzeuz485kshvga3t7un8u699w2rgn77apjx078xd73kzj6y,Inactive,https://raw.githubusercontent.com/input-output-hk/spo-incentives/main/report-november-2025/scripts/inactive-pools.txt,2026-05-19T23:10:03+00:00
f456370bd5fb153c7ded9d1206227702f60e448c9a74d09bd6d061c7,pool173trwz74lv2ncl0dn5fqvgnhqtmqu3yvnf6dpx7k6psuwhzn2fc,Inactive,https://raw.githubusercontent.com/input-output-hk/spo-incentives/main/report-november-2025/scripts/inactive-pools.txt,2026-05-19T23:10:03+00:00
f503e58008db780d0e9d6fa58eab1590b4b0c470f8bd24a4de10f91c,pool175p7tqqgmduq6r5ad7jca2c4jz6tp3rslz7jffx7zru3cakdmt2,Inactive,https://raw.githubusercontent.com/input-output-hk/spo-incentives/main/report-november-2025/scripts/inactive-pools.txt,2026-05-19T23:10:03+00:00
f7b96ff0848ac1ad86f60fac90e756e54e381cd53ff3e22a20e672f3,pool177ukluyy3tq6mphkp7kfpe6ku48rs8x48le7y23quee0xqmal06,Inactive,https://raw.githubusercontent.com/input-output-hk/spo-incentives/main/report-november-2025/scripts/inactive-pools.txt,2026-05-19T23:10:03+00:00
f17566678e30c1c75dd39e68829723a3c1aeff1d4f8924c6cdd18746,pool1796kveuwxrquwhwnne5g99er50q6alcaf7yjf3kd6xr5vemfaqc,Inactive,https://raw.githubusercontent.com/input-output-hk/spo-incentives/main/report-november-2025/scripts/inactive-pools.txt,2026-05-19T23:10:03+00:00
f15a17679f7ca09617f0d7a791d66a3e937d5c0b85baed4f862f9745,pool179dpweul0jsfv9ls67ner4n286fh6hqtskaw6nux97t52dt5gxa,Inactive,https://raw.githubusercontent.com/input-output-hk/spo-incentives/main/report-november-2025/scripts/inactive-pools.txt,2026-05-19T23:10:03+00:00
f1773c591a30aaea1b562be9a27fc3566474b4fce68e9c299f86f9f4,pool179mnckg6xz4w5x6k9056yl7r2ej8fd8uu68fc2vlsmulg7lzwhy,Inactive,https://raw.githubusercontent.com/input-output-hk/spo-incentives/main/report-november-2025/scripts/inactive-pools.txt,2026-05-19T23:10:03+00:00
f751b1128ae2af7524e2b71821b1772d5cd1c723f8668a3d771ff632,pool17agmzy52u2hh2f8zkuvzrvth94wdr3erlpng50thrlmryqvkz57,Inactive,https://raw.githubusercontent.com/input-output-hk/spo-incentives/main/report-november-2025/scripts/inactive-pools.txt,2026-05-19T23:10:03+00:00
f765c73fa3700f6fa735310ebc0255265613db23fd7bb14e8d84e795,pool17ajuw0arwq8klfe4xy8tcqj4yetp8kerl4amzn5dsnne20wlnsa,Inactive,https://raw.githubusercontent.com/input-output-hk/spo-incentives/main/report-november-2025/scripts/inactive-pools.txt,2026-05-19T23:10:03+00:00
f63b86c6ca8bc67885d434c9a6d4b1595d3a39de8bf7a7749c040770,pool17cacd3k230r83pw5xny6d493t9wn5ww730m6wayuqsrhqwzyecv,Inactive,https://raw.githubusercontent.com/input-output-hk/spo-incentives/main/report-november-2025/scripts/inactive-pools.txt,2026-05-19T23:10:03+00:00
f3746e12eeb3034456a0a49dcb0d3f6dd9814720e29768d49c20daf9,pool17d6xuyhwkvp5g44q5jwukrfldhvcz3equ2tk34yuyrd0jlh4jjy,Inactive,https://raw.githubusercontent.com/input-output-hk/spo-incentives/main/report-november-2025/scripts/inactive-pools.txt,2026-05-19T23:10:03+00:00
f3744cef91741855c7e9a3fc2d339c7be1f091d10417d625ab12e522,pool17d6yemu3wsv9t3lf507z6vuu00slpyw3qstavfdtztjjy42qcp7,Inactive,https://raw.githubusercontent.com/input-output-hk/spo-incentives/main/report-november-2025/scripts/inactive-pools.txt,2026-05-19T23:10:03+00:00
f36c85c5e0f0291cf58b19117a86952bb7f2e40a8c4a14db99c6889f,pool17dkgt30q7q53eavtrygh4p549wml9eq2339pfkuec6yf7x7h5rz,Inactive,https://raw.githubusercontent.com/input-output-hk/spo-incentives/main/report-november-2025/scripts/inactive-pools.txt,2026-05-19T23:10:03+00:00
f340eef55ac0e76ce21ef91a919cead5a3965994205a9f38c74f29b1,pool17dqwaa26crnkecs7lydfr8826k3evkv5ypdf7wx8fu5mzexxa2x,Inactive,https://raw.githubusercontent.com/input-output-hk/spo-incentives/main/report-november-2025/scripts/inactive-pools.txt,2026-05-19T23:10:03+00:00
f34dafb694ad4334271576b23cf9e716e48ef9db25b39f82e05d561b,pool17dx6ld5544pngfc4w6ere708zmjga7wmykeelqhqt4tpkjcpup2,Inactive,https://raw.githubusercontent.com/input-output-hk/spo-incentives/main/report-november-2025/scripts/inactive-pools.txt,2026-05-19T23:10:03+00:00
f65ab416cb3c761470973fb9a97149b224bed652dec82916675c135e,pool17edtg9kt83mpguyh87u6ju2fkgjta4jjmmyzj9n8tsf4uwalg7h,Inactive,https://raw.githubusercontent.com/input-output-hk/spo-incentives/main/report-november-2025/scripts/inactive-pools.txt,2026-05-19T23:10:03+00:00
f26b47a508406e5ae70b94020c8e0d8f0e7c210c4c67cad2d1349497,pool17f450fgggph94ectjspqersd3u88cggvf3nu45k3xj2fwdqxjpp,Inactive,https://raw.githubusercontent.com/input-output-hk/spo-incentives/main/report-november-2025/scripts/inactive-pools.txt,2026-05-19T23:10:03+00:00
f25197cb96c05ec03b8fc5ef195ea87e76ba8fab3b0dcc0cd499e140,pool17fge0jukcp0vqwu0chh3jh4g0emt4rat8vxucrx5n8s5qz6fegp,Inactive,https://raw.githubusercontent.com/input-output-hk/spo-incentives/main/report-november-2025/scripts/inactive-pools.txt,2026-05-19T23:10:03+00:00
f4ab91d2e11584410402c14f7363d01b1740b384c9407d6f0337f979,pool17j4er5hpzkzyzpqzc98hxc7srvt5pvuye9q86mcrxluhjjj2aaj,Inactive,https://raw.githubusercontent.com/input-output-hk/spo-incentives/main/report-november-2025/scripts/inactive-pools.txt,2026-05-19T23:10:03+00:00
f5a9a386453680edb38b997c1a3902623724fb75d405160b8d069507,pool17k568pj9x6qwmvutn97p5wgzvgmjf7m46sz3vzudq62swqdfh4a,Inactive,https://raw.githubusercontent.com/input-output-hk/spo-incentives/main/report-november-2025/scripts/inactive-pools.txt,2026-05-19T23:10:03+00:00
f7f9952465883f05a64e44161b2d4a253e8d5eb51922317a46cbf600,pool17lue2fr93qlstfjwgstpkt22y5lg6h44ry3rz7jxe0mqqnq53wf,Inactive,https://raw.githubusercontent.com/input-output-hk/spo-incentives/main/report-november-2025/scripts/inactive-pools.txt,2026-05-19T23:10:03+00:00
f6d42479b8452bd3a04a922ce12a114884bba9044d75ab7a04ab7fe7,pool17m2zg7dcg54a8gz2jgkwz2s3fzzth2gyf466k7sy4dl7wchp3lv,Inactive,https://raw.githubusercontent.com/input-output-hk/spo-incentives/main/report-november-2025/scripts/inactive-pools.txt,2026-05-19T23:10:03+00:00
f6e255aca5180ba430b0ae03ee163de759ddc236b8dab127a19a0c89,pool17m39tt99rq96gv9s4cp7u93auavams3khrdtzfapngxgjs3tj7s,Inactive,https://raw.githubusercontent.com/input-output-hk/spo-incentives/main/report-november-2025/scripts/inactive-pools.txt,2026-05-19T23:10:03+00:00
f6f5cce8780793b6182c1a9502f370c205f7793c2148e1d84352c73c,pool17m6ue6rcq7fmvxpvr22s9umscgzlw7fuy9ywrkzr2trncnj5nx9,Inactive,https://raw.githubusercontent.com/input-output-hk/spo-incentives/main/report-november-2025/scripts/inactive-pools.txt,2026-05-19T23:10:03+00:00
f06b02416faa4aa27d22fe267038077537c359c09bfb44fca7b40d77,pool17p4syst04f92ylfzlcn8qwq8w5muxkwqn0a5fl98ksxhwj6y7g7,Inactive,https://raw.githubusercontent.com/input-output-hk/spo-incentives/main/report-november-2025/scripts/inactive-pools.txt,2026-05-19T23:10:03+00:00
f04fd2e69f967986b370fe95dd6bc4f7dce314c270a5cfbb9e6a540f,pool17p8a9e5ljeucdvmsl62a667y7lwwx9xzwzjulwu7df2q7854mh4,Inactive,https://raw.githubusercontent.com/input-output-hk/spo-incentives/main/report-november-2025/scripts/inactive-pools.txt,2026-05-19T23:10:03+00:00
f07a10b6a3d17a8f71ba2d2f938ee440ae77818b6ad87b2a97911081,pool17pappd4r69ag7ud695he8rhygzh80qvtdtv8k25hjyggzz8gc53,Inactive,https://raw.githubusercontent.com/input-output-hk/spo-incentives/main/report-november-2025/scripts/inactive-pools.txt,2026-05-19T23:10:03+00:00
f009db8d9c5fe0407b1ac6493ee0fd25416d9acd542f58baaced0835,pool17qyahrvutlsyq7c6ceynac8ay4qkmxkd2sh43w4va5yr255x437,Inactive,https://raw.githubusercontent.com/input-output-hk/spo-incentives/main/report-november-2025/scripts/inactive-pools.txt,2026-05-19T23:10:03+00:00
f39a0c4f46913713bbe32696ae7fef7a51e45c19935e6e12a153db22,pool17wdqcn6xjym38wlry6t2ull00fg7ghqejd0xuy4p20djyua800c,Inactive,https://raw.githubusercontent.com/input-output-hk/spo-incentives/main/report-november-2025/scripts/inactive-pools.txt,2026-05-19T23:10:03+00:00
f3b272633727e026aa71bf4dc59d1ffaa25d9765053a722e18285054,pool17we8ycehylszd2n3haxut8gll239m9m9q5a8ytsc9pg9g3uuga6,Inactive,https://raw.githubusercontent.com/input-output-hk/spo-incentives/main/report-november-2025/scripts/inactive-pools.txt,2026-05-19T23:10:03+00:00
f38375739aac5c4b6446dee394c7a785d11bb880509f04079a19618f,pool17wph2uu643wykezxmm3ef3a8shg3hwyq2z0sgpu6r9sc7um83d9,Inactive,https://raw.githubusercontent.com/input-output-hk/spo-incentives/main/report-november-2025/scripts/inactive-pools.txt,2026-05-19T23:10:03+00:00
f19628f4e1090a11cab95668ba2116d0747fc22fa1a81210cd3615fe,pool17xtz3a8ppy9prj4e2e5t5ggk6p68ls305x5pyyxdxc2lut0ltm2,Inactive,https://raw.githubusercontent.com/input-output-hk/spo-incentives/main/report-november-2025/scripts/inactive-pools.txt,2026-05-19T23:10:03+00:00
f12a14524711c56fec3fcfd5f8ffcfa08de7e9d1d8fb85657383f98c,pool17y4pg5j8z8zklmplel2l3l705zx706w3mrac2etns0uccehx3nr,Inactive,https://raw.githubusercontent.com/input-output-hk/spo-incentives/main/report-november-2025/scripts/inactive-pools.txt,2026-05-19T23:10:03+00:00
f11c6f32fdf2cf09ca2613b653ea3f64c36cbf89049662d777a96095,pool17ywx7vha7t8snj3xzwm9863lvnpke0ufqjtx94mh49sf28srg9m,Inactive,https://raw.githubusercontent.com/input-output-hk/spo-incentives/main/report-november-2025/scripts/inactive-pools.txt,2026-05-19T23:10:03+00:00
f109d74adbca421e6aac798c03671defbcd6a20d4191bdbf52690d98,pool17yyawjkmefppu64v0xxqxecaa77ddgsdgxgmm06jdyxeslruzyc,Inactive,https://raw.githubusercontent.com/input-output-hk/spo-incentives/main/report-november-2025/scripts/inactive-pools.txt,2026-05-19T23:10:03+00:00
f0ab7131f4ad78631c1e25f2d6406b6f58b15753138040a8685db953,pool17z4hzv0544uxx8q7yhedvsrtdavtz46nzwqyp2rgtku4x6d0zcn,Inactive,https://raw.githubusercontent.com/input-output-hk/spo-incentives/main/report-november-2025/scripts/inactive-pools.txt,2026-05-19T23:10:03+00:00
3aab11c678e5876a5643347731aadafb3917b49e26b925515827db70,pool18243r3ncukrk54jrx3mnr2k6lvu30dy7y6uj252cyldhqze7qe3,Inactive,https://raw.githubusercontent.com/input-output-hk/spo-incentives/main/report-november-2025/scripts/inactive-pools.txt,2026-05-19T23:10:03+00:00
3c79005232a5187d0239471d1f1ba026bdde16745e476afab0cb39cd,pool183usq53j55v86q3eguw37xaqy67au9n5terk474sevuu6jy7266,Inactive,https://raw.githubusercontent.com/input-output-hk/spo-incentives/main/report-november-2025/scripts/inactive-pools.txt,2026-05-19T23:10:03+00:00
3d4a500ac67a310e9544b0d87a9065093001cb2a6cdb8428c6078262,pool18499qzkx0gcsa92ykrv84yr9pycqrje2dndcg2xxq7pxyadvwjj,Inactive,https://raw.githubusercontent.com/input-output-hk/spo-incentives/main/report-november-2025/scripts/inactive-pools.txt,2026-05-19T23:10:03+00:00
3d3571e8e40c979e68fa82dbd4242c540d21238e148dc2d74c3b9a01,pool1856hr68ypjteu686stdagfpv2sxjzguwzjxu946v8wdqzn0f67s,Inactive,https://raw.githubusercontent.com/input-output-hk/spo-incentives/main/report-november-2025/scripts/inactive-pools.txt,2026-05-19T23:10:03+00:00
3ebd062968c015896c970220966736dc09415a1f6e8a2ba07fb7f9cb,pool1867sv2tgcq2cjmyhqgsfveekmsy5zksld69zhgrlkluukfydq29,Inactive,https://raw.githubusercontent.com/input-output-hk/spo-incentives/main/report-november-2025/scripts/inactive-pools.txt,2026-05-19T23:10:03+00:00
3e9d3189ca1014f72f412f723d0a316010ca9ba6deab5a27b5455c3a,pool186wnrzw2zq20wt6p9aer6z33vqgv4xaxm6445fa4g4wr559e0j8,Inactive,https://raw.githubusercontent.com/input-output-hk/spo-incentives/main/report-november-2025/scripts/inactive-pools.txt,2026-05-19T23:10:03+00:00
3fac5e0197537b8eb5402249937b0b381f236436ad1ead40b7f6ec63,pool187k9uqvh2dacad2qyfyex7ct8q0jxepk45026s9h7mkxx9pn7at,Inactive,https://raw.githubusercontent.com/input-output-hk/spo-incentives/main/report-november-2025/scripts/inactive-pools.txt,2026-05-19T23:10:03+00:00
3f4ecbaff81796fdf6fb4b7e8586100b3b9d2b281163a945abf24a4b,pool18a8vhtlcz7t0mahmfdlgtpsspvae62egz936j3dt7f9ykr4j2av,Inactive,https://raw.githubusercontent.com/input-output-hk/spo-incentives/main/report-november-2025/scripts/inactive-pools.txt,2026-05-19T23:10:03+00:00
3f795319d8e528a5c88641130860b4fbb0979d15289ff9d13efbf4f0,pool18au4xxwcu552tjyxgyfssc95lwcf08g49z0ln5f7l060qh8r3wv,Inactive,https://raw.githubusercontent.com/input-output-hk/spo-incentives/main/report-november-2025/scripts/inactive-pools.txt,2026-05-19T23:10:03+00:00
3e14044e8965189bc1809326a7c8b58825dca20f693e80c37b7095f3,pool18c2qgn5fv5vfhsvqjvn20j943qjaegs0dylgpsmmwz2lx03n76k,Inactive,https://raw.githubusercontent.com/input-output-hk/spo-incentives/main/report-november-2025/scripts/inactive-pools.txt,2026-05-19T23:10:03+00:00
3e07e82cee6751ff85005449e7cf13ccb86537661c1b8ad2e4efedaf,pool18cr7st8wvagllpgq23y70ncnejux2dmxrsdc45hyalk67e63jg6,Inactive,https://raw.githubusercontent.com/input-output-hk/spo-incentives/main/report-november-2025/scripts/inactive-pools.txt,2026-05-19T23:10:03+00:00
3e0da05e5924c706f82cc0d9ecc49aa5a041239dc85555785cde0eb5,pool18cx6qhjeynrsd7pvcrv7e3y65ksyzguaep2427zumc8t2qzxvsk,Inactive,https://raw.githubusercontent.com/input-output-hk/spo-incentives/main/report-november-2025/scripts/inactive-pools.txt,2026-05-19T23:10:03+00:00
3b40156bab70f436f85a870d2da38021c44dd3b15a16ccf3a20424e2,pool18dqp26atwr6rd7z6suxjmguqy8zym5a3tgtveuazqsjwyeafrz6,Inactive,https://raw.githubusercontent.com/input-output-hk/spo-incentives/main/report-november-2025/scripts/inactive-pools.txt,2026-05-19T23:10:03+00:00
3e6a77126cb65994c1f8a1397f3e9cd2c247eea64fd147eac178f4c4,pool18e48wynvkevefs0c5yuh705u6tpy0m4xflg506kp0r6vga9gkmr,Inactive,https://raw.githubusercontent.com/input-output-hk/spo-incentives/main/report-november-2025/scripts/inactive-pools.txt,2026-05-19T23:10:03+00:00
3e71cb8fd420f425973e7fa17b4a8e2875aac0809d96746f7fb11a85,pool18ecuhr75yr6zt9e707shkj5w9p664syqnkt8gmmlkydg27z39xt,Inactive,https://raw.githubusercontent.com/input-output-hk/spo-incentives/main/report-november-2025/scripts/inactive-pools.txt,2026-05-19T23:10:03+00:00
3a6ada5a5a9c726f33e5e35d1060498f4997831ce41087aecd976900,pool18f4d5kj6n3ex7vl9udw3qczf3aye0qcuusgg0tkdja5sqm3604s,Inactive,https://raw.githubusercontent.com/input-output-hk/spo-incentives/main/report-november-2025/scripts/inactive-pools.txt,2026-05-19T23:10:03+00:00
3a5d10204baf1e5ade67b24ea9ea44cd085d621ddc9e953db2e9d730,pool18fw3qgzt4u094hn8kf82n6jye5y96csamj0f20dja8tnq4ad0hy,Inactive,https://raw.githubusercontent.com/input-output-hk/spo-incentives/main/report-november-2025/scripts/inactive-pools.txt,2026-05-19T23:10:03+00:00
3a5d7fdc86d5d475291c94a5394d7355e04a7c6fc99984d15a5c5cdb,pool18fwhlhyx6h2822gujjjnjntn2hsy5lr0exvcf526t3wdkxhryj0,Inactive,https://raw.githubusercontent.com/input-output-hk/spo-incentives/main/report-november-2025/scripts/inactive-pools.txt,2026-05-19T23:10:03+00:00
3ded5ed80b9d96880566fff4aa7ed0e21c1c54717cc5240aa132f890,pool18hk4akqtnktgsptxll625lksugwpc4r30nzjgz4pxtufqgw5gdd,Inactive,https://raw.githubusercontent.com/input-output-hk/spo-incentives/main/report-november-2025/scripts/inactive-pools.txt,2026-05-19T23:10:03+00:00
3d99a96f6bb42b27116758589c2addb5f4eb610892f3724bc7258a3f,pool18kv6jmmtks4jwyt8tpvfc2kakh6wkcggjtehyj78yk9r7t2t2ex,Inactive,https://raw.githubusercontent.com/input-output-hk/spo-incentives/main/report-november-2025/scripts/inactive-pools.txt,2026-05-19T23:10:03+00:00
3ff143793bebc506bbf4d27a51b8bee9058ad9bccc7d09e06b68959f,pool18lc5x7fma0zsdwl56fa9rw97ayzc4kdue37sncrtdz2e7xfa8y6,Inactive,https://raw.githubusercontent.com/input-output-hk/spo-incentives/main/report-november-2025/scripts/inactive-pools.txt,2026-05-19T23:10:03+00:00
3ff07e18839f383c8fd71fbc605cf1c075af4ba2fa2f95032b609206,pool18lc8uxyrnuurer7hr77xqh83cp667jazlghe2qetvzfqvxjtdqc,Inactive,https://raw.githubusercontent.com/input-output-hk/spo-incentives/main/report-november-2025/scripts/inactive-pools.txt,2026-05-19T23:10:03+00:00
3fddf602b2390c81c38c2026bd901e71320fd1659df6b43f067f01dd,pool18lwlvq4j8yxgrsuvyqntmyq7wyeql5t9nhmtg0cx0uqa6n5hplm,Inactive,https://raw.githubusercontent.com/input-output-hk/spo-incentives/main/report-november-2025/scripts/inactive-pools.txt,2026-05-19T23:10:03+00:00
3eff1c9a83ed1d663dec319fb71fda828d97be87147db0898ad44fe5,pool18ml3ex5ra5wkv00vxx0mw876s2xe0058z37mpzv263872nasmv0,Inactive,https://raw.githubusercontent.com/input-output-hk/spo-incentives/main/report-november-2025/scripts/inactive-pools.txt,2026-05-19T23:10:03+00:00
3cfd6b15f6f82bc4d692d051c042c419b25c84684a072b8fd80b1a61,pool18n7kk90klq4uf45j6pguqskyrxe9eprgfgrjhr7cpvdxzus3zn8,Inactive,https://raw.githubusercontent.com/input-output-hk/spo-incentives/main/report-november-2025/scripts/inactive-pools.txt,2026-05-19T23:10:03+00:00
3cccaa9af6c65d911983921a1594285e8a1ca467a6ce0e9d2d936bbd,pool18nx24xhkcewezxvrjgdpt9pgt69pefr85m8qa8fdjd4m6p7egw9,Inactive,https://raw.githubusercontent.com/input-output-hk/spo-incentives/main/report-november-2025/scripts/inactive-pools.txt,2026-05-19T23:10:03+00:00
385c03ef0b9130b33de3fc759f0fdb7d75b446b1d53bb277fc73e74c,pool18pwq8mctjyctx00rl36e7r7m046mg34365amyaluw0n5cd7rv7w,Inactive,https://raw.githubusercontent.com/input-output-hk/spo-incentives/main/report-november-2025/scripts/inactive-pools.txt,2026-05-19T23:10:03+00:00
380aae10d12fa3c8817aaccc9387dc850e87588b1cdf88e5aae94b0a,pool18q92uyx3973u3qt64nxf8p7us58gwkytrn0c3ed2a99s5uc9usc,Inactive,https://raw.githubusercontent.com/input-output-hk/spo-incentives/main/report-november-2025/scripts/inactive-pools.txt,2026-05-19T23:10:03+00:00
383bbc1fcc9fd50934e73a62865610bd412738f4288acd6c7a5292c9,pool18qamc87vnl2sjd888f3gv4ssh4qjww859z9v6mr622fvjhemunh,Inactive,https://raw.githubusercontent.com/input-output-hk/spo-incentives/main/report-november-2025/scripts/inactive-pools.txt,2026-05-19T23:10:03+00:00
3803789872b360fb916920c7b7cdc6b28bcf3c11b88ed500541f1fce,pool18qph3xrjkds0hytfyrrm0nwxk29u70q3hz8d2qz5ru0uul04v4f,Inactive,https://raw.githubusercontent.com/input-output-hk/spo-incentives/main/report-november-2025/scripts/inactive-pools.txt,2026-05-19T23:10:03+00:00
3c0b09ff65b3b26515cb44a41b6dd899e514da23529a1866eb91010f,pool18s9snlm9kwex29wtgjjpkmwcn8j3fk3r22dpsehtjyqs754l70q,Inactive,https://raw.githubusercontent.com/input-output-hk/spo-incentives/main/report-november-2025/scripts/inactive-pools.txt,2026-05-19T23:10:03+00:00
3c2dedcde37e09c92571a2beeb091408bd9d79998860a80c837770d5,pool18sk7mn0r0cyujft352lwkzg5pz7e67ve3ps2sryrwacd2r5zhp6,Inactive,https://raw.githubusercontent.com/input-output-hk/spo-incentives/main/report-november-2025/scripts/inactive-pools.txt,2026-05-19T23:10:03+00:00
3c00ba81c11fd7a22d070f1400895a548acbfc5b5ba6a4b9970e262c,pool18sqt4qwprlt6ytg8pu2qpz262j9vhlzmtwn2fwvhpcnzc0u5ynw,Inactive,https://raw.githubusercontent.com/input-output-hk/spo-incentives/main/report-november-2025/scripts/inactive-pools.txt,2026-05-19T23:10:03+00:00
3adadf1c14620650115fe4fdb3c07b9f311bab68d3019d691914af54,pool18tdd78q5vgr9qy2lun7m8srmnuc3h2mg6vqe66gezjh4glujje3,Inactive,https://raw.githubusercontent.com/input-output-hk/spo-incentives/main/report-november-2025/scripts/inactive-pools.txt,2026-05-19T23:10:03+00:00
3af35e802fe6dba372640c1fbfa0ab15aadc4af17b91358387b2553f,pool18te4aqp0umd6xunyps0mlg9tzk4dcjh30wgntqu8kf2n7k3y88f,Inactive,https://raw.githubusercontent.com/input-output-hk/spo-incentives/main/report-november-2025/scripts/inactive-pools.txt,2026-05-19T23:10:03+00:00
3b343fe1147ebabfdad721e0d42e7ba652294a50bd8bd311813a7b1a,pool18v6rlcg506atlkkhy8sdgtnm5efzjjjshk9axyvp8fa35txspr8,Inactive,https://raw.githubusercontent.com/input-output-hk/spo-incentives/main/report-november-2025/scripts/inactive-pools.txt,2026-05-19T23:10:03+00:00
3b09246a5f22d5223bb9f4da263d3e35870c98c825f9330fe8dc45db,pool18vyjg6jlyt2jywae7ndzv0f7xkrsexxgyhunxrlgm3zaku0327k,Inactive,https://raw.githubusercontent.com/input-output-hk/spo-incentives/main/report-november-2025/scripts/inactive-pools.txt,2026-05-19T23:10:03+00:00
3baad1072772ec6516184faa0dc2e34d0e647b4fde0dca07d07f446e,pool18w4dzpe8wtkx29scf74qmshrf58xg760mcxu5p7s0azxufwwgec,Inactive,https://raw.githubusercontent.com/input-output-hk/spo-incentives/main/report-november-2025/scripts/inactive-pools.txt,2026-05-19T23:10:03+00:00
399c37889049086833ba82fbeeff226d6b387693ec32edc8ceca0b04,pool18xwr0zysfyyxsva6sta7alezd44nsa5nasewmjxweg9sgqntlxn,Inactive,https://raw.githubusercontent.com/input-output-hk/spo-incentives/main/report-november-2025/scripts/inactive-pools.txt,2026-05-19T23:10:03+00:00
391f4d41f9c5ed8ad5ae9cdafbbbb3d8ff3ce0ccb7f8e9c625e5af37,pool18y056s0echkc44dwnnd0hwanmrlnecxvkluwn339ukhnwnaz5v6,Inactive,https://raw.githubusercontent.com/input-output-hk/spo-incentives/main/report-november-2025/scripts/inactive-pools.txt,2026-05-19T23:10:03+00:00
39161b537e4f275a48b2e7cc0799fa6e1c2da5bd6c237ed07b0c4000,pool18ytpk5m7fun45j9julxq0x06dcwzmfdads3ha5rmp3qqqd5lreq,Inactive,https://raw.githubusercontent.com/input-output-hk/spo-incentives/main/report-november-2025/scripts/inactive-pools.txt,2026-05-19T23:10:03+00:00
2beaa09cc4c978dfa0c834f538d0f733f8fdcb99461c130fadb4581b,pool19042p8xye9udlgxgxn6n358hx0u0mjuegcwpxradk3vpkqgf54t,Inactive,https://raw.githubusercontent.com/input-output-hk/spo-incentives/main/report-november-2025/scripts/inactive-pools.txt,2026-05-19T23:10:03+00:00
2bd36c9cb7900846430f84ef310d088ba52c5d2f27a7e2cbfdfbc9c9,pool190fke89hjqyyvsc0snhnzrgg3wjjchf0y7n79jlal0yuj8060xt,Inactive,https://raw.githubusercontent.com/input-output-hk/spo-incentives/main/report-november-2025/scripts/inactive-pools.txt,2026-05-19T23:10:03+00:00
2bd08fe7aa13127662f5aca7b0d85f9104cb4787aa03d957f5205d85,pool190gglea2zvf8vch44jnmpkzljyzvk3u84gpaj4l4ypwc2lpf27m,Inactive,https://raw.githubusercontent.com/input-output-hk/spo-incentives/main/report-november-2025/scripts/inactive-pools.txt,2026-05-19T23:10:03+00:00
2bd8653d350ad858f0f9de8a1ffaa4d5b867ed1fd582276c1a330c70,pool190vx20f4ptv93u8em69pl74y6kux0mgl6kpzwmq6xvx8qvza429,Inactive,https://raw.githubusercontent.com/input-output-hk/spo-incentives/main/report-november-2025/scripts/inactive-pools.txt,2026-05-19T23:10:03+00:00
2a999d0685a1dbddfae38e754d6380a6398151130a7a2f8065b0705d,pool192ve6p5958dam7hr3e656cuq5cucz5gnpfazlqr9kpc962gj07z,Inactive,https://raw.githubusercontent.com/input-output-hk/spo-incentives/main/report-november-2025/scripts/inactive-pools.txt,2026-05-19T23:10:03+00:00
2c70dbb43dcb719678da00611c861e85617530f6d30a41d578573fc9,pool193cdhdpaedcev7x6qps3eps7s4sh2v8k6v9yr4tc2ulujq4982d,Inactive,https://raw.githubusercontent.com/input-output-hk/spo-incentives/main/report-november-2025/scripts/inactive-pools.txt,2026-05-19T23:10:03+00:00
2c73900f65624d4279bee7bdad0a16c0df083c332048784e2fdffa35,pool193eeqrm9vfx5y7d7u7766zskcr0ss0pnypy8sn30mlar29s49zv,Inactive,https://raw.githubusercontent.com/input-output-hk/spo-incentives/main/report-november-2025/scripts/inactive-pools.txt,2026-05-19T23:10:03+00:00
2c601057bd42c0bb80d370bab54e91e2256218edaa9c0e69db3ff169,pool193spq4aagtqthqxnwzat2n53ugjkyx8d42wqu6wm8lckj056y0t,Inactive,https://raw.githubusercontent.com/input-output-hk/spo-incentives/main/report-november-2025/scripts/inactive-pools.txt,2026-05-19T23:10:03+00:00
2d69d779fa2f0292982bd7196c2c723f1d2e44072a75ece905ded523,pool1945aw7069upf9xpt6uvkctrj8uwju3q89f67e6g9mm2jx3xcy59,Inactive,https://raw.githubusercontent.com/input-output-hk/spo-incentives/main/report-november-2025/scripts/inactive-pools.txt,2026-05-19T23:10:03+00:00
2d46dcf9ff9c06de68aa96ae21aeeab75e7fa9754177279be75913be,pool194rde70lnsrdu692j6hzrth2ka08l2t4g9mj0xl8tyfmuny7faj,Inactive,https://raw.githubusercontent.com/input-output-hk/spo-incentives/main/report-november-2025/scripts/inactive-pools.txt,2026-05-19T23:10:03+00:00
2d4d1819f4bf71a4dc91f77dcda654a73bdc540951201a27ea4100a3,pool194x3sx05hac6fhy37a7umfj55uaac4qf2ysp5fl2gyq2x7n4n98,Inactive,https://raw.githubusercontent.com/input-output-hk/spo-incentives/main/report-november-2025/scripts/inactive-pools.txt,2026-05-19T23:10:03+00:00
2eb2747b2ce1127ac85540f49a9bb8e377c09a11eb62a8d8662e6a68,pool196e8g7evuyf84jz4gr6f4xacudmupxs3ad323krx9e4xse6cf8y,Inactive,https://raw.githubusercontent.com/input-output-hk/spo-incentives/main/report-november-2025/scripts/inactive-pools.txt,2026-05-19T23:10:03+00:00
2e9222a1be9be539a86e0e00069125950119f74075ee47db5229206a,pool196fz9gd7n0jnn2rwpcqqdyf9j5q3na6qwhhy0k6j9ysx5f3u7r4,Inactive,https://raw.githubusercontent.com/input-output-hk/spo-incentives/main/report-november-2025/scripts/inactive-pools.txt,2026-05-19T23:10:03+00:00
2e97cffba6fade010190f0cd547d2db0612fc2fa3adb6ff887f023c1,pool196tul7axlt0qzqvs7rx4glfdkpsjlsh68tdkl7y87q3uztcvd5k,Inactive,https://raw.githubusercontent.com/input-output-hk/spo-incentives/main/report-november-2025/scripts/inactive-pools.txt,2026-05-19T23:10:03+00:00
2f87930fa6d8ad4db23aba88921c35fb8c2f80999cad478de03b7171,pool197rexraxmzk5mv36h2yfy8p4lwxzlqyenjk50r0q8dchz4gp26j,Inactive,https://raw.githubusercontent.com/input-output-hk/spo-incentives/main/report-november-2025/scripts/inactive-pools.txt,2026-05-19T23:10:03+00:00
29dd2d4f164adeaa2d965dda1eedda319cd4afb85ba354f51a7b5463,pool198wj6nckft025tvkthdpamw6xxwdftactw34fag60d2xxa2qz7y,Inactive,https://raw.githubusercontent.com/input-output-hk/spo-incentives/main/report-november-2025/scripts/inactive-pools.txt,2026-05-19T23:10:03+00:00
2e225bf30350743ed59ac500e02ea24635c462fcf6215277fe9b72b8,pool19c39hucr2p6ra4v6c5qwqt4zgc6ugchu7cs4yal7ndetsnrmzju,Inactive,https://raw.githubusercontent.com/input-output-hk/spo-incentives/main/report-november-2025/scripts/inactive-pools.txt,2026-05-19T23:10:03+00:00
2e31c6973d7351710107aaa883f02603a051eaa98d131c3191604cdc,pool19ccud9eawdghzqg8425g8upxqws9r64f35f3cvv3vpxdcl879cn,Inactive,https://raw.githubusercontent.com/input-output-hk/spo-incentives/main/report-november-2025/scripts/inactive-pools.txt,2026-05-19T23:10:03+00:00
2e13b2163dc0e4a2abeebf6cfff4c3face79b7bc87e29bb500387163,pool19cfmy93acrj292lwhak0laxrlt88ndausl3fhdgq8pckxnxc6le,Inactive,https://raw.githubusercontent.com/input-output-hk/spo-incentives/main/report-november-2025/scripts/inactive-pools.txt,2026-05-19T23:10:03+00:00
2e3e81bc86940e106ff0da45cd5d14df0947414316697fe6087b3cb6,pool19clgr0yxjs8pqmlsmfzu6hg5muy5ws2rze5hlesg0v7tvyhcgxh,Inactive,https://raw.githubusercontent.com/input-output-hk/spo-incentives/main/report-november-2025/scripts/inactive-pools.txt,2026-05-19T23:10:03+00:00
2b69d986ba5d84c49cdb06cc35e5a3d7d8ea5213b6a824e42a80e0d5,pool19d5anp46tkzvf8xmqmxrtedr6lvw55snk65zfep2srsd2qe2wcc,Inactive,https://raw.githubusercontent.com/input-output-hk/spo-incentives/main/report-november-2025/scripts/inactive-pools.txt,2026-05-19T23:10:03+00:00
2b67566ed4e93ab6ca170cc8c3134eaa7297893fa1e90487f0d7d4e6,pool19dn4vmk5ayatdjshpnyvxy6w4fef0zfl585sfpls6l2wvn0xxjn,Inactive,https://raw.githubusercontent.com/input-output-hk/spo-incentives/main/report-november-2025/scripts/inactive-pools.txt,2026-05-19T23:10:03+00:00
2a75eaa83fd90ceabaab15f2e7be20d7b0953bd8d698a3ed76d27c93,pool19f6742plmyxw4w4tzhew003q67cf2w7c66v28mtk6f7fxf80ak7,Inactive,https://raw.githubusercontent.com/input-output-hk/spo-incentives/main/report-november-2025/scripts/inactive-pools.txt,2026-05-19T23:10:03+00:00
2a20182092016edb6cb818c7e9bde99d03a571a1c724ea6e4c3eb8f3,pool19gspsgyjq9hdkm9crrr7n00fn5p62udpcujw5mjv86u0xua9yxr,Inactive,https://raw.githubusercontent.com/input-output-hk/spo-incentives/main/report-november-2025/scripts/inactive-pools.txt,2026-05-19T23:10:03+00:00
2a05c534817a0b97ce0c5a2354b6e35a067c52408fa70c77e0b5e378,pool19gzu2dyp0g9e0nsvtg34fdhrtgr8c5jq37nscalqkh3hsjmas69,Inactive,https://raw.githubusercontent.com/input-output-hk/spo-incentives/main/report-november-2025/scripts/inactive-pools.txt,2026-05-19T23:10:03+00:00
2dbe88a8d570dd73912d1f75ca281d8fb79666151e8e13764677fec1,pool19klg32x4wrwh8yfdra6u52qa37meves4r68pxajxwllvzazd37c,Inactive,https://raw.githubusercontent.com/input-output-hk/spo-incentives/main/report-november-2025/scripts/inactive-pools.txt,2026-05-19T23:10:03+00:00
2fd4c1782db3cb6a97f910ca2c6f15914e2c45f75f1ca1cc168e319c,pool19l2vz7pdk09k49lezr9zcmc4j98zc30htuw2rnqk3cceckuce96,Inactive,https://raw.githubusercontent.com/input-output-hk/spo-incentives/main/report-november-2025/scripts/inactive-pools.txt,2026-05-19T23:10:03+00:00
2ee2613287e136ef6968aaefa0512eb20a2b2f07efd8424071f71f52,pool19m3xzv58uymw76tg4th6q5fwkg9zktc8alvyysr37u04yw86axc,Inactive,https://raw.githubusercontent.com/input-output-hk/spo-incentives/main/report-november-2025/scripts/inactive-pools.txt,2026-05-19T23:10:03+00:00
2ef1a87059981acd82308263348995333b1723e788b5027378c34212,pool19mc6suzenqdvmq3ssf3nfzv4xva3wgl83z6syumccdppyar0vga,Inactive,https://raw.githubusercontent.com/input-output-hk/spo-incentives/main/report-november-2025/scripts/inactive-pools.txt,2026-05-19T23:10:03+00:00
2cefb325aa5ae0f39666f55483c9785126e82ed70aa85a91ee7074da,pool19nhmxfd2tts089nx742g8jtc2ynwstkhp2594y0wwp6d5we25f6,Inactive,https://raw.githubusercontent.com/input-output-hk/spo-incentives/main/report-november-2025/scripts/inactive-pools.txt,2026-05-19T23:10:03+00:00
283a7e6172a03f5cab8e87c23e76dad52977abe74db6e97fb301c130,pool19qa8uctj5ql4e2uwslpruak6655h02l8fkmwjlanq8qnqyap357,Inactive,https://raw.githubusercontent.com/input-output-hk/spo-incentives/main/report-november-2025/scripts/inactive-pools.txt,2026-05-19T23:10:03+00:00
2810909ded541910aba2d910901fc8f33b58472e6ebbde7fb0d64102,pool19qgfp80d2sv3p2azmygfq87g7va4s3ewd6aaulas6eqsyz4r2yl,Inactive,https://raw.githubusercontent.com/input-output-hk/spo-incentives/main/report-november-2025/scripts/inactive-pools.txt,2026-05-19T23:10:03+00:00
28e31e89ea8a27199c2a3469703df2534d83b1df9be7d98709e3307f,pool19r33az023gn3n8p2x35hq00j2dxc8vwln0nanpcfuvc8759cvkz,Inactive,https://raw.githubusercontent.com/input-output-hk/spo-incentives/main/report-november-2025/scripts/inactive-pools.txt,2026-05-19T23:10:03+00:00
28eb94ea6f359d10b04be39b5a936310ec4f907dfcd341f1b3c7af36,pool19r4ef6n0xkw3pvztuwd44ymrzrkylyralnf5rudnc7hnvvddyqz,Inactive,https://raw.githubusercontent.com/input-output-hk/spo-incentives/main/report-november-2025/scripts/inactive-pools.txt,2026-05-19T23:10:03+00:00
2c2deee18169a02cb697de2cb7bb6037e5dff46be67cdf36bdf02eee,pool19sk7acvpdxszed5hmckt0wmqxljalartue7d7d4a7qhwuw0n0ws,Inactive,https://raw.githubusercontent.com/input-output-hk/spo-incentives/main/report-november-2025/scripts/inactive-pools.txt,2026-05-19T23:10:03+00:00
2c08d16625e9db8c13f81032add67387c23c9166fca89e55ef980d64,pool19sydze39a8dccylczqe2m4nnslpreytxlj5fu400nqxkg8wvgx8,Inactive,https://raw.githubusercontent.com/input-output-hk/spo-incentives/main/report-november-2025/scripts/inactive-pools.txt,2026-05-19T23:10:03+00:00
2acf18f0920155dec9344f80d2ba32c4c80f1c35bc0cf4cf51ee6499,pool19t833uyjq92aajf5f7qd9w3jcnyq78p4hsx0fn63aejfjtyn99j,Inactive,https://raw.githubusercontent.com/input-output-hk/spo-incentives/main/report-november-2025/scripts/inactive-pools.txt,2026-05-19T23:10:03+00:00
2aec9f94ca6dacff0ab11b3bb4ad932728c5e13d5b430ea0e1b880c4,pool19tkfl9x2dkk07z43rvamftvnyu5vtcfatdpsag8phzqvgpdklqq,Inactive,https://raw.githubusercontent.com/input-output-hk/spo-incentives/main/report-november-2025/scripts/inactive-pools.txt,2026-05-19T23:10:03+00:00
2f15f13a7bb0a28003662c3b7b92079818e15be76839edd7d5dbc509,pool19u2lzwnmkz3gqqmx9sahhys8nqvwzkl8dqu7m474m0zsj3acjfj,Inactive,https://raw.githubusercontent.com/input-output-hk/spo-incentives/main/report-november-2025/scripts/inactive-pools.txt,2026-05-19T23:10:03+00:00
2f228fca2b2e1f3810481b7426de727e5b46db5e76d914c353c3fcf5,pool19u3glj3t9c0nsyzgrd6zdhnj0ed5dk67wmv3fs6nc0702xzh94y,Inactive,https://raw.githubusercontent.com/input-output-hk/spo-incentives/main/report-november-2025/scripts/inactive-pools.txt,2026-05-19T23:10:03+00:00
2f0329bb508aac448d87d4666e3ce4769246485e94435c445f2d3a32,pool19upjnw6s32kyfrv863nxu08yw6fyvjz7j3p4c3zl95arytp068x,Inactive,https://raw.githubusercontent.com/input-output-hk/spo-incentives/main/report-november-2025/scripts/inactive-pools.txt,2026-05-19T23:10:03+00:00
29b4f77575cf0f0bd5507d1773fea1d64a3dee78d215dd57f2acc3d4,pool19x60wat4eu8sh42s05th8l4p6e9rmmnc6g2a64lj4npag7zj5cx,Inactive,https://raw.githubusercontent.com/input-output-hk/spo-incentives/main/report-november-2025/scripts/inactive-pools.txt,2026-05-19T23:10:03+00:00
29ae2ec53e9933a9503a82e13b059d6e6425cc0cc59e8cc7eae10a86,pool19xhza3f7nye6j5p6stsnkpvadejztnqvck0ge3l2uy9gvsvy05f,Inactive,https://raw.githubusercontent.com/input-output-hk/spo-incentives/main/report-november-2025/scripts/inactive-pools.txt,2026-05-19T23:10:03+00:00
299782c0854785818fa21d91586ba495ad72f493627ba4027d72dbde,pool19xtc9sy9g7zcrrazrkg4s6ayjkkh9aynvfa6gqnawtdauulqxck,Inactive,https://raw.githubusercontent.com/input-output-hk/spo-incentives/main/report-november-2025/scripts/inactive-pools.txt,2026-05-19T23:10:03+00:00
2913af26dd9df917800dc711543924f202221e570535ffa29cec511b,pool19yf67fkanhu30qqdcug4gwfy7gpzy8jhq56llg5ua3g3kufg3s5,Inactive,https://raw.githubusercontent.com/input-output-hk/spo-incentives/main/report-november-2025/scripts/inactive-pools.txt,2026-05-19T23:10:03+00:00
2905d62bf5a02a8c3bb48eee5477414d315a2fd402c1cd72091702af,pool19yzav2l45q4gcwa53mh9ga6pf5c45t75qtqu6usfzup27qk27j0,Inactive,https://raw.githubusercontent.com/input-output-hk/spo-incentives/main/report-november-2025/scripts/inactive-pools.txt,2026-05-19T23:10:03+00:00
288bdc78a8a9ed9b214645cd1ea65a00690b0cbd1d0af73efcbe0f33,pool19z9ac79g48kekg2xghx3afj6qp5skr9ar590w0huhc8nxn9s5j9,Inactive,https://raw.githubusercontent.com/input-output-hk/spo-incentives/main/report-november-2025/scripts/inactive-pools.txt,2026-05-19T23:10:03+00:00
ebddb5676ccd49acc5733fe77b1589bd8bcf391206c70a09309f8aa4,pool1a0wm2emve4y6e3tn8lnhk9vfhk9u7wgjqmrs5zfsn792gjtquu3,Inactive,https://raw.githubusercontent.com/input-output-hk/spo-incentives/main/report-november-2025/scripts/inactive-pools.txt,2026-05-19T23:10:03+00:00
eab489cd789465467a68a14a09e27ee73ac54034d3ccefd9818841f9,pool1a26gnntcj3j5v7ng599qncn7uuav2sp560xwlkvp3pqlj822jtl,Inactive,https://raw.githubusercontent.com/input-output-hk/spo-incentives/main/report-november-2025/scripts/inactive-pools.txt,2026-05-19T23:10:03+00:00
ed5e009bf003a56af4a4b6a3a6e3aef92adc0dbafab4b45e46f8e3ec,pool1a40qpxlsqwjk4a9yk636dcawly4dcrd6l26tghjxlr37cmlrwv4,Inactive,https://raw.githubusercontent.com/input-output-hk/spo-incentives/main/report-november-2025/scripts/inactive-pools.txt,2026-05-19T23:10:03+00:00
ed6b2d4bb0ac257bc4182e8671eef06c8d2e4d7c11871ad5f213a52c,pool1a44j6jas4sjhh3qc96r8rmhsdjxjuntuzxr3440jzwjjcysl9ca,Inactive,https://raw.githubusercontent.com/input-output-hk/spo-incentives/main/report-november-2025/scripts/inactive-pools.txt,2026-05-19T23:10:03+00:00
ef96dfb2a3cbd328bcb2434c7498722520228dc5ae24a6a47672b9e0,pool1a7tdlv4re0fj309jgdx8fxrjy5sz9rw94cj2dfrkw2u7qmwnhm3,Inactive,https://raw.githubusercontent.com/input-output-hk/spo-incentives/main/report-november-2025/scripts/inactive-pools.txt,2026-05-19T23:10:03+00:00
e9caf54e90a08f8466e1b8a47e49ccd393e693131b4d5cd9222e1db7,pool1a8902n5s5z8cgehphzj8ujwv6wf7dycnrdx4ekfz9cwmwj2fenu,Inactive,https://raw.githubusercontent.com/input-output-hk/spo-incentives/main/report-november-2025/scripts/inactive-pools.txt,2026-05-19T23:10:03+00:00
e962d87ebaa9381b7d225bf3d60d86040a95b5a6ae6f78af3d914d5f,pool1a93dsl464yupklfzt0eavrvxqs9ftddx4ehh3teaj9x47kt273f,Inactive,https://raw.githubusercontent.com/input-output-hk/spo-incentives/main/report-november-2025/scripts/inactive-pools.txt,2026-05-19T23:10:03+00:00
e953b17cfb383e7b5a903e1064be64ae1fa62a95797de40614dcb937,pool1a9fmzl8m8ql8kk5s8cgxf0ny4c06v2540977gps5mjunwvk5zc0,Inactive,https://raw.githubusercontent.com/input-output-hk/spo-incentives/main/report-november-2025/scripts/inactive-pools.txt,2026-05-19T23:10:03+00:00
e96456ada10b1202d5c7ace142a6630ac51c495bb383bb729eca889a,pool1a9j9dtdppvfq94w84ns59fnrptz3cj2mkwpmku57e2yf5k6a4ae,Inactive,https://raw.githubusercontent.com/input-output-hk/spo-incentives/main/report-november-2025/scripts/inactive-pools.txt,2026-05-19T23:10:03+00:00
ef7b51d8b9359f0c2257f7555f06b76a2dc01cfeb778764d25c68c0c,pool1aaa4rk9exk0scgjh7a247p4hdgkuq887kau8vnf9c6xqcjwca7e,Inactive,https://raw.githubusercontent.com/input-output-hk/spo-incentives/main/report-november-2025/scripts/inactive-pools.txt,2026-05-19T23:10:03+00:00
ef603340ac08cbe1cbe003821a2272e15612b50b86c0066e043dc64e,pool1aasrxs9vpr97rjlqqwpp5gnju9tp9dgtsmqqvmsy8hryuuepvra,Inactive,https://raw.githubusercontent.com/input-output-hk/spo-incentives/main/report-november-2025/scripts/inactive-pools.txt,2026-05-19T23:10:03+00:00
ee05f8313fa3ccb227894d5968b5ec55ca3f1ee3568a4c19c833dedc,pool1aczlsvfl50xtyfuff4vk3d0v2h9r78hr269ycxwgx00dcng4u9d,Inactive,https://raw.githubusercontent.com/input-output-hk/spo-incentives/main/report-november-2025/scripts/inactive-pools.txt,2026-05-19T23:10:03+00:00
ea595c6f726db925b6832af51795fd8a46e700874c735d204f7c5841,pool1afv4cmmjdkujtd5r9t63090a3frwwqy8f3e46gz003vyzjcj63r,Inactive,https://raw.githubusercontent.com/input-output-hk/spo-incentives/main/report-november-2025/scripts/inactive-pools.txt,2026-05-19T23:10:03+00:00
ea35dca8b71e257c4ba00d35775dd22a33014b237007690b469b7780,pool1ag6ae29hrcjhcjaqp56hwhwj9geszjerwqrkjz6xndmcq3u9k80,Inactive,https://raw.githubusercontent.com/input-output-hk/spo-incentives/main/report-november-2025/scripts/inactive-pools.txt,2026-05-19T23:10:03+00:00
ea3afe1f7e1802d6581df012338ee476480fa23232e30b241ad3d8dc,pool1aga0u8m7rqpdvkqa7qfr8rhyweyqlg3jxt3skfq660vdczwzyca,Inactive,https://raw.githubusercontent.com/input-output-hk/spo-incentives/main/report-november-2025/scripts/inactive-pools.txt,2026-05-19T23:10:03+00:00
ede926576303c5e455dcbca53c2ab64b819b3b1d0bdc0dc074f2ee94,pool1ah5jv4mrq0z7g4wuhjjnc24kfwqekwcap0wqmsr57thfg8mpr4n,Inactive,https://raw.githubusercontent.com/input-output-hk/spo-incentives/main/report-november-2025/scripts/inactive-pools.txt,2026-05-19T23:10:03+00:00
ecb45f2dc8b52cbf635692ec17664005ff26263714370eee0e112aa6,pool1aj697twgk5kt7c6kjtkpwejqqhljvf3hzsmsamswzy42v24cw5h,Inactive,https://raw.githubusercontent.com/input-output-hk/spo-incentives/main/report-november-2025/scripts/inactive-pools.txt,2026-05-19T23:10:03+00:00
eca423c446d29f3f24837a189e89f67f1b8d19e51b67600d1d370a07,pool1ajjz83zx620n7fyr0gvfaz0k0udc6x09rdnkqrgaxu9qwcz97qe,Inactive,https://raw.githubusercontent.com/input-output-hk/spo-incentives/main/report-november-2025/scripts/inactive-pools.txt,2026-05-19T23:10:03+00:00
ec826010110c7b8123a6e635afb96815c7d08b9a6f2c57b44f70a8b7,pool1ajpxqyq3p3aczgaxuc66lwtgzhrapzu6duk90dz0wz5twh9jzyw,Inactive,https://raw.githubusercontent.com/input-output-hk/spo-incentives/main/report-november-2025/scripts/inactive-pools.txt,2026-05-19T23:10:03+00:00
ec87f8c6822ab8d26a8837d101b177497304da01d6d444c49e0627e9,pool1ajrl335z92udy65gxlgsrvthf9esfksp6m2yf3y7qcn7jqp0zsc,Inactive,https://raw.githubusercontent.com/input-output-hk/spo-incentives/main/report-november-2025/scripts/inactive-pools.txt,2026-05-19T23:10:03+00:00
ec89acc3e82cb9ed8402ff739b89eaefd164c3c9b441026fcee4fd68,pool1ajy6eslg9ju7mpqzlaeehz02algkfs7fk3qsym7wun7ks6z06tu,Inactive,https://raw.githubusercontent.com/input-output-hk/spo-incentives/main/report-november-2025/scripts/inactive-pools.txt,2026-05-19T23:10:03+00:00
eda065a0028e98b64d3118d03108a030d926542ae58186919406b50a,pool1aksxtgqz36vtvnf3rrgrzz9qxrvjv4p2ukqcdyv5q66s5eqhql9,Inactive,https://raw.githubusercontent.com/input-output-hk/spo-incentives/main/report-november-2025/scripts/inactive-pools.txt,2026-05-19T23:10:03+00:00
efe8c47b005a614d810da708433ca22dd903027756be3aa96553c940,pool1al5vg7cqtfs5mqgd5uyyx09z9hvsxqnh26lr42t920y5qnvq7aq,Inactive,https://raw.githubusercontent.com/input-output-hk/spo-incentives/main/report-november-2025/scripts/inactive-pools.txt,2026-05-19T23:10:03+00:00
eff96bfccda465d5be2c42e97ab4c6013bd08b29bd8a41feafcd4713,pool1alukhlxd53jat03vgt5h4dxxqyaapzefhk9yrl40e4r3x5cr5au,Inactive,https://raw.githubusercontent.com/input-output-hk/spo-incentives/main/report-november-2025/scripts/inactive-pools.txt,2026-05-19T23:10:03+00:00
eef456d249122590baf0c8c8ea164ffc0337e1f17fa177458ac3120f,pool1am69d5jfzgjepwhseryw59j0lspn0c0307shw3v2cvfq77gvnrh,Inactive,https://raw.githubusercontent.com/input-output-hk/spo-incentives/main/report-november-2025/scripts/inactive-pools.txt,2026-05-19T23:10:03+00:00
e85fb379236f15bbdb4938c310c09a759a75d34f6a2efc3a7f319307,pool1ap0mx7frdu2mhk6f8rp3psy6wkd8t560dgh0cwnlxxfswtqjg9v,Inactive,https://raw.githubusercontent.com/input-output-hk/spo-incentives/main/report-november-2025/scripts/inactive-pools.txt,2026-05-19T23:10:03+00:00
e86b651e49f9b04cdb7078e418947ce11a363879b2b1d56bce3edc46,pool1ap4k28jflxcyekms0rjp39ruuydrvwrek2ca267w8mwyvknpx87,Inactive,https://raw.githubusercontent.com/input-output-hk/spo-incentives/main/report-november-2025/scripts/inactive-pools.txt,2026-05-19T23:10:03+00:00
e8749968dffdff889b9c07b8c13f2d53a4e83ce9f5f4779b08057c0b,pool1ap6fj6xllhlc3xuuq7uvz0ed2wjws08f7h680xcgq47qk2pvnme,Inactive,https://raw.githubusercontent.com/input-output-hk/spo-incentives/main/report-november-2025/scripts/inactive-pools.txt,2026-05-19T23:10:03+00:00
e8570a6bd4d953a5d835cb552cf234e897eebee66c5a408a4c70d573,pool1apts5675m9f6tkp4ed2jeu35azt7a0hxd3dypzjvwr2hxu6lg9a,Inactive,https://raw.githubusercontent.com/input-output-hk/spo-incentives/main/report-november-2025/scripts/inactive-pools.txt,2026-05-19T23:10:03+00:00
e83506c6c38e272b14b45a577b912f8717788f74afac1d0591a0bce4,pool1aq6sd3kr3cnjk995tfthhyf0suth3rm547kp6pv35z7wgqu6twn,Inactive,https://raw.githubusercontent.com/input-output-hk/spo-incentives/main/report-november-2025/scripts/inactive-pools.txt,2026-05-19T23:10:03+00:00
e821f84fae1694a0b4f1d79688715d5a771fa2c5361aea0ef1c68681,pool1aqslsnawz622pd8367tgsu2atfm3lgk9xcdw5rh3c6rgzca33yq,Inactive,https://raw.githubusercontent.com/input-output-hk/spo-incentives/main/report-november-2025/scripts/inactive-pools.txt,2026-05-19T23:10:03+00:00
ec174b4a4516465805ea4d1d5acc8086295a1cbf523e40d1378223d7,pool1ast5kjj9zer9sp02f5w44nyqsc54589l2glyp5fhsg3awqs5axk,Inactive,https://raw.githubusercontent.com/input-output-hk/spo-incentives/main/report-november-2025/scripts/inactive-pools.txt,2026-05-19T23:10:03+00:00
ef36ad98ed852950a775a67ea74e3f1fbf0986ff420c2bda20f87f4d,pool1aum2mx8ds554pfm45el2wn3lr7lsnphlggxzhk3qlpl56qnffm2,Inactive,https://raw.githubusercontent.com/input-output-hk/spo-incentives/main/report-november-2025/scripts/inactive-pools.txt,2026-05-19T23:10:03+00:00
ef1c917668e7a05e751d0e2f7df707f4891b1fdd8b4d70aa2ceb56ea,pool1auwfzangu7s9uagapchhmac87jy3k87a3dxhp23vadtw5m5dswl,Inactive,https://raw.githubusercontent.com/input-output-hk/spo-incentives/main/report-november-2025/scripts/inactive-pools.txt,2026-05-19T23:10:03+00:00
eb3557e46ba597d6f7fdb0f14fd903494e75f1eb7ca87696e15b5fae,pool1av640ert5ktadalakrc5lkgrf988tu0t0j58d9hptd06u57qlms,Inactive,https://raw.githubusercontent.com/input-output-hk/spo-incentives/main/report-november-2025/scripts/inactive-pools.txt,2026-05-19T23:10:03+00:00
eb078a3e9c17db155e43f1c261f4f25eccc774cd5acc0508d0967a37,pool1avrc505uzld32hjr78pxra8jtmxvwaxdttxq2zxsjearwsy0quc,Inactive,https://raw.githubusercontent.com/input-output-hk/spo-incentives/main/report-november-2025/scripts/inactive-pools.txt,2026-05-19T23:10:03+00:00
e9b53e437809ee7efe00df32061b95d5e3e4ed8920d44d38bfd54fac,pool1ax6nusmcp8h8alsqmueqvxu46h37fmvfyr2y6w9l6486cy2rq06,Inactive,https://raw.githubusercontent.com/input-output-hk/spo-incentives/main/report-november-2025/scripts/inactive-pools.txt,2026-05-19T23:10:03+00:00
e9bc3fae9ab21219bc905f1d6a4bae95e83d012ed1aeee9f16e8335f,pool1ax7rlt56kgfpn0ystuwk5jawjh5r6qfw6xhwa8ckaqe47va4y39,Inactive,https://raw.githubusercontent.com/input-output-hk/spo-incentives/main/report-november-2025/scripts/inactive-pools.txt,2026-05-19T23:10:03+00:00
e9b39695c0d919b3ad686d83d11a8d1bf3ac8afcc4c5d1879d7882d4,pool1axeed9wqmyvm8ttgdkpazx5dr0e6ezhucnzarpua0zpdg8ycqwl,Inactive,https://raw.githubusercontent.com/input-output-hk/spo-incentives/main/report-november-2025/scripts/inactive-pools.txt,2026-05-19T23:10:03+00:00
e990bee7458359e5cc03e4733937f37dd292dbd33f5dfb94c6100aac,pool1axgtae69sdv7tnqru3enjdln0hff9k7n8awlh9xxzq92cdgmq53,Inactive,https://raw.githubusercontent.com/input-output-hk/spo-incentives/main/report-november-2025/scripts/inactive-pools.txt,2026-05-19T23:10:03+00:00
e8a73e30e333fd9d3641be411b5df41f84edbc5af2b87634eb1c4868,pool1aznnuv8rx07e6djpheq3kh05r7zwm0z672u8vd8tr3yxsnegkp4,Inactive,https://raw.githubusercontent.com/input-output-hk/spo-incentives/main/report-november-2025/scripts/inactive-pools.txt,2026-05-19T23:10:03+00:00
e89dd8ef1913f63f514f90a7f7dbbb1c5cde4e8440a1872e5cfdda4a,pool1azwa3mcez0mr7520jznl0kamr3wdun5ygzscwtjulhdy5s58vvu,Inactive,https://raw.githubusercontent.com/input-output-hk/spo-incentives/main/report-november-2025/scripts/inactive-pools.txt,2026-05-19T23:10:03+00:00
c3c27acc9633f75202050d99f475178cff31cfde6d059696cc2d97f9,pool1c0p84nykx0m4yqs9pkvlgagh3nlnrn77d5zed9kv9ktljh2cjcy,Inactive,https://raw.githubusercontent.com/input-output-hk/spo-incentives/main/report-november-2025/scripts/inactive-pools.txt,2026-05-19T23:10:03+00:00
c3c0b2c48d0c9b36f51461530d8a4c7df67f66f05827a5ad831e9e37,pool1c0qt93ydpjdndag5v9fsmzjv0hm87ehstqn6ttvrr60rw9d6uaq,Inactive,https://raw.githubusercontent.com/input-output-hk/spo-incentives/main/report-november-2025/scripts/inactive-pools.txt,2026-05-19T23:10:03+00:00
c3d6f30be1e7a7708cd79ff219f439b57ceeb9d1dd2b9b691de26619,pool1c0t0xzlpu7nhprxhnlepnapek47waww3m54ek6gaufnpjrl5j0m,Inactive,https://raw.githubusercontent.com/input-output-hk/spo-incentives/main/report-november-2025/scripts/inactive-pools.txt,2026-05-19T23:10:03+00:00
c2ae8af2e5317e9fc8d04d389085c8f28312511c2d050b6c2c6ec89f,pool1c2hg4uh9x9lfljxsf5ufppwg72p3y5gu95zskmpvdmyf70w6g6v,Inactive,https://raw.githubusercontent.com/input-output-hk/spo-incentives/main/report-november-2025/scripts/inactive-pools.txt,2026-05-19T23:10:03+00:00
c44a041de1e1e85d5f89a5afac6d3c304e411855b2418ae209178cdc,pool1c39qg80pu8596huf5kh6cmfuxp8yzxz4kfqc4csfz7xdcwfwcnc,Inactive,https://raw.githubusercontent.com/input-output-hk/spo-incentives/main/report-november-2025/scripts/inactive-pools.txt,2026-05-19T23:10:03+00:00
c569c6b98ab36585de8964effb7e0252f8b71e01f957874d2ef6cf83,pool1c45udwv2kdjcth5fvnhlklsz2tutw8spl9tcwnfw7m8cxl8eanm,Inactive,https://raw.githubusercontent.com/input-output-hk/spo-incentives/main/report-november-2025/scripts/inactive-pools.txt,2026-05-19T23:10:03+00:00
c57544afa6f46ab119f61c753e357b9135a109c046f0bf59614a6bae,pool1c465ftax734tzx0kr36nudtmjy66zzwqgmct7ktpff46u8hrl0e,Inactive,https://raw.githubusercontent.com/input-output-hk/spo-incentives/main/report-november-2025/scripts/inactive-pools.txt,2026-05-19T23:10:03+00:00
c526b107dbdc468d90dc418bace704c4b81e1d91de005713e234910e,pool1c5ntzp7mm3rgmyxugx96eecycjupu8v3mcq9wylzxjgsujrj98j,Inactive,https://raw.githubusercontent.com/input-output-hk/spo-incentives/main/report-november-2025/scripts/inactive-pools.txt,2026-05-19T23:10:03+00:00
c6b22e6cc0e90c24bb38380f3155e20a6879c60352a70584c9505114,pool1c6ezumxqayxzfwec8q8nz40zpf58n3sr22nstpxf2pg3gggx0ce,Inactive,https://raw.githubusercontent.com/input-output-hk/spo-incentives/main/report-november-2025/scripts/inactive-pools.txt,2026-05-19T23:10:03+00:00
c1d1fbcbe987be0739e247917ec9644d15e10fb725a04eba62f7e87b,pool1c8glhjlfs7lqww0zg7ghajtyf527zrahyksyawnz7l58kx0utf7,Inactive,https://raw.githubusercontent.com/input-output-hk/spo-incentives/main/report-november-2025/scripts/inactive-pools.txt,2026-05-19T23:10:03+00:00
c74d52084287f9db4e65279cd35d90f8a038c2e41f43b93f0e553107,pool1cax4yzzzsluaknn9y7wdxhvslzsr3shyrapmj0cw25csw20wzc5,Inactive,https://raw.githubusercontent.com/input-output-hk/spo-incentives/main/report-november-2025/scripts/inactive-pools.txt,2026-05-19T23:10:03+00:00
c37dc293331bd9615cb697a77b9147265472ef97c3513b9182f0e22f,pool1cd7u9yenr0vkzh9kj7nhhy28ye289muhcdgnhyvz7r3z7jwcxl9,Inactive,https://raw.githubusercontent.com/input-output-hk/spo-incentives/main/report-november-2025/scripts/inactive-pools.txt,2026-05-19T23:10:03+00:00
c36cc3bfcf5b962b87229e2aa703e748f2acb6d8a9ddd5cf8950760c,pool1cdkv8070twtzhpeznc42wql8fre2edkc48watnuf2pmqcp93qjy,Inactive,https://raw.githubusercontent.com/input-output-hk/spo-incentives/main/report-november-2025/scripts/inactive-pools.txt,2026-05-19T23:10:03+00:00
c665d947352bc65cc927a56d10b9f6ea11fc0b9d0074546914908893,pool1cejaj3e490r9ejf854k3pw0kagglczuaqp69g6g5jzyfxjxgn4h,Inactive,https://raw.githubusercontent.com/input-output-hk/spo-incentives/main/report-november-2025/scripts/inactive-pools.txt,2026-05-19T23:10:03+00:00
c20af20c5096b763d64202f50447682a0c6d26af5dbc9b299ee1034c,pool1cg90yrzsj6mk84jzqt6sg3mg9gxx6f40tk7fk2v7uyp5cxw02wf,Inactive,https://raw.githubusercontent.com/input-output-hk/spo-incentives/main/report-november-2025/scripts/inactive-pools.txt,2026-05-19T23:10:03+00:00
c5dac06714fba06e65a36df0dc190a5168b00f192ff028ff83e5123e,pool1chdvqec5lwsxuedrdhcdcxg2295tqrce9lcz3luru5fruzjf3wr,Inactive,https://raw.githubusercontent.com/input-output-hk/spo-incentives/main/report-november-2025/scripts/inactive-pools.txt,2026-05-19T23:10:03+00:00
c5cd20560b90140d46803fd9160602e3e409acd78fd7f2fa146e6a31,pool1chxjq4stjq2q635q8lv3vpszu0jqntxh3ltl97s5de4rz0rkdn3,Inactive,https://raw.githubusercontent.com/input-output-hk/spo-incentives/main/report-november-2025/scripts/inactive-pools.txt,2026-05-19T23:10:03+00:00
c5cd39d11c183678f947ef532df97761c9fe95623d09992e0b0431aa,pool1chxnn5gurqm83728aafjm7thv8yla9tz85yejtstqsc658mrpm7,Inactive,https://raw.githubusercontent.com/input-output-hk/spo-incentives/main/report-november-2025/scripts/inactive-pools.txt,2026-05-19T23:10:03+00:00
c495cbbc9f0c147c0b1287e623d18a11127dfdaf7517c0063dd9ad59,pool1cj2uh0ylps28czcjslnz85v2zyf8mld0w5tuqp3amxk4jjwfkgd,Inactive,https://raw.githubusercontent.com/input-output-hk/spo-incentives/main/report-november-2025/scripts/inactive-pools.txt,2026-05-19T23:10:03+00:00
c4b52857b9a79e0022100d0033c45febfdea7234490c45d8f2555fc2,pool1cj6js4ae570qqgssp5qr83zla0775u35fyxytk8j240uy2aca2q,Inactive,https://raw.githubusercontent.com/input-output-hk/spo-incentives/main/report-november-2025/scripts/inactive-pools.txt,2026-05-19T23:10:03+00:00
c48ed34a5f24ca6dcbac194e45ed9f0b6ac720018eac038ffa9488bd,pool1cj8dxjjlyn9xmjavr98ytmvlpd4vwgqp36kq8rl6jjyt6k2adfh,Inactive,https://raw.githubusercontent.com/input-output-hk/spo-incentives/main/report-november-2025/scripts/inactive-pools.txt,2026-05-19T23:10:03+00:00
c4a4b16b33b63da2117f4a84d3ea686f34fcf9f4603ce016af9e39aa,pool1cjjtz6enkc76yytlf2zd86ngdu60e705vq7wq940ncu6506s6n2,Inactive,https://raw.githubusercontent.com/input-output-hk/spo-incentives/main/report-november-2025/scripts/inactive-pools.txt,2026-05-19T23:10:03+00:00
c485ab20bd3f105e59f3c50a0d3fbaf615a51f70a1c6d29d00a1fd27,pool1cjz6kg9a8ug9uk0nc59q60a67c2628ms58rd98gq587jwa2x5qt,Inactive,https://raw.githubusercontent.com/input-output-hk/spo-incentives/main/report-november-2025/scripts/inactive-pools.txt,2026-05-19T23:10:03+00:00
c7e29b935bcbe69a4a66edec52f86fa28bde6d65d7acea937fa307d0,pool1cl3fhy6me0nf5jnxahk997r0529aumt967kw4yml5vraq94mdk4,Inactive,https://raw.githubusercontent.com/input-output-hk/spo-incentives/main/report-november-2025/scripts/inactive-pools.txt,2026-05-19T23:10:03+00:00
c7e431518477a4156c2a8cd6523a6a73514e7fbbbf7eed363b9a22ad,pool1cljrz5vyw7jp2mp23nt9ywn2wdg5ulamhalw6d3mng326laxs77,Inactive,https://raw.githubusercontent.com/input-output-hk/spo-incentives/main/report-november-2025/scripts/inactive-pools.txt,2026-05-19T23:10:03+00:00
c7ecb8d6fc4c236aa1336a87f3a08517c426a0653c4e47d957727972,pool1clkt34hufs3k4gfnd2rl8gy9zlzzdgr9838y0k2hwfuhy0mh2t9,Inactive,https://raw.githubusercontent.com/input-output-hk/spo-incentives/main/report-november-2025/scripts/inactive-pools.txt,2026-05-19T23:10:03+00:00
c040269e3d31be035b24e778e86c80771b5966d29313b1bf617ec638,pool1cpqzd83axxlqxkeyuauwsmyqwud4jekjjvfmr0mp0mrrsnz3dng,Inactive,https://raw.githubusercontent.com/input-output-hk/spo-incentives/main/report-november-2025/scripts/inactive-pools.txt,2026-05-19T23:10:03+00:00
c0442d741f922c5f5a1e51cddf69c041756978b36e228ec0deb3663f,pool1cpzz6aqljgk97ks728xa76wqg96kj79ndc3gasx7kdnr74wrk70,Inactive,https://raw.githubusercontent.com/input-output-hk/spo-incentives/main/report-november-2025/scripts/inactive-pools.txt,2026-05-19T23:10:03+00:00
c2d2613900ed8dc96e65a352c08f1b7de2d58a57abcfd0d9f8cbbefc,pool1ctfxzwgqakxujmn95dfvprcm0h3dtzjh408apk0cewl0c4r6gg3,Inactive,https://raw.githubusercontent.com/input-output-hk/spo-incentives/main/report-november-2025/scripts/inactive-pools.txt,2026-05-19T23:10:03+00:00
c72f8755b7953de18847af8148392c1cd7792993d2ae326bf210748d,pool1cuhcw4dhj577rzz847q5swfvrnthj2vn62hry6ljzp6g6v3ag77,Inactive,https://raw.githubusercontent.com/input-output-hk/spo-incentives/main/report-november-2025/scripts/inactive-pools.txt,2026-05-19T23:10:03+00:00
c7389400ca7137deb39ce732e1e08eb4000fa8a5e2246c3a9749d1c3,pool1cuufgqx2wymaavuuuuewrcywksqql299ugjxcw5hf8gux3ed3lc,Inactive,https://raw.githubusercontent.com/input-output-hk/spo-incentives/main/report-november-2025/scripts/inactive-pools.txt,2026-05-19T23:10:03+00:00
c3376f2562f329c505a5ad72f333bf462eb322139dc64103604f5883,pool1cvmk7ftz7v5u2pd944e0xvalgchtxgsnnhryzqmqfavgxwgxmcy,Inactive,https://raw.githubusercontent.com/input-output-hk/spo-incentives/main/report-november-2025/scripts/inactive-pools.txt,2026-05-19T23:10:03+00:00
c3b0794f0729a6d783e4fd5612a38ae275235f0a37485301ae59cf0d,pool1cwc8jnc89xnd0qlyl4tp9gu2uf6jxhc2xay9xqdwt88s66a5yzx,Inactive,https://raw.githubusercontent.com/input-output-hk/spo-incentives/main/report-november-2025/scripts/inactive-pools.txt,2026-05-19T23:10:03+00:00
c18f395d8e8d5d9012dfed12289e685c5a3ab5ff5b1f018240e9f881,pool1cx8njhvw34weqykla5fz38ngt3dr4d0ltv0srqjqa8ugzap937l,Inactive,https://raw.githubusercontent.com/input-output-hk/spo-incentives/main/report-november-2025/scripts/inactive-pools.txt,2026-05-19T23:10:03+00:00
c19bcef7a00d8e88987425a083f069cef2631249aab2ccd87bda0bd5,pool1cxduaaaqpk8g3xr5yksg8urfemexxyjf42evekrmmg9a2f7gmn7,Inactive,https://raw.githubusercontent.com/input-output-hk/spo-incentives/main/report-november-2025/scripts/inactive-pools.txt,2026-05-19T23:10:03+00:00
c13debc5c24d045cf5e2d69c33ff981602ae55d8bded995a6d930836,pool1cy77h3wzf5z9ea0z66wr8luczcp2u4wchhkejkndjvyrvyvqauj,Inactive,https://raw.githubusercontent.com/input-output-hk/spo-incentives/main/report-november-2025/scripts/inactive-pools.txt,2026-05-19T23:10:03+00:00
c0be64c94d2615f5a9181dee6202e816022e9eb42487ab2b4aca9808,pool1czlxfj2dyc2lt2gcrhhxyqhgzcpza845yjr6k262e2vqsysrylu,Inactive,https://raw.githubusercontent.com/input-output-hk/spo-incentives/main/report-november-2025/scripts/inactive-pools.txt,2026-05-19T23:10:03+00:00
6be2a2ae3aee3dc6d8192da8eaa2b20cce618132bab9490c7badeada,pool1d0329t36ac7udkqe9k5w4g4jpn8xrqfjh2u5jrrm4h4d50wkz2c,Inactive,https://raw.githubusercontent.com/input-output-hk/spo-incentives/main/report-november-2025/scripts/inactive-pools.txt,2026-05-19T23:10:03+00:00
6beb0ed994e6d58390618ff659e278e051ff27c273fe2513828c8628,pool1d04sakv5um2c8yrp3lm9ncncupgl7f7zw0lz2yuz3jrzsxvf42n,Inactive,https://raw.githubusercontent.com/input-output-hk/spo-incentives/main/report-november-2025/scripts/inactive-pools.txt,2026-05-19T23:10:03+00:00
6bc59f7f4b3a25345355141246fb8ef427998612b95bdc75cd08ca85,pool1d0ze7l6t8gjng564zsfyd7uw7snenpsjh9dacawdpr9g27djq8f,Inactive,https://raw.githubusercontent.com/input-output-hk/spo-incentives/main/report-november-2025/scripts/inactive-pools.txt,2026-05-19T23:10:03+00:00
6aa8d7e1faefce8ca3fd1bbc46d660bea93740ea6f98fa906c56738f,pool1d25d0c06al8geglarw7yd4nqh65nws82d7v04yrv2eec7rwcjlk,Inactive,https://raw.githubusercontent.com/input-output-hk/spo-incentives/main/report-november-2025/scripts/inactive-pools.txt,2026-05-19T23:10:03+00:00
6ab1fd13a4e182f731ecf356ce3e145311f43cd512be2579ba3572e9,pool1d2cl6yayuxp0wv0v7dtvu0s52vglg0x4z2lz27d6x4ewj72nk2a,Inactive,https://raw.githubusercontent.com/input-output-hk/spo-incentives/main/report-november-2025/scripts/inactive-pools.txt,2026-05-19T23:10:03+00:00
6c6b50bb29f10374de53797c8246c8ced9f3fdb66f5a78e195567906,pool1d344pwef7yphfhjn097gy3kgemvl8ldkdad83cv42eusvj7kqsl,Inactive,https://raw.githubusercontent.com/input-output-hk/spo-incentives/main/report-november-2025/scripts/inactive-pools.txt,2026-05-19T23:10:03+00:00
6d627f43db80a56ca28e79821119ab1425eef6e903519ca555cec97f,pool1d4387s7mszjkeg5w0xppzxdtzsj7aahfqdgeef24emyh70mccmw,Inactive,https://raw.githubusercontent.com/input-output-hk/spo-incentives/main/report-november-2025/scripts/inactive-pools.txt,2026-05-19T23:10:03+00:00
6d57cb53f339cd4814d8c5abf488fcac18d61850bab9928e7b00cdbd,pool1d4tuk5ln88x5s9xcck4lfz8u4svdvxzsh2ue9rnmqrxm6a486uv,Inactive,https://raw.githubusercontent.com/input-output-hk/spo-incentives/main/report-november-2025/scripts/inactive-pools.txt,2026-05-19T23:10:03+00:00
6d043d8910b0050cd4f497834c7c8a515e62252352c802b4f3458443,pool1d5zrmzgskqzse485j7p5cly2290xyffr2tyq9d8ngkzyxjjxwtm,Inactive,https://raw.githubusercontent.com/input-output-hk/spo-incentives/main/report-november-2025/scripts/inactive-pools.txt,2026-05-19T23:10:03+00:00
6eb4e67d729fb471ed4473441cac467c6a2f33b31fc47d8c332f2071,pool1d66wvltjn768rm2ywdzpetzx034z7vanrlz8mrpn9us8zjcyjaf,Inactive,https://raw.githubusercontent.com/input-output-hk/spo-incentives/main/report-november-2025/scripts/inactive-pools.txt,2026-05-19T23:10:03+00:00
6eac71aaf7c0ae96250d69bca93e420d72754465fda600e7155f0d12,pool1d6k8r2hhczhfvfgddx72j0jzp4e823r9lknqpec4tux3ymlyeye,Inactive,https://raw.githubusercontent.com/input-output-hk/spo-incentives/main/report-november-2025/scripts/inactive-pools.txt,2026-05-19T23:10:03+00:00
6f5a2bc4fee4feee47d9b68b1b90bdf3aa51a95b1ec7f291e9926f70,pool1dadzh387unlwu37ek693hy9a7w49r22mrmrl9y0fjfhhqe4qtpe,Inactive,https://raw.githubusercontent.com/input-output-hk/spo-incentives/main/report-november-2025/scripts/inactive-pools.txt,2026-05-19T23:10:03+00:00
6b72593332d4c75201339fcd42366f8e84cf106f29c950a810f61935,pool1dde9jvej6nr4yqfnnlx5ydn036zv7yr098y4p2qs7cvn2l3kuj8,Inactive,https://raw.githubusercontent.com/input-output-hk/spo-incentives/main/report-november-2025/scripts/inactive-pools.txt,2026-05-19T23:10:03+00:00
6b6164af70861c5537cc9c8e50fdae35139ca2c8c6fbb42e8b7e6bfb,pool1ddskftmsscw92d7vnj89pldwx5feegkgcmamgt5t0e4lkd7mdp8,Inactive,https://raw.githubusercontent.com/input-output-hk/spo-incentives/main/report-november-2025/scripts/inactive-pools.txt,2026-05-19T23:10:03+00:00
6a0ef34a804a38ac7783819d6d7b1b8d730bbe3616f9a883872b1ac5,pool1dg80xj5qfgu2caursxwk67cm34esh03kzmu63qu89vdv2vk3x4u,Inactive,https://raw.githubusercontent.com/input-output-hk/spo-incentives/main/report-november-2025/scripts/inactive-pools.txt,2026-05-19T23:10:03+00:00
6a2eecc8015c24b496c70f60141477f9efcd98cf9dfd0b47d27f5bd5,pool1dghwejqptsjtf9k8paspg9rhl8humxx0nh7sk37j0ada2dr9mqh,Inactive,https://raw.githubusercontent.com/input-output-hk/spo-incentives/main/report-november-2025/scripts/inactive-pools.txt,2026-05-19T23:10:03+00:00
6dc4c39741755f8aadca8bab7570d420b75f0e85b9c1d05f872c2eeb,pool1dhzv896pw40c4tw23w4h2ux5yzm47r59h8qaqhu89shwkugqygj,Inactive,https://raw.githubusercontent.com/input-output-hk/spo-incentives/main/report-november-2025/scripts/inactive-pools.txt,2026-05-19T23:10:03+00:00
6ef9debddb00dce3575e0d4e9e1e24a3bce6d8c939be826f69c7a369,pool1dmuaa0wmqrwwx467p48fu83y5w7wdkxf8xlgymmfc73kjy3vxg7,Inactive,https://raw.githubusercontent.com/input-output-hk/spo-incentives/main/report-november-2025/scripts/inactive-pools.txt,2026-05-19T23:10:03+00:00
6ce0221601e7b75e1607902e5a6c9c0743c93b12e50b1c830247e9ab,pool1dnszy9spu7m4u9s8jqh95myuqapujwcju593eqczgl56khllyuc,Inactive,https://raw.githubusercontent.com/input-output-hk/spo-incentives/main/report-november-2025/scripts/inactive-pools.txt,2026-05-19T23:10:03+00:00
68015e22c3b05d71f48a11e4cb1e6c986608a37142a0b155dbe43a1d,pool1dqq4ugkrkpwhray2z8jvk8nvnpnq3gm3g2stz4wmusap6tkuclw,Inactive,https://raw.githubusercontent.com/input-output-hk/spo-incentives/main/report-november-2025/scripts/inactive-pools.txt,2026-05-19T23:10:03+00:00
6c00635737171bfe9112a07d4c857668a3613b18b14034aebd03d5da,pool1dsqxx4ehzudlaygj5p75eptkdz3kzwcck9qrft4aq02a5vf8agf,Inactive,https://raw.githubusercontent.com/input-output-hk/spo-incentives/main/report-november-2025/scripts/inactive-pools.txt,2026-05-19T23:10:03+00:00
6c1966b54b8ba738ec7b5780fa7942fa851d7ece8e3eac26a27e1556,pool1dsvkdd2t3wnn3mrm27q0572zl2z36lkw3cl2cf4z0c24vad28v2,Inactive,https://raw.githubusercontent.com/input-output-hk/spo-incentives/main/report-november-2025/scripts/inactive-pools.txt,2026-05-19T23:10:03+00:00
6f31ed70d9969a5f22486b8c021ffd9aac569bb4351a040e4e9e1249,pool1duc76uxej6d97gjgdwxqy8lan2k9dxa5x5dqgrjwncfyj5p24ar,Inactive,https://raw.githubusercontent.com/input-output-hk/spo-incentives/main/report-november-2025/scripts/inactive-pools.txt,2026-05-19T23:10:03+00:00
6b2a46607f55b29ec1b50192708b9a2d2610012d133e4ef2ea301374,pool1dv4yvcrl2kefasd4qxf8pzu695npqqfdzvlyauh2xqfhgf6ng8d,Inactive,https://raw.githubusercontent.com/input-output-hk/spo-incentives/main/report-november-2025/scripts/inactive-pools.txt,2026-05-19T23:10:03+00:00
6b035d09abd89d65e8deaa34d103d821101a747bb8c5752e97d9e187,pool1dvp46zdtmzwkt6x74g6dzq7cyygp5armhrzh2t5hm8scwtxvsnt,Inactive,https://raw.githubusercontent.com/input-output-hk/spo-incentives/main/report-november-2025/scripts/inactive-pools.txt,2026-05-19T23:10:03+00:00
6bbf60bbb60c1f4467e87377f536b5efd464c187b16481d9d0cb3e63,pool1dwlkpwakps05gelgwdml2d44al2xfsv8k9jgrkwsevlxxpcelqa,Inactive,https://raw.githubusercontent.com/input-output-hk/spo-incentives/main/report-november-2025/scripts/inactive-pools.txt,2026-05-19T23:10:03+00:00
6b97796c43b6e80aa880ec4d47cba4ce828a7a7e5d345c56bd9eae28,pool1dwthjmzrkm5q42yqa3x50jaye6pg57n7t569c44an6hzsg8qake,Inactive,https://raw.githubusercontent.com/input-output-hk/spo-incentives/main/report-november-2025/scripts/inactive-pools.txt,2026-05-19T23:10:03+00:00
69a8b8901715e2ca62feeb5be3c74b43f245528b908fe8064c742b25,pool1dx5t3yqhzh3v5ch7add7836tg0ey255tjz87spjvws4j2gjp9yg,Inactive,https://raw.githubusercontent.com/input-output-hk/spo-incentives/main/report-november-2025/scripts/inactive-pools.txt,2026-05-19T23:10:03+00:00
69892569215cabbe4b4351827bebf00c6052611c0ea10c3f3a574667,pool1dxyj26fptj4muj6r2xp8h6lsp3s9ycgup6ssc0e62arxw6gc2xz,Inactive,https://raw.githubusercontent.com/input-output-hk/spo-incentives/main/report-november-2025/scripts/inactive-pools.txt,2026-05-19T23:10:03+00:00
68acab8eea62d38c69d6a4f45dff5d79e583b4f08fc28f4a1d2370d7,pool1dzk2hrh2vtfcc6wk5n69ml6a08jc8d8s3lpg7jsaydcdwrerlq2,Inactive,https://raw.githubusercontent.com/input-output-hk/spo-incentives/main/report-november-2025/scripts/inactive-pools.txt,2026-05-19T23:10:03+00:00
6881ef28ec87cfdfdebaff98d179dda04cb558d43a3ee9af24df45ec,pool1dzq7728vsl8alh46l7vdz7wa5pxt2kx58glwnteymaz7c6jmv4t,Inactive,https://raw.githubusercontent.com/input-output-hk/spo-incentives/main/report-november-2025/scripts/inactive-pools.txt,2026-05-19T23:10:03+00:00
cbe44978ad8f5a4d1deeec9186d5889b4126fd3aa7bde08a85897378,pool1e0jyj79d3ady680wajgcd4vgndqjdlf65777pz5939ehseqaem3,Inactive,https://raw.githubusercontent.com/input-output-hk/spo-incentives/main/report-november-2025/scripts/inactive-pools.txt,2026-05-19T23:10:03+00:00
cbe17be4021fc76126e22c2f37534a5a35bec4002117c0d9596f3b4d,pool1e0shheqzrlrkzfhz9shnw562tg6ma3qqyytupk2edua56a9r2yd,Inactive,https://raw.githubusercontent.com/input-output-hk/spo-incentives/main/report-november-2025/scripts/inactive-pools.txt,2026-05-19T23:10:03+00:00
cab7018701efaabd47d272f91f07a6e8c0a6f54bda96b723c9babbcc,pool1e2msrpcpa74t637jwtu37paxarq2da2tm2ttwg7fh2auc5vcl39,Inactive,https://raw.githubusercontent.com/input-output-hk/spo-incentives/main/report-november-2025/scripts/inactive-pools.txt,2026-05-19T23:10:03+00:00
cd1a686e98b740fb15282ded8fe06d97aaff53ceaac092c2d1a396a5,pool1e5dxsm5ckaq0k9fg9hkclcrdj740757w4tqf9sk35wt22swypdu,Inactive,https://raw.githubusercontent.com/input-output-hk/spo-incentives/main/report-november-2025/scripts/inactive-pools.txt,2026-05-19T23:10:03+00:00
ce8f77136c480d083d8a2ad1c2d24f01c6cf145ed7e9576eb07e954b,pool1e68hwymvfqxss0v29tgu95j0q8rv79z76l54wm4s0625klfq6y6,Inactive,https://raw.githubusercontent.com/input-output-hk/spo-incentives/main/report-november-2025/scripts/inactive-pools.txt,2026-05-19T23:10:03+00:00
ce85194e6ce144037eda7dec99136a64a3b6209026ae7fa8c624a925,pool1e6z3jnnvu9zqxlk60hkfjym2vj3mvgysy6h8l2xxyj5j220vlsd,Inactive,https://raw.githubusercontent.com/input-output-hk/spo-incentives/main/report-november-2025/scripts/inactive-pools.txt,2026-05-19T23:10:03+00:00
c9d5e490f94b7d328bb86da7758d53a0c1b1929c0be9b0201095b7b1,pool1e827fy8efd7n9zacdknhtr2n5rqmry5up05mqgqsjkmmzjmzrf3,Inactive,https://raw.githubusercontent.com/input-output-hk/spo-incentives/main/report-november-2025/scripts/inactive-pools.txt,2026-05-19T23:10:03+00:00
c974db0e14dc25c261c2aed2fb034922fe279aa7dcc7c1d108e24161,pool1e96dkrs5msjuycwz4mf0kq6fytlz0x48mnrur5ggufqkzs2a4kp,Inactive,https://raw.githubusercontent.com/input-output-hk/spo-incentives/main/report-november-2025/scripts/inactive-pools.txt,2026-05-19T23:10:03+00:00
cf72b981ad6ff4174764af06eacff823df50c8289ae29090238e80b5,pool1eaetnqdddl6pw3my4urw4nlcy004pjpgnt3fpypr36qt2v8c6ck,Inactive,https://raw.githubusercontent.com/input-output-hk/spo-incentives/main/report-november-2025/scripts/inactive-pools.txt,2026-05-19T23:10:03+00:00
cf7ea146bc448fd7e2c4b37463568d16a4e6a055c719c5da2a7e0357,pool1eal2z34ugj8a0ckykd6xx45dz6jwdgz4cuvutk320cp4w8t2sm4,Inactive,https://raw.githubusercontent.com/input-output-hk/spo-incentives/main/report-november-2025/scripts/inactive-pools.txt,2026-05-19T23:10:03+00:00
ce29f6348d2b5170e442c81229d4e463a354a75cd6cabfdde7b4a5d3,pool1ec5lvdyd9dghpezzeqfzn48yvw34ff6u6m9tlh08kjjaxx4nxmk,Inactive,https://raw.githubusercontent.com/input-output-hk/spo-incentives/main/report-november-2025/scripts/inactive-pools.txt,2026-05-19T23:10:03+00:00
cb55c84a0e4dd574919d5bb8ef9685251154d93a8f0cbeb71cc89ff5,pool1ed2usjswfh2hfyvatwuwl959y5g4fkf63uxtadcuez0l2rjn747,Inactive,https://raw.githubusercontent.com/input-output-hk/spo-incentives/main/report-november-2025/scripts/inactive-pools.txt,2026-05-19T23:10:03+00:00
cb7710f54debda254005da120424f31a9725cc3fbcd966bb8e6ea4f2,pool1edm3pa2da0dz2sq9mgfqgf8nr2tjtnplhnvkdwuwd6j0ylmfxpp,Inactive,https://raw.githubusercontent.com/input-output-hk/spo-incentives/main/report-november-2025/scripts/inactive-pools.txt,2026-05-19T23:10:03+00:00
ce53fe573d12d2943631ccc304deb3b2fba5d016d69536b400bc8834,pool1eeflu4eaztffgd33enpsfh4nkta6t5qk662nddqqhjyrgdgmkc5,Inactive,https://raw.githubusercontent.com/input-output-hk/spo-incentives/main/report-november-2025/scripts/inactive-pools.txt,2026-05-19T23:10:03+00:00
ce61d8d9a9eb0118d9b14c7b275ebb4161dffb490c6a7cce9c8fab1a,pool1eesa3kdfavq33kd3f3ajwh4mg9sal76fp348en5u37435g4h4ca,Inactive,https://raw.githubusercontent.com/input-output-hk/spo-incentives/main/report-november-2025/scripts/inactive-pools.txt,2026-05-19T23:10:03+00:00
ca6475b755a0a31d8cf77b9d42520ff8b5274bd9a5712aed95ac14ad,pool1efj8td645z33mr8h0ww5y5s0lz6jwj7e54cj4mv44s2269r7d4f,Inactive,https://raw.githubusercontent.com/input-output-hk/spo-incentives/main/report-november-2025/scripts/inactive-pools.txt,2026-05-19T23:10:03+00:00
ca44cdacdfacca2393f9458b2be178ff2b517acf020ead85560a88b0,pool1efzvmtxl4n9z8ylegk9jhctclu44z7k0qg82mp2kp2ytqa9xgf0,Inactive,https://raw.githubusercontent.com/input-output-hk/spo-incentives/main/report-november-2025/scripts/inactive-pools.txt,2026-05-19T23:10:03+00:00
ca11dbd228b81df86d5caf02e9ee302e567dd08da869a85fa05efcc0,pool1eggah53ghqwlsm2u4upwnm3s9et8m5yd4p56shaqtm7vql6zm4h,Inactive,https://raw.githubusercontent.com/input-output-hk/spo-incentives/main/report-november-2025/scripts/inactive-pools.txt,2026-05-19T23:10:03+00:00
cdf5b86f71679302bffd08b3b8fec1fd6135350b156e964d3b001662,pool1eh6msmm3v7fs90lapzem3lkpl4sn2dgtz4hfvnfmqqtxya3k8yh,Inactive,https://raw.githubusercontent.com/input-output-hk/spo-incentives/main/report-november-2025/scripts/inactive-pools.txt,2026-05-19T23:10:03+00:00
cdd3b35b55fcfe578f64d684bf4d32fc182b82c6f8a1bfc6a71542b8,pool1ehfmxk64lnl90rmy66zt7nfjlsvzhqkxlzsml348z4ptss529mw,Inactive,https://raw.githubusercontent.com/input-output-hk/spo-incentives/main/report-november-2025/scripts/inactive-pools.txt,2026-05-19T23:10:03+00:00
cdaa4c2b6cde56b6eedff3a490e2560e9e68400ae0c65be0e949a908,pool1ek4yc2mvmettdmkl7wjfpcjkp60xssq2urr9hc8ffx5ss73wdm0,Inactive,https://raw.githubusercontent.com/input-output-hk/spo-incentives/main/report-november-2025/scripts/inactive-pools.txt,2026-05-19T23:10:03+00:00
cfe8efd56e6c4e564f1f11eae0d4141deb8433f2992d4e4c9a9afb40,pool1el5wl4twd389vnclz84wp4q5rh4cgvljnyk5uny6nta5qqf62ce,Inactive,https://raw.githubusercontent.com/input-output-hk/spo-incentives/main/report-november-2025/scripts/inactive-pools.txt,2026-05-19T23:10:03+00:00
cff42cd3d53a80249e2ffeaea217927fca91d11e30b83395b569dfa2,pool1el6ze57482qzf830l6h2y9uj0l9fr5g7xzur89d4d806y896vgf,Inactive,https://raw.githubusercontent.com/input-output-hk/spo-incentives/main/report-november-2025/scripts/inactive-pools.txt,2026-05-19T23:10:03+00:00
cfca28d7ca79dcdec574c005aa376eeffc37e5f9c83c648bfa75dae6,pool1el9z347208wda3t5cqz65dmwal7r0e0eeq7xfzl6whdwvy80twn,Inactive,https://raw.githubusercontent.com/input-output-hk/spo-incentives/main/report-november-2025/scripts/inactive-pools.txt,2026-05-19T23:10:03+00:00
cecbcac12ff8ac2af77b5e37db137c9852fffab5a74978e7c90b0647,pool1em9u4sf0lzkz4ammtcmakymunpf0l7445ayh3e7fpvryw640fc6,Inactive,https://raw.githubusercontent.com/input-output-hk/spo-incentives/main/report-november-2025/scripts/inactive-pools.txt,2026-05-19T23:10:03+00:00
ccf05faa79efc412c07e9fbcf8a878a1627f153d96ae0ccc9a4eaefa,pool1enc9l2nealzp9sr7n77032rc593879faj6hqeny6f6h052eaaxh,Inactive,https://raw.githubusercontent.com/input-output-hk/spo-incentives/main/report-november-2025/scripts/inactive-pools.txt,2026-05-19T23:10:03+00:00
c80ba3446dd81ed334867b9ce23f550aa421fd1a6863e1d38ebe6f39,pool1eq96x3rdmq0dxdyx0wwwy064p2jzrlg6dp37r5uwhehnja29fxq,Inactive,https://raw.githubusercontent.com/input-output-hk/spo-incentives/main/report-november-2025/scripts/inactive-pools.txt,2026-05-19T23:10:03+00:00
c831593b9911c84c8ddf249d99dca56fd9b9e97a9c41226fcfe7d34e,pool1eqc4jwuez8yyerwlyjwenh99dlvmn6t6n3qjym70ulf5u8xr6lq,Inactive,https://raw.githubusercontent.com/input-output-hk/spo-incentives/main/report-november-2025/scripts/inactive-pools.txt,2026-05-19T23:10:03+00:00
c8db17906201ab3665930723836d0ca4efa1e7bca13066f3edcf980d,pool1erd30yrzqx4nvevnqu3cxmgv5nh6reau5ycxdulde7vq68zcrlz,Inactive,https://raw.githubusercontent.com/input-output-hk/spo-incentives/main/report-november-2025/scripts/inactive-pools.txt,2026-05-19T23:10:03+00:00
cc3c7d7b25f4534291fee3a6fac09f737db20d95283dacc6400d7b4b,pool1es7867e973f59y07uwn04sylwd7myrv49q76e3jqp4a5ktvzpeg,Inactive,https://raw.githubusercontent.com/input-output-hk/spo-incentives/main/report-november-2025/scripts/inactive-pools.txt,2026-05-19T23:10:03+00:00
cc1994c33adfbdca4dd959a423a877f79fa55d66db709ed6e53e0daa,pool1esvefse6m77u5nwetxjz82rh77062htxmdcfa4h98cx65gjg8zg,Inactive,https://raw.githubusercontent.com/input-output-hk/spo-incentives/main/report-november-2025/scripts/inactive-pools.txt,2026-05-19T23:10:03+00:00
cace07533247e80000ecaa1a98657e3a2580dee73e30a37644b211de,pool1et8qw5ejgl5qqq8v4gdfset78gjcphh88cc2xajykggau8vps0j,Inactive,https://raw.githubusercontent.com/input-output-hk/spo-incentives/main/report-november-2025/scripts/inactive-pools.txt,2026-05-19T23:10:03+00:00
cad0b74ddcaff6b73dae6af72604a9bf9c6526d5cea4bf2a8480689f,pool1etgtwnwu4lmtw0dwdtmjvp9fh7wx2fk4e6jt725ysp5f7sjd5vy,Inactive,https://raw.githubusercontent.com/input-output-hk/spo-incentives/main/report-november-2025/scripts/inactive-pools.txt,2026-05-19T23:10:03+00:00
cf0487e3d30cb656fdb54fa74b4bdd86a7469d70383405d4791d1e1a,pool1euzg0c7npjm9dld4f7n5kj7as6n5d8ts8q6qt4rer50p5p9nr6g,Inactive,https://raw.githubusercontent.com/input-output-hk/spo-incentives/main/report-november-2025/scripts/inactive-pools.txt,2026-05-19T23:10:03+00:00
cb393a8607375ed4864a1bf0e284b55a8385e19c86310dd687ccfb2e,pool1evun4ps8xa0dfpj2r0cw9p94t2pctcvusccsm458enajuw2mftw,Inactive,https://raw.githubusercontent.com/input-output-hk/spo-incentives/main/report-november-2025/scripts/inactive-pools.txt,2026-05-19T23:10:03+00:00
cba94ac462407cc8500cde1f8aa85cc08acd362cc2d42877d5c8e499,pool1ew5543rzgp7vs5qvmc0c42zucz9v6d3vct2zsa74erjfjen2p2d,Inactive,https://raw.githubusercontent.com/input-output-hk/spo-incentives/main/report-november-2025/scripts/inactive-pools.txt,2026-05-19T23:10:03+00:00
cb9ca4e91c7a354653fa33017e0011501119649d6885191be99bf31f,pool1eww2f6gu0g65v5l6xvqhuqq32qg3jeyadzz3jxlfn0e3739337k,Inactive,https://raw.githubusercontent.com/input-output-hk/spo-incentives/main/report-november-2025/scripts/inactive-pools.txt,2026-05-19T23:10:03+00:00
c91e83649984043842f8d0a5f17763f09e953545cc78b78428acaa83,pool1ey0gxeyesszrsshc6zjlzamr7z0f2d29e3ut0ppg4j4gxduyn5r,Inactive,https://raw.githubusercontent.com/input-output-hk/spo-incentives/main/report-november-2025/scripts/inactive-pools.txt,2026-05-19T23:10:03+00:00
c931887eb4f9d3e8343f4c3de7d74ffab80c94c99e6bfd54cc765cd5,pool1eyccsl45l8f7sdplfs770460l2uqe9xfne4l64xvwewd22fcl9a,Inactive,https://raw.githubusercontent.com/input-output-hk/spo-incentives/main/report-november-2025/scripts/inactive-pools.txt,2026-05-19T23:10:03+00:00
c8a15d64b34aed5d3bca88915ceb53533a45ee1487c7b2398df24d42,pool1ezs46e9nftk46w723zg4e66n2vaytms5slrmywvd7fx5y65zkru,Inactive,https://raw.githubusercontent.com/input-output-hk/spo-incentives/main/report-november-2025/scripts/inactive-pools.txt,2026-05-19T23:10:03+00:00
4a820ce133298f612259ce092b7b13049f3270f5e764a0ac6f33643a,pool1f2pqecfn9x8kzgjeecyjk7cnqj0nyu84uaj2ptr0xdjr5w9qepc,Inactive,https://raw.githubusercontent.com/input-output-hk/spo-incentives/main/report-november-2025/scripts/inactive-pools.txt,2026-05-19T23:10:03+00:00
4ab8e5e8f3cda61258e172877d1d1b0e35814db9b7e84da953a09356,pool1f2uwt68neknpyk8pw2rh68gmpc6czndekl5ym22n5zf4vy8ecct,Inactive,https://raw.githubusercontent.com/input-output-hk/spo-incentives/main/report-november-2025/scripts/inactive-pools.txt,2026-05-19T23:10:03+00:00
4c42b9e5820a1d23455d17a9cf4d77a151601b34bd01f69f5d3b36f9,pool1f3ptnevzpgwjx32az75u7nth59gkqxe5h5qld86a8vm0j5jrms3,Inactive,https://raw.githubusercontent.com/input-output-hk/spo-incentives/main/report-november-2025/scripts/inactive-pools.txt,2026-05-19T23:10:03+00:00
4d42609b19cbf77735569b8167039d946999fe0b8431ac0e1b5a96c6,pool1f4pxpxcee0mhwd2knwqkwquaj35enlstssc6crsmt2tvv0pwymt,Inactive,https://raw.githubusercontent.com/input-output-hk/spo-incentives/main/report-november-2025/scripts/inactive-pools.txt,2026-05-19T23:10:03+00:00
4d37f7fbff135536da9b1b7ef43176b741e531573721fef8b4b427b8,pool1f5ml07llzd2ndk5mrdl0gvtkkaq72v2hxusla795ksnms4tae66,Inactive,https://raw.githubusercontent.com/input-output-hk/spo-incentives/main/report-november-2025/scripts/inactive-pools.txt,2026-05-19T23:10:03+00:00
4d044cd3d376a701e056b0ac169face93a3f4aa7149d40f159a5a278,pool1f5zye57nw6nsrczkkzkpd8avayar7j48zjw5pu2e5k38ssm2yhd,Inactive,https://raw.githubusercontent.com/input-output-hk/spo-incentives/main/report-november-2025/scripts/inactive-pools.txt,2026-05-19T23:10:03+00:00
4f5e469a40547208cf9876b36ae9b23874c302ab8ab263a952bbae6a,pool1fa0ydxjq23eq3nucw6ek46dj8p6vxq4t32ex822jhwhx5fyvzze,Inactive,https://raw.githubusercontent.com/input-output-hk/spo-incentives/main/report-november-2025/scripts/inactive-pools.txt,2026-05-19T23:10:03+00:00
4f506a2a5325e2d13dbe52b0a4e5b2641788ef6e5d7aadfec86404c0,pool1fagx52jnyh3dz0d722c2fedjvstc3mmwt4a2mlkgvszvqgkvt2g,Inactive,https://raw.githubusercontent.com/input-output-hk/spo-incentives/main/report-november-2025/scripts/inactive-pools.txt,2026-05-19T23:10:03+00:00
4e23b3ddb297b53d7fe6c9961c69eb5ea2ea110e4312acd8438d94a5,pool1fc3m8hdjj76n6llxextpc60tt63w5ygwgvf2ekzr3k222kxxdkg,Inactive,https://raw.githubusercontent.com/input-output-hk/spo-incentives/main/report-november-2025/scripts/inactive-pools.txt,2026-05-19T23:10:03+00:00
4b748c932c0c10ad43c0a1d2ce3159bd2859d0256323859a50f559a4,pool1fd6geyevpsg26s7q58fvuv2eh559n5p9vv3ctxjs74v6g7lkew4,Inactive,https://raw.githubusercontent.com/input-output-hk/spo-incentives/main/report-november-2025/scripts/inactive-pools.txt,2026-05-19T23:10:03+00:00
4e6a59a5d65f0e3bce2480055be685acee7e9516420f72476b70c15a,pool1fe49nfwktu8rhn3ysqz4he594nh8a9gkgg8hy3mtwrq4558rptz,Inactive,https://raw.githubusercontent.com/input-output-hk/spo-incentives/main/report-november-2025/scripts/inactive-pools.txt,2026-05-19T23:10:03+00:00
4a4a31e26a0358cf52bdfe9a7018e98ef38267228dc2a9f27b2f24ab,pool1ff9rrcn2qdvv754al6d8qx8f3mecyeez3hp2nunm9uj2k7tj4pf,Inactive,https://raw.githubusercontent.com/input-output-hk/spo-incentives/main/report-november-2025/scripts/inactive-pools.txt,2026-05-19T23:10:03+00:00
4a6e8a31bb909850e150249c6b0e47a011e3426686f701cfa8a0fce8,pool1ffhg5vdmjzv9pc2syjwxkrj85qg7xsnxsmmsrnag5r7wsggv4ac,Inactive,https://raw.githubusercontent.com/input-output-hk/spo-incentives/main/report-november-2025/scripts/inactive-pools.txt,2026-05-19T23:10:03+00:00
4a78ca15af1b42f94106e94d419c2cdf72667389cf2b1b04df8f140e,pool1ffuv59d0rdp0jsgxa9x5r8pvmaexvuufeu43kpxl3u2qut3ljq4,Inactive,https://raw.githubusercontent.com/input-output-hk/spo-incentives/main/report-november-2025/scripts/inactive-pools.txt,2026-05-19T23:10:03+00:00
4c9b0fd45d949741b0e1ecd9309ca8d066c5a971ce85d3df09391ca1,pool1fjdsl4zajjt5rv8panvnp89g6pnvt2t3e6za8hcf8yw2zncnl07,Inactive,https://raw.githubusercontent.com/input-output-hk/spo-incentives/main/report-november-2025/scripts/inactive-pools.txt,2026-05-19T23:10:03+00:00
4c8dc69f54bb2088f2155d26d66a5796210950685641e3c75aab833f,pool1fjxud865hvsg3us4t5ndv6jhjcssj5rg2eq783664wpn720deqr,Inactive,https://raw.githubusercontent.com/input-output-hk/spo-incentives/main/report-november-2025/scripts/inactive-pools.txt,2026-05-19T23:10:03+00:00
4cd59d541139e7c82d13f63af5f668375455f6822bcf802b1498972d,pool1fn2e64q388nustgn7ca0tangxa29ta5z908cq2c5nztj6sntdsk,Inactive,https://raw.githubusercontent.com/input-output-hk/spo-incentives/main/report-november-2025/scripts/inactive-pools.txt,2026-05-19T23:10:03+00:00
4ce890687a3de0665080ea8d236c78be1c3d93fb27f806436c4f7749,pool1fn5fq6r68hsxv5yqa2xjxmrchcwrmylmyluqvsmvfam5jr36nnx,Inactive,https://raw.githubusercontent.com/input-output-hk/spo-incentives/main/report-november-2025/scripts/inactive-pools.txt,2026-05-19T23:10:03+00:00
4cf43155f03d63c8a5cbbd8f9e827aeaef1179c848ef36c2dc16e1f1,pool1fn6rz40s843u3fwthk8eaqn6ath3z7wgfrhndskuzmslzxgtv50,Inactive,https://raw.githubusercontent.com/input-output-hk/spo-incentives/main/report-november-2025/scripts/inactive-pools.txt,2026-05-19T23:10:03+00:00
4cdacde59095e9d7decba6f25d8d7fb5788e566724e0f6bad5912ed0,pool1fndvmevsjh5a0hkt5me9mrtlk4ugu4n8yns0dwk4jyhdqcq3ayy,Inactive,https://raw.githubusercontent.com/input-output-hk/spo-incentives/main/report-november-2025/scripts/inactive-pools.txt,2026-05-19T23:10:03+00:00
4cd92a0ba5b532c39fe75b9f3bc6755ce87521898b74cdf19e9debc8,pool1fnvj5za9k5ev88l8tw0nh3n4tn582gvf3d6vmuv7nh4ustqecn5,Inactive,https://raw.githubusercontent.com/input-output-hk/spo-incentives/main/report-november-2025/scripts/inactive-pools.txt,2026-05-19T23:10:03+00:00
484a23d00655b5244e754d57d37d13799cf716d15d7c08a967893793,pool1fp9z85qx2k6jgnn4f4taxlgn0xw0w9k3t47q32t83ymexz5ymwd,Inactive,https://raw.githubusercontent.com/input-output-hk/spo-incentives/main/report-november-2025/scripts/inactive-pools.txt,2026-05-19T23:10:03+00:00
4860157484c418192ad58ca785b4317eb7c1897e9887f43d3c210652,pool1fpsp2ayycsvpj2k43jnctdp306murzt7nzrlg0fuyyr9y8vx3pp,Inactive,https://raw.githubusercontent.com/input-output-hk/spo-incentives/main/report-november-2025/scripts/inactive-pools.txt,2026-05-19T23:10:03+00:00
485903de80a59c1156ca235ec715ed434ddc0e394d1e75885976df62,pool1fpvs8h5q5kwpz4k2yd0vw90dgdxacr3ef508tzzewm0kysdt4eq,Inactive,https://raw.githubusercontent.com/input-output-hk/spo-incentives/main/report-november-2025/scripts/inactive-pools.txt,2026-05-19T23:10:03+00:00
4827fe6503b4e0a94aa5621933b193a70e4aed5b8982b355d343135c,pool1fqnluegrkns2jj49vgvn8vvn5u8y4m2m3xptx4wngvf4cnwa2fk,Inactive,https://raw.githubusercontent.com/input-output-hk/spo-incentives/main/report-november-2025/scripts/inactive-pools.txt,2026-05-19T23:10:03+00:00
48e2e8518edfbf42288eef1521ffbd9bcdb4819a3de888a230e6d447,pool1fr3ws5vwm7l5y2ywau2jrlaan0xmfqv68h5g3g3sum2ywthurt2,Inactive,https://raw.githubusercontent.com/input-output-hk/spo-incentives/main/report-november-2025/scripts/inactive-pools.txt,2026-05-19T23:10:03+00:00
48cdc5d38323c6ac7d0160dedcbbf0661518a57e4699e618fb86424a,pool1frxut5ury0r2clgpvr0dewlsvc233ft7g6v7vx8msepy5068evn,Inactive,https://raw.githubusercontent.com/input-output-hk/spo-incentives/main/report-november-2025/scripts/inactive-pools.txt,2026-05-19T23:10:03+00:00
48c4f6c2b3ba2ab7e62f975b8a59c68d2c2929890973db1737babcaf,pool1frz0ds4nhg4t0e30jadc5kwx35kzj2vfp9eak9ehh2727m4dqnv,Inactive,https://raw.githubusercontent.com/input-output-hk/spo-incentives/main/report-november-2025/scripts/inactive-pools.txt,2026-05-19T23:10:03+00:00
4c316a5b23e0a93a80998575028d8399b0399efcb676837442f9821d,pool1fsck5keruz5n4qyes46s9rvrnxcrn8hukemgxazzlxpp6g66fzh,Inactive,https://raw.githubusercontent.com/input-output-hk/spo-incentives/main/report-november-2025/scripts/inactive-pools.txt,2026-05-19T23:10:03+00:00
4c02967847f9fd4a7279a316768edeef13999bfcc4fef0bcb021d869,pool1fspfv7z8l8755une5vt8drk7aufenxlucnl0p09sy8vxjw5kz3y,Inactive,https://raw.githubusercontent.com/input-output-hk/spo-incentives/main/report-november-2025/scripts/inactive-pools.txt,2026-05-19T23:10:03+00:00
4ad28817e17febf7f91f66763170fa081861b05099e9fc46fd5dfe0a,pool1ftfgs9lp0l4l07glvemrzu86pqvxrvzsn85lc3hathlq5ddsw49,Inactive,https://raw.githubusercontent.com/input-output-hk/spo-incentives/main/report-november-2025/scripts/inactive-pools.txt,2026-05-19T23:10:03+00:00
4ad7be8438e209be00cce900ae65de561a70664a462982f659343168,pool1fttmappcugymuqxvayq2uew72cd8qej2gc5c9ajexsckswj3qza,Inactive,https://raw.githubusercontent.com/input-output-hk/spo-incentives/main/report-november-2025/scripts/inactive-pools.txt,2026-05-19T23:10:03+00:00
4f355dad7bf34ff94dbcadc5a3b5344d830e7051e49518b8510064f6,pool1fu64mttm7d8ljndu4hz68df5fkpsuuz3uj233wz3qpj0vfk9k4d,Inactive,https://raw.githubusercontent.com/input-output-hk/spo-incentives/main/report-november-2025/scripts/inactive-pools.txt,2026-05-19T23:10:03+00:00
4f3586381dd8d26b0b0f0ca1b6fb60e8920bd287862d9070128e2cc4,pool1fu6cvwqamrfxkzc0pjsmd7mqazfqh558sckequqj3ckvgyyg5ta,Inactive,https://raw.githubusercontent.com/input-output-hk/spo-incentives/main/report-november-2025/scripts/inactive-pools.txt,2026-05-19T23:10:03+00:00
4f3410f074e7363091a1cc1c21b128ae423d1cce897bd19478e534bb,pool1fu6ppur5uumrpydpeswzrvfg4epr68xw39aar9rcu56tk5ukat3,Inactive,https://raw.githubusercontent.com/input-output-hk/spo-incentives/main/report-november-2025/scripts/inactive-pools.txt,2026-05-19T23:10:03+00:00
4f161e8a4faf2d77fa95de9d930c6543722d8ffacbc36812e1c15120,pool1futpazj04ukh0754m6wexrr9gdezmrl6e0pksyhpc9gjql44l0y,Inactive,https://raw.githubusercontent.com/input-output-hk/spo-incentives/main/report-november-2025/scripts/inactive-pools.txt,2026-05-19T23:10:03+00:00
4b38428eb3686b1513977d0a0aa736bd54bab6aa04ae815006f8cf2c,pool1fvuy9r4ndp432yuh059q4fekh42t4d42qjhgz5qxlr8jctrp5l2,Inactive,https://raw.githubusercontent.com/input-output-hk/spo-incentives/main/report-november-2025/scripts/inactive-pools.txt,2026-05-19T23:10:03+00:00
4b90a31c2e719991a5ee02ed10cc0b23bfdb973b891c465e16ea59ba,pool1fwg2x8pwwxverf0wqtk3pnqtywlah9em3ywyvhskafvm5z3e7kr,Inactive,https://raw.githubusercontent.com/input-output-hk/spo-incentives/main/report-november-2025/scripts/inactive-pools.txt,2026-05-19T23:10:03+00:00
49be9d6c06cf02bdf84b73421509aedf9704e0914bb3cf67844ebade,pool1fxlf6mqxeuptm7ztwdpp2zdwm7tsfcy3fweu7euyf6aduuh6u42,Inactive,https://raw.githubusercontent.com/input-output-hk/spo-incentives/main/report-november-2025/scripts/inactive-pools.txt,2026-05-19T23:10:03+00:00
4929e24bc90567aabeef1f882c5d045b0deafa7f3d3f6c2fc1c1d3d2,pool1fy57yj7fq4n640h0r7yzchgytvx747nl85lkct7pc8faywwsyy2,Inactive,https://raw.githubusercontent.com/input-output-hk/spo-incentives/main/report-november-2025/scripts/inactive-pools.txt,2026-05-19T23:10:03+00:00
4929dea68812b55d3517becfc394bb96ae414e7551e00bb4d15ec1b8,pool1fy5aaf5gz2646dghhm8u899mj6hyznn428sqhdx3tmqmsdy6rcz,Inactive,https://raw.githubusercontent.com/input-output-hk/spo-incentives/main/report-november-2025/scripts/inactive-pools.txt,2026-05-19T23:10:03+00:00
43ea1806e7248201a18bfac061a2fa62ff1e5becfd7534696b1b6ee9,pool1g04psph8yjpqrgvtltqxrgh6vtl3uklvl46ng6ttrdhwjuvelna,Inactive,https://raw.githubusercontent.com/input-output-hk/spo-incentives/main/report-november-2025/scripts/inactive-pools.txt,2026-05-19T23:10:03+00:00
43d2c326b972df28dc3f0bcad657b657194e92295b8fc0d8ef69ec65,pool1g0fvxf4ewt0j3hplp09dv4ak2uv5ay3ftw8upk80d8kx2ca5syn,Inactive,https://raw.githubusercontent.com/input-output-hk/spo-incentives/main/report-november-2025/scripts/inactive-pools.txt,2026-05-19T23:10:03+00:00
43d6ae9628a6552f3a4fc7f76f453769f12c4aa69c4f122fc6634970,pool1g0t2a93g5e2j7wj0clmk73fhd8cjcj4xn383yt7xvdyhq37m0kk,Inactive,https://raw.githubusercontent.com/input-output-hk/spo-incentives/main/report-november-2025/scripts/inactive-pools.txt,2026-05-19T23:10:03+00:00
42aebb6bd342c6ea6c5a9851c8af88de3804a38ff9b67dab4df1bc57,pool1g2htk67ngtrw5mz6npgu3tugmcuqfgu0lxm8m26d7x79w75xupn,Inactive,https://raw.githubusercontent.com/input-output-hk/spo-incentives/main/report-november-2025/scripts/inactive-pools.txt,2026-05-19T23:10:03+00:00
42850eb2d0c386213d60039c4b5888ecc996fc48063514cf20d4d82c,pool1g2zsavkscwrzz0tqqwwykkyganyedlzgqc63fneq6nvzc7rwdzp,Inactive,https://raw.githubusercontent.com/input-output-hk/spo-incentives/main/report-november-2025/scripts/inactive-pools.txt,2026-05-19T23:10:03+00:00
4562405aa4e27fb7f93dcb4650410e6b25c755d9f9bb95330cf13649,pool1g43yqk4yuflm07faedr9qsgwdvjuw4welxae2vcv7ymyj27q8mg,Inactive,https://raw.githubusercontent.com/input-output-hk/spo-incentives/main/report-november-2025/scripts/inactive-pools.txt,2026-05-19T23:10:03+00:00
451ecd67597b43b5c69ffff8994c20db6df86e331c2e275455eb5800,pool1g50v6e6e0dpmt35lllufjnpqmdklsm3nrshzw4z4advqqjxfcpx,Inactive,https://raw.githubusercontent.com/input-output-hk/spo-incentives/main/report-november-2025/scripts/inactive-pools.txt,2026-05-19T23:10:03+00:00
45118342a7e0ca4d5984c12b5c966774d54aa7eb64adfc2545919215,pool1g5gcxs48ur9y6kvycy44e9n8wn254fltvjklcf29jxfp23x2wjx,Inactive,https://raw.githubusercontent.com/input-output-hk/spo-incentives/main/report-november-2025/scripts/inactive-pools.txt,2026-05-19T23:10:03+00:00
46a3e0738585587cc5f03915241c49cca13c9607da0a7a034a21e49e,pool1g637quu9s4v8e30s8y2jg8zfejsne9s8mg985q62y8jfu4khtqg,Inactive,https://raw.githubusercontent.com/input-output-hk/spo-incentives/main/report-november-2025/scripts/inactive-pools.txt,2026-05-19T23:10:03+00:00
46b026f20833a16010f964266602c8577cf1864b63f7def3edfd39c8,pool1g6czdusgxwskqy8evsnxvqkg2a70rpjtv0maauldl5uusmhm94a,Inactive,https://raw.githubusercontent.com/input-output-hk/spo-incentives/main/report-november-2025/scripts/inactive-pools.txt,2026-05-19T23:10:03+00:00
478bc2098b2ef7117a4dc1a618ea75ca37516be7c6a65fab763f72a2,pool1g79uyzvt9mm3z7jdcxnp36n4egm4z6l8c6n9l2mk8ae2yf5zman,Inactive,https://raw.githubusercontent.com/input-output-hk/spo-incentives/main/report-november-2025/scripts/inactive-pools.txt,2026-05-19T23:10:03+00:00
47ba6c136323da23eb9099661f691b52fb3b5ef5f1eca34798f31e1e,pool1g7axcymry0dz86usn9np76gm2tankhh478k2x3uc7v0pugcv2xp,Inactive,https://raw.githubusercontent.com/input-output-hk/spo-incentives/main/report-november-2025/scripts/inactive-pools.txt,2026-05-19T23:10:03+00:00
415e6181e01a27e114cd484da37d06765a9f7263c6eea68e5e979f73,pool1g90xrq0qrgn7z9xdfpx6xlgxwedf7unrcmh2drj7j70hxr35jxk,Inactive,https://raw.githubusercontent.com/input-output-hk/spo-incentives/main/report-november-2025/scripts/inactive-pools.txt,2026-05-19T23:10:03+00:00
475f7a858f0c25c38a32f7cf4567e02ab1e342fc8056af4adf99b5aa,pool1ga0h4pv0psju8z3j7l852elq92c7xshuspt27jklnx665r4l2q8,Inactive,https://raw.githubusercontent.com/input-output-hk/spo-incentives/main/report-november-2025/scripts/inactive-pools.txt,2026-05-19T23:10:03+00:00
474e347a13ea412a2d55126a619f02f2ff4f6b2b5be8049620be3bb4,pool1ga8rg7snafqj5t24zf4xr8cz7tl576ett05qf93qhcamgmkqmj3,Inactive,https://raw.githubusercontent.com/input-output-hk/spo-incentives/main/report-november-2025/scripts/inactive-pools.txt,2026-05-19T23:10:03+00:00
4741e34732657d8259ca70f04594a98a3048f484e1a09d200c69e4a9,pool1gaq7x3ejv47cykw2wrcyt99f3gcy3ayyuxsf6gqvd8j2jf90w4h,Inactive,https://raw.githubusercontent.com/input-output-hk/spo-incentives/main/report-november-2025/scripts/inactive-pools.txt,2026-05-19T23:10:03+00:00
47598d3dbed8bcc65e17f20781e0e1de08f1710399af16dbee33e128,pool1gavc60d7mz7vvhsh7grcrc8pmcy0zugrnxh3dklwx0sjsdva6sj,Inactive,https://raw.githubusercontent.com/input-output-hk/spo-incentives/main/report-november-2025/scripts/inactive-pools.txt,2026-05-19T23:10:03+00:00
460007a175bed0c016aa33e14f7d314d7775e4dce09121c36b93edb8,pool1gcqq0gt4hmgvq942x0s57lf3f4mhtexuuzgjrsmtj0kmsmqz32z,Inactive,https://raw.githubusercontent.com/input-output-hk/spo-incentives/main/report-november-2025/scripts/inactive-pools.txt,2026-05-19T23:10:03+00:00
46179fe1365f666b813271cec904ac7f49cdb75f1c47989c32746cc6,pool1gctelcfktanxhqfjw88vjp9v0ayumd6lr3re38pjw3kvvc8tanq,Inactive,https://raw.githubusercontent.com/input-output-hk/spo-incentives/main/report-november-2025/scripts/inactive-pools.txt,2026-05-19T23:10:03+00:00
43633e0be4a474953f35b0775c2ec863c8ecc23e06e1a47b04525e63,pool1gd3nuzly536f20e4kpm4ctkgv0ywes37qms6g7cy2f0xxf56nh7,Inactive,https://raw.githubusercontent.com/input-output-hk/spo-incentives/main/report-november-2025/scripts/inactive-pools.txt,2026-05-19T23:10:03+00:00
437963c2905ae3ccca93f9590f6fa331e52267ad70a347d102670192,pool1gduk8s5stt3uej5nl9vs7marx8jjyeadwz3505gzvuqey2lch35,Inactive,https://raw.githubusercontent.com/input-output-hk/spo-incentives/main/report-november-2025/scripts/inactive-pools.txt,2026-05-19T23:10:03+00:00
43493ab508bd30524e98933316fff29582e1356a457bc3f602439ba2,pool1gdyn4dggh5c9yn5cjve3dlljjkpwzdt2g4au8aszgwd6y97wde8,Inactive,https://raw.githubusercontent.com/input-output-hk/spo-incentives/main/report-november-2025/scripts/inactive-pools.txt,2026-05-19T23:10:03+00:00
465facf0ff6365a976c671c5c74a2432c3bce6c791c6870130bcbcc4,pool1ge06eu8lvdj6jakxw8zuwj3yxtpmeek8j8rgwqfshj7vg390fj0,Inactive,https://raw.githubusercontent.com/input-output-hk/spo-incentives/main/report-november-2025/scripts/inactive-pools.txt,2026-05-19T23:10:03+00:00
464b87a1d578456c724f31b56cb0c27dd8ec67ddc29fefb94d5b6872,pool1ge9c0gw40pzkcuj0xx6kevxz0hvwce7ac207lw2dtd58y957f74,Inactive,https://raw.githubusercontent.com/input-output-hk/spo-incentives/main/report-november-2025/scripts/inactive-pools.txt,2026-05-19T23:10:03+00:00
423f8ed17eba97626a43b85e781a098ef3865de6b6a18ab23bc0522c,pool1gglca5t7h2tky6jrhp08sxsf3mecvh0xk6sc4v3mcpfzc8jwu2w,Inactive,https://raw.githubusercontent.com/input-output-hk/spo-incentives/main/report-november-2025/scripts/inactive-pools.txt,2026-05-19T23:10:03+00:00
45d3bedbd9e557a4fb213cad00ae87d7cea38a9534cc977a2a21bf34,pool1ghfmak7eu4t6f7ep8jkspt586l828z54xnxfw732yxlngtny0uh,Inactive,https://raw.githubusercontent.com/input-output-hk/spo-incentives/main/report-november-2025/scripts/inactive-pools.txt,2026-05-19T23:10:03+00:00
45e00d4c106ecc6c84b21a77f7cb52b1634e5c1e697f4ebfebfff2cf,pool1ghsq6nqsdmxxep9jrfml0j6jk935uhq7d9l5a0ltllev7nk2fa0,Inactive,https://raw.githubusercontent.com/input-output-hk/spo-incentives/main/report-november-2025/scripts/inactive-pools.txt,2026-05-19T23:10:03+00:00
44b79182f571bf4a473306408c6b711c50bd12016a14591353e103dd,pool1gjmerqh4wxl553enqeqgc6m3r3gt6yspdg29jy6nuypa6k2tpdt,Inactive,https://raw.githubusercontent.com/input-output-hk/spo-incentives/main/report-november-2025/scripts/inactive-pools.txt,2026-05-19T23:10:03+00:00
47caf971805ebd56dd837e93a62d773f3a3ba3e6883589449103d8d8,pool1gl90juvqt674dhvr06f6vtth8uarhglx3q6cj3y3q0vdsy5ujsc,Inactive,https://raw.githubusercontent.com/input-output-hk/spo-incentives/main/report-november-2025/scripts/inactive-pools.txt,2026-05-19T23:10:03+00:00
44eac223102ac70f04426e1ccd3643d1720a70c76edc47a8e2b5197c,pool1gn4vygcs9trs7pzzdcwv6djr69eq5ux8dmwy028zk5vhcpgn8ty,Inactive,https://raw.githubusercontent.com/input-output-hk/spo-incentives/main/report-november-2025/scripts/inactive-pools.txt,2026-05-19T23:10:03+00:00
406b6945cf5990696f2aa542824a8483bdbe1a1cdf329163dcc84baf,pool1gp4kj3w0txgxjme254pgyj5ysw7muxsumuefzc7uep9673nsrvc,Inactive,https://raw.githubusercontent.com/input-output-hk/spo-incentives/main/report-november-2025/scripts/inactive-pools.txt,2026-05-19T23:10:03+00:00
4070f3b57cff7db0b44488e692892e3ac2a9eb0f8f2d25593485c02c,pool1gpc08dtula7mpdzy3rnf9zfw8tp2n6c03ukj2kf5shqzca5ulw2,Inactive,https://raw.githubusercontent.com/input-output-hk/spo-incentives/main/report-november-2025/scripts/inactive-pools.txt,2026-05-19T23:10:03+00:00
40463df919ba0aeff02083089a17f4500ee40e24ae83aa687ad2fc22,pool1gprrm7gehg9wlupqsvyf59l52q8wgr3y46p656r66t7zy7j2z66,Inactive,https://raw.githubusercontent.com/input-output-hk/spo-incentives/main/report-november-2025/scripts/inactive-pools.txt,2026-05-19T23:10:03+00:00
40445f4ee0466077a113ca730ba233aa06118feb6b04019e02a25864,pool1gpz97nhqges80ggnefeshg3n4grprrltdvzqr8sz5fvxg3lekqh,Inactive,https://raw.githubusercontent.com/input-output-hk/spo-incentives/main/report-november-2025/scripts/inactive-pools.txt,2026-05-19T23:10:03+00:00
401feba77cfff595c06a8fe3ac31c84d89bd4813a814d15182a92b5d,pool1gq07hfmull6etsr23l36cvwgfkym6jqn4q2dz5vz4y446yat70t,Inactive,https://raw.githubusercontent.com/input-output-hk/spo-incentives/main/report-november-2025/scripts/inactive-pools.txt,2026-05-19T23:10:03+00:00
40372edc7c25cccce285415d778b5ee80dd55a33af7f5f93a963ce6b,pool1gqmjahruyhxvec59g9wh0z67aqxa2k3n4al4lyafv08xk90zl2z,Inactive,https://raw.githubusercontent.com/input-output-hk/spo-incentives/main/report-november-2025/scripts/inactive-pools.txt,2026-05-19T23:10:03+00:00
40025cea93011e079dac0417add8a9260ba8373f851a39e20d151a75,pool1gqp9e65nqy0q08dvqst6mk9fyc96sdels5drncsdz5d82dpw5gg,Inactive,https://raw.githubusercontent.com/input-output-hk/spo-incentives/main/report-november-2025/scripts/inactive-pools.txt,2026-05-19T23:10:03+00:00
40efc97d08315ff9be5898f24af5b8b120669b43027662c3499dd785,pool1grhujlggx90ln0jcnrey4adckysxdx6rqfmx9s6fnhtc2g0qym0,Inactive,https://raw.githubusercontent.com/input-output-hk/spo-incentives/main/report-november-2025/scripts/inactive-pools.txt,2026-05-19T23:10:03+00:00
40e625753947a0b2d4ef67c40c2a88eb190ace359b5765cf270cc272,pool1grnz2afeg7st9480vlzqc25gavvs4n34ndtktne8pnp8yutsmfv,Inactive,https://raw.githubusercontent.com/input-output-hk/spo-incentives/main/report-november-2025/scripts/inactive-pools.txt,2026-05-19T23:10:03+00:00
4433cff6e704b99df397d392aea96ab2a7df58e61e5cd87f1f9047bc,pool1gseulah8qjuemuuh6wf2a2t2k2na7k8xrewdslcljprmcr2fqeq,Inactive,https://raw.githubusercontent.com/input-output-hk/spo-incentives/main/report-november-2025/scripts/inactive-pools.txt,2026-05-19T23:10:03+00:00
4413cf615dc6877ad1b33c75b26e054fc25291f918420c88ef9bb37b,pool1gsfu7c2ac6rh45dn836myms9flp99y0erppqez80nwehk9c70eu,Inactive,https://raw.githubusercontent.com/input-output-hk/spo-incentives/main/report-november-2025/scripts/inactive-pools.txt,2026-05-19T23:10:03+00:00
4728a525f1ceba2b2a8ca4f5be0ca227ce8be55cf9d4a8883162661f,pool1gu522f03e6azk25v5n6mur9zyl8ghe2ul8223zp3vfnp77fagfa,Inactive,https://raw.githubusercontent.com/input-output-hk/spo-incentives/main/report-november-2025/scripts/inactive-pools.txt,2026-05-19T23:10:03+00:00
4705b0d96e7dca7c89c8cd8586394e46d343f6394625dce0ca230f98,pool1guzmpktw0h98ezwgekzcvw2wgmf58a3egcjaecx2yv8esrtv8tw,Inactive,https://raw.githubusercontent.com/input-output-hk/spo-incentives/main/report-november-2025/scripts/inactive-pools.txt,2026-05-19T23:10:03+00:00
4308d4056a9af42c5d8bd2498a5e2ea215598c6ea5570b6dfbb63570,pool1gvydgpt2nt6zchvt6fyc5h3w5g24nrrw54tskm0mkc6hqh4ye5n,Inactive,https://raw.githubusercontent.com/input-output-hk/spo-incentives/main/report-november-2025/scripts/inactive-pools.txt,2026-05-19T23:10:03+00:00
43954625782ce60023ed7d6365261286fda1dad8228d2101bb568f86,pool1gw25vftc9nnqqgld043k2fsjsm76rkkcy2xjzqdm268cvlf698l,Inactive,https://raw.githubusercontent.com/input-output-hk/spo-incentives/main/report-november-2025/scripts/inactive-pools.txt,2026-05-19T23:10:03+00:00
43bf2e2c7601bd6dfb38564fc2c48f5b1a773fdb4095dee412f52e50,pool1gwljutrkqx7km7ec2e8u93y0tvd8w07mgz2aaeqj75h9q7tntmq,Inactive,https://raw.githubusercontent.com/input-output-hk/spo-incentives/main/report-november-2025/scripts/inactive-pools.txt,2026-05-19T23:10:03+00:00
4389c1059c2b2f95233506d0a063a723c22d8b6e0f0fe531c27433a8,pool1gwyuzpvu9vhe2ge4qmg2qca8y0pzmzmwpu872vwzwse6shlespw,Inactive,https://raw.githubusercontent.com/input-output-hk/spo-incentives/main/report-november-2025/scripts/inactive-pools.txt,2026-05-19T23:10:03+00:00
bbcfd1f4df6dd7a7c9ef604ff17ffb7132c9380da09c408f1a5523a4,pool1h08araxldht60j00vp8lzllmwyevjwqd5zwyprc62536gk4s5ge,Inactive,https://raw.githubusercontent.com/input-output-hk/spo-incentives/main/report-november-2025/scripts/inactive-pools.txt,2026-05-19T23:10:03+00:00
bab5dc030b90b82b3ebc36234dae99eb27f1d1c4e83acdb4176c60a1,pool1h26acqctjzuzk04uxc35mt5eavnlr5wyaqavmdqhd3s2zr8v7nm,Inactive,https://raw.githubusercontent.com/input-output-hk/spo-incentives/main/report-november-2025/scripts/inactive-pools.txt,2026-05-19T23:10:03+00:00
ba811c13f9290726551a031c020f74658a0944e85826d675810275fb,pool1h2q3cyle9yrjv4g6qvwqyrm5vk9qj38gtqndvavpqf6lkgpqvj3,Inactive,https://raw.githubusercontent.com/input-output-hk/spo-incentives/main/report-november-2025/scripts/inactive-pools.txt,2026-05-19T23:10:03+00:00
ba98b30a3ad9639535c5dcebfe5f558f94bf16a084b0142e2900664c,pool1h2vtxz36m93e2dw9mn4luh64372t794qsjcpgt3fqpnycc8qh3z,Inactive,https://raw.githubusercontent.com/input-output-hk/spo-incentives/main/report-november-2025/scripts/inactive-pools.txt,2026-05-19T23:10:03+00:00
bd50a2d0dc45aba9348665774a10a3096df9bed4b90e925956ee534e,pool1h4g295xugk46jdyxv4m55y9rp9kln0k5hy8fyk2kaef5u3gmt8y,Inactive,https://raw.githubusercontent.com/input-output-hk/spo-incentives/main/report-november-2025/scripts/inactive-pools.txt,2026-05-19T23:10:03+00:00
bd66ad684a309ecf52a049f9c7970def81a3a024dae8dfa6a23619f4,pool1h4n266z2xz0v754qf8uu09cda7q68gpymt5dlf4zxcvlg3hq3r7,Inactive,https://raw.githubusercontent.com/input-output-hk/spo-incentives/main/report-november-2025/scripts/inactive-pools.txt,2026-05-19T23:10:03+00:00
bd23a3c0401818927966c506af93a4798d54b02a744fb8383f05a7d3,pool1h5368szqrqvfy7txc5r2lyay0xx4fvp2w38mswplqknax8l9wl2,Inactive,https://raw.githubusercontent.com/input-output-hk/spo-incentives/main/report-november-2025/scripts/inactive-pools.txt,2026-05-19T23:10:03+00:00
bd17f6db0e4ac339ba552216969d70d6cd6c31e0266055f365b98caf,pool1h5tldkcwftpnnwj4ygtfd8ts6mxkcv0qyes9tum9hxx27zrjzpf,Inactive,https://raw.githubusercontent.com/input-output-hk/spo-incentives/main/report-november-2025/scripts/inactive-pools.txt,2026-05-19T23:10:03+00:00
bd384c4b9e9d03c34d58b26c11769478d3a95aab70f594bef0d992bf,pool1h5uycju7n5puxn2ckfkpza550rf6jk4twr6ef0hsmxft78ajt6q,Inactive,https://raw.githubusercontent.com/input-output-hk/spo-incentives/main/report-november-2025/scripts/inactive-pools.txt,2026-05-19T23:10:03+00:00
bd0cdc8bd27cf19720d0aece925a4b2c85c21f4b3e5fbf6fdb57fc57,pool1h5xdez7j0ncewgxs4m8fykjt9jzuy86t8e0m7m7m2l79w4jzzk2,Inactive,https://raw.githubusercontent.com/input-output-hk/spo-incentives/main/report-november-2025/scripts/inactive-pools.txt,2026-05-19T23:10:03+00:00
bfa7c439d42281ead6349f5a8d21088494f9ca8c8b40f72912706206,pool1h7nugww5y2q74435nadg6gggsj20nj5v3dq0w2gjwp3qvrpvgzh,Inactive,https://raw.githubusercontent.com/input-output-hk/spo-incentives/main/report-november-2025/scripts/inactive-pools.txt,2026-05-19T23:10:03+00:00
b9f4aa5b4c8099926caa0766d33a4c8bb73cdb14a9c82c6423a38e72,pool1h8625k6vszveym92qandxwjv3wmnekc548yzcepr5w88ys824pg,Inactive,https://raw.githubusercontent.com/input-output-hk/spo-incentives/main/report-november-2025/scripts/inactive-pools.txt,2026-05-19T23:10:03+00:00
bf7cf0300e9ee6e0f7d9a7a842ad04357dd728a36585e8ee69aa8547,pool1ha70qvqwnmnwpa7e575y9tgyx47aw29rvkz73mnf42z5wet5dr3,Inactive,https://raw.githubusercontent.com/input-output-hk/spo-incentives/main/report-november-2025/scripts/inactive-pools.txt,2026-05-19T23:10:03+00:00
be1078775557de6c9116130289c6099520a267820ba1eebd040909e4,pool1hcg8sa642l0xeygkzvpgn3sfj5s2yeuzpws7a0gypyy7grrjcje,Inactive,https://raw.githubusercontent.com/input-output-hk/spo-incentives/main/report-november-2025/scripts/inactive-pools.txt,2026-05-19T23:10:03+00:00
bb683d2acbe5636a4570b046734ba709174b698e8292627c1bf5c342,pool1hd5r62ktu43k53tskpr8xja8pyt5k6vws2fxylqm7hp5ye954ea,Inactive,https://raw.githubusercontent.com/input-output-hk/spo-incentives/main/report-november-2025/scripts/inactive-pools.txt,2026-05-19T23:10:03+00:00
bb51f636269d36f47c068fcf827a3d937e614fc25fd827708bbc8b4b,pool1hdglvd3xn5m0glqx3l8cy73ajdlxzn7ztlvzwuythj95kwnmvwe,Inactive,https://raw.githubusercontent.com/input-output-hk/spo-incentives/main/report-november-2025/scripts/inactive-pools.txt,2026-05-19T23:10:03+00:00
bb788f2b96ce42d300c27cf2e3e633b829825ad388476215c818a8b4,pool1hdug72ukeepdxqxz0new8e3nhq5cykkn3prky9wgrz5tgyf4ty2,Inactive,https://raw.githubusercontent.com/input-output-hk/spo-incentives/main/report-november-2025/scripts/inactive-pools.txt,2026-05-19T23:10:03+00:00
ba4d2838d574c29db7add69f7608d5b4e574c55c7211a72213004a73,pool1hfxjswx4wnpfmdad660hvzx4knjhf32uwgg6wgsnqp98x9zz927,Inactive,https://raw.githubusercontent.com/input-output-hk/spo-incentives/main/report-november-2025/scripts/inactive-pools.txt,2026-05-19T23:10:03+00:00
ba0ece7ab72765406f5a240f1c3d1b1d6b2d690ab1e0584e15badcaf,pool1hg8vu74hyaj5qm66ys83c0gmr44j66g2k8s9sns4htw27whsqwf,Inactive,https://raw.githubusercontent.com/input-output-hk/spo-incentives/main/report-november-2025/scripts/inactive-pools.txt,2026-05-19T23:10:03+00:00
ba0a426443de9b0fb8a0f6bd3a2ffc782cac618dad8a5ae98cf13686,pool1hg9yyezrm6dslw9q767n5tlu0qk2ccvd4k9946vv7ymgvsvnttf,Inactive,https://raw.githubusercontent.com/input-output-hk/spo-incentives/main/report-november-2025/scripts/inactive-pools.txt,2026-05-19T23:10:03+00:00
ba2d0f9c91d47c939c57caf483c8f0c81561074c50175c2d5be9ba61,pool1hgksl8y3637f88zhet6g8j8seq2kzp6v2qt4ct2maxaxzt0pmmj,Inactive,https://raw.githubusercontent.com/input-output-hk/spo-incentives/main/report-november-2025/scripts/inactive-pools.txt,2026-05-19T23:10:03+00:00
bdfe2e348209de6c5fc37b3bb050f70b6700f51c5b10070570d8debb,pool1hhlzudyzp80xch7r0vamq58hpdnspagutvgqwptsmr0tk2425vf,Inactive,https://raw.githubusercontent.com/input-output-hk/spo-incentives/main/report-november-2025/scripts/inactive-pools.txt,2026-05-19T23:10:03+00:00
bcbf6dac1ce76696339b4ba1c8968868f6b8eacdebcda739c1156c0c,pool1hjlkmtquuanfvvumfwsu395gdrmt36kda0x6wwwpz4kqctg5lyy,Inactive,https://raw.githubusercontent.com/input-output-hk/spo-incentives/main/report-november-2025/scripts/inactive-pools.txt,2026-05-19T23:10:03+00:00
bc8553a9b0b33cc6622e0ed0e22bac378f5c2b4601d940e0eddbe79d,pool1hjz482dskv7vvc3wpmgwy2avx784c26xq8v5pc8dm0ne6shyfzr,Inactive,https://raw.githubusercontent.com/input-output-hk/spo-incentives/main/report-november-2025/scripts/inactive-pools.txt,2026-05-19T23:10:03+00:00
bda87c913542f74a8cd19ffc15474e5ed58d1dbb42939de0604145a0,pool1hk58eyf4gtm54rx3nl7p236wtm2c68dmg2femcrqg9z6qeajcc9,Inactive,https://raw.githubusercontent.com/input-output-hk/spo-incentives/main/report-november-2025/scripts/inactive-pools.txt,2026-05-19T23:10:03+00:00
bdb9b662c02ffc5ed908cd2bc44cddaccfa86a32d4997db0d447b081,pool1hkumvckq9l79akgge54ugnxa4n86s63j6jvhmvx5g7cgz7nc6cs,Inactive,https://raw.githubusercontent.com/input-output-hk/spo-incentives/main/report-november-2025/scripts/inactive-pools.txt,2026-05-19T23:10:03+00:00
bfcab9bc01e4930868b7d4871764387e7cbe6058b853cf4f95df5efd,pool1hl9tn0qpujfss69h6jr3wepc0e7tuczchpfu7nu4ma006u5scfw,Inactive,https://raw.githubusercontent.com/input-output-hk/spo-incentives/main/report-november-2025/scripts/inactive-pools.txt,2026-05-19T23:10:03+00:00
bee94b093627ffeaf8007668e9fc1fe7a96596fb8ea727e47cbe45e7,pool1hm55kzfkyll747qqwe5wnlqlu75kt9hm36nj0eruhez7wqyd58p,Inactive,https://raw.githubusercontent.com/input-output-hk/spo-incentives/main/report-november-2025/scripts/inactive-pools.txt,2026-05-19T23:10:03+00:00
bed1c4b9e2e3969a5eb3e3788b3385022c716523179eb65668ab2e0a,pool1hmgufw0zuwtf5h4nudugkvu9qgk8zefrz70tv4ng4vhq5frzeuf,Inactive,https://raw.githubusercontent.com/input-output-hk/spo-incentives/main/report-november-2025/scripts/inactive-pools.txt,2026-05-19T23:10:03+00:00
bcfd7fb870c5c04b702e70d6d4d98b572bce999041897d0b51f3e215,pool1hn7hlwrschqykupwwrtdfkvt2u4uaxvsgxyh6z63703p2knj288,Inactive,https://raw.githubusercontent.com/input-output-hk/spo-incentives/main/report-november-2025/scripts/inactive-pools.txt,2026-05-19T23:10:03+00:00
b83ec9c4136a2d3cd15cbe691afa7f2437bce3d1240ac6f2c5d0e159,pool1hqlvn3qndgkne52uhe5347nlysmmec73ys9vduk96rs4jzjjyxm,Inactive,https://raw.githubusercontent.com/input-output-hk/spo-incentives/main/report-november-2025/scripts/inactive-pools.txt,2026-05-19T23:10:03+00:00
b8eaba75f450efef459bf9423ed03fecf9b7297299708d4e03103559,pool1hr4t5a052rh773vml9pra5planumw2tjn9cg6nsrzq64jdz907s,Inactive,https://raw.githubusercontent.com/input-output-hk/spo-incentives/main/report-november-2025/scripts/inactive-pools.txt,2026-05-19T23:10:03+00:00
bf1742e852d9959e4f8e59d929dcb48e4485b311c39919f567c6430c,pool1hut596zjmx2eunuwt8vjnh953ezgtvc3cwv3nat8cepsc2jeaxe,Inactive,https://raw.githubusercontent.com/input-output-hk/spo-incentives/main/report-november-2025/scripts/inactive-pools.txt,2026-05-19T23:10:03+00:00
bf0df7e8bb6b5827ccb4120b4e690437898611e9789e3b9f6d2bb562,pool1huxl069mddvz0n95zg95u6gyx7ycvy0f0z0rh8md9w6kyvur9h6,Inactive,https://raw.githubusercontent.com/input-output-hk/spo-incentives/main/report-november-2025/scripts/inactive-pools.txt,2026-05-19T23:10:03+00:00
bba7fd2a907227f0d1dec9da013f17f8a36fbe8bdabfd738873015fa,pool1hwnl625swgnlp5w7e8dqz0chlz3kl05tm2lawwy8xq2l5uz5h0y,Inactive,https://raw.githubusercontent.com/input-output-hk/spo-incentives/main/report-november-2025/scripts/inactive-pools.txt,2026-05-19T23:10:03+00:00
b9bfc3d47135f19aa318a8da017dcd08c120adaa902c4a79488d2498,pool1hxlu84r3xhce4gcc4rdqzlwdprqjptd2jqky572g35jfsjrnzww,Inactive,https://raw.githubusercontent.com/input-output-hk/spo-incentives/main/report-november-2025/scripts/inactive-pools.txt,2026-05-19T23:10:03+00:00
93eb463462dca37fc741a3f1addee172f8a07b1bce26304b8003ed79,pool1j045vdrzmj3hl36p50c6mhhpwtu2q7cmecnrqjuqq0khja02sr0,Inactive,https://raw.githubusercontent.com/input-output-hk/spo-incentives/main/report-november-2025/scripts/inactive-pools.txt,2026-05-19T23:10:03+00:00
93e512ad4d4eec9fa66c1e60d81d9f4ddc8f500ee27a5a72949ba3ed,pool1j0j39t2dfmkflfnvresds8vlfhwg75qwufa95u55nw376ky29r8,Inactive,https://raw.githubusercontent.com/input-output-hk/spo-incentives/main/report-november-2025/scripts/inactive-pools.txt,2026-05-19T23:10:03+00:00
9291e9bad0969e980b02d04d04aae414c85c5f5e8e66f39a5f33e927,pool1j2g7nwksj60fszcz6pxsf2hyzny9ch673en08xjlx05jwxeh2uz,Inactive,https://raw.githubusercontent.com/input-output-hk/spo-incentives/main/report-november-2025/scripts/inactive-pools.txt,2026-05-19T23:10:03+00:00
92be24599ef864df2bcb053295915d06761bba2a619eafb79194f86e,pool1j2lzgkv7lpjd727tq5efty2aqemphw32vx02ldu3jnuxuyvwvyx,Inactive,https://raw.githubusercontent.com/input-output-hk/spo-incentives/main/report-november-2025/scripts/inactive-pools.txt,2026-05-19T23:10:03+00:00
947a2706f7d69d6d6523cc722949c7d83f206e66cd0032ac89dc9a0d,pool1j3azwphh66wk6efre3ezjjw8mqljqmnxe5qr9tyfmjdq6eqe5fc,Inactive,https://raw.githubusercontent.com/input-output-hk/spo-incentives/main/report-november-2025/scripts/inactive-pools.txt,2026-05-19T23:10:03+00:00
952c6f0c2f3f4c46832c35f7c9428c5dd2ca5a4202af57e5a1262ff3,pool1j5kx7rp08axydqevxhmujs5vthfv5kjzq2h40edpychlxg5twqw,Inactive,https://raw.githubusercontent.com/input-output-hk/spo-incentives/main/report-november-2025/scripts/inactive-pools.txt,2026-05-19T23:10:03+00:00
9516ea39c965942ffc04c21f8e4f87ced6da20ab413617f3a4c6a62e,pool1j5tw5wwfvk2zllqycg0cunu8emtd5g9tgymp0uayc6nzujunrhq,Inactive,https://raw.githubusercontent.com/input-output-hk/spo-incentives/main/report-november-2025/scripts/inactive-pools.txt,2026-05-19T23:10:03+00:00
9539696ef32ea50fef0dd5a24dca2c9c931706532c3a3bdbdbf31766,pool1j5ukjmhn96jslmcd6k3ymj3vnjf3wpjn9sarhk7m7vtkv7ll2w3,Inactive,https://raw.githubusercontent.com/input-output-hk/spo-incentives/main/report-november-2025/scripts/inactive-pools.txt,2026-05-19T23:10:03+00:00
96b82f5c51d89b4bcf109b1ae7d41ef1e96098d562459d1f42cd9bf2,pool1j6uz7hz3mzd5hncsnvdw04q7785kpxx4vfze686zekdly7jz7gl,Inactive,https://raw.githubusercontent.com/input-output-hk/spo-incentives/main/report-november-2025/scripts/inactive-pools.txt,2026-05-19T23:10:03+00:00
97b0409242be13c23d10e614c5b6a7c06187f17b0580f2a65f0d1a88,pool1j7cypyjzhcfuy0gsuc2vtd48cpsc0utmqkq09fjlp5dgsjrs7pg,Inactive,https://raw.githubusercontent.com/input-output-hk/spo-incentives/main/report-november-2025/scripts/inactive-pools.txt,2026-05-19T23:10:03+00:00
91c7103cac7acd53a7c7e56c6fb77db0c8d89ebcb6b0828c7f14aebe,pool1j8r3q09v0tx48f78u4kxldmakryd384uk6cg9rrlzjhtu93027r,Inactive,https://raw.githubusercontent.com/input-output-hk/spo-incentives/main/report-november-2025/scripts/inactive-pools.txt,2026-05-19T23:10:03+00:00
91403c390a3ed10e44e1a4ac3705774a681dee8e6842345d0a30d892,pool1j9qrcwg28mgsu38p5jkrwpthff5pmm5wdpprghg2xrvfyfcm5ls,Inactive,https://raw.githubusercontent.com/input-output-hk/spo-incentives/main/report-november-2025/scripts/inactive-pools.txt,2026-05-19T23:10:03+00:00
96155e7994343ae2b5da83d895cbab3c21838f95c3f971c8e20ee3c8,pool1jc24u7v5xsaw9dw6s0vftjat8ssc8ru4c0uhrj8zpm3usnrp03t,Inactive,https://raw.githubusercontent.com/input-output-hk/spo-incentives/main/report-november-2025/scripts/inactive-pools.txt,2026-05-19T23:10:03+00:00
9602e5a298ce8c3aa991f4ed1376fb6f1c381fdb63741b6caa679725,pool1jcpwtg5ce6xr42v37nk3xahmduwrs87mvd6pkm92v7tj2ux8v5j,Inactive,https://raw.githubusercontent.com/input-output-hk/spo-incentives/main/report-november-2025/scripts/inactive-pools.txt,2026-05-19T23:10:03+00:00
96692d1db846df724d954b54b51a01fefadabfad9e79a3b031bd67fc,pool1je5j68dcgm0hynv4fd2t2xsplmad40adneu68vp3h4nlcdaznwc,Inactive,https://raw.githubusercontent.com/input-output-hk/spo-incentives/main/report-november-2025/scripts/inactive-pools.txt,2026-05-19T23:10:03+00:00
9642616c1f92eeb4b3062b6f80f864820b3abc5a91865c3bc5d46ef0,pool1jepxzmqljthtfvcx9dhcp7rysg9n40z6jxr9cw7963h0qv8mz60,Inactive,https://raw.githubusercontent.com/input-output-hk/spo-incentives/main/report-november-2025/scripts/inactive-pools.txt,2026-05-19T23:10:03+00:00
9679adda758c30723c89a49cb49348a131efec8b8861b52ffccf8294,pool1jeu6mkn43sc8y0yf5jwtfy6g5yc7lmyt3psm2tlue7pfg8deygg,Inactive,https://raw.githubusercontent.com/input-output-hk/spo-incentives/main/report-november-2025/scripts/inactive-pools.txt,2026-05-19T23:10:03+00:00
964d8d35d91603e0dcfbc64891ee8ffeba0e503ca96bf627bc8bcb55,pool1jexc6dwezcp7ph8mceyfrm50l6aqu5pu494lvfau309422t9c6z,Inactive,https://raw.githubusercontent.com/input-output-hk/spo-incentives/main/report-november-2025/scripts/inactive-pools.txt,2026-05-19T23:10:03+00:00
95eb8ea6bd4ce4d44f27d969d6b6e58e7c24e85f999e1b513fc309f8,pool1jh4caf4afnjdgne8m95addh93e7zf6zlnx0pk5flcvylsps7nsp,Inactive,https://raw.githubusercontent.com/input-output-hk/spo-incentives/main/report-november-2025/scripts/inactive-pools.txt,2026-05-19T23:10:03+00:00
95e81a695eb880668a5c5a73311e208782a02efdad9905c6f079d458,pool1jh5p5627hzqxdzjutfenz83qs7p2qtha4kvst3hs0829sdc0ksm,Inactive,https://raw.githubusercontent.com/input-output-hk/spo-incentives/main/report-november-2025/scripts/inactive-pools.txt,2026-05-19T23:10:03+00:00
95beb97c96a9eae0b477ca9f096d0041aee788c7f9b4bdfeaeb046ba,pool1jkltjlyk484wpdrhe20sjmgqgxhw0zx8lx6tml4wkprt5z28tvw,Inactive,https://raw.githubusercontent.com/input-output-hk/spo-incentives/main/report-november-2025/scripts/inactive-pools.txt,2026-05-19T23:10:03+00:00
94f301e31579d6f13622eb6c65261aa71010d9895e3f9fb5ebc3e4a6,pool1jnesrcc408t0zd3zadkx2fs65ugppkvftcleld0tc0j2v7zsvej,Inactive,https://raw.githubusercontent.com/input-output-hk/spo-incentives/main/report-november-2025/scripts/inactive-pools.txt,2026-05-19T23:10:03+00:00
9062e5b6e80e79a02691e05d41f03d0397ff044cc738424de93f2264,pool1jp3wtdhgpeu6qf53upw5rupaqwtl7pzvcuuyyn0f8u3xgx5755y,Inactive,https://raw.githubusercontent.com/input-output-hk/spo-incentives/main/report-november-2025/scripts/inactive-pools.txt,2026-05-19T23:10:03+00:00
9075ebe17e99f4b6d87e01869bc40f37cbe88ffa29f5deb8d61805a7,pool1jp67hct7n86tdkr7qxrfh3q0xl973rl6986aawxkrqz6wq4ymc9,Inactive,https://raw.githubusercontent.com/input-output-hk/spo-incentives/main/report-november-2025/scripts/inactive-pools.txt,2026-05-19T23:10:03+00:00
904a1fe085e000f21e2a848af1d5f0cb5f14aca19604e2544822a973,pool1jp9plcy9uqq0y832sj90r40sed03ft9pjczwy4zgy25hx9cj79e,Inactive,https://raw.githubusercontent.com/input-output-hk/spo-incentives/main/report-november-2025/scripts/inactive-pools.txt,2026-05-19T23:10:03+00:00
906f31ea6767ae8a8ef0de7ea8689c9cbbf5dfa37f98cf0dcc442c4a,pool1jphnr6n8v7hg4rhsmel2s6yunjalthar07vv7rwvgsky5q8k49h,Inactive,https://raw.githubusercontent.com/input-output-hk/spo-incentives/main/report-november-2025/scripts/inactive-pools.txt,2026-05-19T23:10:03+00:00
902303e776dc62a9f98d8ce9eeee428058b8dc88bd5c0810318861c4,pool1jq3s8emkm332n7vd3n57amjzspvt3hygh4wqsyp33psugvw7zc0,Inactive,https://raw.githubusercontent.com/input-output-hk/spo-incentives/main/report-november-2025/scripts/inactive-pools.txt,2026-05-19T23:10:03+00:00
901ac459f88266e4aec29e984179203c23a7eb9cd5bcee94c39be411,pool1jqdvgk0csfnwftkzn6vyz7fq8s3606uu6k7wa9xrn0jpzg4r304,Inactive,https://raw.githubusercontent.com/input-output-hk/spo-incentives/main/report-november-2025/scripts/inactive-pools.txt,2026-05-19T23:10:03+00:00
901365128eb65b5848262c0069e9bbe2cf702a6507c7926c0b09b98a,pool1jqfk2y5wked4sjpx9sqxn6dmut8hq2n9qlreymqtpxuc5l38fl0,Inactive,https://raw.githubusercontent.com/input-output-hk/spo-incentives/main/report-november-2025/scripts/inactive-pools.txt,2026-05-19T23:10:03+00:00
900c13de6f239a34471f15fa5c2b9e05e2285f47e528ebd1ec6ef38e,pool1jqxp8hn0ywdrg3clzha9c2u7qh3zsh68u55wh50vdmecupc5rxs,Inactive,https://raw.githubusercontent.com/input-output-hk/spo-incentives/main/report-november-2025/scripts/inactive-pools.txt,2026-05-19T23:10:03+00:00
90e1b6f74ae747a8b8736eda88cb816af7b5c0db9817ad0e3bdc62e9,pool1jrsmda62uar63wrndmdg3jupdtmmtsxmnqt66r3mm33wj2fd2yh,Inactive,https://raw.githubusercontent.com/input-output-hk/spo-incentives/main/report-november-2025/scripts/inactive-pools.txt,2026-05-19T23:10:03+00:00
90e0b2f701fa0162d2ba28b9a39994348ef57c06ce8ea94a0d8944ad,pool1jrst9acplgqk95469zu68xv5xj802lqxe682jjsd39z26ddj8ur,Inactive,https://raw.githubusercontent.com/input-output-hk/spo-incentives/main/report-november-2025/scripts/inactive-pools.txt,2026-05-19T23:10:03+00:00
9423f5591c5eaa1189e07f4e13780b23798fa771baadc60ff44245b2,pool1js3l2kgut64prz0q0a8px7qtyduclfm3h2kuvrl5gfzmy0waxyt,Inactive,https://raw.githubusercontent.com/input-output-hk/spo-incentives/main/report-november-2025/scripts/inactive-pools.txt,2026-05-19T23:10:03+00:00
943da8ae2476a294c0c00f379397d513e376ff759b5b3c8ae9ff74d8,pool1js763t3yw63ffsxqpume8974z03hdlm4nddnezhfla6dskln37v,Inactive,https://raw.githubusercontent.com/input-output-hk/spo-incentives/main/report-november-2025/scripts/inactive-pools.txt,2026-05-19T23:10:03+00:00
9420db4c48822a9dc59e7f1971ad325f6ce08e80d19ed761e9c25277,pool1jssdknzgsg4fm3v70uvhrtfjtakwpr5q6x0dwc0fcff8wtd05f6,Inactive,https://raw.githubusercontent.com/input-output-hk/spo-incentives/main/report-november-2025/scripts/inactive-pools.txt,2026-05-19T23:10:03+00:00
92fa0e1ad3206734353ce250c357c14b2d64218c9fdc430f4a461d0f,pool1jtaquxknypnngdfuufgvx47pfvkkggvvnlwyxr62gcws7gym7nc,Inactive,https://raw.githubusercontent.com/input-output-hk/spo-incentives/main/report-november-2025/scripts/inactive-pools.txt,2026-05-19T23:10:03+00:00
971efddb839156553e0beb5a46c7f328ca7b596689e43c8de209d594,pool1ju00mkurj9t920staddyd3ln9r98kktx38jrer0zp82eg8x36jf,Inactive,https://raw.githubusercontent.com/input-output-hk/spo-incentives/main/report-november-2025/scripts/inactive-pools.txt,2026-05-19T23:10:03+00:00
9390bd2c8d16935b3bdfeaae6301c203f67806511e492e3cf3dbfc69,pool1jwgt6tydz6f4kw7la2hxxqwzq0m8spj3reyju08nm07xjnlg3d0,Inactive,https://raw.githubusercontent.com/input-output-hk/spo-incentives/main/report-november-2025/scripts/inactive-pools.txt,2026-05-19T23:10:03+00:00
9382bd037bb313c831dd9d5250a6f3f07f286e31fe009f2564ec76bc,pool1jwpt6qmmkvfusvwan4f9pfhn7pljsm33lcqf7ftya3mtc0fs2nz,Inactive,https://raw.githubusercontent.com/input-output-hk/spo-incentives/main/report-november-2025/scripts/inactive-pools.txt,2026-05-19T23:10:03+00:00
90aacd881415b2dcef4ec84f829526eacc86137f63450280c69f8d0e,pool1jz4vmzq5zkedem6wep8c99fxatxgvymlvdzs9qxxn7xsuv4m8um,Inactive,https://raw.githubusercontent.com/input-output-hk/spo-incentives/main/report-november-2025/scripts/inactive-pools.txt,2026-05-19T23:10:03+00:00
b3db480adb141da7c6845c3676b3d46d72ee5116dfb1e6de12e20bc6,pool1k0d5szkmzsw6035ytsm8dv75d4ewu5gkm7c7dhsjug9uvkaunz3,Inactive,https://raw.githubusercontent.com/input-output-hk/spo-incentives/main/report-november-2025/scripts/inactive-pools.txt,2026-05-19T23:10:03+00:00
b3ef5a5b10492724903f44f400f5d57ce3867f0368c9913ea6abfa40,pool1k0h45kcsfynjfyplgn6qpaw40n3cvlcrdryez04x40ayq6w9dgh,Inactive,https://raw.githubusercontent.com/input-output-hk/spo-incentives/main/report-november-2025/scripts/inactive-pools.txt,2026-05-19T23:10:03+00:00
b3f8ca26f01faaecbdde426ccd6fc328d216204ae799ad04397b0d06,pool1k0uv5fhsr74we0w7gfkv6m7r9rfpvgz2u7v66ppe0vxsvj0pzvt,Inactive,https://raw.githubusercontent.com/input-output-hk/spo-incentives/main/report-november-2025/scripts/inactive-pools.txt,2026-05-19T23:10:03+00:00
b3dde9d069334484982439b4bf0924d052e18695867d915cc6cb546f,pool1k0w7n5rfxdzgfxpy8x6t7zfy6pfwrp54se7ezhxxed2x7mfmszy,Inactive,https://raw.githubusercontent.com/input-output-hk/spo-incentives/main/report-november-2025/scripts/inactive-pools.txt,2026-05-19T23:10:03+00:00
b2b4955394e01973724a79a21f2ac6a20d5fe3543a694b0e2a392861,pool1k26f25u5uqvhxuj20x3p72kx5gx4lc658f55kr328y5xzh0x4et,Inactive,https://raw.githubusercontent.com/input-output-hk/spo-incentives/main/report-november-2025/scripts/inactive-pools.txt,2026-05-19T23:10:03+00:00
b28779182109fd6a9ce24e7855aab7fd64890e58019c94541e9639a7,pool1k2rhjxppp87k488zfeu9t24hl4jgjrjcqxwfg4q7jcu6wvkfwpn,Inactive,https://raw.githubusercontent.com/input-output-hk/spo-incentives/main/report-november-2025/scripts/inactive-pools.txt,2026-05-19T23:10:03+00:00
b53b4cc49f676350076e691ccf267ea39714099554725e394cdba830,pool1k5a5e3ylva34qpmwdywv7fn75wt3gzv423e9uw2vmw5rqjc2q7t,Inactive,https://raw.githubusercontent.com/input-output-hk/spo-incentives/main/report-november-2025/scripts/inactive-pools.txt,2026-05-19T23:10:03+00:00
b6a8cdb5fc211f6a649fe4dddb34a5d964f9aae924ec6134b5f295ed,pool1k65vmd0uyy0k5eylunwakd99m9j0n2hfynkxzd9472276m32p50,Inactive,https://raw.githubusercontent.com/input-output-hk/spo-incentives/main/report-november-2025/scripts/inactive-pools.txt,2026-05-19T23:10:03+00:00
b6b911b7f178f893d01190458490155f5fcd8ccdfae2f1e026003b0e,pool1k6u3rdl30ruf85q3jpzcfyq4ta0umrxdlt30rcpxqqasumcnkgu,Inactive,https://raw.githubusercontent.com/input-output-hk/spo-incentives/main/report-november-2025/scripts/inactive-pools.txt,2026-05-19T23:10:03+00:00
b7bb060d4c6a8f2339544c2e509b165d096eb6f33f3b531cece44ad1,pool1k7asvr2vd28jxw25fsh9pxckt5ykadhn8ua4x88vu39dzquvqvh,Inactive,https://raw.githubusercontent.com/input-output-hk/spo-incentives/main/report-november-2025/scripts/inactive-pools.txt,2026-05-19T23:10:03+00:00
b7adcac00cc844b7012c04bce975b8838badf67871127805642af6f9,pool1k7ku4sqvepztwqfvqj7wjadcsw96mancwyf8spty9tm0jfnwls9,Inactive,https://raw.githubusercontent.com/input-output-hk/spo-incentives/main/report-november-2025/scripts/inactive-pools.txt,2026-05-19T23:10:03+00:00
b1fe7ac3669604156c20dcfc08355197af5637c37750d862039670c4,pool1k8l84smxjczp2mpqmn7qsd23j7h4vd7rwagdscsrjecvgplkmw8,Inactive,https://raw.githubusercontent.com/input-output-hk/spo-incentives/main/report-november-2025/scripts/inactive-pools.txt,2026-05-19T23:10:03+00:00
b1f66fdf23c559b4d8a1d9a0f1d95e06f918008f441b8b550e6f054f,pool1k8mxlherc4vmfk9pmxs0rk27qmu3sqy0gsdck4gwduz57xsepak,Inactive,https://raw.githubusercontent.com/input-output-hk/spo-incentives/main/report-november-2025/scripts/inactive-pools.txt,2026-05-19T23:10:03+00:00
b1dde27cdda55577137376f9cd867c68bd22f7343a9c0ce0cc2cd551,pool1k8w7ylxa542hwymnwmuumpnudz7j9ae582wqecxv9n24zu8fptq,Inactive,https://raw.githubusercontent.com/input-output-hk/spo-incentives/main/report-november-2025/scripts/inactive-pools.txt,2026-05-19T23:10:03+00:00
b163df2fa2b6b9723c395683de16ebb9265b6d6dc37e5c8e96715c75,pool1k93a7tazk6uhy0pe26pau9hthyn9kmtdcdl9er5kw9w82fl5j2w,Inactive,https://raw.githubusercontent.com/input-output-hk/spo-incentives/main/report-november-2025/scripts/inactive-pools.txt,2026-05-19T23:10:03+00:00
b74e0d6c8aed1399cc2354f6395082df55e6a936cb0ffd85202bec61,pool1ka8q6my2a5fennpr2nmrj5yzma27d2fkev8lmpfq90kxzjszwgm,Inactive,https://raw.githubusercontent.com/input-output-hk/spo-incentives/main/report-november-2025/scripts/inactive-pools.txt,2026-05-19T23:10:03+00:00
b61cab024af033e9ae022a6ec2308c0a7c11e3eec5240ae1cf011b7f,pool1kcw2kqj27qe7ntsz9fhvyvyvpf7prclwc5jq4cw0qydh7cygcek,Inactive,https://raw.githubusercontent.com/input-output-hk/spo-incentives/main/report-november-2025/scripts/inactive-pools.txt,2026-05-19T23:10:03+00:00
b61c90b354ea31f470a1d672b9e8d503c5930903a3158f9554a03ee9,pool1kcwfpv65agclgu9p6eetn6x4q0zexzgr5v2cl9255qlwjjqr56v,Inactive,https://raw.githubusercontent.com/input-output-hk/spo-incentives/main/report-november-2025/scripts/inactive-pools.txt,2026-05-19T23:10:03+00:00
b36f71c3e7eb34810fcc1a6807e82ef8e033eaba75a5643ef4a3d6ed,pool1kdhhrsl8av6gzr7vrf5q06pwlrsr8646wkjkg0h550tw6vxf8mv,Inactive,https://raw.githubusercontent.com/input-output-hk/spo-incentives/main/report-november-2025/scripts/inactive-pools.txt,2026-05-19T23:10:03+00:00
b3471fb159f5e8b345018a5c309afd91f06bf99552b8e91eb9980c9d,pool1kdr3lv2e7h5tx3gp3fwrpxhaj8cxh7v422uwj84enqxf6j5flj7,Inactive,https://raw.githubusercontent.com/input-output-hk/spo-incentives/main/report-november-2025/scripts/inactive-pools.txt,2026-05-19T23:10:03+00:00
b644a434017014d899b4b5015ccf3da16013af680408b78d7b4199c2,pool1kez2gdqpwq2d3xd5k5q4enea59sp8tmgqsyt0rtmgxvuyykz8qg,Inactive,https://raw.githubusercontent.com/input-output-hk/spo-incentives/main/report-november-2025/scripts/inactive-pools.txt,2026-05-19T23:10:03+00:00
b5dccc08f2117bcb5236d14e47207aeee0af5c6253d93700ca6d4c84,pool1khwvcz8jz9auk53k698ywgr6ams27hrz20vnwqx2d4xggscp93f,Inactive,https://raw.githubusercontent.com/input-output-hk/spo-incentives/main/report-november-2025/scripts/inactive-pools.txt,2026-05-19T23:10:03+00:00
b7d4ce778e4e2967f5893faa4dd178dbea47754a48ff980afc967189,pool1kl2vuauwfc5k0avf874ym5tcm04ywa22frleszhujeccj4va3lt,Inactive,https://raw.githubusercontent.com/input-output-hk/spo-incentives/main/report-november-2025/scripts/inactive-pools.txt,2026-05-19T23:10:03+00:00
b7ff8d79337bc800a52e3e4ad04ff8ef7d18dcbca4dc62f9975cbee5,pool1kllc67fn00yqpffw8e9dqnlcaa733h9u5nwx97vhtjlw2t5e56j,Inactive,https://raw.githubusercontent.com/input-output-hk/spo-incentives/main/report-november-2025/scripts/inactive-pools.txt,2026-05-19T23:10:03+00:00
b7c07212231ead5c8bdc75842a5b912709b8e728d2153cc4254d6f31,pool1klq8yy3rr6k4ez7uwkzz5ku3yuym3eeg6g2ne3p9f4hnzfycfkl,Inactive,https://raw.githubusercontent.com/input-output-hk/spo-incentives/main/report-november-2025/scripts/inactive-pools.txt,2026-05-19T23:10:03+00:00
b6ce7dfaa67ff48e98aebf1c561f495e64e12cc4457a34de98e8d726,pool1km88m74x0l6gax9whuw9v86ftejwztxyg4arfh5cartjv8eqsze,Inactive,https://raw.githubusercontent.com/input-output-hk/spo-incentives/main/report-november-2025/scripts/inactive-pools.txt,2026-05-19T23:10:03+00:00
b4df42b89ce252f80c235b3896455e5de9557eb855334bdf1b77e122,pool1kn059wyuuff0srprtvufv327th542l4c25e5hhcmwlsjymwr32d,Inactive,https://raw.githubusercontent.com/input-output-hk/spo-incentives/main/report-november-2025/scripts/inactive-pools.txt,2026-05-19T23:10:03+00:00
b05eeffac69bc4ba197bfb7ca814e366b320f12cfc4a0b2b57296608,pool1kp0wl7kxn0zt5xtmld72s98rv6ejpufvl39qk26h99nqshmkmge,Inactive,https://raw.githubusercontent.com/input-output-hk/spo-incentives/main/report-november-2025/scripts/inactive-pools.txt,2026-05-19T23:10:03+00:00
b00248b73456dfe66470efc760369e72817a60598bb8170d06897744,pool1kqpy3de52m07versalrkqd57w2qh5cze3wupwrgx39m5gvtkjct,Inactive,https://raw.githubusercontent.com/input-output-hk/spo-incentives/main/report-november-2025/scripts/inactive-pools.txt,2026-05-19T23:10:03+00:00
b00701f9efdab5e01562a85d51cb28d1676eded477091b59d5f1494d,pool1kqrsr700m267q9tz4pw4rjeg69nkahk5wuy3kkw479y56fqfy9t,Inactive,https://raw.githubusercontent.com/input-output-hk/spo-incentives/main/report-november-2025/scripts/inactive-pools.txt,2026-05-19T23:10:03+00:00
b00c8925e2fe9e839d26fc7e7585dca2820f1f308c6c0277b740d5df,pool1kqxgjf0zl60g88fxl3l8tpwu52pq78es33kqyaahgr2a7xh9g9t,Inactive,https://raw.githubusercontent.com/input-output-hk/spo-incentives/main/report-november-2025/scripts/inactive-pools.txt,2026-05-19T23:10:03+00:00
b2d05bb3b93dbfc74c6a2dafbec7666f929948b6a7de49341fdf452c,pool1ktg9hvae8kluwnr29khma3mxd7ffjj9k5l0yjdqlmazjclv4j3d,Inactive,https://raw.githubusercontent.com/input-output-hk/spo-incentives/main/report-november-2025/scripts/inactive-pools.txt,2026-05-19T23:10:03+00:00
b3339c70f7355b6387251ed950557270ca6d822f9f71c507a9cfe572,pool1kveecu8hx4dk8pe9rmv4q4tjwr9xmq30nacu2pafeljhypcn4wt,Inactive,https://raw.githubusercontent.com/input-output-hk/spo-incentives/main/report-november-2025/scripts/inactive-pools.txt,2026-05-19T23:10:03+00:00
b1b2d76b11afa2fbc6b5f89f078b47a9defa00707975f3fd4ebe1df2,pool1kxedw6c34730h344lz0s0z6848005qrs096l8l2whcwly3rcl27,Inactive,https://raw.githubusercontent.com/input-output-hk/spo-incentives/main/report-november-2025/scripts/inactive-pools.txt,2026-05-19T23:10:03+00:00
b192c61f27e17034a091484e5bff17cdf8b1c805733d7e9bcd3423f8,pool1kxfvv8e8u9crfgy3fp89hlchehutrjq9wv7hax7dxs3lsjuw9kc,Inactive,https://raw.githubusercontent.com/input-output-hk/spo-incentives/main/report-november-2025/scripts/inactive-pools.txt,2026-05-19T23:10:03+00:00
b184983ad746364edefafa64125386bfa801427f204778d68feb0b24,pool1kxzfswkhgcmyahh6lfjpy5uxh75qzsnlyprh3450av9jghsda89,Inactive,https://raw.githubusercontent.com/input-output-hk/spo-incentives/main/report-november-2025/scripts/inactive-pools.txt,2026-05-19T23:10:03+00:00
b1275323971b74f7caa42d99680562958f6adc541b70331a20746568,pool1kyn4xguhrd600j4y9kvksptzjk8k4hz5rdcrxx3qw3jksuwjnwz,Inactive,https://raw.githubusercontent.com/input-output-hk/spo-incentives/main/report-november-2025/scripts/inactive-pools.txt,2026-05-19T23:10:03+00:00
b09e8bd0fa5cca9bfbc9463d9d957fd34eacc7e4a038e83189cb1901,pool1kz0gh586tn9fh77fgc7em9tl6d82e3ly5quwsvvfevvszt64g8d,Inactive,https://raw.githubusercontent.com/input-output-hk/spo-incentives/main/report-november-2025/scripts/inactive-pools.txt,2026-05-19T23:10:03+00:00
fbf6417eaf8dfcf6ab4163b73a2602fbb844d48577d7fc6b935f9fa1,pool1l0myzl403h70d26pvwmn5fszlwuyf4y9wltlc6unt706zlqx3zc,Inactive,https://raw.githubusercontent.com/input-output-hk/spo-incentives/main/report-november-2025/scripts/inactive-pools.txt,2026-05-19T23:10:03+00:00
fa85e8d57c44e755f32583b5989663d0708679c024c23ed77d156455,pool1l2z734tugnn4tue9sw6e39nr6pcgv7wqynpra4maz4j92wzws8c,Inactive,https://raw.githubusercontent.com/input-output-hk/spo-incentives/main/report-november-2025/scripts/inactive-pools.txt,2026-05-19T23:10:03+00:00
fc4ff363be5882f58c1968cbee41af158e5028dea8079150d8ea4d9c,pool1l38lxca7tzp0trqedr97usd0zk89q2x74qrez5xcafxechcw452,Inactive,https://raw.githubusercontent.com/input-output-hk/spo-incentives/main/report-november-2025/scripts/inactive-pools.txt,2026-05-19T23:10:03+00:00
fc4697dcf0d25ae3a2ac21c08f25d173a4793771ba1ee738989b2473,pool1l3rf0h8s6fdw8g4vy8qg7fw3wwj8jdm3hg0wwwycnvj8xcl2ps8,Inactive,https://raw.githubusercontent.com/input-output-hk/spo-incentives/main/report-november-2025/scripts/inactive-pools.txt,2026-05-19T23:10:03+00:00
fd5f25b7d7c95ac5795b6fa46094985ca88fe28538f4d8a68661620b,pool1l40jtd7he9dv272md7jxp9yctj5glc598r6d3f5xv93qkx3e5z5,Inactive,https://raw.githubusercontent.com/input-output-hk/spo-incentives/main/report-november-2025/scripts/inactive-pools.txt,2026-05-19T23:10:03+00:00
fd2b9830f7a1a43217708c815dcd352b1cb89386fd12de343e905a65,pool1l54esv8h5xjry9ms3jq4mnf49vwt3yuxl5fdudp7jpdx2swuaah,Inactive,https://raw.githubusercontent.com/input-output-hk/spo-incentives/main/report-november-2025/scripts/inactive-pools.txt,2026-05-19T23:10:03+00:00
fd3b5d1caec5db160da2c5bcf241b89d1b12bf9bd233535462378ac1,pool1l5a4689wchd3vrdzck70ysdcn5d390um6ge4x4rzx79vzmgwvf0,Inactive,https://raw.githubusercontent.com/input-output-hk/spo-incentives/main/report-november-2025/scripts/inactive-pools.txt,2026-05-19T23:10:03+00:00
fd249c444cacf9951780bc549608b6bc16d557a2d9a5f5f211815f8b,pool1l5jfc3zv4nue29uqh32fvz9khstd24azmxjltus3s90ckzw37p8,Inactive,https://raw.githubusercontent.com/input-output-hk/spo-incentives/main/report-november-2025/scripts/inactive-pools.txt,2026-05-19T23:10:03+00:00
fd2cbc26f781b5adc35c4239c811637ce70254ab568f5eb32cd37b6a,pool1l5ktcfhhsx66ms6ugguusytr0nnsy49t2684avev6dak55jc00t,Inactive,https://raw.githubusercontent.com/input-output-hk/spo-incentives/main/report-november-2025/scripts/inactive-pools.txt,2026-05-19T23:10:03+00:00
fd17b7395d05aff8fd381e32dd18306c5e111b540e995cd4ec515159,pool1l5tmww2aqkhl3lfcrced6xpsd30pzx65p6v4e48v29g4jtlvf3d,Inactive,https://raw.githubusercontent.com/input-output-hk/spo-incentives/main/report-november-2025/scripts/inactive-pools.txt,2026-05-19T23:10:03+00:00
fd1cccf0901d780faca23a2f92357cddd989d381e29287879a154914,pool1l5wveuysr4uqlt9z8gheydtumhvcn5upu2fg0pu6z4y3gte9dph,Inactive,https://raw.githubusercontent.com/input-output-hk/spo-incentives/main/report-november-2025/scripts/inactive-pools.txt,2026-05-19T23:10:03+00:00
fe8b5d6e7ca553a63dd9a9843e9ecede8f8bf921bdccc4116d7eebf1,pool1l6946mnu54f6v0we4xzra8kwm68ch7fphhxvgytd0m4lzk3pats,Inactive,https://raw.githubusercontent.com/input-output-hk/spo-incentives/main/report-november-2025/scripts/inactive-pools.txt,2026-05-19T23:10:03+00:00
feaf6e416cd79649df5a7575b240b5740d7735a80a8f688e8b73bf06,pool1l6hkustv67tynh66w46mys94wsxhwddgp28k3r5twwlsv80uw0k,Inactive,https://raw.githubusercontent.com/input-output-hk/spo-incentives/main/report-november-2025/scripts/inactive-pools.txt,2026-05-19T23:10:03+00:00
ff74e900fce830b6be82750edc08c1d620950b5a727cad59a920cbff,pool1la6wjq8uaqctd05zw58dczxp6csf2z66wf726kdfyr9l7hnr6jp,Inactive,https://raw.githubusercontent.com/input-output-hk/spo-incentives/main/report-november-2025/scripts/inactive-pools.txt,2026-05-19T23:10:03+00:00
fe2a49aaf977a60e5a884e0f63e21a6faf9cd7a5be157ef1d2f359ea,pool1lc4yn2hew7nquk5gfc8k8cs6d7hee4a9hc2hauwj7dv759zzek0,Inactive,https://raw.githubusercontent.com/input-output-hk/spo-incentives/main/report-november-2025/scripts/inactive-pools.txt,2026-05-19T23:10:03+00:00
fe3e591c4202f0daa1484d048c9b00dcf725b259f3fd7e066826e570,pool1lcl9j8zzqtcd4g2gf5zgexcqmnmjtvje707hupngymjhq43yk3s,Inactive,https://raw.githubusercontent.com/input-output-hk/spo-incentives/main/report-november-2025/scripts/inactive-pools.txt,2026-05-19T23:10:03+00:00
fe7e9077891fb7bdb6dde81a7cf8fdf6958d35bf1ced6ee436b79f32,pool1lelfqaufr7mmmdkaaqd8e78a762c6ddlrnkkaepkk70nyp7ku25,Inactive,https://raw.githubusercontent.com/input-output-hk/spo-incentives/main/report-november-2025/scripts/inactive-pools.txt,2026-05-19T23:10:03+00:00
fe6772412d745daec7dbe59b5325904c20860be39deda61cea92ad38,pool1lenhysfdw3w6a37mukd4xfvsfssgvzlrnhk6v882j2kns6uyxd6,Inactive,https://raw.githubusercontent.com/input-output-hk/spo-incentives/main/report-november-2025/scripts/inactive-pools.txt,2026-05-19T23:10:03+00:00
fa04322f4f5e2c394033f09e83703adc3501b546dafe5279cc5d1303,pool1lgzryt60tckrjspn7z0gxup6ms6srd2xmtl9y7wvt5fsxnd2qxh,Inactive,https://raw.githubusercontent.com/input-output-hk/spo-incentives/main/report-november-2025/scripts/inactive-pools.txt,2026-05-19T23:10:03+00:00
fddc2812f7f376e2bb82f00d3dfd42a65348be3f0fa464420a04fab5,pool1lhwzsyhh7dmw9wuz7qxnml2z5ef5303lp7jxgss2qnat22sprgx,Inactive,https://raw.githubusercontent.com/input-output-hk/spo-incentives/main/report-november-2025/scripts/inactive-pools.txt,2026-05-19T23:10:03+00:00
fd9f7e46723207d8e7684f7d1568f9f9ca011179c252f488453abac6,pool1lk0hu3njxgra3emgfa73268el89qzytecff0fzz982avvjsw3l6,Inactive,https://raw.githubusercontent.com/input-output-hk/spo-incentives/main/report-november-2025/scripts/inactive-pools.txt,2026-05-19T23:10:03+00:00
ffe9be54689e54f8c039f89a81c32f6789628d22b055588d6bd3c68e,pool1ll5mu4rgne203spelzdgrse0v7yk9rfzkp243rtt60rgu8mh3q8,Inactive,https://raw.githubusercontent.com/input-output-hk/spo-incentives/main/report-november-2025/scripts/inactive-pools.txt,2026-05-19T23:10:03+00:00
ffed333bbe10b88c515b9b23f09917f744774c04f8cc6482e216cb95,pool1llknxwa7zzugc52mnv3lpxgh7az8wnqylrxxfqhzzm9e2eufug3,Inactive,https://raw.githubusercontent.com/input-output-hk/spo-incentives/main/report-november-2025/scripts/inactive-pools.txt,2026-05-19T23:10:03+00:00
ffff17bc98f7d3a646bd40758588cd75b502eb1c7fcc08dacfdc10c1,pool1lll300yc7lf6v34agp6ctzxdwk6s96cu0lxq3kk0msgvzchq3f4,Inactive,https://raw.githubusercontent.com/input-output-hk/spo-incentives/main/report-november-2025/scripts/inactive-pools.txt,2026-05-19T23:10:03+00:00
ffdc9eeb236dfd63fa4fd1142294a596307ae27913ae82e550e7c687,pool1llwfa6erdh7k87j06y2z9999jcc84cnezwhg9e2sulrgwzrsug4,Inactive,https://raw.githubusercontent.com/input-output-hk/spo-incentives/main/report-november-2025/scripts/inactive-pools.txt,2026-05-19T23:10:03+00:00
ffdcba293f969ec7354b6445500893e142a9c990d96984e9f11677fe,pool1llwt52flj60vwd2tv3z4qzynu9p2njvsm95cf603zemlua4f955,Inactive,https://raw.githubusercontent.com/input-output-hk/spo-incentives/main/report-november-2025/scripts/inactive-pools.txt,2026-05-19T23:10:03+00:00
f84a1e212c20e4b38c12a31ea23398c5c525797f1f0b677fd393d375,pool1lp9pugfvyrjt8rqj5v02yvucchzj27tlru9kwl7nj0fh2mjc5d3,Inactive,https://raw.githubusercontent.com/input-output-hk/spo-incentives/main/report-november-2025/scripts/inactive-pools.txt,2026-05-19T23:10:03+00:00
f834fce190d76d98cd60ad20c89d8f3022b1f5315b31a7b0de56a33a,pool1lq60ecvs6ake3ntq45sv38v0xq3traf3tvc60vx7263n5c37df7,Inactive,https://raw.githubusercontent.com/input-output-hk/spo-incentives/main/report-november-2025/scripts/inactive-pools.txt,2026-05-19T23:10:03+00:00
f83c7e3a8f0ff349447cb68668cc31e509d7df0802ad5f113b0f255d,pool1lq78uw50ple5j3ruk6rx3np3u5ya0hcgq2k47yfmpuj46mahwnl,Inactive,https://raw.githubusercontent.com/input-output-hk/spo-incentives/main/report-november-2025/scripts/inactive-pools.txt,2026-05-19T23:10:03+00:00
f83cb7810af45813ad4e16f2497a0d02997e2987f4a41fa3830a4d88,pool1lq7t0qg273vp8t2wzmeyj7sdq2vhu2v87jjplgurpfxcs9afnr3,Inactive,https://raw.githubusercontent.com/input-output-hk/spo-incentives/main/report-november-2025/scripts/inactive-pools.txt,2026-05-19T23:10:03+00:00
f8328a36320b8719b07da68f3b28f019feb5907ac26a42420d3680b3,pool1lqeg5d3jpwr3nvra568nk28sr8lttyr6cf4yyssdx6qtxea9nmr,Inactive,https://raw.githubusercontent.com/input-output-hk/spo-incentives/main/report-november-2025/scripts/inactive-pools.txt,2026-05-19T23:10:03+00:00
f8e958d350631a2a93201834574f5fea9eaa7ca3d503b568c6fd75a4,pool1lr54356svvdz4yeqrq69wn6la2025l9r65pm26xxl466gxqqs83,Inactive,https://raw.githubusercontent.com/input-output-hk/spo-incentives/main/report-november-2025/scripts/inactive-pools.txt,2026-05-19T23:10:03+00:00
f8fc147f73cd428fd66498a253e3849352eba1e6375a78e404543576,pool1lr7pglmne4pgl4nynz398cuyjdfwhg0xxad83eqy2s6hv0cx3cc,Inactive,https://raw.githubusercontent.com/input-output-hk/spo-incentives/main/report-november-2025/scripts/inactive-pools.txt,2026-05-19T23:10:03+00:00
f8d01c9e1e242d903988e557a5eedbb9f20771e695344671213626ab,pool1lrgpe8s7yskeqwvgu4t6tmkmh8eqwu0xj56yvufpxcn2kjgn7ss,Inactive,https://raw.githubusercontent.com/input-output-hk/spo-incentives/main/report-november-2025/scripts/inactive-pools.txt,2026-05-19T23:10:03+00:00
fc21c6ee642559f10d81dbab4894ceb7e667ff6adf0782afd3553858,pool1lssudmnyy4vlzrvpmw4539xwklnx0lm2murc9t7n25u9sg2ce3n,Inactive,https://raw.githubusercontent.com/input-output-hk/spo-incentives/main/report-november-2025/scripts/inactive-pools.txt,2026-05-19T23:10:03+00:00
ff25b9db61f779c606e3bfcd92997003965658e2ced070db2258e3af,pool1lujmnkmp7auuvphrhlxe9xtsqwt9vk8zemg8pkeztr367f0grq6,Inactive,https://raw.githubusercontent.com/input-output-hk/spo-incentives/main/report-november-2025/scripts/inactive-pools.txt,2026-05-19T23:10:03+00:00
ff2706184e41a404e94a403ca9ea57c7c149708fd82e5656cbe25a31,pool1lunsvxzwgxjqf622gq72n6jhclq5juy0mqh9v4ktufdrzulfncr,Inactive,https://raw.githubusercontent.com/input-output-hk/spo-incentives/main/report-november-2025/scripts/inactive-pools.txt,2026-05-19T23:10:03+00:00
ff1cb563d19a0b5629e067a8dc11bcdffcaf42257448339986d6799d,pool1luwt2c73ng94v20qv75dcyduml727s39w3yr8xvx6eue6ae58h2,Inactive,https://raw.githubusercontent.com/input-output-hk/spo-incentives/main/report-november-2025/scripts/inactive-pools.txt,2026-05-19T23:10:03+00:00
fb83453645f6948f72ca95a381388e303bdafa91678ca653401d3ea1,pool1lwp52dj9762g7uk2jk3czwywxqaa4753v7x2v56qr5l2znkky4h,Inactive,https://raw.githubusercontent.com/input-output-hk/spo-incentives/main/report-november-2025/scripts/inactive-pools.txt,2026-05-19T23:10:03+00:00
f92e7cf95462d73b0e9927d09e87c1dcf761d9ee14c364fce0376e40,pool1lyh8e725vttnkr5eylgfap7pmnmkrk0wznpkfl8qxahyqe2agcu,Inactive,https://raw.githubusercontent.com/input-output-hk/spo-incentives/main/report-november-2025/scripts/inactive-pools.txt,2026-05-19T23:10:03+00:00
f918bccd3e8aa9780d6d464106789de6ae40784b0b5ce6e418e66e78,pool1lyvtenf7325hsrtdgeqsv7yau6hyq7ztpdwwdeqcueh8s83h34l,Inactive,https://raw.githubusercontent.com/input-output-hk/spo-incentives/main/report-november-2025/scripts/inactive-pools.txt,2026-05-19T23:10:03+00:00
f90c6833e75f3e408a5a183f5275c51c2fa06951f2769dcbdaed7698,pool1lyxxsvl8tulypzj6rql4yaw9rsh6q6237fmfmj76a4mfsrz40gk,Inactive,https://raw.githubusercontent.com/input-output-hk/spo-incentives/main/report-november-2025/scripts/inactive-pools.txt,2026-05-19T23:10:03+00:00
f88b498a52d8f55a97f67f5970fdc5d78fbd58c8bb0c242889c6c916,pool1lz95nzjjmr6449lk0avhplw9678m6kxghvxzg2yfcmy3vl0k6jl,Inactive,https://raw.githubusercontent.com/input-output-hk/spo-incentives/main/report-november-2025/scripts/inactive-pools.txt,2026-05-19T23:10:03+00:00
f890ff23ad69119de934c5f4f231ff7a154517a93fae043b48b01bb8,pool1lzg07gaddygem6f5ch60yv0l0g2529af87hqgw6gkqdmsfs39z9,Inactive,https://raw.githubusercontent.com/input-output-hk/spo-incentives/main/report-november-2025/scripts/inactive-pools.txt,2026-05-19T23:10:03+00:00
da96891a673bfb1669d5647898d845b379762c65f43fb0ba610b743d,pool1m2tgjxn880a3v6w4v3uf3kz9kduhvtr97slmpwnppd6r63230sm,Inactive,https://raw.githubusercontent.com/input-output-hk/spo-incentives/main/report-november-2025/scripts/inactive-pools.txt,2026-05-19T23:10:03+00:00
dc56076a14686e3fd8c4197c9e9ad5c6e287664ca576b225ba746ad8,pool1m3tqw6s5dphrlkxyr97faxk4cm3gwejv54mtyfd6w34dsx429eu,Inactive,https://raw.githubusercontent.com/input-output-hk/spo-incentives/main/report-november-2025/scripts/inactive-pools.txt,2026-05-19T23:10:03+00:00
dc5dddfa4734bb70d3607c469b613825696cb049266db693d531d174,pool1m3wam7j8xjahp5mq03rfkcfcy45kevzfyekmdy74x8ghgpm5cdz,Inactive,https://raw.githubusercontent.com/input-output-hk/spo-incentives/main/report-november-2025/scripts/inactive-pools.txt,2026-05-19T23:10:03+00:00
dd678d67a7baec55d0e43563007f9f9fb0157740d880aa7b9c68d8bb,pool1m4nc6ea8htk9t58yx43sqluln7cp2a6qmzq257uudrvtkue8vw3,Inactive,https://raw.githubusercontent.com/input-output-hk/spo-incentives/main/report-november-2025/scripts/inactive-pools.txt,2026-05-19T23:10:03+00:00
dd672b5fd10b645798d6474456cefe4252ece7814acf34f07f9ad1ac,pool1m4njkh73pdj90xxkgaz9dnh7gffweeupft8nfurlntg6cgqfmy8,Inactive,https://raw.githubusercontent.com/input-output-hk/spo-incentives/main/report-november-2025/scripts/inactive-pools.txt,2026-05-19T23:10:03+00:00
dd47ad6a8fe21ca342e28a163cb74e69b13d519538de3d06ac26aad2,pool1m4r66650ugw2xshz3gtred6wdxcn65v48r0r6p4vy64dy276q8h,Inactive,https://raw.githubusercontent.com/input-output-hk/spo-incentives/main/report-november-2025/scripts/inactive-pools.txt,2026-05-19T23:10:03+00:00
dd31793ac6845d4fd63c4d4852414108c0661f494b76f48eb389e615,pool1m5chjwkxs3w5l43uf4y9ys2pprqxv86ffdm0fr4n38np2c7mhg6,Inactive,https://raw.githubusercontent.com/input-output-hk/spo-incentives/main/report-november-2025/scripts/inactive-pools.txt,2026-05-19T23:10:03+00:00
dfb7bca4f4013e0683b185b8b3f7ddb5be1a6c9decc737a00282511f,pool1m7mmef85qylqdqa3skut8a7akklp5myaanrn0gqzsfg37j3vms8,Inactive,https://raw.githubusercontent.com/input-output-hk/spo-incentives/main/report-november-2025/scripts/inactive-pools.txt,2026-05-19T23:10:03+00:00
d9df218f8099261e019bdd304b9a40228070ce61272af835ea13d161,pool1m80jrruqnynpuqvmm5cyhxjqy2q8pnnpyu40sd02z0gkzehqxua,Inactive,https://raw.githubusercontent.com/input-output-hk/spo-incentives/main/report-november-2025/scripts/inactive-pools.txt,2026-05-19T23:10:03+00:00
d95e06a2d3639b971353f3445e26c902e18637a09ba20533a1b854f1,pool1m90qdgknvwdewy6n7dz9ufkfqtscvdaqnw3q2vaphp20z27w706,Inactive,https://raw.githubusercontent.com/input-output-hk/spo-incentives/main/report-november-2025/scripts/inactive-pools.txt,2026-05-19T23:10:03+00:00
df5b6c5754beb2539fd85c95d6cec452ebab6d5ef39711c0bebfc5cb,pool1madkc465h6e9887ctj2adnky2t46km277wt3rs97hlzukzl4rx9,Inactive,https://raw.githubusercontent.com/input-output-hk/spo-incentives/main/report-november-2025/scripts/inactive-pools.txt,2026-05-19T23:10:03+00:00
df4924aefe20b5b0b6b7baf0ef97d5e2cf7fb4f7fc1497f8636f3f12,pool1mayjfth7yz6mpd4hhtcwl974ut8hld8hls2f07rrdul3ypqt9rm,Inactive,https://raw.githubusercontent.com/input-output-hk/spo-incentives/main/report-november-2025/scripts/inactive-pools.txt,2026-05-19T23:10:03+00:00
de2b7a06cf970096d3f279daf2b4ab4e48d3e99e866b602a44e164f9,pool1mc4h5pk0juqfd5lj08d09d9tfeyd86v7se4kq2jyu9j0jy8ey4y,Inactive,https://raw.githubusercontent.com/input-output-hk/spo-incentives/main/report-november-2025/scripts/inactive-pools.txt,2026-05-19T23:10:03+00:00
de16904b33d013f4db5460957d9c50cbfbacc50a396f878d0c1effef,pool1mctfqjen6qflfk65vz2hm8zse0a6e3g289hc0rgvrml777g85yq,Inactive,https://raw.githubusercontent.com/input-output-hk/spo-incentives/main/report-november-2025/scripts/inactive-pools.txt,2026-05-19T23:10:03+00:00
db54271552d132ada9bf8d4da0b0270dda1962d3e93ca58862ab300a,pool1md2zw92j6ye2m2dl34x6pvp8phdpjcknay72tzrz4vcq523druq,Inactive,https://raw.githubusercontent.com/input-output-hk/spo-incentives/main/report-november-2025/scripts/inactive-pools.txt,2026-05-19T23:10:03+00:00
da7659a5e9c29d69e0b5698996cc916197b6556fa7460f604434368f,pool1mfm9nf0fc2wknc94dxyedny3vxtmv4t05arq7czyxsmg7qcy76n,Inactive,https://raw.githubusercontent.com/input-output-hk/spo-incentives/main/report-november-2025/scripts/inactive-pools.txt,2026-05-19T23:10:03+00:00
da03832954a1fc42f12a161c30f16d8da5e7c9214ea95c74fa6e6fc7,pool1mgpcx225587y9uf2zcwrputd3kj70jfpf654ca86dehuw5qk5pf,Inactive,https://raw.githubusercontent.com/input-output-hk/spo-incentives/main/report-november-2025/scripts/inactive-pools.txt,2026-05-19T23:10:03+00:00
da022bb65cc31f72126d101e7ff7dba5f55a3b70eae34418854b35de,pool1mgpzhdjucv0hyyndzq08la7m5h645wmsat35gxy9fv6au9k7eg4,Inactive,https://raw.githubusercontent.com/input-output-hk/spo-incentives/main/report-november-2025/scripts/inactive-pools.txt,2026-05-19T23:10:03+00:00
ddc6cb1a8c4b3c443694742d32604ae9dba437443ece343660777d2c,pool1mhrvkx5vfv7ygd55wsknycz2a8d6gd6y8m8rgdnqwa7jcy34g05,Inactive,https://raw.githubusercontent.com/input-output-hk/spo-incentives/main/report-november-2025/scripts/inactive-pools.txt,2026-05-19T23:10:03+00:00
dd8b689ca625202688987a42b26b49e1623bba7d1c54f5308f6f9c5e,pool1mk9k389xy5szdzyc0fpty66fu93rhwnar3202vy0d7w9ue2rycu,Inactive,https://raw.githubusercontent.com/input-output-hk/spo-incentives/main/report-november-2025/scripts/inactive-pools.txt,2026-05-19T23:10:03+00:00
dd8239a0e8ebabc159af3142193a84a290c5026ee65656ad9b69349b,pool1mkprng8gaw4uzkd0x9ppjw5y52gv2qnwuet9dtvmdy6fkjuv9u3,Inactive,https://raw.githubusercontent.com/input-output-hk/spo-incentives/main/report-november-2025/scripts/inactive-pools.txt,2026-05-19T23:10:03+00:00
dfcf79145765330fb6ad770c3b37afb2f1f755143250841f537477d9,pool1ml8hj9zhv5esld4dwuxrkda0ktclw4g5xfggg86nw3majud2uf6,Inactive,https://raw.githubusercontent.com/input-output-hk/spo-incentives/main/report-november-2025/scripts/inactive-pools.txt,2026-05-19T23:10:03+00:00
dfd6ebd73fca6256db9c13e87fa13c61bc5c51d898a3017791e8ef02,pool1mltwh4elef39dkuuz058lgfuvx79c5wcnz3szau3arhsyq22ace,Inactive,https://raw.githubusercontent.com/input-output-hk/spo-incentives/main/report-november-2025/scripts/inactive-pools.txt,2026-05-19T23:10:03+00:00
dfdd1e5ebb3808f97f0733fbb350e872e8612bde2774f35b46651bd3,pool1mlw3uh4m8qy0jlc8x0amx58gwt5xz277ya60xk6xv5daxjzt2gs,Inactive,https://raw.githubusercontent.com/input-output-hk/spo-incentives/main/report-november-2025/scripts/inactive-pools.txt,2026-05-19T23:10:03+00:00
dec7757e2ba0fcea7fd93a9999bf342d1974338fb91355ac68c13320,pool1mmrh2l3t5r7w5l7e82ven0e595vhgvu0hyf4ttrgcyejq8gwqcm,Inactive,https://raw.githubusercontent.com/input-output-hk/spo-incentives/main/report-november-2025/scripts/inactive-pools.txt,2026-05-19T23:10:03+00:00
dcde46cf945aeae3bc91699b0ec9adbb44f8875be36c767ef4a0e993,pool1mn0ydnu5tt4w80y3dxdsajddhdz03p6mudk8vlh55r5exqywxhh,Inactive,https://raw.githubusercontent.com/input-output-hk/spo-incentives/main/report-november-2025/scripts/inactive-pools.txt,2026-05-19T23:10:03+00:00
dcee476cc7f068dfc2c7d4050bf3739d03f9367dc0df938a005322ac,pool1mnhywmx87p5dlsk86szshumnn5pljdnacr0e8zsq2v32ckh5wyf,Inactive,https://raw.githubusercontent.com/input-output-hk/spo-incentives/main/report-november-2025/scripts/inactive-pools.txt,2026-05-19T23:10:03+00:00
dc1227b22418bf1b527286caae3a85c2614e643d942bdd28664ee86b,pool1msfz0v3yrzl3k5njsm92uw59cfs5uepajs4a62rxfm5xke9d2zr,Inactive,https://raw.githubusercontent.com/input-output-hk/spo-incentives/main/report-november-2025/scripts/inactive-pools.txt,2026-05-19T23:10:03+00:00
daf728423ab6deca8053ae40c656afcb4a9fb80bb06a83fc2fe67871,pool1mtmjss36km0v4qzn4eqvv440ed9flwqtkp4g8lp0ueu8zy6hvpl,Inactive,https://raw.githubusercontent.com/input-output-hk/spo-incentives/main/report-november-2025/scripts/inactive-pools.txt,2026-05-19T23:10:03+00:00
dae77c46a4f8d774f3cc14bb1ced52a621d0472e6d04a2d6f0399ca7,pool1mtnhc34ylrthfu7vzja3em2j5csaq3ewd5z294hs8xw2w6nupuf,Inactive,https://raw.githubusercontent.com/input-output-hk/spo-incentives/main/report-november-2025/scripts/inactive-pools.txt,2026-05-19T23:10:03+00:00
df106c9f4178749167305dda2b72d1b94cb9b535d90b814f665ec2ce,pool1mugxe86p0p6fzeesthdzkuk3h9xtndf4my9cznmxtmpvujzlw4f,Inactive,https://raw.githubusercontent.com/input-output-hk/spo-incentives/main/report-november-2025/scripts/inactive-pools.txt,2026-05-19T23:10:03+00:00
db3c2f485d5c1e88c23a1b750b3cf9769c8a853ee7f85e31ba40c2dc,pool1mv7z7jzats0g3s36rd6sk08ew6wg4pf7ulu9uvd6grpdc0mh7e0,Inactive,https://raw.githubusercontent.com/input-output-hk/spo-incentives/main/report-november-2025/scripts/inactive-pools.txt,2026-05-19T23:10:03+00:00
db2dacf0312bc32ec54950ca946790a4074e1ffa315991ea8b4f81ed,pool1mvk6eup390pja32f2r9fgeus5sr5u8l6x9ver65tf7q76t6309z,Inactive,https://raw.githubusercontent.com/input-output-hk/spo-incentives/main/report-november-2025/scripts/inactive-pools.txt,2026-05-19T23:10:03+00:00
db8f20cf666a94c756fa3f00ef3e6655589972bdeb0a314f30c55939,pool1mw8jpnmxd22vw4h68uqw70nx24vfju4aav9rznesc4vnjnt68g4,Inactive,https://raw.githubusercontent.com/input-output-hk/spo-incentives/main/report-november-2025/scripts/inactive-pools.txt,2026-05-19T23:10:03+00:00
db99ed606f14f3701b2a89ad527ee37cb48742464ab0c748db7e5cd4,pool1mwv76cr0znehqxe23xk4ylhr0j6gwsjxf2cvwjxm0ewdgcjzw3e,Inactive,https://raw.githubusercontent.com/input-output-hk/spo-incentives/main/report-november-2025/scripts/inactive-pools.txt,2026-05-19T23:10:03+00:00
d9987a7c15fb38031c678ff6efb0175cf910488fffdb7830f11a672a,pool1mxv85lq4lvuqx8r83lmwlvqhtnu3qjy0lldhsv83rfnj5ed7vyg,Inactive,https://raw.githubusercontent.com/input-output-hk/spo-incentives/main/report-november-2025/scripts/inactive-pools.txt,2026-05-19T23:10:03+00:00
d91cf8bea6f0142e595508b6950dcec3bf7285450ce4aa7842961a59,pool1myw0304x7q2zuk24pzmf2rwwcwlh9p29pnj257zzjcd9j29s4xl,Inactive,https://raw.githubusercontent.com/input-output-hk/spo-incentives/main/report-november-2025/scripts/inactive-pools.txt,2026-05-19T23:10:03+00:00
d892f662870facb4428800803c3963854d3f85b46157717fc8edc12f,pool1mzf0vc58p7ktgs5gqzqrcwtrs4xnlpd5v9thzl7gahqj7f7aqye,Inactive,https://raw.githubusercontent.com/input-output-hk/spo-incentives/main/report-november-2025/scripts/inactive-pools.txt,2026-05-19T23:10:03+00:00
d8a7eefaf545d91a37d7dfbf908b183b2ce044e0eca73e03bfc69fbb,pool1mzn7a7h4ghv35d7hm7lepzcc8vkwq38qajnnuqalc60mkl0recn,Inactive,https://raw.githubusercontent.com/input-output-hk/spo-incentives/main/report-november-2025/scripts/inactive-pools.txt,2026-05-19T23:10:03+00:00
d8864a40e1b2495573ea3659d079b6d03b93aabeb81a78647b8ee0fd,pool1mzry5s8pkfy42ul2xevaq7dk6qae8247hqd8serm3ms06glvny0,Inactive,https://raw.githubusercontent.com/input-output-hk/spo-incentives/main/report-november-2025/scripts/inactive-pools.txt,2026-05-19T23:10:03+00:00
9bd601d9da50b6353ee590a9962837aa8e4dd4ae5a84fd82acf93e9a,pool1n0tqrkw62zmr20h9jz5ev2ph428ym49wt2z0mq4vlylf5u0sv7y,Inactive,https://raw.githubusercontent.com/input-output-hk/spo-incentives/main/report-november-2025/scripts/inactive-pools.txt,2026-05-19T23:10:03+00:00
9a9e68c028c4bcab3fa2f9e8832fca0086ac83d01d22bfedcd41dc31,pool1n20x3spgcj72k0azl85gxt72qzr2eq7sr53tlmwdg8wrz60ynzn,Inactive,https://raw.githubusercontent.com/input-output-hk/spo-incentives/main/report-november-2025/scripts/inactive-pools.txt,2026-05-19T23:10:03+00:00
9e9d4016ee8a25aa7abc5c3d4dd8830637e7aa6aabd26fda8d4d609f,pool1n6w5q9hw3gj6574uts75mkyrqcm702n240fxlk5df4sf7a7vlvk,Inactive,https://raw.githubusercontent.com/input-output-hk/spo-incentives/main/report-november-2025/scripts/inactive-pools.txt,2026-05-19T23:10:03+00:00
9f857d5f872b0bf169a74224329bff380f200e9ded406b267f4dd5c9,pool1n7zh6hu89v9lz6d8ggjr9xll8q8jqr5aa4qxkfnlfh2uj39802c,Inactive,https://raw.githubusercontent.com/input-output-hk/spo-incentives/main/report-november-2025/scripts/inactive-pools.txt,2026-05-19T23:10:03+00:00
9f857159422300472655f6a15358b779853c4011f574569f04447df8,pool1n7zhzk2zyvqywfj476s4xk9h0xzncsq37469d8cyg37lsngvvqp,Inactive,https://raw.githubusercontent.com/input-output-hk/spo-incentives/main/report-november-2025/scripts/inactive-pools.txt,2026-05-19T23:10:03+00:00
99e60d15fd9ac06c66d6cd8567f881f13c186f7166badd2f76dd591e,pool1n8nq690antqxcekkekzk07yp7y7psmm3v6ad6tmkm4v3ulyhz0w,Inactive,https://raw.githubusercontent.com/input-output-hk/spo-incentives/main/report-november-2025/scripts/inactive-pools.txt,2026-05-19T23:10:03+00:00
99cdbc4b9d6ced33dac5e99725c7b7353bb956783d6ba40db2125a31,pool1n8xmcjuadnkn8kk9axtjt3ahx5amj4nc8446grdjzfdrzl77xh6,Inactive,https://raw.githubusercontent.com/input-output-hk/spo-incentives/main/report-november-2025/scripts/inactive-pools.txt,2026-05-19T23:10:03+00:00
99740fc5585c7d33b9ff2b5b79e14b3ad8fe11bab72e2e74fc313513,pool1n96ql32ct37n8w0l9ddhnc2t8tv0uyd6kuhzua8uxy63xs35wgl,Inactive,https://raw.githubusercontent.com/input-output-hk/spo-incentives/main/report-november-2025/scripts/inactive-pools.txt,2026-05-19T23:10:03+00:00
99590893312c4bdc9cda926c97f27684bc07d048859499ecffbb325a,pool1n9vs3ye3939ae8x6jfkf0unksj7q05zgsk2fnm8lhve95w3j0rs,Inactive,https://raw.githubusercontent.com/input-output-hk/spo-incentives/main/report-november-2025/scripts/inactive-pools.txt,2026-05-19T23:10:03+00:00
9f5b5e2997fb8326a934534284d0778ea6b6361b89f66d89736af788,pool1nad4u2vhlwpjd2f52dpgf5rh36ntvdsm38mxmztndtmcscpy82u,Inactive,https://raw.githubusercontent.com/input-output-hk/spo-incentives/main/report-november-2025/scripts/inactive-pools.txt,2026-05-19T23:10:03+00:00
9e20b3cbed16dddac0feaf226a83d0c824404672c1cbd5394fa6b6a2,pool1ncst8jldzmwa4s874u3x4q7seqjyq3njc89a2w2056m2ywktd6w,Inactive,https://raw.githubusercontent.com/input-output-hk/spo-incentives/main/report-november-2025/scripts/inactive-pools.txt,2026-05-19T23:10:03+00:00
9b570b7fabee861bf763d49ca0c7eb98ba40443915d0f6c993f4e928,pool1ndtsklata6rphamr6jw2p3ltnzayq3pezhg0djvn7n5js8rqlzh,Inactive,https://raw.githubusercontent.com/input-output-hk/spo-incentives/main/report-november-2025/scripts/inactive-pools.txt,2026-05-19T23:10:03+00:00
9b7854859e08f61d0f56547e2369380cbecbeb81fc5c745fed242baf,pool1ndu9fpv7prmp6r6k23lzx6fcpjlvh6upl3w8ghldys467u6vvrl,Inactive,https://raw.githubusercontent.com/input-output-hk/spo-incentives/main/report-november-2025/scripts/inactive-pools.txt,2026-05-19T23:10:03+00:00
9a4e52bc93f6ac12e21348c7f2f7a3f08fff07b07cbe9e6a3ee4293d,pool1nf8990yn76kp9csnfrrl9aar7z8l7pas0jlfu637us5n6sgycem,Inactive,https://raw.githubusercontent.com/input-output-hk/spo-incentives/main/report-november-2025/scripts/inactive-pools.txt,2026-05-19T23:10:03+00:00
9a1ee42a9bb36d8d8c82bd1b8779e17d74a17a0cca0c32e3cd55a980,pool1ng0wg25mkdkcmryzh5dcw70p0462z7svegxr9c7d2k5cqf9tt2k,Inactive,https://raw.githubusercontent.com/input-output-hk/spo-incentives/main/report-november-2025/scripts/inactive-pools.txt,2026-05-19T23:10:03+00:00
9de0b1634db79afad8f12271820c9f165d70b6aa55bbffd79aed316a,pool1nhstzc6dk7d04k83yfccyrylzewhpd422kall4u6a5ck5c0pw3q,Inactive,https://raw.githubusercontent.com/input-output-hk/spo-incentives/main/report-november-2025/scripts/inactive-pools.txt,2026-05-19T23:10:03+00:00
9c91d3511e7ea77b4f929cd73199e8270e203077c99dbd87c01a6f26,pool1njgax5g706nhknujnntnrx0gyu8zqvrhexwmmp7qrfhjvaumfq4,Inactive,https://raw.githubusercontent.com/input-output-hk/spo-incentives/main/report-november-2025/scripts/inactive-pools.txt,2026-05-19T23:10:03+00:00
9ca1acc82c6d971c673ee1f3601393df13b3aa521e6eb455466a8fbf,pool1njs6ejpvdkt3cee7u8ekqyunmufm82jjrehtg42xd28m7zhzn5v,Inactive,https://raw.githubusercontent.com/input-output-hk/spo-incentives/main/report-november-2025/scripts/inactive-pools.txt,2026-05-19T23:10:03+00:00
9ca1e908da7f6ebd3a15a16b1afe068f909d83b770dfce548f7b5b17,pool1njs7jzx60aht6ws459434lsx37gfmqahwr0uu4y00dd3wwnggym,Inactive,https://raw.githubusercontent.com/input-output-hk/spo-incentives/main/report-november-2025/scripts/inactive-pools.txt,2026-05-19T23:10:03+00:00
9fd87d9886a4b80cd3bce9561f8e922f475710b478be4ec79f2d5d64,pool1nlv8mxyx5juqe5aua9tplr5j9ar4wy950zlya3ul94wkgqmf9z0,Inactive,https://raw.githubusercontent.com/input-output-hk/spo-incentives/main/report-november-2025/scripts/inactive-pools.txt,2026-05-19T23:10:03+00:00
9ee7de71be45d9b8fcab238a975d1c8699826c04b4093fba4634b243,pool1nmnauud7ghvm3l9tyw9fwhgus6vcymqyksynlwjxxjeyx4rrsvx,Inactive,https://raw.githubusercontent.com/input-output-hk/spo-incentives/main/report-november-2025/scripts/inactive-pools.txt,2026-05-19T23:10:03+00:00
9ee1120430f92665657081a3087d0fd88388d68e11269d57e296d244,pool1nms3yppslynx2etssx3sslg0mzpc345wzynf64lzjmfyg6ghj9t,Inactive,https://raw.githubusercontent.com/input-output-hk/spo-incentives/main/report-november-2025/scripts/inactive-pools.txt,2026-05-19T23:10:03+00:00
9cd2e5e69fb8ce334899af4fb3d86ba261cd260a444a8d6300796600,pool1nnfwte5lhr8rxjye4a8m8krt5fsu6fs2g39g6ccq09nqqf8sekw,Inactive,https://raw.githubusercontent.com/input-output-hk/spo-incentives/main/report-november-2025/scripts/inactive-pools.txt,2026-05-19T23:10:03+00:00
985b0d99548d14014a311d95b5b31ae7b11894107b19e412b15fac1c,pool1npdsmx25352qzj33rk2mtvc6u7c339qs0vv7gy43t7kpcapw95d,Inactive,https://raw.githubusercontent.com/input-output-hk/spo-incentives/main/report-november-2025/scripts/inactive-pools.txt,2026-05-19T23:10:03+00:00
984c7739723da7feb0dabfa01c4bd0b6a7a6b680ebe61b15386e52da,pool1npx8wwtj8knlavx6h7spcj7sk6n6dd5qa0npk9fcdefd542y9vx,Inactive,https://raw.githubusercontent.com/input-output-hk/spo-incentives/main/report-november-2025/scripts/inactive-pools.txt,2026-05-19T23:10:03+00:00
981f2346217c13d527868c496fd850862d5b251d07d13fe1fdf74a84,pool1nq0jx33p0sfa2fux33yklkzssck4kfgaqlgnlc0a7a9ggqzhgnt,Inactive,https://raw.githubusercontent.com/input-output-hk/spo-incentives/main/report-november-2025/scripts/inactive-pools.txt,2026-05-19T23:10:03+00:00
98199e3aa0511c5e14da2088ad3e166bb11796c381a2abed0c09025d,pool1nqveuw4q2yw9u9x6yzy260skdwc309krsx32hmgvpyp962mu996,Inactive,https://raw.githubusercontent.com/input-output-hk/spo-incentives/main/report-november-2025/scripts/inactive-pools.txt,2026-05-19T23:10:03+00:00
9c34cce57970faf103ff9023a1b975445b483ff361b62d98eac8437a,pool1ns6veetewra0zqlljq36rwt4g3d5s0lnvxmzmx82epph50weacy,Inactive,https://raw.githubusercontent.com/input-output-hk/spo-incentives/main/report-november-2025/scripts/inactive-pools.txt,2026-05-19T23:10:03+00:00
9adef4e82f48f368a5f2176bc2dbb41e49ed7a8a95056187edb040c9,pool1nt00f6p0frek3f0jza4u9ka5rey76752j5zkrpldkpqvjspytm3,Inactive,https://raw.githubusercontent.com/input-output-hk/spo-incentives/main/report-november-2025/scripts/inactive-pools.txt,2026-05-19T23:10:03+00:00
9ac82213be2372f20e7da80b3aa3db7a16b0923490bed2ef16dac4f1,pool1ntyzyya7yde0yrna4q9n4g7m0gttpy35jzld9mckmtz0zfm28nq,Inactive,https://raw.githubusercontent.com/input-output-hk/spo-incentives/main/report-november-2025/scripts/inactive-pools.txt,2026-05-19T23:10:03+00:00
9f2ed1ccecf4860081641cae0035525c929506d0d405e0261c184ba6,pool1nuhdrn8v7jrqpqtyrjhqqd2jtjff2pks6sz7qfsurp96vqdswz5,Inactive,https://raw.githubusercontent.com/input-output-hk/spo-incentives/main/report-november-2025/scripts/inactive-pools.txt,2026-05-19T23:10:03+00:00
9bbf297265bc3e47b2dc02adc30bf95e49f8d24581fa1a98a4bd7e1e,pool1nwljjun9hsly0vkuq2kuxzleteyl35j9s8ap4x9yh4lpuglxmu3,Inactive,https://raw.githubusercontent.com/input-output-hk/spo-incentives/main/report-november-2025/scripts/inactive-pools.txt,2026-05-19T23:10:03+00:00
99948f34582bf9cafb27b05f4f0e8541c5480b4c79bda74037398380,pool1nx2g7dzc90uu47e8kp057r59g8z5sz6v0x76wsph8xpcqzqycv7,Inactive,https://raw.githubusercontent.com/input-output-hk/spo-incentives/main/report-november-2025/scripts/inactive-pools.txt,2026-05-19T23:10:03+00:00
991a64a6e3d866f4af4e0a2bfd61c15486a47ccc352e61e8a6b4fef8,pool1nydxffhrmpn0ft6wpg4l6cwp2jr2glxvx5hxr69xknl0s5p603w,Inactive,https://raw.githubusercontent.com/input-output-hk/spo-incentives/main/report-november-2025/scripts/inactive-pools.txt,2026-05-19T23:10:03+00:00
9924a738307cec5b4ea71ac18b50fed7fb1a5a32aafbf92aa80b27de,pool1nyj2wwps0nk9kn48rtqck5876la35k3j4talj24gpvnauxqsfh3,Inactive,https://raw.githubusercontent.com/input-output-hk/spo-incentives/main/report-november-2025/scripts/inactive-pools.txt,2026-05-19T23:10:03+00:00
990114e0d589c8d204624cc28390f3b66db9032a4063bbbeb92dd8a5,pool1nyq3fcx438ydyprzfnpg8y8nkekmjqe2gp3mh04e9hv22ljaavj,Inactive,https://raw.githubusercontent.com/input-output-hk/spo-incentives/main/report-november-2025/scripts/inactive-pools.txt,2026-05-19T23:10:03+00:00
98a124471ceee3c944a0e4275ae20ae4bd78bfe108203043ff71a0ac,pool1nzsjg3cuam3uj39qusn44cs2uj7h30lppqsrqsllwxs2c8fx4xs,Inactive,https://raw.githubusercontent.com/input-output-hk/spo-incentives/main/report-november-2025/scripts/inactive-pools.txt,2026-05-19T23:10:03+00:00
0be587cdf005e5e4df6784d0779f5db108387de7a618dd65d0b5eff2,pool1p0jc0n0sqhj7fhm8sng8086akyyrsl085cvd6ewskhhly9tn3d0,Inactive,https://raw.githubusercontent.com/input-output-hk/spo-incentives/main/report-november-2025/scripts/inactive-pools.txt,2026-05-19T23:10:03+00:00
0a988ce3c8eee71101e14659de3394df902b89ddfd4f0e2c55be28bb,pool1p2vgec7gamn3zq0pgevauvu5m7gzhzwal48sutz4hc5tk54vnxn,Inactive,https://raw.githubusercontent.com/input-output-hk/spo-incentives/main/report-november-2025/scripts/inactive-pools.txt,2026-05-19T23:10:03+00:00
0c4a944c3d5c364fcd5325c7aae7e0488c6b1c0aa1976990be0227fb,pool1p39fgnpatsmyln2nyhr64elqfzxxk8q25xtkny97qgnlkllaxry,Inactive,https://raw.githubusercontent.com/input-output-hk/spo-incentives/main/report-november-2025/scripts/inactive-pools.txt,2026-05-19T23:10:03+00:00
0d7af673b35b05c292168bab17b1069493d2d10fe095071f355fd724,pool1p4a0vuantvzu9ysk3w430vgxjjfa95g0uz2sw8e4tltjg4jhkwz,Inactive,https://raw.githubusercontent.com/input-output-hk/spo-incentives/main/report-november-2025/scripts/inactive-pools.txt,2026-05-19T23:10:03+00:00
0d61a4753d0354e5352ba629250a5a40f8d66c2e810c547362e4fb6d,pool1p4s6gafaqd2w2dft5c5j2zj6grudvmpwsyx9gumzunak688x5tj,Inactive,https://raw.githubusercontent.com/input-output-hk/spo-incentives/main/report-november-2025/scripts/inactive-pools.txt,2026-05-19T23:10:03+00:00
0eaf83056e6872187ffc056b0bd848b7956a221015efff92cdc3170d,pool1p6hcxptwdpepslluq44shkzgk72k5gsszhhllykdcvts6xnrwvg,Inactive,https://raw.githubusercontent.com/input-output-hk/spo-incentives/main/report-november-2025/scripts/inactive-pools.txt,2026-05-19T23:10:03+00:00
0fb775cf7882d45e79d0f37cffdf884578d23b776a108256db7b6734,pool1p7mhtnmcst29u7ws7d70lhugg4udywmhdgggy4km0dnnga0tymr,Inactive,https://raw.githubusercontent.com/input-output-hk/spo-incentives/main/report-november-2025/scripts/inactive-pools.txt,2026-05-19T23:10:03+00:00
0f87725d29b3bc6cbbe7c2b0f6ffbdabf40f01225a1573763d7578ae,pool1p7rhyhffkw7xewl8c2c0dlaa406q7qfztg2hxa3aw4u2uaqlqla,Inactive,https://raw.githubusercontent.com/input-output-hk/spo-incentives/main/report-november-2025/scripts/inactive-pools.txt,2026-05-19T23:10:03+00:00
0f8c53d63eecfc1d63d24944db35f9b6dcff7815ec7111c7fd1186fc,pool1p7x98437an7p6c7jf9zdkd0ekmw077q4a3c3r3lazxr0ccgf5vp,Inactive,https://raw.githubusercontent.com/input-output-hk/spo-incentives/main/report-november-2025/scripts/inactive-pools.txt,2026-05-19T23:10:03+00:00
09f4cda6e3a9a791eeb697d7fb9861177209222fbf8274eaeaf179fc,pool1p86vmfhr4xnerm4kjltlhxrpzaeqjg30h7p8f6h279ulcty9n7e,Inactive,https://raw.githubusercontent.com/input-output-hk/spo-incentives/main/report-november-2025/scripts/inactive-pools.txt,2026-05-19T23:10:03+00:00
09fb1967afb51dea96497c963f033919ccbb946f10cf65ec3ea5f203,pool1p8a3jea0k5w749jf0jtr7qeer8xth9r0zr8ktmp75heqx0ewyz7,Inactive,https://raw.githubusercontent.com/input-output-hk/spo-incentives/main/report-november-2025/scripts/inactive-pools.txt,2026-05-19T23:10:03+00:00
09f080b83a8e5e794316df6a43c4d5cdf1124d6f5f3bbcdca5bec794,pool1p8cgpwp63e08jsckma4y83x4ehc3ynt0tuameh99hmreg0hf7mx,Inactive,https://raw.githubusercontent.com/input-output-hk/spo-incentives/main/report-november-2025/scripts/inactive-pools.txt,2026-05-19T23:10:03+00:00
09d0ded56d29ceab63ffcca0b189373d667c19707cb5e6939ceec4d4,pool1p8gda4td9882kcllejstrzfh84n8cxts0j67dyuuamzdg85cf3a,Inactive,https://raw.githubusercontent.com/input-output-hk/spo-incentives/main/report-november-2025/scripts/inactive-pools.txt,2026-05-19T23:10:03+00:00
094e012c0a5fbdc3958c80fab86e063df85d51d59f8d3ca280e790b4,pool1p98qztq2t77u89vvsratsmsx8hu965w4n7xneg5qu7gtgcdude0,Inactive,https://raw.githubusercontent.com/input-output-hk/spo-incentives/main/report-november-2025/scripts/inactive-pools.txt,2026-05-19T23:10:03+00:00
0f4c237d5122317af5af3ece2e57deeac29e6db946b841b114f173d7,pool1paxzxl23ygch4ad08m8zu477atpfumdeg6uyrvg579eawvsy77z,Inactive,https://raw.githubusercontent.com/input-output-hk/spo-incentives/main/report-november-2025/scripts/inactive-pools.txt,2026-05-19T23:10:03+00:00
0b7c68bd63fe1a7d5ca6393b4c5e32af945771a86dea01ec7a4f3f7a,pool1pd7x30trlcd86h9x8ya5ch3j4729wudgdh4qrmr6fulh5zm24w9,Inactive,https://raw.githubusercontent.com/input-output-hk/spo-incentives/main/report-november-2025/scripts/inactive-pools.txt,2026-05-19T23:10:03+00:00
0a149331a1f95a7b3609fce3f66dceb3fa1731da25b14493982cbbb4,pool1pg2fxvdpl9d8kdsfln3lvmwwk0apwvw6ykc5fyuc9jamgk6yvmt,Inactive,https://raw.githubusercontent.com/input-output-hk/spo-incentives/main/report-november-2025/scripts/inactive-pools.txt,2026-05-19T23:10:03+00:00
0a156f7c3a768ecfb1a4c710a26391dd86b78aa959ba4aa0e2c5e47f,pool1pg2k7lp6w68vlvdycug2ycu3mkrt0z4ftxay4g8zchj87mw6ug8,Inactive,https://raw.githubusercontent.com/input-output-hk/spo-incentives/main/report-november-2025/scripts/inactive-pools.txt,2026-05-19T23:10:03+00:00
0a1ae3893c74ac0bdbf449309b343fb3816db986f220350ecc606695,pool1pgdw8zfuwjkqhkl5fycfkdplkwqkmwvx7gsr2rkvvpnf23wwg8r,Inactive,https://raw.githubusercontent.com/input-output-hk/spo-incentives/main/report-november-2025/scripts/inactive-pools.txt,2026-05-19T23:10:03+00:00
0de3ca54b963067d2b46eb15465a30461dd2fff76603aa01fb7a182d,pool1ph3u549evvr8626xav25vk3sgcwa9llhvcp65q0m0gvz6q2klz3,Inactive,https://raw.githubusercontent.com/input-output-hk/spo-incentives/main/report-november-2025/scripts/inactive-pools.txt,2026-05-19T23:10:03+00:00
0ca8e61d6ce513468766d3a8e5dc04ac111642a09339b4562563c3f3,pool1pj5wv8tvu5f5dpmx6w5wthqy4sg3vs4qjvumg439v0plxgnu8a6,Inactive,https://raw.githubusercontent.com/input-output-hk/spo-incentives/main/report-november-2025/scripts/inactive-pools.txt,2026-05-19T23:10:03+00:00
0cb1e0f65d7d21da705cb22d87ba7aba5db347dda3fb6242971dcd19,pool1pjc7paja05sa5uzukgkc0wn6hfwmx37a50akys5hrhx3j96vf2j,Inactive,https://raw.githubusercontent.com/input-output-hk/spo-incentives/main/report-november-2025/scripts/inactive-pools.txt,2026-05-19T23:10:03+00:00
0db403b246e3eafac8407b42bf2719208a4e53dfd9a9884f275ef19a,pool1pk6q8vjxu0404jzq0dpt7fceyz9yu57lmx5csne8tmce5nx523m,Inactive,https://raw.githubusercontent.com/input-output-hk/spo-incentives/main/report-november-2025/scripts/inactive-pools.txt,2026-05-19T23:10:03+00:00
0d83921d3ced0f0032ce195d5110d79b060bcf989f0e856381ca1102,pool1pkpey8fua58sqvkwr9w4zyxhnvrqhnucnu8g2cupeggsyxee6ke,Inactive,https://raw.githubusercontent.com/input-output-hk/spo-incentives/main/report-november-2025/scripts/inactive-pools.txt,2026-05-19T23:10:03+00:00
0d80bdc1e113546386f019a65b5a88d92a89f8b96a0b7bfda4b49af4,pool1pkqtms0pzd2x8phsrxn9kk5gmy4gn79edg9hhldykjd0guv0av9,Inactive,https://raw.githubusercontent.com/input-output-hk/spo-incentives/main/report-november-2025/scripts/inactive-pools.txt,2026-05-19T23:10:03+00:00
0ef51a2647859b6bbfecbaf044757922eb35d512a0fa151c400e7c36,pool1pm635fj8skdkh0lvhtcygateyt4nt4gj5rap28zqpe7rv0wgdhf,Inactive,https://raw.githubusercontent.com/input-output-hk/spo-incentives/main/report-november-2025/scripts/inactive-pools.txt,2026-05-19T23:10:03+00:00
0ef08db5aa29eb31415d11b7de179b1d4b0026301bec80dee3ee8894,pool1pmcgmdd2984nzs2azxmau9umr49sqf3sr0kgphhra6yfg67nt00,Inactive,https://raw.githubusercontent.com/input-output-hk/spo-incentives/main/report-november-2025/scripts/inactive-pools.txt,2026-05-19T23:10:03+00:00
0eed3810a405dfa4876de24ec16196107ff222523f05696308665cb0,pool1pmknsy9yqh06fpmduf8vzcvkzpllygjj8uzkjccgvewtq9uc53k,Inactive,https://raw.githubusercontent.com/input-output-hk/spo-incentives/main/report-november-2025/scripts/inactive-pools.txt,2026-05-19T23:10:03+00:00
0ee128326da3f46009dfc7599363e7d2fafaeb2017aa613165f68e7e,pool1pmsjsvnd506xqzwlcavexcl86ta046eqz74xzvt97688urmd0qj,Inactive,https://raw.githubusercontent.com/input-output-hk/spo-incentives/main/report-november-2025/scripts/inactive-pools.txt,2026-05-19T23:10:03+00:00
0ec9d6663efc55535037bbe1e5b4917d8c5db45b04e4751579c63935,pool1pmyave37l324x5phh0s7tdy30kx9mdzmqnj829teccun2je37xw,Inactive,https://raw.githubusercontent.com/input-output-hk/spo-incentives/main/report-november-2025/scripts/inactive-pools.txt,2026-05-19T23:10:03+00:00
0cc2d87df8e4d049c74a4a02ffd8ee5c6a6be8e923bf29b1602b576b,pool1pnpdsl0cungyn362fgp0lk8wt34xh68fywljnvtq9dtkk2sd8qv,Inactive,https://raw.githubusercontent.com/input-output-hk/spo-incentives/main/report-november-2025/scripts/inactive-pools.txt,2026-05-19T23:10:03+00:00
0ce16f30fdae49328160cb3d68e3fd109ca86b580f4f47882307f943,pool1pnsk7v8a4eyn9qtqev7k3clazzw2s66cpa850zprqlu5x5eqtuw,Inactive,https://raw.githubusercontent.com/input-output-hk/spo-incentives/main/report-november-2025/scripts/inactive-pools.txt,2026-05-19T23:10:03+00:00
0cd6076ed8892e1438e0a28efc5f325352ecb3b0c1ce0fbce04b11ac,pool1pntqwmkc3yhpgw8q5280chej2dfwevasc88ql08qfvg6cny8s6l,Inactive,https://raw.githubusercontent.com/input-output-hk/spo-incentives/main/report-november-2025/scripts/inactive-pools.txt,2026-05-19T23:10:03+00:00
0cf9fe123ae59a2647456d459c9c7d185cab1f9676696b37777e97a2,pool1pnuluy36ukdzv369d4zee8rarpw2k8ukwe5kkdmh06t6y78cyrr,Inactive,https://raw.githubusercontent.com/input-output-hk/spo-incentives/main/report-november-2025/scripts/inactive-pools.txt,2026-05-19T23:10:03+00:00
0cd8bbfe9774e1ce7cda4e2ef39e9dee5ff2a6d75c683ff6ba6b8a3a,pool1pnvthl5hwnsuulx6fch0885aae0l9fkht35rla46dw9r54d5whr,Inactive,https://raw.githubusercontent.com/input-output-hk/spo-incentives/main/report-november-2025/scripts/inactive-pools.txt,2026-05-19T23:10:03+00:00
081a86dedd39b28f9c91fafc77cdeca84a4fd051636fa00215637ec4,pool1pqdgdhka8xegl8y3lt780n0v4p9yl5z3vdh6qqs4vdlvgaujaxu,Inactive,https://raw.githubusercontent.com/input-output-hk/spo-incentives/main/report-november-2025/scripts/inactive-pools.txt,2026-05-19T23:10:03+00:00
08e6fec5f43ceb97e59ba510cc5063ebaebf14319182caaa60f4153c,pool1prn0a3058n4e0evm55gvc5rrawht79p3jxpv42nq7s2ncxhszla,Inactive,https://raw.githubusercontent.com/input-output-hk/spo-incentives/main/report-november-2025/scripts/inactive-pools.txt,2026-05-19T23:10:03+00:00
0c2256564f8d33210d1d50174d6137971c689dcccb4e36bf7c92c97d,pool1ps39v4j035ejzrga2qt56cfhjuwx38wved8rd0mujtyh6r5mt3c,Inactive,https://raw.githubusercontent.com/input-output-hk/spo-incentives/main/report-november-2025/scripts/inactive-pools.txt,2026-05-19T23:10:03+00:00
0c220e13bb86e74c30357c568909014bafda72ad1a8588b96b852c80,pool1ps3quyamsmn5cvp403tgjzgpfwha5u4dr2zc3wtts5kgqc078se,Inactive,https://raw.githubusercontent.com/input-output-hk/spo-incentives/main/report-november-2025/scripts/inactive-pools.txt,2026-05-19T23:10:03+00:00
0f2a5e0daf7812510b28b8ed07c56c8084c1b459c3b552f5146b9aff,pool1pu49urd00qf9zzeghrks03tvszzvrdzecw649ag5dwd07snx69n,Inactive,https://raw.githubusercontent.com/input-output-hk/spo-incentives/main/report-november-2025/scripts/inactive-pools.txt,2026-05-19T23:10:03+00:00
0f25944e67027c6e1b4bb195b9280d99649792a27af53df4be73500e,pool1pujegnn8qf7xux6tkx2mj2qdn9jf0y4z0t6nma97wdgqudlc9ww,Inactive,https://raw.githubusercontent.com/input-output-hk/spo-incentives/main/report-november-2025/scripts/inactive-pools.txt,2026-05-19T23:10:03+00:00
0b11ee0125ebf70554d86a4074d4e1f2b104c3e81450277f69ce6901,pool1pvg7uqf9a0ms24xcdfq8f48p72csfslgz3gzwlmfee5szuda0du,Inactive,https://raw.githubusercontent.com/input-output-hk/spo-incentives/main/report-november-2025/scripts/inactive-pools.txt,2026-05-19T23:10:03+00:00
0b20cb881f1af70ca15bfdb4f7dc50f08025f01ba916626781ea9a49,pool1pvsvhzqlrtmseg2mlk600hzs7zqztuqm4ytxyeupa2dyjzs33nr,Inactive,https://raw.githubusercontent.com/input-output-hk/spo-incentives/main/report-november-2025/scripts/inactive-pools.txt,2026-05-19T23:10:03+00:00
0b0d020802c95f221000cb914806d7d2e0b7e1c462d97d01309e8c6f,pool1pvxsyzqze90jyyqqewg5spkh6tst0cwyvtvh6qfsn6xx75p2vk9,Inactive,https://raw.githubusercontent.com/input-output-hk/spo-incentives/main/report-november-2025/scripts/inactive-pools.txt,2026-05-19T23:10:03+00:00
09ae473a0781eefa6345e2236a8ffa92c26dc151c93a8f67ae735860,pool1pxhywws8s8h05c69ug3k4rl6jtpxms23eyag7eawwdvxql8spwc,Inactive,https://raw.githubusercontent.com/input-output-hk/spo-incentives/main/report-november-2025/scripts/inactive-pools.txt,2026-05-19T23:10:03+00:00
09284af01cb4bdef764fe99ed0e3cbc5f1f8d1bd350660878e4c9eeb,pool1py5y4uqukj777aj0ax0dpc7tchcl35dax5rxppuwfj0wkg3km82,Inactive,https://raw.githubusercontent.com/input-output-hk/spo-incentives/main/report-november-2025/scripts/inactive-pools.txt,2026-05-19T23:10:03+00:00
09057e19ffafeedf64cadcb4d02ebf78e9726ffcacb07b77489f62fa,pool1pyzhux0l4lhd7ex2mj6dqt4l0r5hymlu4jc8ka6gna305jn4vhm,Inactive,https://raw.githubusercontent.com/input-output-hk/spo-incentives/main/report-november-2025/scripts/inactive-pools.txt,2026-05-19T23:10:03+00:00
08ac812c4721d68695614f3dcde425f1bdb7e298b3da19a9805a54f5,pool1pzkgztz8y8tgd9tpfu7umep97x7m0c5ck0dpn2vqtf202fyhfv5,Inactive,https://raw.githubusercontent.com/input-output-hk/spo-incentives/main/report-november-2025/scripts/inactive-pools.txt,2026-05-19T23:10:03+00:00
03f149cc29093e7b41e96edf7504f1890d27a3ff547c28e944ff1905,pool1q0c5nnpfpyl8ks0fdm0h2p833yxj0gll237z362yluvs2nt65pp,Inactive,https://raw.githubusercontent.com/input-output-hk/spo-incentives/main/report-november-2025/scripts/inactive-pools.txt,2026-05-19T23:10:03+00:00
02a3682f9ae2f27356222d3b79baefacca30cf567b85db035a8db3ea,pool1q23kstu6ute8x43z95ahnwh04n9rpn6k0wzakq663ke75220682,Inactive,https://raw.githubusercontent.com/input-output-hk/spo-incentives/main/report-november-2025/scripts/inactive-pools.txt,2026-05-19T23:10:03+00:00
046a00d716bd0af42ca5cf5ab11dc7ea22eeafac4d3ad91c128791c3,pool1q34qp4ckh590gt99eadtz8w8ag3watavf5adj8qjs7guxmkgk8g,Inactive,https://raw.githubusercontent.com/input-output-hk/spo-incentives/main/report-november-2025/scripts/inactive-pools.txt,2026-05-19T23:10:03+00:00
046139b9d5423a419eedd21a78902629d44bbbf723bf8cbbc4302ba9,pool1q3snnww4ggayr8hd6gd83ypx982yhwlhywlcew7yxq46jzyst2g,Inactive,https://raw.githubusercontent.com/input-output-hk/spo-incentives/main/report-november-2025/scripts/inactive-pools.txt,2026-05-19T23:10:03+00:00
05554f57e536471b5c0185ec772998d6dba17fb7f54b148742130bb0,pool1q42574l9xer3khqpshk8w2vc6md6zlah7493fp6zzv9mqurmufx,Inactive,https://raw.githubusercontent.com/input-output-hk/spo-incentives/main/report-november-2025/scripts/inactive-pools.txt,2026-05-19T23:10:03+00:00
0555a337e82d7f80a073da6076d825bf1e7d928363a9eaef9b2ea574,pool1q426xdlg94lcpgrnmfs8dkp9hu08my5rvw574mum96jhg8yhd5v,Inactive,https://raw.githubusercontent.com/input-output-hk/spo-incentives/main/report-november-2025/scripts/inactive-pools.txt,2026-05-19T23:10:03+00:00
0505da3db180fcff1adb92c8383d9ed6446248e83f2e8426cf727fef,pool1q5za50d3sr707xkmjtyrs0v76ezxyj8g8uhggfk0wfl77aufd9k,Inactive,https://raw.githubusercontent.com/input-output-hk/spo-incentives/main/report-november-2025/scripts/inactive-pools.txt,2026-05-19T23:10:03+00:00
0688dfbb3c11169ab8cd98cb7f00ddff3cc8d915c297adfb8484de3d,pool1q6ydlweuzytf4wxdnr9h7qxalu7v3kg4c2t6m7uysn0r67jqx62,Inactive,https://raw.githubusercontent.com/input-output-hk/spo-incentives/main/report-november-2025/scripts/inactive-pools.txt,2026-05-19T23:10:03+00:00
01f4da7d3259060390562629469281a91cf031160d26040cbf6d12cd,pool1q86d5lfjtyrq8yzkyc55dy5p4yw0qvgkp5nqgr9ld5fv6ustg8h,Inactive,https://raw.githubusercontent.com/input-output-hk/spo-incentives/main/report-november-2025/scripts/inactive-pools.txt,2026-05-19T23:10:03+00:00
01cc00d5da20971179cdf468523a7a326d95024aa950432c7cd1ea3e,pool1q8xqp4w6yzt3z7wd7359ywn6xfke2qj249gyxtru684ruk8kazv,Inactive,https://raw.githubusercontent.com/input-output-hk/spo-incentives/main/report-november-2025/scripts/inactive-pools.txt,2026-05-19T23:10:03+00:00
075eb57f38d8b6c14f42f7c58ac4ae67d02799f5fb260c3482655047,pool1qa0t2lecmzmvzn6z7lzc439wvlgz0x04lvnqcdyzv4gywz3qehp,Inactive,https://raw.githubusercontent.com/input-output-hk/spo-incentives/main/report-november-2025/scripts/inactive-pools.txt,2026-05-19T23:10:03+00:00
075a870caa0a0cf20a3c2cf514be05e2064ef1ba71b2381e8f16a09e,pool1qadgwr92pgx0yz3u9n63f0s9ugryaud6wxers850z6sfu06y3rg,Inactive,https://raw.githubusercontent.com/input-output-hk/spo-incentives/main/report-november-2025/scripts/inactive-pools.txt,2026-05-19T23:10:03+00:00
0747be3311283c447d5d4a61cf9157844bbe5b1d4157c9c27c39b8d7,pool1qarmuvc39q7ygl2affsuly2hs39mukcag9tunsnu8xudwv8mf00,Inactive,https://raw.githubusercontent.com/input-output-hk/spo-incentives/main/report-november-2025/scripts/inactive-pools.txt,2026-05-19T23:10:03+00:00
0757fd012a14ba7ec6e4bceaae8e9da56e5b3db38ddaa9578660a9b0,pool1qatl6qf2zja8a3hyhn42ar5a54h9k0dn3hd2j4uxvz5mqn25zy5,Inactive,https://raw.githubusercontent.com/input-output-hk/spo-incentives/main/report-november-2025/scripts/inactive-pools.txt,2026-05-19T23:10:03+00:00
0607d3ed1e6765c2e0dd6d7094932f10234cf50a53da61ce59564c20,pool1qcra8mg7vaju9cxad4cffye0zq35eag220dxrnje2exzq683u4x,Inactive,https://raw.githubusercontent.com/input-output-hk/spo-incentives/main/report-november-2025/scripts/inactive-pools.txt,2026-05-19T23:10:03+00:00
0363772d576596a94cbfb2f12005b62e04fdd8e06f331a19ef0fb8da,pool1qd3hwt2hvkt2jn9lktcjqpdk9cz0mk8qdue35x00p7ud5g0268s,Inactive,https://raw.githubusercontent.com/input-output-hk/spo-incentives/main/report-november-2025/scripts/inactive-pools.txt,2026-05-19T23:10:03+00:00
034a4cef890a549c2c2d508862b15f646f54cf3161e41fc32a3d5003,pool1qd9yemufpf2fctpd2zyx9v2lv3h4fne3v8jplse284gqxk8ketu,Inactive,https://raw.githubusercontent.com/input-output-hk/spo-incentives/main/report-november-2025/scripts/inactive-pools.txt,2026-05-19T23:10:03+00:00
03462f864449c0c863917116b46845857d4da77fb5b45e7c3bfe6c82,pool1qdrzlpjyf8qvscu3wyttg6z9s475mfmlkk69ulpmlekgyx73fuy,Inactive,https://raw.githubusercontent.com/input-output-hk/spo-incentives/main/report-november-2025/scripts/inactive-pools.txt,2026-05-19T23:10:03+00:00
0360ffb5ba56a4f2ce619c5119e54964f540dc7ac0bd5b68cc3f06b4,pool1qds0ldd626j09nnpn3g3ne2fvn65phr6cz74k6xv8urtgygu9cp,Inactive,https://raw.githubusercontent.com/input-output-hk/spo-incentives/main/report-november-2025/scripts/inactive-pools.txt,2026-05-19T23:10:03+00:00
035c763a2bb29f9afd186972c69795b9a47166cd42801dcc4db1e2dc,pool1qdw8vw3tk20e4lgcd9evd9u4hxj8zekdg2qpmnzdk83dcncavpd,Inactive,https://raw.githubusercontent.com/input-output-hk/spo-incentives/main/report-november-2025/scripts/inactive-pools.txt,2026-05-19T23:10:03+00:00
067e5ba8e2e8f81aa28d31690de50848f8056ad5f7f07ce9db68bbd2,pool1qel9h28zarup4g5dx95smeggfruq26k47lc8e6wmdzaaywyj63r,Inactive,https://raw.githubusercontent.com/input-output-hk/spo-incentives/main/report-november-2025/scripts/inactive-pools.txt,2026-05-19T23:10:03+00:00
025ee4af86029ecae1f981e20427935e6bc36426f4b3021e781184a7,pool1qf0wftuxq20v4c0es83qgfunte4uxepx7jesy8nczxz2wv8yld2,Inactive,https://raw.githubusercontent.com/input-output-hk/spo-incentives/main/report-november-2025/scripts/inactive-pools.txt,2026-05-19T23:10:03+00:00
025a2bb1b5b2d6dcb8b6f84e592f8b8574d9e7066ca3afbba62c9592,pool1qfdzhvd4kttdew9klp89jtuts46dnecxdj36lwax9j2eyag0v6t,Inactive,https://raw.githubusercontent.com/input-output-hk/spo-incentives/main/report-november-2025/scripts/inactive-pools.txt,2026-05-19T23:10:03+00:00
021e8d5d8acd1eecb2c0946a87e09daa4bde370be90413b80eb996d9,pool1qg0g6hv2e50wevkqj34g0cya4f9audctayzp8wqwhxtdjnhn3tt,Inactive,https://raw.githubusercontent.com/input-output-hk/spo-incentives/main/report-november-2025/scripts/inactive-pools.txt,2026-05-19T23:10:03+00:00
05eb264f0d2e2fbdd07c8c2d1c00dceacf1648ecf0d1fa9a9f02721c,pool1qh4jvncd9chmm5ru3sk3cqxuat83vj8v7rgl4x5lqfepcywvc9g,Inactive,https://raw.githubusercontent.com/input-output-hk/spo-incentives/main/report-november-2025/scripts/inactive-pools.txt,2026-05-19T23:10:03+00:00
05e72c6c84298697bc55e4b5a265b2cd399572c05e5571e9bb590bd5,pool1qhnjcmyy9xrf00z4uj66yedje5ue2ukqte2hr6dmty9a2gz7tu5,Inactive,https://raw.githubusercontent.com/input-output-hk/spo-incentives/main/report-november-2025/scripts/inactive-pools.txt,2026-05-19T23:10:03+00:00
0598b7e9726369b92624dc0a4d5c2a5732d9d090d44f50ccf68b6ab1,pool1qkvt06tjvd5mjf3yms9y6hp22uedn5ys6384pn8k3d4tz3d7j2z,Inactive,https://raw.githubusercontent.com/input-output-hk/spo-incentives/main/report-november-2025/scripts/inactive-pools.txt,2026-05-19T23:10:03+00:00
059d0cf2c00cf22bdca8963975c33e707cc3ecfd82336fc6bfbc5343,pool1qkwseukqpnezhh9gjcuhtse7wp7v8m8asgekl34lh3f5xnnl6z2,Inactive,https://raw.githubusercontent.com/input-output-hk/spo-incentives/main/report-november-2025/scripts/inactive-pools.txt,2026-05-19T23:10:03+00:00
07f25c26a4c304ac8d979432d800f6b19b9257a59189cbdf723bbb33,pool1qle9cf4ycvz2ervhjsedsq8kkxdey4a9jxyuhhmj8wanx2xjqgn,Inactive,https://raw.githubusercontent.com/input-output-hk/spo-incentives/main/report-november-2025/scripts/inactive-pools.txt,2026-05-19T23:10:03+00:00
07c3280a92a3010a1713e3cb22bfa82624a33061ad20c7b359e7252d,pool1qlpjsz5j5vqs59cnu09j90agycj2xvrp45sv0v6euujj60up6dw,Inactive,https://raw.githubusercontent.com/input-output-hk/spo-incentives/main/report-november-2025/scripts/inactive-pools.txt,2026-05-19T23:10:03+00:00
06f54d63b10b67c8a1395f21b87d9da52928ee394f414e56b0405b09,pool1qm656ca3pdnu3gfetusmslva555j3m3efaq5u44sgpdsjn7dg4d,Inactive,https://raw.githubusercontent.com/input-output-hk/spo-incentives/main/report-november-2025/scripts/inactive-pools.txt,2026-05-19T23:10:03+00:00
04d1d6ff18fcec0435cdafe2c0d11b4371ec06c9cdbda0786286000b,pool1qngadlcclnkqgdwd4l3vp5gmgdc7cpkfek76q7rzscqqk5ak9y8,Inactive,https://raw.githubusercontent.com/input-output-hk/spo-incentives/main/report-november-2025/scripts/inactive-pools.txt,2026-05-19T23:10:03+00:00
006325609534b3e3c4d1e94e479c82d59c38e77c7d05b51886193b29,pool1qp3j2cy4xje783x3a98y08yz6kwr3emu05zm2xyxryajjhmt48p,Inactive,https://raw.githubusercontent.com/input-output-hk/spo-incentives/main/report-november-2025/scripts/inactive-pools.txt,2026-05-19T23:10:03+00:00
00665f876e094273b161d216a799b8a67c34d1f9755570f90d9a7eb3,pool1qpn9lpmwp9p88vtp6gt20xdc5e7rf50ew42hp7gdnfltxqvfpka,Inactive,https://raw.githubusercontent.com/input-output-hk/spo-incentives/main/report-november-2025/scripts/inactive-pools.txt,2026-05-19T23:10:03+00:00
00472a2a777ca2a0d180515e3ff1b848a87b72448097412d2c9289b3,pool1qprj52nh0j32p5vq290rludcfz58kujyszt5ztfvj2ymx43649f,Inactive,https://raw.githubusercontent.com/input-output-hk/spo-incentives/main/report-november-2025/scripts/inactive-pools.txt,2026-05-19T23:10:03+00:00
00f52def8702b95aa04451ba3dcec0f3f0f4205e54e77f781bcb3fa5,pool1qr6jmmu8q2u44gzy2xarmnkq70c0ggz72nnh77qmevl62th69k3,Inactive,https://raw.githubusercontent.com/input-output-hk/spo-incentives/main/report-november-2025/scripts/inactive-pools.txt,2026-05-19T23:10:03+00:00
00f78579fb8a90f3bc3683f8c225f7bcbdb3a097462d60922affa731,pool1qrmc270m32g080pks0uvyf0hhj7m8gyhgckkpy32l7nnzrll85v,Inactive,https://raw.githubusercontent.com/input-output-hk/spo-incentives/main/report-november-2025/scripts/inactive-pools.txt,2026-05-19T23:10:03+00:00
00c3598b7df81a8c175d67412bf4a20eb76edd62fe47a5b39c08bec6,pool1qrp4nzmalqdgc96avaqjha9zp6mkahtzler6tvuupzlvvw786qn,Inactive,https://raw.githubusercontent.com/input-output-hk/spo-incentives/main/report-november-2025/scripts/inactive-pools.txt,2026-05-19T23:10:03+00:00
041a8393e2256ccd2aad1a5161700804a24517eead41367d790dd6a7,pool1qsdg8ylzy4kv624drfgkzuqgqj3y29lw44qnvltepht2wegh58c,Inactive,https://raw.githubusercontent.com/input-output-hk/spo-incentives/main/report-november-2025/scripts/inactive-pools.txt,2026-05-19T23:10:03+00:00
0401fa9891a140820673bc6fc8df7ee9aa3847c8b76055cefc9be244,pool1qsql4xy359qgypnnh3hu3hm7ax4rs37gkas9tnhun03ygglxtth,Inactive,https://raw.githubusercontent.com/input-output-hk/spo-incentives/main/report-november-2025/scripts/inactive-pools.txt,2026-05-19T23:10:03+00:00
02e183451978d1b0a52806674e702719d73eb3dd5332de3b30b00de4,pool1qtscx3ge0rgmpffgqen5uup8r8tnav7a2veduweskqx7gf8gjec,Inactive,https://raw.githubusercontent.com/input-output-hk/spo-incentives/main/report-november-2025/scripts/inactive-pools.txt,2026-05-19T23:10:03+00:00
0322ccfd1f68a8a288057d64428123bb6efed9d6b5c9fe2864db7507,pool1qv3velgldz529zq904jy9qfrhdh0akwkkhylu2rymd6sw9m02cc,Inactive,https://raw.githubusercontent.com/input-output-hk/spo-incentives/main/report-november-2025/scripts/inactive-pools.txt,2026-05-19T23:10:03+00:00
030016968cad948ceb939ac395ad99f2a6b472da004b65e574f2b3e6,pool1qvqpd95v4k2ge6unntpettve72ntguk6qp9ktet572e7v4v9de8,Inactive,https://raw.githubusercontent.com/input-output-hk/spo-incentives/main/report-november-2025/scripts/inactive-pools.txt,2026-05-19T23:10:03+00:00
03a92c5395b6b16afacd72dd73ee0cd2cea3531a01a27bcba4c4efdd,pool1qw5jc5u4k6ck47kdwtwh8msv6t82x5c6qx38hjaycnha6skrek7,Inactive,https://raw.githubusercontent.com/input-output-hk/spo-incentives/main/report-november-2025/scripts/inactive-pools.txt,2026-05-19T23:10:03+00:00
03a65fd582dd4701b696c9b9d483f0422bd09fde6439300775200e5c,pool1qwn9l4vzm4rsrd5kexuafqlsgg4ap877vsunqpm4yq89crm4aqr,Inactive,https://raw.githubusercontent.com/input-output-hk/spo-incentives/main/report-november-2025/scripts/inactive-pools.txt,2026-05-19T23:10:03+00:00
01822fd8c9cede0545f7904a9d2958d13b991c04c3891acdc4594fd3,pool1qxpzlkxfem0q230hjp9f622c6yaej8qycwy34nwyt98axedf78f,Inactive,https://raw.githubusercontent.com/input-output-hk/spo-incentives/main/report-november-2025/scripts/inactive-pools.txt,2026-05-19T23:10:03+00:00
008a049b06862ba605031c8fa3c31b5ae41890a6ee6e49ead3b4f28c,pool1qz9qfxcxsc46vpgrrj868scmttjp3y9xaehyn6knknegcsphq6u,Inactive,https://raw.githubusercontent.com/input-output-hk/spo-incentives/main/report-november-2025/scripts/inactive-pools.txt,2026-05-19T23:10:03+00:00
0090ffc12b3b7421518458a8b6c5313c47d3a6ba141b3874b16a0685,pool1qzg0lsft8d6zz5vytz5td3f383ra8f46zsdnsa93dgrg2nf7ckf,Inactive,https://raw.githubusercontent.com/input-output-hk/spo-incentives/main/report-november-2025/scripts/inactive-pools.txt,2026-05-19T23:10:03+00:00
0084f4fee5502c87ee5c4f5c592856f2bfb6269355b9d87ed549e551,pool1qzz0flh92qkg0mjufaw9j2zk72lmvf5n2kuaslk4f8j4ze362w4,Inactive,https://raw.githubusercontent.com/input-output-hk/spo-incentives/main/report-november-2025/scripts/inactive-pools.txt,2026-05-19T23:10:03+00:00
1beb810b5d0541369fb132adf1374853f6334e0fb407dc3c4f94fdc2,pool1r04czz6aq4qnd8a3x2klzd6g20mrxns0ksrac0z0jn7uycgl7l2,Inactive,https://raw.githubusercontent.com/input-output-hk/spo-incentives/main/report-november-2025/scripts/inactive-pools.txt,2026-05-19T23:10:03+00:00
1a9552feaf6e4f3fcbdee7bc4158f637e3d656cf28970763804e4c2c,pool1r2249l40de8nlj77u77yzk8kxl3av4k09ztswcuqfexzcxwx3k8,Inactive,https://raw.githubusercontent.com/input-output-hk/spo-incentives/main/report-november-2025/scripts/inactive-pools.txt,2026-05-19T23:10:03+00:00
1a84a6569153d7d044f40cc9a408efb90111c39938cf37b8a2081f8f,pool1r2z2v45320taq385pny6gz80hyq3rsue8r8n0w9zpq0c7yjl9el,Inactive,https://raw.githubusercontent.com/input-output-hk/spo-incentives/main/report-november-2025/scripts/inactive-pools.txt,2026-05-19T23:10:03+00:00
1d4fc80d6d3004bd376d7a8c894207320182870556036dd424b11d36,pool1r48usrtdxqzt6dmd02xgjss8xgqc9pc92cpkm4pykywnv7n33g6,Inactive,https://raw.githubusercontent.com/input-output-hk/spo-incentives/main/report-november-2025/scripts/inactive-pools.txt,2026-05-19T23:10:03+00:00
1d06f11ca5e06b6c161f2227eeab97f97bbec630fe80eea5994a8f24,pool1r5r0z899up4kc9slygn7a2uhl9ama33sl6qwafvef28jgaf06hz,Inactive,https://raw.githubusercontent.com/input-output-hk/spo-incentives/main/report-november-2025/scripts/inactive-pools.txt,2026-05-19T23:10:03+00:00
1ea8f97684ac89e337501c847e4adcd90e60d8f602066e15488cdc4b,pool1r650ja5y4jy7xd6srjz8ujkumy8xpk8kqgrxu92g3nwyk5jf4zq,Inactive,https://raw.githubusercontent.com/input-output-hk/spo-incentives/main/report-november-2025/scripts/inactive-pools.txt,2026-05-19T23:10:03+00:00
1ebe1d739be75f6641fa291f6a5af15fbb8632a11142974450d0f7bc,pool1r6lp6uumua0kvs069y0k5kh3t7acvv4pz9pfw3zs6rmmcs52z4z,Inactive,https://raw.githubusercontent.com/input-output-hk/spo-incentives/main/report-november-2025/scripts/inactive-pools.txt,2026-05-19T23:10:03+00:00
1fb41965ba01ec521ff34632d05d9450802c291813840c1626d59c0f,pool1r76pjed6q8k9y8lngcedqhv52zqzc2gczwzqc93x6kwq73xprtr,Inactive,https://raw.githubusercontent.com/input-output-hk/spo-incentives/main/report-november-2025/scripts/inactive-pools.txt,2026-05-19T23:10:03+00:00
1f973a6bf2a4bcbcf844945cc04dee238eb1c505d62eed7dd301a5b4,pool1r7tn56lj5j7te7zyj3wvqn0wyw8tr3g96chw6lwnqxjmgggrfd8,Inactive,https://raw.githubusercontent.com/input-output-hk/spo-incentives/main/report-november-2025/scripts/inactive-pools.txt,2026-05-19T23:10:03+00:00
1974b6a2aacf80131b29526e2ff21fab96095955b0a709556be8de9d,pool1r96tdg42e7qpxxef2fhzlusl4wtqjk24kznsj4ttar0f6adw0jq,Inactive,https://raw.githubusercontent.com/input-output-hk/spo-incentives/main/report-november-2025/scripts/inactive-pools.txt,2026-05-19T23:10:03+00:00
195a96523a7f7e1a36ef53ecfa3db59d4972dea8dc0bf4be03dd622a,pool1r9dfv5360alp5dh020k050d4n4yh9h4gms9lf0srm43z5zk4d3s,Inactive,https://raw.githubusercontent.com/input-output-hk/spo-incentives/main/report-november-2025/scripts/inactive-pools.txt,2026-05-19T23:10:03+00:00
19768f9f127dc975bf5e3e02dfc96a0ba348ebca91085ed9ef68bbf4,pool1r9mgl8cj0hyht0678cpdljt2pw353672jyy9ak00dzalglx2jq5,Inactive,https://raw.githubusercontent.com/input-output-hk/spo-incentives/main/report-november-2025/scripts/inactive-pools.txt,2026-05-19T23:10:03+00:00
1940494163c3e8f9c907fefce31287f5768e454a613f29adb0dd0083,pool1r9qyjstrc050njg8lm7wxy5874mgu322vyljntdsm5qgxvjcewv,Inactive,https://raw.githubusercontent.com/input-output-hk/spo-incentives/main/report-november-2025/scripts/inactive-pools.txt,2026-05-19T23:10:03+00:00
194783a7465fce936c6c1472b2e66f09d612f40f18a1f4e05d7035bf,pool1r9rc8f6xtl8fxmrvz3et9en0p8tp9aq0rzslfczawq6m7udqd33,Inactive,https://raw.githubusercontent.com/input-output-hk/spo-incentives/main/report-november-2025/scripts/inactive-pools.txt,2026-05-19T23:10:03+00:00
1f79d3dd8366a9d04512e59e3cd65c1342eaa261b641ef93e5ac8f86,pool1raua8hvrv65aq3gjuk0re4juzdpw4gnpkeq7lyl94j8cv2grye4,Inactive,https://raw.githubusercontent.com/input-output-hk/spo-incentives/main/report-november-2025/scripts/inactive-pools.txt,2026-05-19T23:10:03+00:00
1e1a028f497cdcc8fb5d4da8d34788ef37fbeeb6379075f33eab7ee4,pool1rcdq9r6f0nwv376afk5dx3ugaumlhm4kx7g8tue74dlwgwsmd4l,Inactive,https://raw.githubusercontent.com/input-output-hk/spo-incentives/main/report-november-2025/scripts/inactive-pools.txt,2026-05-19T23:10:03+00:00
1e11aa035ba914ea966f9b254f3cc9ec6f02747ba2e539f364a9b718,pool1rcg65q6m4y2w49n0nvj570xfa3hsyarm5tjnnumy4xm3sw0d6lu,Inactive,https://raw.githubusercontent.com/input-output-hk/spo-incentives/main/report-november-2025/scripts/inactive-pools.txt,2026-05-19T23:10:03+00:00
1b7e19a0006d2a6566de81767bfe841e3cd3537fd95cb683abfb7749,pool1rdlpngqqd54x2ek7s9m8hl5yrc7dx5mlm9wtdqatldm5jfrcgqt,Inactive,https://raw.githubusercontent.com/input-output-hk/spo-incentives/main/report-november-2025/scripts/inactive-pools.txt,2026-05-19T23:10:03+00:00
1e659d44dafa9b7aaf4d393b1dbeb82fc81e5717c3f0c9d653b7bfbe,pool1reje63x6l2dh4t6d8ya3m04c9lypu4chc0cvn4jnk7lmus54ckn,Inactive,https://raw.githubusercontent.com/input-output-hk/spo-incentives/main/report-november-2025/scripts/inactive-pools.txt,2026-05-19T23:10:03+00:00
1e6c7debd28fc70f86c36516e30e9d6856a1d2d100157e5f4c418f2b,pool1rek8m67j3lrslpkrv5twxr5adpt2r5k3qq2huh6vgx8jkcw4qc8,Inactive,https://raw.githubusercontent.com/input-output-hk/spo-incentives/main/report-november-2025/scripts/inactive-pools.txt,2026-05-19T23:10:03+00:00
1e6733e9a5dac9e9340a0122a358bf27dff237003463ecd68faa44c6,pool1renn86d9mty7jdq2qy32xk9lyl0lydcqx337e4504fzvvcye532,Inactive,https://raw.githubusercontent.com/input-output-hk/spo-incentives/main/report-november-2025/scripts/inactive-pools.txt,2026-05-19T23:10:03+00:00
1e42eeeff1f2be6a593123bd4d1c97ca7b56e9e3535fee4e88d92c46,pool1repwaml372lx5kf3yw7568yhefa4d60r2d07un5gmykyv57ejxq,Inactive,https://raw.githubusercontent.com/input-output-hk/spo-incentives/main/report-november-2025/scripts/inactive-pools.txt,2026-05-19T23:10:03+00:00
1a540af5f55a06e0f254322b04bdb2f47c45f4103c344e1030a507a8,pool1rf2q4a04tgrwpuj5xg4sf0dj737ytaqs8s6yuyps55r6s87x7v7,Inactive,https://raw.githubusercontent.com/input-output-hk/spo-incentives/main/report-november-2025/scripts/inactive-pools.txt,2026-05-19T23:10:03+00:00
1a5c907e956981952621bafd83984b0171474f0dbe034aaa76f69b84,pool1rfwfql54dxqe2f3pht7c8xztq9c5wncdhcp542nk76dcgshtvdk,Inactive,https://raw.githubusercontent.com/input-output-hk/spo-incentives/main/report-november-2025/scripts/inactive-pools.txt,2026-05-19T23:10:03+00:00
1a2b7aa705979ee8c8c7d422cc1d826fae6736b0156477b4b1bdbd2f,pool1rg4h4fc9j70w3jx86s3vc8vzd7hxwd4sz4j80d93hk7j7mm5dx2,Inactive,https://raw.githubusercontent.com/input-output-hk/spo-incentives/main/report-november-2025/scripts/inactive-pools.txt,2026-05-19T23:10:03+00:00
1a0e45c6c0189b8b9f2de7f49dfa7aee2e8624883cf42b8c26a74f18,pool1rg8yt3kqrzdch8edul6fm7n6achgvfyg8n6zhrpx5a83scz83ys,Inactive,https://raw.githubusercontent.com/input-output-hk/spo-incentives/main/report-november-2025/scripts/inactive-pools.txt,2026-05-19T23:10:03+00:00
1a3f995536457e52e69d410d06d1c5f7a74e7b1701dc30ba08d8cef5,pool1rglej4fkg4l99e5agyxsd5w977n5u7chq8wrpwsgmr80292fw65,Inactive,https://raw.githubusercontent.com/input-output-hk/spo-incentives/main/report-november-2025/scripts/inactive-pools.txt,2026-05-19T23:10:03+00:00
1df2e2dda1d383c6dd4ab790492d8538cfe55f1d7eab33f107fda32d,pool1rhew9hdp6wpudh22k7gyjtv98r872hca064n8ug8lk3j65ae59a,Inactive,https://raw.githubusercontent.com/input-output-hk/spo-incentives/main/report-november-2025/scripts/inactive-pools.txt,2026-05-19T23:10:03+00:00
1c8e2b0ad16edffdce4bea70202427842fbecd07420f4c9032cdd59d,pool1rj8zkzk3dm0lmnjtafczqfp8sshmang8gg85eypjeh2e6cve0vl,Inactive,https://raw.githubusercontent.com/input-output-hk/spo-incentives/main/report-november-2025/scripts/inactive-pools.txt,2026-05-19T23:10:03+00:00
1d95b85f368fe6ae76f62990a1a889d0a9c7bef1f22b2c2b7622f44b,pool1rk2mshek3ln2uahk9xg2r2yf6z5u00h37g4jc2mkyt6yk0r2xw3,Inactive,https://raw.githubusercontent.com/input-output-hk/spo-incentives/main/report-november-2025/scripts/inactive-pools.txt,2026-05-19T23:10:03+00:00
1dad332b7abc5aed134b3f0da49b54d9bbb4594ff6dae5e311233b05,pool1rkknx2m6h3dw6y6t8ux6fx65mxamgk207mdwtcc3yvas2yyrvxp,Inactive,https://raw.githubusercontent.com/input-output-hk/spo-incentives/main/report-november-2025/scripts/inactive-pools.txt,2026-05-19T23:10:03+00:00
1d8558c68a216db830409c5c179d7a0245aacb5d5d50bdcfd5465eb6,pool1rkz43352y9kmsvzqn3wp08t6qfz64j6at4gtmn74ge0tv7hqdhf,Inactive,https://raw.githubusercontent.com/input-output-hk/spo-incentives/main/report-november-2025/scripts/inactive-pools.txt,2026-05-19T23:10:03+00:00
1ece3176294bf1d0e6956b658fb9dbd76a8a38da7d5712176df920d1,pool1rm8rza3ff0cape54ddjclwwm6a4g5wx604t3y9mdlysdz898f42,Inactive,https://raw.githubusercontent.com/input-output-hk/spo-incentives/main/report-november-2025/scripts/inactive-pools.txt,2026-05-19T23:10:03+00:00
186bad776d0c32f4436db2f2008373dd13fab1e03cb8e702a6ea1c44,pool1rp466amdpse0gsmdkteqpqmnm5fl4v0q8juwwq4xagwygwzu8ln,Inactive,https://raw.githubusercontent.com/input-output-hk/spo-incentives/main/report-november-2025/scripts/inactive-pools.txt,2026-05-19T23:10:03+00:00
182acedff9cf6a4c44f81d0f6ff03fd21eef63aff7f1ab118bc0a61d,pool1rq4vahleea4yc38cr58klupl6g0w7ca07lc6kyvtcznp6649j5p,Inactive,https://raw.githubusercontent.com/input-output-hk/spo-incentives/main/report-november-2025/scripts/inactive-pools.txt,2026-05-19T23:10:03+00:00
183583cd7f85d46fc7f97f168aa42605fa8f25bf089a4b63edf36e54,pool1rq6c8ntlsh2xl3le0utg4fpxqhag7fdlpzdykcld7dh9gtz8fxt,Inactive,https://raw.githubusercontent.com/input-output-hk/spo-incentives/main/report-november-2025/scripts/inactive-pools.txt,2026-05-19T23:10:03+00:00
183cf23e123a67244f9d6424b65940deaf272865127b86d742d08f8f,pool1rq70y0sj8fnjgnuavsjtvk2qm6hjw2r9zfacd46z6z8c7tlgcmx,Inactive,https://raw.githubusercontent.com/input-output-hk/spo-incentives/main/report-november-2025/scripts/inactive-pools.txt,2026-05-19T23:10:03+00:00
1811be80ea0abf192a569e1502588a32d04fe590844b8f252808686a,pool1rqgmaq82p2l3j2jknc2syky2xtgylevss39c7ffgpp5x56s5pt5,Inactive,https://raw.githubusercontent.com/input-output-hk/spo-incentives/main/report-november-2025/scripts/inactive-pools.txt,2026-05-19T23:10:03+00:00
181d71112cd9f97d0219006d612b8c475fc48dfdef58377a649917c3,pool1rqwhzyfvm8uh6qseqpkkz2uvga0ufr0aaavrw7nynytuxy9uj6c,Inactive,https://raw.githubusercontent.com/input-output-hk/spo-incentives/main/report-november-2025/scripts/inactive-pools.txt,2026-05-19T23:10:03+00:00
18c9c7e2cd48b033732929c1e3a44e551b78ff163fdfc8fc1a1059e3,pool1rryu0ckdfzcrxuef98q78fzw25dh3lck8l0u3lq6zpv7x5a6qyd,Inactive,https://raw.githubusercontent.com/input-output-hk/spo-incentives/main/report-november-2025/scripts/inactive-pools.txt,2026-05-19T23:10:03+00:00
1c31b9a0442ec44214f6ffaf13c310ba376ae1cfc43596d0fb068fb7,pool1rscmngzy9mzyy98kl7h38scshgmk4cw0cs6ed58mq68mw4uustm,Inactive,https://raw.githubusercontent.com/input-output-hk/spo-incentives/main/report-november-2025/scripts/inactive-pools.txt,2026-05-19T23:10:03+00:00
1c36ae8fa516cab03d1c0e015c7b3167b07fb8df4491750bbf44931d,pool1rsm2ara9zm9tq0gupcq4c7e3v7c8lwxlgjgh2zalgjf3669rlwq,Inactive,https://raw.githubusercontent.com/input-output-hk/spo-incentives/main/report-november-2025/scripts/inactive-pools.txt,2026-05-19T23:10:03+00:00
1c07b0835299a6ebe84777c41bcfb3adf8416824de113ea834d963b1,pool1rsrmpq6jnxnwh6z8wlzphnan4huyz6pymcgna2p5m93mz780xkw,Inactive,https://raw.githubusercontent.com/input-output-hk/spo-incentives/main/report-november-2025/scripts/inactive-pools.txt,2026-05-19T23:10:03+00:00
1ac7a9cbb5bdcf23dec3de599bbbcf7945d8a78a6730c5787fd01a3d,pool1rtr6nja4hh8j8hkrmevehw7009za3fu2vucv27rl6qdr6xttd09,Inactive,https://raw.githubusercontent.com/input-output-hk/spo-incentives/main/report-november-2025/scripts/inactive-pools.txt,2026-05-19T23:10:03+00:00
1b3337c23f8bc1d74db256cec7a5c8c1c705df9b6f7cafd5d6439b73,pool1rven0s3l30qawndj2m8v0fwgc8rsthumda72l4wkgwdhx7qgdjw,Inactive,https://raw.githubusercontent.com/input-output-hk/spo-incentives/main/report-november-2025/scripts/inactive-pools.txt,2026-05-19T23:10:03+00:00
1ba306c068c9ddd7fb557c7e33649113a94f32360f5cfb3ba6721ea1,pool1rw3sdsrge8wa076403lrxey3zw557v3kpaw0kwaxwg02zjfv82k,Inactive,https://raw.githubusercontent.com/input-output-hk/spo-incentives/main/report-november-2025/scripts/inactive-pools.txt,2026-05-19T23:10:03+00:00
19089ba375183a50cc96372e6c6c9a1b66fe13ebe276559f58d72167,pool1ryyfhgm4rqa9pnykxuhxcmy6rdn0uyltufm9t86c6uskwv3aame,Inactive,https://raw.githubusercontent.com/input-output-hk/spo-incentives/main/report-november-2025/scripts/inactive-pools.txt,2026-05-19T23:10:03+00:00
18ae4e392e68ad0d958a164e1ff49b63591e3ea62f5ebddd0ab0cdeb,pool1rzhyuwfwdzksm9v2ze8playmvdv3u04x9a0tmhg2krx7kt2635t,Inactive,https://raw.githubusercontent.com/input-output-hk/spo-incentives/main/report-november-2025/scripts/inactive-pools.txt,2026-05-19T23:10:03+00:00
18be8d2160e765920833a3af7577e0121a125388bf55ea0957e83c54,pool1rzlg6gtquajeyzpn5whh2alqzgdpy5ugha275z2haq79glqze85,Inactive,https://raw.githubusercontent.com/input-output-hk/spo-incentives/main/report-november-2025/scripts/inactive-pools.txt,2026-05-19T23:10:03+00:00
188428c087391f419d800e6581334204d69d74938f26b95a65b278dd,pool1rzzz3sy88y05r8vqpejczv6zqntf6ayn3untjkn9kfud6nemcp9,Inactive,https://raw.githubusercontent.com/input-output-hk/spo-incentives/main/report-november-2025/scripts/inactive-pools.txt,2026-05-19T23:10:03+00:00
828194edf77d6a55b5d0bf9da43bdb996676c5d538b9387ccde8be94,pool1s2qefm0h0449tdwsh7w6gw7mn9n8d3w48zunslxdazlfghtn4wh,Inactive,https://raw.githubusercontent.com/input-output-hk/spo-incentives/main/report-november-2025/scripts/inactive-pools.txt,2026-05-19T23:10:03+00:00
857b1252cb6a3d079dbadcd76c2c58f44b7a4eba5962f921194a8fec,pool1s4a3y5ktdg7s08d6mntkctzc739h5n46t930jggef287cwz8pph,Inactive,https://raw.githubusercontent.com/input-output-hk/spo-incentives/main/report-november-2025/scripts/inactive-pools.txt,2026-05-19T23:10:03+00:00
856e676567c8a484c8d9b6726c8844e2857445eab8726d27478dd907,pool1s4hxwet8ezjgfjxekeexezzyu2zhg302hpex6f683hvsw8qpd5v,Inactive,https://raw.githubusercontent.com/input-output-hk/spo-incentives/main/report-november-2025/scripts/inactive-pools.txt,2026-05-19T23:10:03+00:00
85599d2fa1d28c5b5dacbdac549d32f56d0a2cdc22213e79d6e4ad19,pool1s4ve6tap62x9khdvhkk9f8fj74ks5txuygsnu7wkujk3jd2c0jh,Inactive,https://raw.githubusercontent.com/input-output-hk/spo-incentives/main/report-november-2025/scripts/inactive-pools.txt,2026-05-19T23:10:03+00:00
852a7af9a41e02834990932f290243b0a26d332c27bc6e8259a4f883,pool1s54847dyrcpgxjvsjvhjjqjrkz3x6vevy77xaqje5nugxhp6j2g,Inactive,https://raw.githubusercontent.com/input-output-hk/spo-incentives/main/report-november-2025/scripts/inactive-pools.txt,2026-05-19T23:10:03+00:00
86a1ac91997ff78ae5f9d892afe8f3293af1dc616e00f96edbdeccc5,pool1s6s6eyve0lmc4e0emzf2l68n9ya0rhrpdcq0jmkmmmxv2rkrx42,Inactive,https://raw.githubusercontent.com/input-output-hk/spo-incentives/main/report-november-2025/scripts/inactive-pools.txt,2026-05-19T23:10:03+00:00
87b28f81c2f9ea643023a842b27f0805ed21d4d63b7448d94a0ff918,pool1s7eglqwzl84xgvpr4pptylcgqhkjr4xk8d6y3k22plu3sagms25,Inactive,https://raw.githubusercontent.com/input-output-hk/spo-incentives/main/report-november-2025/scripts/inactive-pools.txt,2026-05-19T23:10:03+00:00
8799fa8cac1ab2bd8d414df0c3714a8e4fd874dc2e9798f06df22f1c,pool1s7vl4r9vr2etmr2pfhcvxu223e8asaxu96te3urd7gh3c2kl74a,Inactive,https://raw.githubusercontent.com/input-output-hk/spo-incentives/main/report-november-2025/scripts/inactive-pools.txt,2026-05-19T23:10:03+00:00
875fcc858ae09cd7a0f0bd3f69090eb60c344455dd1c4121372c4337,pool1sa0uepv2uzwd0g8sh5lkjzgwkcxrg3z4m5wyzgfh93pnwupsm8g,Inactive,https://raw.githubusercontent.com/input-output-hk/spo-incentives/main/report-november-2025/scripts/inactive-pools.txt,2026-05-19T23:10:03+00:00
877636a5bc09163c9c5c026848c1bd7d8d709cb5232419ddcec0b967,pool1samrdfdupytre8zuqf5y3sda0kxhp894yvjpnhwwczukwd4mx6y,Inactive,https://raw.githubusercontent.com/input-output-hk/spo-incentives/main/report-november-2025/scripts/inactive-pools.txt,2026-05-19T23:10:03+00:00
8264de3cdb1798dd8758e24cda5101184b44543e7c4421c7815f9ed8,pool1sfjdu0xmz7vdmp6cufxd55gprp95g4p703zzr3upt70dst0fur2,Inactive,https://raw.githubusercontent.com/input-output-hk/spo-incentives/main/report-november-2025/scripts/inactive-pools.txt,2026-05-19T23:10:03+00:00
822edf0f607d961d19a7204f5dbdf48bef7018c5afe1383b7d92d463,pool1sghd7rmq0ktp6xd8yp84m00530hhqxx94lsnswmajt2xxrzpyjk,Inactive,https://raw.githubusercontent.com/input-output-hk/spo-incentives/main/report-november-2025/scripts/inactive-pools.txt,2026-05-19T23:10:03+00:00
82063911328f24200d0b40d74834b3fb2025ecdb8aba6f157fe55172,pool1sgrrjyfj3ujzqrgtgrt5sd9nlvsztmxm32ax79tlu4ghy58ps7q,Inactive,https://raw.githubusercontent.com/input-output-hk/spo-incentives/main/report-november-2025/scripts/inactive-pools.txt,2026-05-19T23:10:03+00:00
84869421e27c3914727433612a599f8d774cfe224eb76ea53cb20bcc,pool1sjrfgg0z0su3gun5xdsj5kvl34m5el3zf6mkaffukg9ucc0q4zc,Inactive,https://raw.githubusercontent.com/input-output-hk/spo-incentives/main/report-november-2025/scripts/inactive-pools.txt,2026-05-19T23:10:03+00:00
85ab02e372c1614e3a82973da5cf91bcb1e04aa8cf720f06042925d2,pool1sk4s9cmjc9s5uw5zju76tnu3hjc7qj4geaeq7psy9yjay4a9nwd,Inactive,https://raw.githubusercontent.com/input-output-hk/spo-incentives/main/report-november-2025/scripts/inactive-pools.txt,2026-05-19T23:10:03+00:00
85b5267ebc3eea1cb5ae01850fa16754e9e011e3e21527c922b0e4c2,pool1sk6jvl4u8m4peddwqxzslgt82n57qy0rug2j0jfzkrjvy9f5mw6,Inactive,https://raw.githubusercontent.com/input-output-hk/spo-incentives/main/report-november-2025/scripts/inactive-pools.txt,2026-05-19T23:10:03+00:00
859616e463fedd371ffed17a00277b62a13573ab0d46511eb75af564,pool1sktpderrlmwnw8l769aqqfmmv2sn2uatp4r9z84htt6kg7jauyn,Inactive,https://raw.githubusercontent.com/input-output-hk/spo-incentives/main/report-november-2025/scripts/inactive-pools.txt,2026-05-19T23:10:03+00:00
85896fc473c6f3e009c47ae94759543deb9ac0ad27703dc6f3813b1e,pool1skykl3rncme7qzwy0t55wk258h4e4s9dyacrm3hnsya3u3k5vkw,Inactive,https://raw.githubusercontent.com/input-output-hk/spo-incentives/main/report-november-2025/scripts/inactive-pools.txt,2026-05-19T23:10:03+00:00
84fbc122e71f96e7473b4edaba1dabadc2c24b0a8c9f3946ef07d4e7,pool1snauzgh8r7tww3emfmdt58dt4hpvyjc23j0nj3h0ql2wwzgdkp9,Inactive,https://raw.githubusercontent.com/input-output-hk/spo-incentives/main/report-november-2025/scripts/inactive-pools.txt,2026-05-19T23:10:03+00:00
84d98dadb38413a59d37878b58f0dbdf25f5d527291943e03ed94b80,pool1snvcmtdnssf6t8fhs7943uxmmujlt4f89yv58cp7m99cq5tw9hy,Inactive,https://raw.githubusercontent.com/input-output-hk/spo-incentives/main/report-november-2025/scripts/inactive-pools.txt,2026-05-19T23:10:03+00:00
84c9de7f612d7a6cfbebd805fb0960997a65d09608e4b35e2044e34c,pool1snyaulmp94axe7ltmqzlkztqn9axt5ykprjtxh3qgn35cred9pf,Inactive,https://raw.githubusercontent.com/input-output-hk/spo-incentives/main/report-november-2025/scripts/inactive-pools.txt,2026-05-19T23:10:03+00:00
807b6dd05ed6eb2672229d62423bdaa15128899462ec88320e6bb670,pool1spakm5z76m4jvu3zn43yyw7659gj3zv5vtkgsvswdwm8q56zj5z,Inactive,https://raw.githubusercontent.com/input-output-hk/spo-incentives/main/report-november-2025/scripts/inactive-pools.txt,2026-05-19T23:10:03+00:00
804160f722b72369fcbc479661fc8219ed66346fbfa842095a560da4,pool1spqkpaezku3knl9ug7txrlyzr8kkvdr0h75yyz262cx6gls6zlm,Inactive,https://raw.githubusercontent.com/input-output-hk/spo-incentives/main/report-november-2025/scripts/inactive-pools.txt,2026-05-19T23:10:03+00:00
800cce924571de8aa9dec5ffd29a9aeae5ea49c6658761aed866092c,pool1sqxvayj9w80g42w7chla9x56atj75jwxvkrkrtkcvcyjcak9wx2,Inactive,https://raw.githubusercontent.com/input-output-hk/spo-incentives/main/report-november-2025/scripts/inactive-pools.txt,2026-05-19T23:10:03+00:00
80cea8788c73a04d01e8cb33d70d1f59e10896578245e6bc35ed09ab,pool1sr82s7yvwwsy6q0geveawrglt8ss39jhsfz7d0p4a5y6kk30mdd,Inactive,https://raw.githubusercontent.com/input-output-hk/spo-incentives/main/report-november-2025/scripts/inactive-pools.txt,2026-05-19T23:10:03+00:00
842dd6ff41539eb5a47a7915082458d8e7d592ae5e8eca23e26c7346,pool1sskadl6p2w0ttfr60y2ssfzcmrnaty4wt68v5glzd3e5vwkh7z5,Inactive,https://raw.githubusercontent.com/input-output-hk/spo-incentives/main/report-november-2025/scripts/inactive-pools.txt,2026-05-19T23:10:03+00:00
8427e64bd4d302c3d6f4622d663283159e20e821559a3039328253cd,pool1ssn7vj756vpv84h5vgkkvv5rzk0zp6pp2kdrqwfjsffu60djyy8,Inactive,https://raw.githubusercontent.com/input-output-hk/spo-incentives/main/report-november-2025/scripts/inactive-pools.txt,2026-05-19T23:10:03+00:00
82ca61eba3000e955e5068b5c19b329384195a58cf57397337b8ca6e,pool1st9xr6arqq8f2hjsdz6urxejjwzpjkjceatnjuehhr9xuq6k4eu,Inactive,https://raw.githubusercontent.com/input-output-hk/spo-incentives/main/report-november-2025/scripts/inactive-pools.txt,2026-05-19T23:10:03+00:00
82e5cb6e4b443c36b087e6218a5629291585d35083ce2cb625506e1f,pool1stjukmjtgs7rdvy8ucsc543f9y2ct56ss08zed392php7k0teaq,Inactive,https://raw.githubusercontent.com/input-output-hk/spo-incentives/main/report-november-2025/scripts/inactive-pools.txt,2026-05-19T23:10:03+00:00
8738cbdf2b6865bccfbfa495c24bed56a56cd3c672882f231592a112,pool1suuvhhetdpjmenal5j2uyjld26jke57xw2yz7gc4j2s3yhgd7us,Inactive,https://raw.githubusercontent.com/input-output-hk/spo-incentives/main/report-november-2025/scripts/inactive-pools.txt,2026-05-19T23:10:03+00:00
8709ed6036a7ec186fa00e70447e922cfb46f1e6cabe3337d18b7eec,pool1suy76cpk5lkpsmaqpecygl5j9na5du0xe2lrxd733dlwcus9j2n,Inactive,https://raw.githubusercontent.com/input-output-hk/spo-incentives/main/report-november-2025/scripts/inactive-pools.txt,2026-05-19T23:10:03+00:00
830562e2cd868678cd8855bce2de0217557e81a5173c9e1111f64e84,pool1svzk9ckds6r83nvg2k7w9hszza2haqd9zu7fuyg37e8gg3dylrf,Inactive,https://raw.githubusercontent.com/input-output-hk/spo-incentives/main/report-november-2025/scripts/inactive-pools.txt,2026-05-19T23:10:03+00:00
8388e658fe16d0408ab4e0fa76d3a9d75d498c68efd65d0fa0de8595,pool1swywvk87zmgypz45ura8d5af6aw5nrrgalt96raqm6ze2uqkhk0,Inactive,https://raw.githubusercontent.com/input-output-hk/spo-incentives/main/report-november-2025/scripts/inactive-pools.txt,2026-05-19T23:10:03+00:00
81a5407132552104d8f1948c1aadca093cc4e32beea21570e4df10b4,pool1sxj5qufj25ssfk83jjxp4tw2py7vfceta63p2u8ymugtga9us8t,Inactive,https://raw.githubusercontent.com/input-output-hk/spo-incentives/main/report-november-2025/scripts/inactive-pools.txt,2026-05-19T23:10:03+00:00
81876111eb247d0500dad621803b98683ecced72f97590c75b02473b,pool1sxrkzy0ty37s2qx66cscqwucdqlvemtjl96ep36mqfrnku9lq8t,Inactive,https://raw.githubusercontent.com/input-output-hk/spo-incentives/main/report-november-2025/scripts/inactive-pools.txt,2026-05-19T23:10:03+00:00
810fafc64aef3664418154f6eaf2dc02978f34730736511fc5d5cd31,pool1sy86l3j2aumxgsvp2nmw4ukuq2tc7drnqum9z8796hxnzksde4j,Inactive,https://raw.githubusercontent.com/input-output-hk/spo-incentives/main/report-november-2025/scripts/inactive-pools.txt,2026-05-19T23:10:03+00:00
8116abbf4579892bd874dcd6c3e8e647ceadd5fec9e39ac053ef301b,pool1syt2h0690xyjhkr5mntv868xgl82m407e83e4sznaucpkr0lg85,Inactive,https://raw.githubusercontent.com/input-output-hk/spo-incentives/main/report-november-2025/scripts/inactive-pools.txt,2026-05-19T23:10:03+00:00
80bb78c248a32ed7943d79349c4092ea86b5c04b685e891e419a0061,pool1szah3sjg5vhd09pa0y6fcsyja2rttsztdp0gj8jpngqxz9kj0a8,Inactive,https://raw.githubusercontent.com/input-output-hk/spo-incentives/main/report-november-2025/scripts/inactive-pools.txt,2026-05-19T23:10:03+00:00
80903e036a6fef6bd017f0d2b51cc22a2c6968624cf10e03898b371f,pool1szgruqm2dlhkh5qh7rft28xz9gkxj6rzfncsuquf3vm37k63kqv,Inactive,https://raw.githubusercontent.com/input-output-hk/spo-incentives/main/report-november-2025/scripts/inactive-pools.txt,2026-05-19T23:10:03+00:00
5bc8472bcff925e799496a0d0ff87988ff8381514b09142428473f8a,pool1t0yyw270lyj70x2fdgxsl7re3rlc8q23fvy3gfpggulc5g6xe95,Inactive,https://raw.githubusercontent.com/input-output-hk/spo-incentives/main/report-november-2025/scripts/inactive-pools.txt,2026-05-19T23:10:03+00:00
5ab3567bb2bc4e0bca0e077ac90130cb09ffddbd5556a82b9a65e1d6,pool1t2e4v7ajh38qhjswqaavjqfsevyllhda24t2s2u6vhsavyhhqaf,Inactive,https://raw.githubusercontent.com/input-output-hk/spo-incentives/main/report-november-2025/scripts/inactive-pools.txt,2026-05-19T23:10:03+00:00
5ab66249808749527f4cdd100c8689f6a7b2bb338d68a11baf9f146e,pool1t2mxyjvqsay4yl6vm5gqep5f76nm9wen3452zxa0nu2xugmsm6k,Inactive,https://raw.githubusercontent.com/input-output-hk/spo-incentives/main/report-november-2025/scripts/inactive-pools.txt,2026-05-19T23:10:03+00:00
5a8585159b1910f179520c5977d7aef9be3024e79622249bced9dae9,pool1t2zc29vmryg0z72jp3vh04awlxlrqf88jc3zfx7wm8dwjuhgch9,Inactive,https://raw.githubusercontent.com/input-output-hk/spo-incentives/main/report-november-2025/scripts/inactive-pools.txt,2026-05-19T23:10:03+00:00
5c4d9fe6ad19e80178be430b3aa1b872f1b830ae64cb227586b87110,pool1t3xele4dr85qz797gv9n4gdcwtcmsv9wvn9jyavxhpc3qzu50fx,Inactive,https://raw.githubusercontent.com/input-output-hk/spo-incentives/main/report-november-2025/scripts/inactive-pools.txt,2026-05-19T23:10:03+00:00
5d4af6d270f9591a5763086d591effed67a7a0d29a9fa927a6bd64b8,pool1t490d5nsl9v354mrppk4j8hla4n60gxjn206jfaxh4jts93tqpp,Inactive,https://raw.githubusercontent.com/input-output-hk/spo-incentives/main/report-november-2025/scripts/inactive-pools.txt,2026-05-19T23:10:03+00:00
5d40561d8649feb355fec02ce04616823603d335a16408263533f062,pool1t4q9v8vxf8ltx407cqkwq3sksgmq85e459jqsf34x0cxyfaqljw,Inactive,https://raw.githubusercontent.com/input-output-hk/spo-incentives/main/report-november-2025/scripts/inactive-pools.txt,2026-05-19T23:10:03+00:00
5d441abbfd82d9dd4460b14b6f53c7caaf114c0db2ba3b8b9940b564,pool1t4zp4wlastva63rqk99k7578e2h3znqdk2arhzuegz6kgj0duc8,Inactive,https://raw.githubusercontent.com/input-output-hk/spo-incentives/main/report-november-2025/scripts/inactive-pools.txt,2026-05-19T23:10:03+00:00
5d048776c64ec06473dfd5136ad3918a47f00d8883053f373b691f99,pool1t5zgwakxfmqxgu7l65fk45u33frlqrvgsvzn7demdy0ejgrhq9a,Inactive,https://raw.githubusercontent.com/input-output-hk/spo-incentives/main/report-november-2025/scripts/inactive-pools.txt,2026-05-19T23:10:03+00:00
5e8ae74679ea682a4891ec532e394d18a8f83a858f3480bdf6051201,pool1t69ww3neaf5z5jy3a3fjuw2drz50sw593u6gp00kq5fqz3n58h4,Inactive,https://raw.githubusercontent.com/input-output-hk/spo-incentives/main/report-november-2025/scripts/inactive-pools.txt,2026-05-19T23:10:03+00:00
5eb73b5dd2296fb7e2cb3a6c93d067aff250968c5763f3faac4ccb5f,pool1t6mnkhwj99hm0ckt8fkf85r84le9p95v2a3l874vfn947g5ajmu,Inactive,https://raw.githubusercontent.com/input-output-hk/spo-incentives/main/report-november-2025/scripts/inactive-pools.txt,2026-05-19T23:10:03+00:00
5ea0be57485dfdd737e36ecdb95d03b1472be4450267fbdae9625e99,pool1t6stu46gth7awdlrdmxmjhgrk9rjhez9qfnlhkhfvf0fj4q3h2a,Inactive,https://raw.githubusercontent.com/input-output-hk/spo-incentives/main/report-november-2025/scripts/inactive-pools.txt,2026-05-19T23:10:03+00:00
59d6e7d3d845a1bebd3a0f5d827a619b93c78606d564d1ea00b8bb4a,pool1t8tw057cgksma0f6pawcy7npnwfu0psx64jdr6sqhza55mdvkls,Inactive,https://raw.githubusercontent.com/input-output-hk/spo-incentives/main/report-november-2025/scripts/inactive-pools.txt,2026-05-19T23:10:03+00:00
596371eefd3d7c3a201d12d64428b82a4c967bc7746d8a31350799ca,pool1t93hrmha847r5gqazttyg29c9fxfv778w3kc5vf4q7vu5g4ec0r,Inactive,https://raw.githubusercontent.com/input-output-hk/spo-incentives/main/report-november-2025/scripts/inactive-pools.txt,2026-05-19T23:10:03+00:00
59716910b52b6c5f046986bb321ccd910056f3411cc3f33f53aa713a,pool1t9ckjy949dk97prfs6any8xdjyq9du6prnplx06n4fcn5jgukhc,Inactive,https://raw.githubusercontent.com/input-output-hk/spo-incentives/main/report-november-2025/scripts/inactive-pools.txt,2026-05-19T23:10:03+00:00
595992c7753f787dd5c733f6ac9af4a41eb4aa52b506e952f0e03286,pool1t9ve93m48au8m4w8x0m2exh55s0tf2jjk5rwj5hsuqegvvgfq4z,Inactive,https://raw.githubusercontent.com/input-output-hk/spo-incentives/main/report-november-2025/scripts/inactive-pools.txt,2026-05-19T23:10:03+00:00
5f7ad5f7869dc00ffa143a44bfee70321fa3bf6de895420c95502bba,pool1taadtauxnhqql7s58fztlmnsxg0680mdaz25yry42q4m5s47z8n,Inactive,https://raw.githubusercontent.com/input-output-hk/spo-incentives/main/report-november-2025/scripts/inactive-pools.txt,2026-05-19T23:10:03+00:00
5e30b808b2ce2b4e22d8f9fe4b1d0279210d7a989875147440eff0e8,pool1tcctsz9jec45ugkcl8lyk8gz0yss675cnp63gazqalcwsx2dr37,Inactive,https://raw.githubusercontent.com/input-output-hk/spo-incentives/main/report-november-2025/scripts/inactive-pools.txt,2026-05-19T23:10:03+00:00
5e242853e17d059575275d9e1b473176b242e70f90785b9998b455b7,pool1tcjzs5lp05ze2af8tk0pk3e3w6ey9ec0jpu9hxvck32mwxj9xwq,Inactive,https://raw.githubusercontent.com/input-output-hk/spo-incentives/main/report-november-2025/scripts/inactive-pools.txt,2026-05-19T23:10:03+00:00
5b562def7db3d765e55255c6a545a99802d21e840b75a5b5ae23839e,pool1tdtzmmmak0tkte2j2hr223dfnqpdy85ypd66tddwywpeuknn2pn,Inactive,https://raw.githubusercontent.com/input-output-hk/spo-incentives/main/report-november-2025/scripts/inactive-pools.txt,2026-05-19T23:10:03+00:00
5e759d13110d744637b618668b54b30b12cb638bb3c5400654338c54,pool1te6e6yc3p46yvdakrpngk49npvfvkcutk0z5qpj5xwx9gswkkpz,Inactive,https://raw.githubusercontent.com/input-output-hk/spo-incentives/main/report-november-2025/scripts/inactive-pools.txt,2026-05-19T23:10:03+00:00
5e51a519239311dba79605d0d782ae1da7eb3f397c57397236faf517,pool1teg62xfrjvgahfukqhgd0q4wrkn7k0ee03tnju3klt63ws48w50,Inactive,https://raw.githubusercontent.com/input-output-hk/spo-incentives/main/report-november-2025/scripts/inactive-pools.txt,2026-05-19T23:10:03+00:00
5e5043308c2755f801be72a73ec6fa8a52d01e9f7b0eb456a4cf6def,pool1tegyxvyvya2lsqd7w2nna3h63ffdq85l0v8tg44yeak77du8zxd,Inactive,https://raw.githubusercontent.com/input-output-hk/spo-incentives/main/report-november-2025/scripts/inactive-pools.txt,2026-05-19T23:10:03+00:00
5e767b1caaf0993a490a5223b370579f34a9366064e8a8b5bce07195,pool1tem8k8927zvn5jg22g3mxuzhnu62jdnqvn523dduupce24vwlrl,Inactive,https://raw.githubusercontent.com/input-output-hk/spo-incentives/main/report-november-2025/scripts/inactive-pools.txt,2026-05-19T23:10:03+00:00
5a7d13018a8d4995606de677208f3ce57291b53b0cfb1f95ae0115c2,pool1tf73xqv234ye2crduemjpreuu4efrdfmpna3l9dwqy2uycvee9y,Inactive,https://raw.githubusercontent.com/input-output-hk/spo-incentives/main/report-november-2025/scripts/inactive-pools.txt,2026-05-19T23:10:03+00:00
5a4b9516179026576109a1536a907203948017cefd9a0c954254d196,pool1tf9e29shjqn9wcgf59fk4yrjqw2gq97wlkdqe92z2ngevhvkllg,Inactive,https://raw.githubusercontent.com/input-output-hk/spo-incentives/main/report-november-2025/scripts/inactive-pools.txt,2026-05-19T23:10:03+00:00
5a499a2d286e8cadba867669f1a89ac70a81cc2ccce5e6e0eaa1cdb0,pool1tfye5tfgd6x2mw5xwe5lr2y6cu9grnpvenj7dc8258xmq8cuc04,Inactive,https://raw.githubusercontent.com/input-output-hk/spo-incentives/main/report-november-2025/scripts/inactive-pools.txt,2026-05-19T23:10:03+00:00
5a165ab9e8ddf68a11ca6475a4c3f1292e57d96619f9651a068f7f02,pool1tgt94w0gmhmg5yw2v366fsl39yh90ktxr8uk2xsx3alsyh0tywg,Inactive,https://raw.githubusercontent.com/input-output-hk/spo-incentives/main/report-november-2025/scripts/inactive-pools.txt,2026-05-19T23:10:03+00:00
5dcfd4cc44f16591ba487e008dc49530a81486eb4d908201cfbac478,pool1th8afnzy79jerwjg0cqgm3y4xz5pfphtfkggyqw0htz8ssujvf5,Inactive,https://raw.githubusercontent.com/input-output-hk/spo-incentives/main/report-november-2025/scripts/inactive-pools.txt,2026-05-19T23:10:03+00:00
5dfaa40f99a0c218194e2c5945fe43a42179abe22d78d28a3017feb1,pool1tha2grue5rppsx2w93v5tljr5sshn2lz94ud9z3szlltz46s5k2,Inactive,https://raw.githubusercontent.com/input-output-hk/spo-incentives/main/report-november-2025/scripts/inactive-pools.txt,2026-05-19T23:10:03+00:00
5dd366d7c63c0f54a9890987a63e0965c6bfb8cd63c7edae5d0311f4,pool1thfkd47x8s84f2vfpxr6v0sfvhrtlwxdv0r7mtjaqvglgpuh9p0,Inactive,https://raw.githubusercontent.com/input-output-hk/spo-incentives/main/report-november-2025/scripts/inactive-pools.txt,2026-05-19T23:10:03+00:00
5dd01c89cba8580bdbf72426618f1f0bf6922968a8330320f0a27d24,pool1thgpezwt4pvqhklhysnxrrclp0mfy2tg4qesxg8s5f7jg7802y0,Inactive,https://raw.githubusercontent.com/input-output-hk/spo-incentives/main/report-november-2025/scripts/inactive-pools.txt,2026-05-19T23:10:03+00:00
5cba23f74af5636a2c4d69fe46be084abf862ecf2ca022e56cec0ea1,pool1tjaz8a62743k5tzdd8lyd0sgf2lcvtk09jsz9etvas82zdamc2q,Inactive,https://raw.githubusercontent.com/input-output-hk/spo-incentives/main/report-november-2025/scripts/inactive-pools.txt,2026-05-19T23:10:03+00:00
5c9b561a53194b267e63bc688da3c606c3734889585a99c77f6444ed,pool1tjd4vxjnr99jvlnrh35gmg7xqmphxjyftpdfn3mlv3zw60yw5y4,Inactive,https://raw.githubusercontent.com/input-output-hk/spo-incentives/main/report-november-2025/scripts/inactive-pools.txt,2026-05-19T23:10:03+00:00
5da26f7b33f3debb55d5f1b676086f0d4afda8a0d36d35fbc1ed9a4c,pool1tk3x77en700tk4w47xm8vzr0p490m29q6dknt77pakdyc4qmw65,Inactive,https://raw.githubusercontent.com/input-output-hk/spo-incentives/main/report-november-2025/scripts/inactive-pools.txt,2026-05-19T23:10:03+00:00
5db269adccba1e9041469efc646bf200a560d9e1fd666366334d4fc3,pool1tkexntwvhg0fqs2xnm7xg6ljqzjkpk0pl4nxxe3nf48ux8nucqy,Inactive,https://raw.githubusercontent.com/input-output-hk/spo-incentives/main/report-november-2025/scripts/inactive-pools.txt,2026-05-19T23:10:03+00:00
5d812b1e1120004e4033ae2b51c85e6221cd5926dd78c59cb8cc9c32,pool1tkqjk8s3yqqyuspn4c44rjz7vgsu6kfxm4uvt89cejwryetpt6m,Inactive,https://raw.githubusercontent.com/input-output-hk/spo-incentives/main/report-november-2025/scripts/inactive-pools.txt,2026-05-19T23:10:03+00:00
5fd0e6fdb98b29d0459fdf8363fe3e591bb94afcc412f41ea67496e6,pool1tlgwdlde3v5aq3vlm7pk8l37tydmjjhucsf0g84xwjtwvwfsmhm,Inactive,https://raw.githubusercontent.com/input-output-hk/spo-incentives/main/report-november-2025/scripts/inactive-pools.txt,2026-05-19T23:10:03+00:00
5cea534d520834ae39292fd676aa9648afc8cc52b588b01c387e953d,pool1tn49xn2jpq62uwff9lt8d25kfzhu3nzjkkytq8pc062n6c7h6tg,Inactive,https://raw.githubusercontent.com/input-output-hk/spo-incentives/main/report-november-2025/scripts/inactive-pools.txt,2026-05-19T23:10:03+00:00
5cd18b5b3eda95e89ea3666ee6ecabaf85bbf09a76965c22795e23c9,pool1tngckke7m227384rvehwdm9t47zmhuy6w6t9cgnetc3ujlsnwj6,Inactive,https://raw.githubusercontent.com/input-output-hk/spo-incentives/main/report-november-2025/scripts/inactive-pools.txt,2026-05-19T23:10:03+00:00
585a5de1da253667d10c28d09b7f447b20d83810381b936d27641760,pool1tpd9mcw6y5mx05gv9rgfkl6y0vsdswqs8qdexmf8vstkqk0snau,Inactive,https://raw.githubusercontent.com/input-output-hk/spo-incentives/main/report-november-2025/scripts/inactive-pools.txt,2026-05-19T23:10:03+00:00
581f191fbda6c996fc6734b4bfae0b6c274c84660570da8074aeeec5,pool1tq03j8aa5myedlr8xj6tltstdsn5eprxq4cd4qr54mhv25unsyk,Inactive,https://raw.githubusercontent.com/input-output-hk/spo-incentives/main/report-november-2025/scripts/inactive-pools.txt,2026-05-19T23:10:03+00:00
5808e8716e8b968c3043fc9bdc21db652c916ce97ffaddfe891db16c,pool1tqywsutw3wtgcvzrljdacgwmv5kfzm8f0ladml5frkckccd72gg,Inactive,https://raw.githubusercontent.com/input-output-hk/spo-incentives/main/report-november-2025/scripts/inactive-pools.txt,2026-05-19T23:10:03+00:00
58e3124fbd0e33188658a616c97932e50ba40430d81d3ed61b33d2ab,pool1tr33ynaapce33pjc5ctvj7fju596gppsmqwna4smx0f2khnetjf,Inactive,https://raw.githubusercontent.com/input-output-hk/spo-incentives/main/report-november-2025/scripts/inactive-pools.txt,2026-05-19T23:10:03+00:00
58e4c10a16eab7369cd2332427d93d1af584c24a8aad6d22e3fcf1ee,pool1trjvzzska2mnd8xjxvjz0kfart6cfsj232kk6ghrlnc7u2xyqx0,Inactive,https://raw.githubusercontent.com/input-output-hk/spo-incentives/main/report-november-2025/scripts/inactive-pools.txt,2026-05-19T23:10:03+00:00
58d92a43283f143a2c4ae43334ec45640e09a633c1fa95e9832f0178,pool1trvj5seg8u2r5tz2usenfmz9vs8qnf3nc8aft6vr9uqhszdlrx0,Inactive,https://raw.githubusercontent.com/input-output-hk/spo-incentives/main/report-november-2025/scripts/inactive-pools.txt,2026-05-19T23:10:03+00:00
5c33dc11b79625abe4cba9737814582ff3d3c7a2c1d7eb14600000f7,pool1tseacydhjcj6hext49ehs9zc9lea83azc8t7k9rqqqq0w5xhcky,Inactive,https://raw.githubusercontent.com/input-output-hk/spo-incentives/main/report-november-2025/scripts/inactive-pools.txt,2026-05-19T23:10:03+00:00
5acd06bff03ba34d8ffc376a563d90fafdd3d029e40c6cecc3b07b02,pool1ttxsd0ls8w35mrluxa49v0vslt7a85pfusxxemxrkpasy27tkcx,Inactive,https://raw.githubusercontent.com/input-output-hk/spo-incentives/main/report-november-2025/scripts/inactive-pools.txt,2026-05-19T23:10:03+00:00
5f3865430bb7c7f142f1abaa80704a72f936d8917a5839bc162503e0,pool1tuux2sctklrlzsh34w4gquz2wtundky30fvrn0qky5p7qr5n00d,Inactive,https://raw.githubusercontent.com/input-output-hk/spo-incentives/main/report-november-2025/scripts/inactive-pools.txt,2026-05-19T23:10:03+00:00
5b94c0519c366863a619abff232b61a446d9f4ae7c2cbc00f368d537,pool1tw2vq5vuxe5x8fse40ljx2mp53rdna9w0sktcq8ndr2nwj4ysgl,Inactive,https://raw.githubusercontent.com/input-output-hk/spo-incentives/main/report-november-2025/scripts/inactive-pools.txt,2026-05-19T23:10:03+00:00
5912d220f45d1ff968b9ba3682bf3530f44aaaf9d05670b37de1d943,pool1tyfdyg85t50lj69ehgmg90e4xr6y42he6pt8pvmau8v5x46fy67,Inactive,https://raw.githubusercontent.com/input-output-hk/spo-incentives/main/report-november-2025/scripts/inactive-pools.txt,2026-05-19T23:10:03+00:00
e2aa9dab3fd570d2bf469953241f6766a63ed052a6c3f7c751e4d528,pool1u24fm2el64cd906xn9fjg8m8v6nra5zj5mpl0363un2jsyyuyup,Inactive,https://raw.githubusercontent.com/input-output-hk/spo-incentives/main/report-november-2025/scripts/inactive-pools.txt,2026-05-19T23:10:03+00:00
e28f147e344364afeb14c6d05c0f88497a0f3b4aaa82339d9accc67e,pool1u283gl35gdj2l6c5cmg9crugf9aq7w6242pr88v6enr8u9q2vzj,Inactive,https://raw.githubusercontent.com/input-output-hk/spo-incentives/main/report-november-2025/scripts/inactive-pools.txt,2026-05-19T23:10:03+00:00
e29b14719f694767d0faf92f654cf66585bcefd8139bf5a33b7ed181,pool1u2d3guvld9rk0586lyhk2n8kvkzmem7czwdltgem0mgczqd3ygu,Inactive,https://raw.githubusercontent.com/input-output-hk/spo-incentives/main/report-november-2025/scripts/inactive-pools.txt,2026-05-19T23:10:03+00:00
e2a453d9123f25e10fc88b73cc892cf5c4c8e4789e5666d305086575,pool1u2j98kgj8uj7zr7g3deuezfv7hzv3ercnetxd5c9ppjh23x20qg,Inactive,https://raw.githubusercontent.com/input-output-hk/spo-incentives/main/report-november-2025/scripts/inactive-pools.txt,2026-05-19T23:10:03+00:00
e455088c9164ae075f0300bc1a7234c30433556c6b88d4301a06cfe5,pool1u32s3ry3vjhqwhcrqz7p5u35cvzrx4tvdwydgvq6qm8720qrg0s,Inactive,https://raw.githubusercontent.com/input-output-hk/spo-incentives/main/report-november-2025/scripts/inactive-pools.txt,2026-05-19T23:10:03+00:00
e47f3e910f4b922bdb039f3fda2f3cb8d25639338e3950d6c70e403c,pool1u3lnayg0fwfzhkcrnula5teuhrf9vwfn3cu4p4k8peqrcdv6sfe,Inactive,https://raw.githubusercontent.com/input-output-hk/spo-incentives/main/report-november-2025/scripts/inactive-pools.txt,2026-05-19T23:10:03+00:00
e57cf381a73cdfc32b1d0e33a40b42c498b726090b78a3df56b5e848,pool1u4708qd88n0ux2capce6gz6zcjvtwfsfpdu28h6kkh5yskg9eck,Inactive,https://raw.githubusercontent.com/input-output-hk/spo-incentives/main/report-november-2025/scripts/inactive-pools.txt,2026-05-19T23:10:03+00:00
e579a9052a6646e5814e9606d196cb9dd120f7dd414139d92802cd25,pool1u4u6jpf2verwtq2wjcrdr9ktnhgjpa7ag9qnnkfgqtxj2rh9d68,Inactive,https://raw.githubusercontent.com/input-output-hk/spo-incentives/main/report-november-2025/scripts/inactive-pools.txt,2026-05-19T23:10:03+00:00
e523d0b6e3cdca996ccb1e1668db22bc9bcc576a4fb096bca46f83a9,pool1u53apdhreh9fjmxtrctx3kezhjduc4m2f7cfd09yd7p6jkc6k2z,Inactive,https://raw.githubusercontent.com/input-output-hk/spo-incentives/main/report-november-2025/scripts/inactive-pools.txt,2026-05-19T23:10:03+00:00
e53507a10734cfc010594b9b13cfa199e5b1c81de6eb5d77fb89e089,pool1u56s0gg8xn8uqyzefwd38napn8jmrjqaum446alm38sgj3248re,Inactive,https://raw.githubusercontent.com/input-output-hk/spo-incentives/main/report-november-2025/scripts/inactive-pools.txt,2026-05-19T23:10:03+00:00
e69e8670e01e8a2ab0c577019f9937c7192e1b8c31245cb5271db738,pool1u60gvu8qr69z4vx9wuqelxfhcuvjuxuvxyj9edf8rkmns0405ny,Inactive,https://raw.githubusercontent.com/input-output-hk/spo-incentives/main/report-november-2025/scripts/inactive-pools.txt,2026-05-19T23:10:03+00:00
e6b2b80bb9330acafc6938e865caca1e0ee000aee80bdb0e7efd3a2d,pool1u6etszaexv9v4lrf8r5xtjk2rc8wqq9waq9akrn7l5az6tm6u7m,Inactive,https://raw.githubusercontent.com/input-output-hk/spo-incentives/main/report-november-2025/scripts/inactive-pools.txt,2026-05-19T23:10:03+00:00
e687aac4b89e544df7aa84ca7c57e7702c8c411a0ca2e1d15191549d,pool1u6r6439cne2ymaa2sn98c4l8wqkgcsg6pj3wr523j92f6744qcu,Inactive,https://raw.githubusercontent.com/input-output-hk/spo-incentives/main/report-november-2025/scripts/inactive-pools.txt,2026-05-19T23:10:03+00:00
e687bfbe8ed5c3f8ae2959c4e9a340e5a19374be740c868514b4aa9f,pool1u6rml05w6hpl3t3ft8zwng6quksexa97wsxgdpg5kj4f78hhv7h,Inactive,https://raw.githubusercontent.com/input-output-hk/spo-incentives/main/report-november-2025/scripts/inactive-pools.txt,2026-05-19T23:10:03+00:00
e7a07caf73dbc8fb2ff0f5acc32ba19e434c8f04f39c4fc90eabfc49,pool1u7s8etmnm0y0ktls7kkvx2apnep5ercy7wwyljgw407yjzjastq,Inactive,https://raw.githubusercontent.com/input-output-hk/spo-incentives/main/report-november-2025/scripts/inactive-pools.txt,2026-05-19T23:10:03+00:00
e15885989c0b63ac0a0d65e3728867cf6cd0661c41e5ab2a6ef4e022,pool1u9vgtxyupd36czsdvh3h9zr8eakdqesug8j6k2nw7nszy97z4m0,Inactive,https://raw.githubusercontent.com/input-output-hk/spo-incentives/main/report-november-2025/scripts/inactive-pools.txt,2026-05-19T23:10:03+00:00
e772a4d7283eee2e70758b8bf3b036ab783a1dda7bccfc11594d3b34,pool1uae2f4eg8mhzuur43w9l8vpk4dur58w600x0cy2ef5angazhg3x,Inactive,https://raw.githubusercontent.com/input-output-hk/spo-incentives/main/report-november-2025/scripts/inactive-pools.txt,2026-05-19T23:10:03+00:00
e7599640136b50441663b4df54f8a0f9b463fbb52418d62cddc32c9e,pool1uavevsqnddgyg9nrkn04f79qlx6x87a4ysvdvtxacvkfuzpva08,Inactive,https://raw.githubusercontent.com/input-output-hk/spo-incentives/main/report-november-2025/scripts/inactive-pools.txt,2026-05-19T23:10:03+00:00
e62b76d4197f1256fcbd948c6263ec9eb06bdf0b4ec443abf0085c90,pool1uc4hd4qe0uf9dl9ajjxxyclvn6cxhhctfmzy82lsppwfq6a9hvd,Inactive,https://raw.githubusercontent.com/input-output-hk/spo-incentives/main/report-november-2025/scripts/inactive-pools.txt,2026-05-19T23:10:03+00:00
e37b5b58409d149e106ee62f2312cdf90ec957446447855ea20947de,pool1uda4kkzqn52fuyrwuchjxykdly8vj46yv3rc2h4zp9raunz4sgl,Inactive,https://raw.githubusercontent.com/input-output-hk/spo-incentives/main/report-november-2025/scripts/inactive-pools.txt,2026-05-19T23:10:03+00:00
e34717fcd0077c52fc9f2dfa64bdc241c10144dd4a90b081359aa0fd,pool1udr30lxsqa799lyl9haxf0wzg8qsz3xaf2gtpqf4n2s064jrvsj,Inactive,https://raw.githubusercontent.com/input-output-hk/spo-incentives/main/report-november-2025/scripts/inactive-pools.txt,2026-05-19T23:10:03+00:00
e35955321453911aab471593042c62e3090b06e9eb3a98ccebda6abe,pool1udv42vs52wg34268zkfsgtrzuvyskphfavaf3n8tmf4tugm7et0,Inactive,https://raw.githubusercontent.com/input-output-hk/spo-incentives/main/report-november-2025/scripts/inactive-pools.txt,2026-05-19T23:10:03+00:00
e26f5504209e57a5536007d49b63c50c73be0213da750d71062201df,pool1ufh42ppqnet625mqql2fkc79p3emuqsnmf6s6ugxygqa75xgc8c,Inactive,https://raw.githubusercontent.com/input-output-hk/spo-incentives/main/report-november-2025/scripts/inactive-pools.txt,2026-05-19T23:10:03+00:00
e5db8de271d3007b5a2a7f960938257adf370ea50e2a53baf461b680,pool1uhdcmcn36vq8kk3207tqjwp90t0nwr49pc498wh5vxmgqyr78d5,Inactive,https://raw.githubusercontent.com/input-output-hk/spo-incentives/main/report-november-2025/scripts/inactive-pools.txt,2026-05-19T23:10:03+00:00
e49e356b3426c081e7c23021d0fd505fef1d27079eb6c1e1a294d55f,pool1uj0r26e5ymqgre7zxqsapl2stlh36fc8n6mvrcdzjn247u2cf5l,Inactive,https://raw.githubusercontent.com/input-output-hk/spo-incentives/main/report-november-2025/scripts/inactive-pools.txt,2026-05-19T23:10:03+00:00
e48245523a90a262a259a368ce75a2c07adff82e1e208057fdcc17cf,pool1ujpy2536jz3x9gje5d5vuadzcpadl7pwrcsgq4laestu7mrs9hp,Inactive,https://raw.githubusercontent.com/input-output-hk/spo-incentives/main/report-november-2025/scripts/inactive-pools.txt,2026-05-19T23:10:03+00:00
e5bf910142144e2fb4721a39206d839c1c916f81ed9090d1c247e651,pool1uklezq2zz38zldrjrgujqmvrnswfzmupakgfp5wzgln9zx8tcju,Inactive,https://raw.githubusercontent.com/input-output-hk/spo-incentives/main/report-november-2025/scripts/inactive-pools.txt,2026-05-19T23:10:03+00:00
e7debade539dc55723a8bf7bebf07ef7fc80bfb6ea372355e37da67c,pool1ul0t4hjnnhz4wgaghaa7hur77l7gp0akagmjx40r0kn8ct00vl5,Inactive,https://raw.githubusercontent.com/input-output-hk/spo-incentives/main/report-november-2025/scripts/inactive-pools.txt,2026-05-19T23:10:03+00:00
e0fb1750c7e13db40b8f0b6b685ba1adc9359444dae2fbd37dc7ff5b,pool1ura3w5x8uy7mgzu0pd4kskap4hynt9zymt30h5macll4kuxpqnv,Inactive,https://raw.githubusercontent.com/input-output-hk/spo-incentives/main/report-november-2025/scripts/inactive-pools.txt,2026-05-19T23:10:03+00:00
e439b9ba96fc310f68980eec84d079a30e1e7eba5229bd8b0fb4cd0a,pool1usumnw5klscs76ycpmkgf5re5v8pul462g5mmzc0knxs5u04kag,Inactive,https://raw.githubusercontent.com/input-output-hk/spo-incentives/main/report-november-2025/scripts/inactive-pools.txt,2026-05-19T23:10:03+00:00
e728ccc40d678460ed191fbdc7d9de0ecffaf43b40e86269d00e33d2,pool1uu5ve3qdv7zxpmger77u0kw7pm8l4apmgr5xy6wspceayl05vsd,Inactive,https://raw.githubusercontent.com/input-output-hk/spo-incentives/main/report-november-2025/scripts/inactive-pools.txt,2026-05-19T23:10:03+00:00
e7035f729fde575d143be936ff7aeccbb018bffd1c8bc47427a1dfc2,pool1uup47u5lmet469pmaym077hvewcp30larj9ugap8580uya3rtuw,Inactive,https://raw.githubusercontent.com/input-output-hk/spo-incentives/main/report-november-2025/scripts/inactive-pools.txt,2026-05-19T23:10:03+00:00
e319e1a85cf976abef526d34d223392b5a3f4a799d09049282899991,pool1uvv7r2zul9m2hm6jd56dygee9ddr7jnen5ysfy5z3xvez3m823z,Inactive,https://raw.githubusercontent.com/input-output-hk/spo-incentives/main/report-november-2025/scripts/inactive-pools.txt,2026-05-19T23:10:03+00:00
e3ad58f8059878525e12a0e206cec0d0ebe730891482fc51458ab304,pool1uwk437q9npu9yhsj5r3qdnkq6r47wvyfzjp0c52932esg5rgnkx,Inactive,https://raw.githubusercontent.com/input-output-hk/spo-incentives/main/report-november-2025/scripts/inactive-pools.txt,2026-05-19T23:10:03+00:00
e1128392185243b31fb8f823c7e8c6a70a3caf34b0347e92096b0d2a,pool1uyfg8ysc2fpmx8aclq3u06xx5u9rete5kq68aysfdvxj5a5wcza,Inactive,https://raw.githubusercontent.com/input-output-hk/spo-incentives/main/report-november-2025/scripts/inactive-pools.txt,2026-05-19T23:10:03+00:00
e100c4737c21fa2142bbefcb709cbfb041243091540bdb82bd038238,pool1uyqvgumuy8azzs4mal9hp89lkpqjgvy32s9ahq4aqwprs9357ud,Inactive,https://raw.githubusercontent.com/input-output-hk/spo-incentives/main/report-november-2025/scripts/inactive-pools.txt,2026-05-19T23:10:03+00:00
629a028f26afbc3302fe49dce2046bc3c0c30e2c6120cc87d39281cd,pool1v2dq9rex477rxqh7f8wwyprtc0qvxr3vvysvep7nj2qu68zdfaf,Inactive,https://raw.githubusercontent.com/input-output-hk/spo-incentives/main/report-november-2025/scripts/inactive-pools.txt,2026-05-19T23:10:03+00:00
62b8737a394f7be67f11aaa4d6d42d6342566f68ee305f2d64d63f23,pool1v2u8x73efaa7vlc342jdd4pdvdp9vmmgacc97tty6cljxrtxpse,Inactive,https://raw.githubusercontent.com/input-output-hk/spo-incentives/main/report-november-2025/scripts/inactive-pools.txt,2026-05-19T23:10:03+00:00
647ac278fff219dced884eef0fac8d863964e5deb1a3c14600354a57,pool1v3avy78l7gvaemvgfmhsltydscukfew7kx3uz3sqx499wns07qz,Inactive,https://raw.githubusercontent.com/input-output-hk/spo-incentives/main/report-november-2025/scripts/inactive-pools.txt,2026-05-19T23:10:03+00:00
65756dafac82c94f741f3aaafd164a0e9c60e0368c9546641de7295b,pool1v46kmtavsty57aql824069j2p6wxpcpk3j25veqauu54kynydty,Inactive,https://raw.githubusercontent.com/input-output-hk/spo-incentives/main/report-november-2025/scripts/inactive-pools.txt,2026-05-19T23:10:03+00:00
65750d76de2ee3bfb3540cafe205900fa7ac634aef951685dbbae67e,pool1v46s6ak79m3mlv65pjh7ypvsp7n6cc62a723dpwmhtn8uy4pld5,Inactive,https://raw.githubusercontent.com/input-output-hk/spo-incentives/main/report-november-2025/scripts/inactive-pools.txt,2026-05-19T23:10:03+00:00
65252f1b9b65ab99a1cc00ccb7d9370b6dcc01846ef7f7380a37b571,pool1v5jj7xumvk4engwvqrxt0kfhpdkucqvydmmlwwq2x76hz99affw,Inactive,https://raw.githubusercontent.com/input-output-hk/spo-incentives/main/report-november-2025/scripts/inactive-pools.txt,2026-05-19T23:10:03+00:00
66b6d414db2f4ef941ef11a91c6a7d461d4dbf65f3e7baec950d87f2,pool1v6mdg9xm9a80js00zx53c6nagcw5m0m970nm4my4pkrlyxq707e,Inactive,https://raw.githubusercontent.com/input-output-hk/spo-incentives/main/report-november-2025/scripts/inactive-pools.txt,2026-05-19T23:10:03+00:00
668c1603dd1a12b9a2af81de77d7244d77eec2b45155fec2af939f33,pool1v6xpvq7argftng40s80804eyf4m7as45292las40jw0nxte295m,Inactive,https://raw.githubusercontent.com/input-output-hk/spo-incentives/main/report-november-2025/scripts/inactive-pools.txt,2026-05-19T23:10:03+00:00
67811343a5e5722eae70e4f8471f55d27114c192970bda1a278d1bae,pool1v7q3xsa9u4ezatnsunuyw8646fc3fsvjju9a5x3835d6uf09pe8,Inactive,https://raw.githubusercontent.com/input-output-hk/spo-incentives/main/report-november-2025/scripts/inactive-pools.txt,2026-05-19T23:10:03+00:00
67985554f3c080d0fc4b44fc9726a6ac1b42f17f78cd5e4bcecba1f3,pool1v7v9248nczqdplztgn7fwf4x4sd59utl0rx4uj7wewslxruwplu,Inactive,https://raw.githubusercontent.com/input-output-hk/spo-incentives/main/report-november-2025/scripts/inactive-pools.txt,2026-05-19T23:10:03+00:00
61f06f1c4748395ac4ecc6d0a783e1a8392b40fb18fe3c647aef6a9d,pool1v8cx78z8fqu4438vcmg20qlp4qujks8mrrlrcer6aa4f6eg9u2k,Inactive,https://raw.githubusercontent.com/input-output-hk/spo-incentives/main/report-november-2025/scripts/inactive-pools.txt,2026-05-19T23:10:03+00:00
61fe899e9b4b24fbde1f4c84ae3e7c5d63dbdafc15d38dd3b934ad97,pool1v8lgn85mfvj0hhslfjz2u0nut43ahkhuzhfcm5aexjkewn8krle,Inactive,https://raw.githubusercontent.com/input-output-hk/spo-incentives/main/report-november-2025/scripts/inactive-pools.txt,2026-05-19T23:10:03+00:00
61c3cf2cc02365b4df9040d226767508fa8ce22ee3f5ac27605183c6,pool1v8pu7txqydjmfhusgrfzvan4pragec3wu066cfmq2xpuvm2m8r5,Inactive,https://raw.githubusercontent.com/input-output-hk/spo-incentives/main/report-november-2025/scripts/inactive-pools.txt,2026-05-19T23:10:03+00:00
61500eea75ceebdf93d97296365d03eaef5d8e012ac98515ffd44f36,pool1v9gqa6n4em4aly7ew2trvhgrath4mrsp9tyc290l638nvqs5aej,Inactive,https://raw.githubusercontent.com/input-output-hk/spo-incentives/main/report-november-2025/scripts/inactive-pools.txt,2026-05-19T23:10:03+00:00
675ed63f7d0d1a0bf647093111a1f47bda3041fba437836f3a322f3c,pool1va0dv0map5dqhaj8pyc3rg0500drqs0m5smcxme6xghnc7ygmw8,Inactive,https://raw.githubusercontent.com/input-output-hk/spo-incentives/main/report-november-2025/scripts/inactive-pools.txt,2026-05-19T23:10:03+00:00
6766a28708e6563d21d3225cd522a9d1c6b8b2c85b385749b2799c12,pool1van29pcguetr6gwnyfwd2g4f68rt3vkgtvu9wjdj0xwpylngsdk,Inactive,https://raw.githubusercontent.com/input-output-hk/spo-incentives/main/report-november-2025/scripts/inactive-pools.txt,2026-05-19T23:10:03+00:00
674442822fd54c8d827e499c82409c0259f37f13f35389f8a46e271b,pool1vazy9q3064xgmqn7fxwgysyuqfvlxlcn7dfcn79ydcn3kw2xuvm,Inactive,https://raw.githubusercontent.com/input-output-hk/spo-incentives/main/report-november-2025/scripts/inactive-pools.txt,2026-05-19T23:10:03+00:00
66305fcd033a15239aefb2087ace797ab5d68e82db1dd459bd296012,pool1vcc9lngr8g2j8xh0kgy84nne026adr5zmvwagkda99spy23993l,Inactive,https://raw.githubusercontent.com/input-output-hk/spo-incentives/main/report-november-2025/scripts/inactive-pools.txt,2026-05-19T23:10:03+00:00
636234f3f689a36d6fa9e41835cc44818a0b6118b40bd9abbfc0774a,pool1vd3rfulk3x3k6mafusvrtnzysx9qkcgcks9an2alcpm55msk63g,Inactive,https://raw.githubusercontent.com/input-output-hk/spo-incentives/main/report-november-2025/scripts/inactive-pools.txt,2026-05-19T23:10:03+00:00
634bdd01f2b4fa3bb92447b70087e3440c938a13ef8921fb031ac0d7,pool1vd9a6q0jknarhwfyg7mspplrgsxf8zsna7yjr7crrtqdwftl7yw,Inactive,https://raw.githubusercontent.com/input-output-hk/spo-incentives/main/report-november-2025/scripts/inactive-pools.txt,2026-05-19T23:10:03+00:00
637e47d6b39287164d17702b0789fc1f50d8bfce9c270957906de29e,pool1vdly044nj2r3vnghwq4s0z0uragd307wnsnsj4usdh3fu8jx6nt,Inactive,https://raw.githubusercontent.com/input-output-hk/spo-incentives/main/report-november-2025/scripts/inactive-pools.txt,2026-05-19T23:10:03+00:00
666c22b0b35f110f2229f850a047bc3ac3e53e82813e5b5df147950f,pool1vekz9v9ntugs7g3flpg2q3au8tp7205zsyl9kh03g72s7rz5hvm,Inactive,https://raw.githubusercontent.com/input-output-hk/spo-incentives/main/report-november-2025/scripts/inactive-pools.txt,2026-05-19T23:10:03+00:00
6677b2ac1ef702d2ef4e5f3d96b8ee5cb9126e7c015c2ac7099c680b,pool1vemm9tq77upd9m6wtu7edw8wtju3ymnuq9wz43cfn35qk26ddqq,Inactive,https://raw.githubusercontent.com/input-output-hk/spo-incentives/main/report-november-2025/scripts/inactive-pools.txt,2026-05-19T23:10:03+00:00
621383a41cf96374e933f966a8e050821da31006512537fcc0de36c6,pool1vgfc8fqul93hf6fnl9n23czssgw6xyqx2yjn0lxqmcmvvc839th,Inactive,https://raw.githubusercontent.com/input-output-hk/spo-incentives/main/report-november-2025/scripts/inactive-pools.txt,2026-05-19T23:10:03+00:00
6206412e5fdbd03edd48a22686bd9fd92a289070dd5577bef32ebd9a,pool1vgryztjlm0grah2g5gngd0vlmy4z3yrsm42h00hn967e5mqk4nq,Inactive,https://raw.githubusercontent.com/input-output-hk/spo-incentives/main/report-november-2025/scripts/inactive-pools.txt,2026-05-19T23:10:03+00:00
65e12de766022365b2b77030f2e0d7ba34b69f53286207228ba1346c,pool1vhsjmemxqg3ktv4hwqc09cxhhg6td86n9p3qwg5t5y6xc4dcddp,Inactive,https://raw.githubusercontent.com/input-output-hk/spo-incentives/main/report-november-2025/scripts/inactive-pools.txt,2026-05-19T23:10:03+00:00
65f90c17113f016e4033ce01ac7f00eb4c7d20ee0993deb4864b9a3e,pool1vhusc9c38uqkuspnecq6clcqadx86g8wpxfaadyxfwdrukh0kg0,Inactive,https://raw.githubusercontent.com/input-output-hk/spo-incentives/main/report-november-2025/scripts/inactive-pools.txt,2026-05-19T23:10:03+00:00
65ba4c4d2a830e3309959e4c782b9398bb75ca07cdd652079daafb6e,pool1vkaycnf2sv8rxzv4nex8s2unnzahtjs8eht9ypua4takugjgaa0,Inactive,https://raw.githubusercontent.com/input-output-hk/spo-incentives/main/report-november-2025/scripts/inactive-pools.txt,2026-05-19T23:10:03+00:00
67df7fa6b2ce3711d9ecc60bb58794e415867ae2f8a25d61103e078a,pool1vl0hlf4jecm3rk0vcc9mtpu5us2cv7hzlz396cgs8crc5df43mn,Inactive,https://raw.githubusercontent.com/input-output-hk/spo-incentives/main/report-november-2025/scripts/inactive-pools.txt,2026-05-19T23:10:03+00:00
67eba5835b30229a62bb565468cbe3e716ecf6f3653adb488a842c4c,pool1vl46tq6mxq3f5c4m2e2x3jlruutweahnv5adkjy2sskyc3lc4ge,Inactive,https://raw.githubusercontent.com/input-output-hk/spo-incentives/main/report-november-2025/scripts/inactive-pools.txt,2026-05-19T23:10:03+00:00
64ea8838e96a0f425cfc19a055d096233a1af218cb88f3a143ca4c23,pool1vn4gsw8fdg85yh8urxs9t5ykyvap4uscewy08g2refxzxwztnga,Inactive,https://raw.githubusercontent.com/input-output-hk/spo-incentives/main/report-november-2025/scripts/inactive-pools.txt,2026-05-19T23:10:03+00:00
60689cb29ae0cc55566434a809305885fdacd7d8aff0730f9778dbf6,pool1vp5fev56urx924nyxj5qjvzcsh76e47c4lc8xruh0rdlv0n2kvt,Inactive,https://raw.githubusercontent.com/input-output-hk/spo-incentives/main/report-november-2025/scripts/inactive-pools.txt,2026-05-19T23:10:03+00:00
607acd33e2985c218cea9b01e9666935abb702c594b85219f168c80c,pool1vpav6vlznpwzrr82nvq7jenfxk4mwqk9jju9yx03dryqcg9sqnn,Inactive,https://raw.githubusercontent.com/input-output-hk/spo-incentives/main/report-november-2025/scripts/inactive-pools.txt,2026-05-19T23:10:03+00:00
60cebca27392d89cfb79d6803c5fa0d731bd9999d767ce102e9ea111,pool1vr8tegnnjtvfe7me66qrchaq6ucmmxve6anuuypwn6s3zs6342s,Inactive,https://raw.githubusercontent.com/input-output-hk/spo-incentives/main/report-november-2025/scripts/inactive-pools.txt,2026-05-19T23:10:03+00:00
60c3bcc7d72109047eb33f2c7f05f393139960f683853a10db426ad2,pool1vrpme37hyyysgl4n8uk87p0njvfejc8kswzn5yxmgf4dyxx8haj,Inactive,https://raw.githubusercontent.com/input-output-hk/spo-incentives/main/report-november-2025/scripts/inactive-pools.txt,2026-05-19T23:10:03+00:00
60f9109e1070286b0e27c67aceb75e5eac3beb7a03c1550685ceaebb,pool1vru3p8sswq5xkr38ceavad67t6krh6m6q0q42p59e6htkld4yxs,Inactive,https://raw.githubusercontent.com/input-output-hk/spo-incentives/main/report-november-2025/scripts/inactive-pools.txt,2026-05-19T23:10:03+00:00
641b0471374e7ff6660fa3e693eef49086c73b00f03e675a79204f76,pool1vsdsgufhfellves050nf8mh5jzrvwwcq7qlxwkneyp8hv3z4w9w,Inactive,https://raw.githubusercontent.com/input-output-hk/spo-incentives/main/report-november-2025/scripts/inactive-pools.txt,2026-05-19T23:10:03+00:00
672f8a27fe8c5115ba67a68d04c81c8604cb68e3d0590d7c085f5a28,pool1vuhc5fl733g3twn856xsfjqusczvk68r6pvs6lqgtadzsf6fue2,Inactive,https://raw.githubusercontent.com/input-output-hk/spo-incentives/main/report-november-2025/scripts/inactive-pools.txt,2026-05-19T23:10:03+00:00
67252e8f1717968ce146e8bac1c3af19d634c79a3d5ff44c0a0d6cd8,pool1vujjarchz7tgec2xazavrsa0r8trf3u6840lgnq2p4kdsg0830y,Inactive,https://raw.githubusercontent.com/input-output-hk/spo-incentives/main/report-november-2025/scripts/inactive-pools.txt,2026-05-19T23:10:03+00:00
6707f0c66d42327eb051b9ffc5384d061d83babfa42b118bf6386a11,pool1vurlp3ndgge8avz3h8lu2wzdqcwc8w4l5s43rzlk8p4pz0x5vla,Inactive,https://raw.githubusercontent.com/input-output-hk/spo-incentives/main/report-november-2025/scripts/inactive-pools.txt,2026-05-19T23:10:03+00:00
639e30418933e68c2fc84efe2a4959aa3a1d41a50b87bceeeda9cf92,pool1vw0rqsvfx0ngct7gfmlz5j2e4gap6sd9pwrmemhd488eyxvm88r,Inactive,https://raw.githubusercontent.com/input-output-hk/spo-incentives/main/report-november-2025/scripts/inactive-pools.txt,2026-05-19T23:10:03+00:00
6183cafb401f3e2b595c2fb3bb2616de1523576214d9c0b9e24d14fd,pool1vxpu476qrulzkk2u97emkfskmc2jx4mzznvupw0zf5206nx35vl,Inactive,https://raw.githubusercontent.com/input-output-hk/spo-incentives/main/report-november-2025/scripts/inactive-pools.txt,2026-05-19T23:10:03+00:00
612d13564afa472a90eb51d46dbb212c743b9d0c53003b1917daafaf,pool1vyk3x4j2lfrj4y8t282xmwep936rh8gv2vqrkxghm2h67l2upjq,Inactive,https://raw.githubusercontent.com/input-output-hk/spo-incentives/main/report-november-2025/scripts/inactive-pools.txt,2026-05-19T23:10:03+00:00
60a85cbdeaa3cc9962c7035f5b4e072ca9aac5ee9082d4c7c24ca732,pool1vz59e00250xfjck8qd04kns89j56430wjzpdf37zfjnnyxttm37,Inactive,https://raw.githubusercontent.com/input-output-hk/spo-incentives/main/report-november-2025/scripts/inactive-pools.txt,2026-05-19T23:10:03+00:00
6081c07758fa52e8651d4b08d83c56e8032c39f7e0c11ebcd83f439d,pool1vzquqa6clffwsegafvyds0zkaqpjcw0hurq3a0xc8ape6h0xhkh,Inactive,https://raw.githubusercontent.com/input-output-hk/spo-incentives/main/report-november-2025/scripts/inactive-pools.txt,2026-05-19T23:10:03+00:00
745f545ce6737123736dfd0976714796b3d3160979d7c29f01a65775,pool1w304gh8xwdcjxumdl5yhvu28j6eax9sf08tu98cp5eth27vy6ez,Inactive,https://raw.githubusercontent.com/input-output-hk/spo-incentives/main/report-november-2025/scripts/inactive-pools.txt,2026-05-19T23:10:03+00:00
7472e0960f7e59253dff9ddd0245b69a8898b51e103dd0c95aea9ac6,pool1w3ewp9s00evj200lnhwsy3dkn2yf3dg7zq7apj26a2dvv5r7hpg,Inactive,https://raw.githubusercontent.com/input-output-hk/spo-incentives/main/report-november-2025/scripts/inactive-pools.txt,2026-05-19T23:10:03+00:00
74405780f8da594fbe66cad6d287a90a6f97414bed3d9d1983d40ba8,pool1w3q90q8cmfv5l0nxettd9pafpfhews2ta57e6xvr6s96swfkrvz,Inactive,https://raw.githubusercontent.com/input-output-hk/spo-incentives/main/report-november-2025/scripts/inactive-pools.txt,2026-05-19T23:10:03+00:00
7461a458f122911d79f9d92244c9c5d9051e55d70dfc1cf6faa447b8,pool1w3s6gk83y2g3670emy3yfjw9myz3u4whph7peah653rmsfegyj3,Inactive,https://raw.githubusercontent.com/input-output-hk/spo-incentives/main/report-november-2025/scripts/inactive-pools.txt,2026-05-19T23:10:03+00:00
755f50d836b39faf4b9544a64937604e4da74caa60d29b90ab35dd4b,pool1w404pkpkkw067ju4gjnyjdmqfex6wn92vrffhy9txhw5kxzupk5,Inactive,https://raw.githubusercontent.com/input-output-hk/spo-incentives/main/report-november-2025/scripts/inactive-pools.txt,2026-05-19T23:10:03+00:00
756238399d566b7e7c7ae90ccaf7bd4bd2261a52a60f665286ded5de,pool1w43rswva2e4hulr6ayxv4aaaf0fzvxjj5c8kv55xmm2auey5xvz,Inactive,https://raw.githubusercontent.com/input-output-hk/spo-incentives/main/report-november-2025/scripts/inactive-pools.txt,2026-05-19T23:10:03+00:00
751e953f613397dfc43f803681994637d07ade7ec85e9bff1d95afcf,pool1w50f20mpxwtal3plsqmgrx2xxlg84hn7ep0fhlcajkhu77k8tfp,Inactive,https://raw.githubusercontent.com/input-output-hk/spo-incentives/main/report-november-2025/scripts/inactive-pools.txt,2026-05-19T23:10:03+00:00
76a9ddd886bfe0b9769b0bd89f015d6517b7ef42943650fff133a3a3,pool1w65amkyxhlstja5mp0vf7q2av5tm0m6zjsm9pll3xw36x6g8qte,Inactive,https://raw.githubusercontent.com/input-output-hk/spo-incentives/main/report-november-2025/scripts/inactive-pools.txt,2026-05-19T23:10:03+00:00
76b223c64aff43bf8b8d5f38e22365fb96a8a9f1b6412a467e249ab7,pool1w6ez83j2lapmlzudtuuwygm9lwt23203keqj53n7yjdtwaamghr,Inactive,https://raw.githubusercontent.com/input-output-hk/spo-incentives/main/report-november-2025/scripts/inactive-pools.txt,2026-05-19T23:10:03+00:00
7789aa15d1276a6a8da5fc83a1ef06f3c9252df07cec5f374246c9b0,pool1w7y659w3ya4x4rd9ljp6rmcx70yj2t0s0nk97d6zgmymq0a2k7w,Inactive,https://raw.githubusercontent.com/input-output-hk/spo-incentives/main/report-november-2025/scripts/inactive-pools.txt,2026-05-19T23:10:03+00:00
715428fcce193098db697fa8d975497676fff092c549062ba9bea08a,pool1w92z3lxwrycf3kmf075dja2fwem0luyjc4ysv2afh6sg554qjwn,Inactive,https://raw.githubusercontent.com/input-output-hk/spo-incentives/main/report-november-2025/scripts/inactive-pools.txt,2026-05-19T23:10:03+00:00
71702890823a3f9dd9c199efccea072c87fbdba18cf811771eb34def,pool1w9cz3yyz8glemkwpn8hue6s89jrlhkap3nupzac7kdx77gj9am8,Inactive,https://raw.githubusercontent.com/input-output-hk/spo-incentives/main/report-november-2025/scripts/inactive-pools.txt,2026-05-19T23:10:03+00:00
716d0ffd6fb2e625c9a217c5d026fe58a01e3ca64d3ef3a7e27e3ad2,pool1w9ksllt0ktnztjdzzlzaqfh7tzspu09xf5l08flz0cadyq0dv3j,Inactive,https://raw.githubusercontent.com/input-output-hk/spo-incentives/main/report-november-2025/scripts/inactive-pools.txt,2026-05-19T23:10:03+00:00
77777008d89f8301c46303111a39d276e470597362093c494c113a03,pool1wamhqzxcn7psr3rrqvg35wwjwmj8qktnvgyncj2vzyaqx9hkmsz,Inactive,https://raw.githubusercontent.com/input-output-hk/spo-incentives/main/report-november-2025/scripts/inactive-pools.txt,2026-05-19T23:10:03+00:00
7743f16b02aad5c841e0c416775812a2862b90ac48e921961928646f,pool1waplz6cz4t2uss0qcst8wkqj52rzhy9vfr5jr9se9pjx7ucjcfm,Inactive,https://raw.githubusercontent.com/input-output-hk/spo-incentives/main/report-november-2025/scripts/inactive-pools.txt,2026-05-19T23:10:03+00:00
76156e005e74752a9b1e31fa0cd912bec95422d36b4004f1d5d8e21e,pool1wc2kuqz7w36j4xc7x8aqekgjhmy4ggknddqqfuw4mr3pu9f8wxn,Inactive,https://raw.githubusercontent.com/input-output-hk/spo-incentives/main/report-november-2025/scripts/inactive-pools.txt,2026-05-19T23:10:03+00:00
765c443459fdcbbaedf691f9e787632d3df3585f3db75dad701b5be7,pool1wewygdzelh9m4m0kj8u70pmr957lxkzl8km4mttsrdd7wht00vu,Inactive,https://raw.githubusercontent.com/input-output-hk/spo-incentives/main/report-november-2025/scripts/inactive-pools.txt,2026-05-19T23:10:03+00:00
7222620a18354017b6a2db3f7f5a0e3e38106279473fbc8befc07de6,pool1wg3xyzscx4qp0d4zmvlh7ksw8cupqcnegulmezl0cp77vtwlvgr,Inactive,https://raw.githubusercontent.com/input-output-hk/spo-incentives/main/report-november-2025/scripts/inactive-pools.txt,2026-05-19T23:10:03+00:00
75d5168995dc87b57d94252d10d8a431da1421ba8efba6f3306098c2,pool1wh23dzv4mjrm2lv5y5k3pk9yx8dpggd63ma6duesvzvvymawpny,Inactive,https://raw.githubusercontent.com/input-output-hk/spo-incentives/main/report-november-2025/scripts/inactive-pools.txt,2026-05-19T23:10:03+00:00
75c48bfd17b701338131cdc3b8f6a3e218f31b6817795888191abae2,pool1whzghlghkuqn8qf3ehpm3a4rugv0xxmgzau43zqer2awy2rngef,Inactive,https://raw.githubusercontent.com/input-output-hk/spo-incentives/main/report-november-2025/scripts/inactive-pools.txt,2026-05-19T23:10:03+00:00
7497edcaedec8f4f5dd68810a741d38bd179605b5032b1c3d6d42585,pool1wjt7mjhdaj857hwk3qg2wswn30ghjczm2qetrs7k6sjc20x4hfx,Inactive,https://raw.githubusercontent.com/input-output-hk/spo-incentives/main/report-november-2025/scripts/inactive-pools.txt,2026-05-19T23:10:03+00:00
75adedfdd95e828058a86f9fa58fee55193e17be22183e23a17c1d2c,pool1wkk7mlwet6pgqk9gd706trlw25vnu9a7ygvrugap0swjcfty7vd,Inactive,https://raw.githubusercontent.com/input-output-hk/spo-incentives/main/report-november-2025/scripts/inactive-pools.txt,2026-05-19T23:10:03+00:00
74e98daf82b20099df575c83fe7b9fc828035aabbe34e5ed4990d1b8,pool1wn5cmtuzkgqfnh6htjplu7uleq5qxk4thc6wtm2fjrgmspqutaj,Inactive,https://raw.githubusercontent.com/input-output-hk/spo-incentives/main/report-november-2025/scripts/inactive-pools.txt,2026-05-19T23:10:03+00:00
74fc8f26079dc13b5858ea45cc7f46d403dd0e453bed6b21e3c4c9d9,pool1wn7g7fs8nhqnkkzcafzucl6x6spa6rj980kkkg0rcnyajg62lur,Inactive,https://raw.githubusercontent.com/input-output-hk/spo-incentives/main/report-november-2025/scripts/inactive-pools.txt,2026-05-19T23:10:03+00:00
74e1795dc06165e4a1b55d8930c00379b029c2a145ff225255154129,pool1wnshjhwqv9j7fgd4tkynpsqr0xczns4pghljy5j4z4qjj7qy4d4,Inactive,https://raw.githubusercontent.com/input-output-hk/spo-incentives/main/report-november-2025/scripts/inactive-pools.txt,2026-05-19T23:10:03+00:00
705e4c8a917808437353167322eca95437d53aa3a56f6779a9cb96b8,pool1wp0yez530qyyxu6nzeej9m9f2sma2w4r54hkw7dfewtts7qqvwc,Inactive,https://raw.githubusercontent.com/input-output-hk/spo-incentives/main/report-november-2025/scripts/inactive-pools.txt,2026-05-19T23:10:03+00:00
704250c3f9c01ccaba43aa137c4185befa811cea0693fd736ee04e8e,pool1wpp9pslecqwv4wjr4gfhcsv9hmagz882q6fl6umwup8guxy5whm,Inactive,https://raw.githubusercontent.com/input-output-hk/spo-incentives/main/report-november-2025/scripts/inactive-pools.txt,2026-05-19T23:10:03+00:00
7044351ba962e79d626cf9052024edfc94d47968b322ce544bd1fcad,pool1wpzr2xafvtne6cnvlyzjqf8dlj2dg7tgkv3vu4zt687266ep7wg,Inactive,https://raw.githubusercontent.com/input-output-hk/spo-incentives/main/report-november-2025/scripts/inactive-pools.txt,2026-05-19T23:10:03+00:00
70e9625471b8b573667ffb0c1e4f08f489d3a1872c97d7c5f42b8b90,pool1wr5ky4r3hz6hxenllvxpuncg7jya8gv89jta03059w9eqqjy6c6,Inactive,https://raw.githubusercontent.com/input-output-hk/spo-incentives/main/report-november-2025/scripts/inactive-pools.txt,2026-05-19T23:10:03+00:00
743a32b17b222e48dd78f204f4381e7f42f679c3016e03c40e353bc6,pool1wsar9vtmyghy3htc7gz0gwq70ap0v7wrq9hq83qwx5auvzfm6fg,Inactive,https://raw.githubusercontent.com/input-output-hk/spo-incentives/main/report-november-2025/scripts/inactive-pools.txt,2026-05-19T23:10:03+00:00
74065cdd69662b8844624b3549499e7783989a68750fb5adf935658b,pool1wsr9ehtfvc4cs3rzfv65jjv7w7pe3xngw58mtt0ex4jck5frw79,Inactive,https://raw.githubusercontent.com/input-output-hk/spo-incentives/main/report-november-2025/scripts/inactive-pools.txt,2026-05-19T23:10:03+00:00
743883835692e597dc4e0e8ffc5ddffbdf5d2f57e73b14f831a256b3,pool1wsug8q6kjtje0hzwp68lchwll0046t6huua3f7p35fttx7fcwm8,Inactive,https://raw.githubusercontent.com/input-output-hk/spo-incentives/main/report-november-2025/scripts/inactive-pools.txt,2026-05-19T23:10:03+00:00
772a93f3dd0eff49db3edcb0c9292c9bfa149317328b4f7d25463823,pool1wu4f8u7apml5nke7mjcvj2fvn0apfychx2957lf9gcuzxa07w6g,Inactive,https://raw.githubusercontent.com/input-output-hk/spo-incentives/main/report-november-2025/scripts/inactive-pools.txt,2026-05-19T23:10:03+00:00
77366f5e8c9da4ebb1e32624e681a7c12cc1c4efcad901232c070ce1,pool1wumx7h5vnkjwhv0rycjwdqd8cykvr380etvszgevquxwz02p5wx,Inactive,https://raw.githubusercontent.com/input-output-hk/spo-incentives/main/report-november-2025/scripts/inactive-pools.txt,2026-05-19T23:10:03+00:00
772675fa6bab7ae5090c7b25ec6dc3e17cc839e9c639890b8c8788f0,pool1wun8t7nt4daw2zgv0vj7cmwru97vsw0fccucjzuvs7y0qlc8xyv,Inactive,https://raw.githubusercontent.com/input-output-hk/spo-incentives/main/report-november-2025/scripts/inactive-pools.txt,2026-05-19T23:10:03+00:00
7727dc5e2b1f4ebdf4084aca3223536997521e2253382df44b709a3a,pool1wunach3tra8tmaqgft9ryg6ndxt4y83z2vuzmaztwzdr5x7ylh5,Inactive,https://raw.githubusercontent.com/input-output-hk/spo-incentives/main/report-november-2025/scripts/inactive-pools.txt,2026-05-19T23:10:03+00:00
7738aeaeb8c4013ff5c503cef70bc47dc1edd38bc7d299267143d8d5,pool1wuu2at4ccsqnlaw9q080wz7y0hq7m5utclffjfn3g0vd2j9xs8j,Inactive,https://raw.githubusercontent.com/input-output-hk/spo-incentives/main/report-november-2025/scripts/inactive-pools.txt,2026-05-19T23:10:03+00:00
770c0659e9f816d950fde8267d9dca05f3d705881df6098c9ee5b41c,pool1wuxqvk0flqtdj58aaqn8m8w2qheawpvgrhmqnry7uk6pcrwnp4a,Inactive,https://raw.githubusercontent.com/input-output-hk/spo-incentives/main/report-november-2025/scripts/inactive-pools.txt,2026-05-19T23:10:03+00:00
73109d55eb777072787d02447bfc02ac3b22394848706b00ef71119b,pool1wvgf640twac8y7raqfz8hlqz4sajyw2gfpcxkq80wygekcx2402,Inactive,https://raw.githubusercontent.com/input-output-hk/spo-incentives/main/report-november-2025/scripts/inactive-pools.txt,2026-05-19T23:10:03+00:00
732edacd3adf46a33c5dcd94bcebe0b0f16b17665cb0bc8887f1fb11,pool1wvhd4nf6mar2x0zaek2te6lqkrckk9mxtjctezy878a3zprru7s,Inactive,https://raw.githubusercontent.com/input-output-hk/spo-incentives/main/report-november-2025/scripts/inactive-pools.txt,2026-05-19T23:10:03+00:00
718a38284f9f04d87bb22b5815bb03e183c5de2d63138eb26e1eaf69,pool1wx9rs2z0nuzds7aj9dvptwcruxputh3dvvfcavnwr6hkjvly20w,Inactive,https://raw.githubusercontent.com/input-output-hk/spo-incentives/main/report-november-2025/scripts/inactive-pools.txt,2026-05-19T23:10:03+00:00
71acb0e19dc67871621b95a967cf8a9fdbbf6943eeb65c8567f270c8,pool1wxktpcvaceu8zcsmjk5k0nu2nldm762ra6m9ept87fcvsqucdkx,Inactive,https://raw.githubusercontent.com/input-output-hk/spo-incentives/main/report-november-2025/scripts/inactive-pools.txt,2026-05-19T23:10:03+00:00
7185cdfc65a6e46ba0d36eb1b3632489c2ecd04ee3fe456ffbcbfc02,pool1wxzumlr95mjxhgxnd6cmxcey38pwe5zwu0ly2mlme07qy8n00r9,Inactive,https://raw.githubusercontent.com/input-output-hk/spo-incentives/main/report-november-2025/scripts/inactive-pools.txt,2026-05-19T23:10:03+00:00
711bb646ad9ec55cd8b0884b27761f7738b4916777ccb7eedc9cad8e,pool1wydmv34dnmz4ek9s3p9jwaslwuutfyt8wlxt0mkunjkcufznl97,Inactive,https://raw.githubusercontent.com/input-output-hk/spo-incentives/main/report-november-2025/scripts/inactive-pools.txt,2026-05-19T23:10:03+00:00
33cedfd1a47ba1cd10a60d28d1daa6c930894d9c581a0d9dd004e817,pool1x08dl5dy0wsu6y9xp55drk4xeycgjnvutqdqm8wsqn5pwm6yx4k,Inactive,https://raw.githubusercontent.com/input-output-hk/spo-incentives/main/report-november-2025/scripts/inactive-pools.txt,2026-05-19T23:10:03+00:00
33c237923717e5ca20d91f4a259d333205b076ad05f6f73b8726c261,pool1x0pr0y3hzlju5gxera9zt8fnxgzmqa4dqhm0wwu8ympxz37dwqw,Inactive,https://raw.githubusercontent.com/input-output-hk/spo-incentives/main/report-november-2025/scripts/inactive-pools.txt,2026-05-19T23:10:03+00:00
345dc7479346c60a07ad4a6009e4ea49a9ccc09a6e140dc8f1313b30,pool1x3wuw3ungmrq5padffsqne82fx5uesy6dc2qmj83xyanq4rgnz0,Inactive,https://raw.githubusercontent.com/input-output-hk/spo-incentives/main/report-november-2025/scripts/inactive-pools.txt,2026-05-19T23:10:03+00:00
35119f1ed0d4b0f91e704b88005ecae58dfb305e11bfb2f168b6aafa,pool1x5ge78ks6jc0j8nsfwyqqhk2ukxlkvz7zxlm9utgk6405hh490n,Inactive,https://raw.githubusercontent.com/input-output-hk/spo-incentives/main/report-november-2025/scripts/inactive-pools.txt,2026-05-19T23:10:03+00:00
315e5bf40a542f3557c502c56b0cae72a0598fcc29844b9b29451e42,pool1x909haq22shn2479qtzkkr9ww2s9nr7v9xzyhxefg50yyt3lzfy,Inactive,https://raw.githubusercontent.com/input-output-hk/spo-incentives/main/report-november-2025/scripts/inactive-pools.txt,2026-05-19T23:10:03+00:00
317572319ddc2ffa13780b6171549b048318b1822c0ed33f46338221,pool1x96hyvvamshl5ymcpdshz4ymqjp33vvz9s8dx06xxwpzzkhgra7,Inactive,https://raw.githubusercontent.com/input-output-hk/spo-incentives/main/report-november-2025/scripts/inactive-pools.txt,2026-05-19T23:10:03+00:00
316d91dbe1d9062329422d6bf2cce62a267850be60095bc3ffe4b2be,pool1x9kerklpmyrzx22z944l9n8x9gn8s597vqy4hsllujetue8e5g8,Inactive,https://raw.githubusercontent.com/input-output-hk/spo-incentives/main/report-november-2025/scripts/inactive-pools.txt,2026-05-19T23:10:03+00:00
315787d387683291b48e285069f95010fc1507246f8c80423f51e1ed,pool1x9tc05u8dqefrdyw9pgxn72szr7p2peyd7xgqs3l28s76f59c0y,Inactive,https://raw.githubusercontent.com/input-output-hk/spo-incentives/main/report-november-2025/scripts/inactive-pools.txt,2026-05-19T23:10:03+00:00
377c2b728ac4b5dea32c6505a3d25b57e5708219b0c781f3e1dd803b,pool1xa7zku52cj6aagevv5z685jm2ljhpqsekrrcrulpmkqrknnt2kz,Inactive,https://raw.githubusercontent.com/input-output-hk/spo-incentives/main/report-november-2025/scripts/inactive-pools.txt,2026-05-19T23:10:03+00:00
37776026d64eeb9fb5873caedc6e9c140f66c43ef6b3e396e061c891,pool1xamkqfkkfm4eldv88jhdcm5uzs8kd3p776e789hqv8yfzjgqh9s,Inactive,https://raw.githubusercontent.com/input-output-hk/spo-incentives/main/report-november-2025/scripts/inactive-pools.txt,2026-05-19T23:10:03+00:00
3635fed04554336e1f58a8db3e30d26e229b9c2d5f67f419a4297069,pool1xc6la5z92seku86c4rdnuvxjdc3fh8pdtanlgxdy99cxjrkhzkd,Inactive,https://raw.githubusercontent.com/input-output-hk/spo-incentives/main/report-november-2025/scripts/inactive-pools.txt,2026-05-19T23:10:03+00:00
363304a3aaba937f42b98558a9c39598711e91143163baed8bf3af35,pool1xcesfga2h2fh7s4es4v2nsu4npc3ayg5x93m4mvt7whn2pfswma,Inactive,https://raw.githubusercontent.com/input-output-hk/spo-incentives/main/report-november-2025/scripts/inactive-pools.txt,2026-05-19T23:10:03+00:00
3626a235b9bee93c48cf0aaacb238bbd46bef84c8a32bc0969f9a11b,pool1xcn2yddehm5ncjx0p24vkguth4rta7zv3getcztflxs3kh9rexd,Inactive,https://raw.githubusercontent.com/input-output-hk/spo-incentives/main/report-november-2025/scripts/inactive-pools.txt,2026-05-19T23:10:03+00:00
3608772c43d89b71aa0094b67065f7198756e15114185db539476eca,pool1xcy8wtzrmzdhr2sqjjm8qe0hrxr4dc23zsv9mdfegahv5t0jud9,Inactive,https://raw.githubusercontent.com/input-output-hk/spo-incentives/main/report-november-2025/scripts/inactive-pools.txt,2026-05-19T23:10:03+00:00
33708d590f4549170125524fcbd6bc189fa8711fba52f8ead4276ca4,pool1xdcg6kg0g4y3wqf92f8uh44urz06suglhff036k5yak2g0m8zlc,Inactive,https://raw.githubusercontent.com/input-output-hk/spo-incentives/main/report-november-2025/scripts/inactive-pools.txt,2026-05-19T23:10:03+00:00
335d9516b35b276cce8a643bd1fb2d304d95de156b21b3d43bae2e40,pool1xdwe294ntvnken52vsaar7edxpxeths4dvsm84pm4chyq70r0ny,Inactive,https://raw.githubusercontent.com/input-output-hk/spo-incentives/main/report-november-2025/scripts/inactive-pools.txt,2026-05-19T23:10:03+00:00
326556f44c03d30177eedc5e219e96e957aa6dc1045891846d7469b7,pool1xfj4dazvq0fszalwm30zr85ka9t65mwpq3vfrprdw35mwan3vq9,Inactive,https://raw.githubusercontent.com/input-output-hk/spo-incentives/main/report-november-2025/scripts/inactive-pools.txt,2026-05-19T23:10:03+00:00
359f35c5dbf9121784988355771054feb9c82d61d1f2b1226cea5448,pool1xk0nt3wmlyfp0pycsd2hwyz5l6uusttp68etzgnvaf2ysc4f3hx,Inactive,https://raw.githubusercontent.com/input-output-hk/spo-incentives/main/report-november-2025/scripts/inactive-pools.txt,2026-05-19T23:10:03+00:00
35a38b78bf1f4b829a98d1ebf27d883b3f936eefcdfce2bd7a83c4c7,pool1xk3ck79lra9c9x5c684lylvg8vlexmh0eh7w90t6s0zvw6k5vn7,Inactive,https://raw.githubusercontent.com/input-output-hk/spo-incentives/main/report-november-2025/scripts/inactive-pools.txt,2026-05-19T23:10:03+00:00
358e65be9fc5a30d9f4413b8a32070c8debf22b210d80bda05e15685,pool1xk8xt05lck3sm86yzwu2xgrser0t7g4jzrvqhks9u9tg2tca52s,Inactive,https://raw.githubusercontent.com/input-output-hk/spo-incentives/main/report-november-2025/scripts/inactive-pools.txt,2026-05-19T23:10:03+00:00
35860254b969109e6d8e2c8d3ed2988fa38de2c2000aadd3d341d44c,pool1xkrqy49edygfumvw9jxna55c373cmckzqq92m57ng82ycpykcmz,Inactive,https://raw.githubusercontent.com/input-output-hk/spo-incentives/main/report-november-2025/scripts/inactive-pools.txt,2026-05-19T23:10:03+00:00
36eb3efd97891be08b02f8cf57565f1136e00e70bfc2c3bf87868593,pool1xm4nalvh3yd7pzczlr84w4jlzymwqrnshlpv80u8s6zex997kc6,Inactive,https://raw.githubusercontent.com/input-output-hk/spo-incentives/main/report-november-2025/scripts/inactive-pools.txt,2026-05-19T23:10:03+00:00
36d2b3384005b883f05f54d4461afbd59eb354725e7e553a4860fe9b,pool1xmftxwzqqkug8uzl2n2yvxhm6k0tx4rjtel92wjgvrlfk0uqy8c,Inactive,https://raw.githubusercontent.com/input-output-hk/spo-incentives/main/report-november-2025/scripts/inactive-pools.txt,2026-05-19T23:10:03+00:00
36e67ea3d2c2f01682c592c62b161e022154c719bd8d75e7e80f51ac,pool1xmn8ag7jctcpdqk9jtrzk9s7qgs4f3cehkxhtelgpag6c7fjxdm,Inactive,https://raw.githubusercontent.com/input-output-hk/spo-incentives/main/report-november-2025/scripts/inactive-pools.txt,2026-05-19T23:10:03+00:00
34f4372f1adfaf34eb4f7eb9688de40c48ba601ee16998722645776a,pool1xn6rwtc6m7hnf66006uk3r0yp3yt5cq7u95esu3xg4mk52cva8w,Inactive,https://raw.githubusercontent.com/input-output-hk/spo-incentives/main/report-november-2025/scripts/inactive-pools.txt,2026-05-19T23:10:03+00:00
34d37dabdf2c17056c07a002a685e4bba8673e6bf30c6ef6bd394534,pool1xnfhm27l9sts2mq85qp2dp0yhw5xw0nt7vxxaa4a89zngykvxu4,Inactive,https://raw.githubusercontent.com/input-output-hk/spo-incentives/main/report-november-2025/scripts/inactive-pools.txt,2026-05-19T23:10:03+00:00
307e47d81a8919777f4c795e4e26bb338608f870cfa8ed15ad756de8,pool1xply0kq63yvhwl6v090yuf4mxwrq37rse75w69ddw4k7sxwnxd8,Inactive,https://raw.githubusercontent.com/input-output-hk/spo-incentives/main/report-november-2025/scripts/inactive-pools.txt,2026-05-19T23:10:03+00:00
3042b625c10779a023d23e6a0eaec2cf46b36fd9170c5a65886545bd,pool1xpptvfwpqau6qg7j8e4qatkzeartxm7ezux95evgv4zm6xxd3px,Inactive,https://raw.githubusercontent.com/input-output-hk/spo-incentives/main/report-november-2025/scripts/inactive-pools.txt,2026-05-19T23:10:03+00:00
32de8343511d18894062befd24f2fc0091d28527b018189c1b68a717,pool1xt0gxs63r5vgjsrzhm7jfuhuqzga9pf8kqvp38qmdzn3wjxudvr,Inactive,https://raw.githubusercontent.com/input-output-hk/spo-incentives/main/report-november-2025/scripts/inactive-pools.txt,2026-05-19T23:10:03+00:00
32de28d12fdc3465d06783aeb6a8d826c0665aaad9d36a00e99b8f79,pool1xt0z35f0ms6xt5r8swhtd2xcymqxvk42m8fk5q8fnw8hjhr6yax,Inactive,https://raw.githubusercontent.com/input-output-hk/spo-incentives/main/report-november-2025/scripts/inactive-pools.txt,2026-05-19T23:10:03+00:00
31a2e37ee6e2be70618d667bfbc06438de8c975afec21ad04bb2f3ef,pool1xx3wxlhxu2l8qcvdvealhsry8r0ge966lmpp45ztkte77lx3qq0,Inactive,https://raw.githubusercontent.com/input-output-hk/spo-incentives/main/report-november-2025/scripts/inactive-pools.txt,2026-05-19T23:10:03+00:00
31a58e15b247201b0f0b9220260b1d413c1110ec3013d02ff4310a75,pool1xxjcu9djguspkrctjgszvzcagy7pzy8vxqfaqtl5xy9824fz2qg,Inactive,https://raw.githubusercontent.com/input-output-hk/spo-incentives/main/report-november-2025/scripts/inactive-pools.txt,2026-05-19T23:10:03+00:00
30832995349da8afcd2285b86c92238de89b9c5e3c4e5041ba63889c,pool1xzpjn9f5nk52lnfzskuxey3r3h5fh8z78389qsd6vwyfcqum796,Inactive,https://raw.githubusercontent.com/input-output-hk/spo-incentives/main/report-november-2025/scripts/inactive-pools.txt,2026-05-19T23:10:03+00:00
23eba99f91e0a9454f77115c6f498a44cbf22c8c77e6bcaec4eb180a,pool1y046n8u3uz552nmhz9wx7jv2gn9lytyvwlntetkyavvq52nzqzs,Inactive,https://raw.githubusercontent.com/input-output-hk/spo-incentives/main/report-november-2025/scripts/inactive-pools.txt,2026-05-19T23:10:03+00:00
23fe0d0e58b18df247484c5cd81852120bed80b82bf93ec58901c3cf,pool1y0lq6rjckxxly36gf3wdsxzjzg97mq9c90una3vfq8pu77g7zkf,Inactive,https://raw.githubusercontent.com/input-output-hk/spo-incentives/main/report-november-2025/scripts/inactive-pools.txt,2026-05-19T23:10:03+00:00
23f62d132c05a3545aabdfe3eee957d1568a160916990f8995826896,pool1y0mz6yevqk34gk4tml37a62h69tg59sfz6vslzv4sf5fvsjhvpw,Inactive,https://raw.githubusercontent.com/input-output-hk/spo-incentives/main/report-november-2025/scripts/inactive-pools.txt,2026-05-19T23:10:03+00:00
22ab189321b05d4338307bea2f89513725d2982ac583feda9f0f9408,pool1y2433yepkpw5xwps004zlz23xuja9xp2ckplak5lp72qss37333,Inactive,https://raw.githubusercontent.com/input-output-hk/spo-incentives/main/report-november-2025/scripts/inactive-pools.txt,2026-05-19T23:10:03+00:00
256a9b6430f25739a6a5a77c81a46e5afd73626bee664172a6ab3b7a,pool1y44fkeps7ftnnf495a7grfrwtt7hxcntaenyzu4x4vah5cud0mt,Inactive,https://raw.githubusercontent.com/input-output-hk/spo-incentives/main/report-november-2025/scripts/inactive-pools.txt,2026-05-19T23:10:03+00:00
21d1485abbe804146acfaadf939945d197cdf037f5aa4e9c70482e53,pool1y8g5sk4maqzpg6k04t0e8x296xtumuph7k4ya8rsfqh9xhc5a7h,Inactive,https://raw.githubusercontent.com/input-output-hk/spo-incentives/main/report-november-2025/scripts/inactive-pools.txt,2026-05-19T23:10:03+00:00
215e20c4901b84b5b817da912c7901ab7cb42a7a141d18063f25bcc9,pool1y90zp3ysrwzttwqhm2gjc7gp4d7tg2n6zsw3sp3lyk7vjxc56d6,Inactive,https://raw.githubusercontent.com/input-output-hk/spo-incentives/main/report-november-2025/scripts/inactive-pools.txt,2026-05-19T23:10:03+00:00
214c95e2b803e0cc31e89357c84d9ff8d14650737b55541c75df9738,pool1y9xftc4cq0svcv0gjdtusnvllrg5v5rn0d24g8r4m7tnsem6ve8,Inactive,https://raw.githubusercontent.com/input-output-hk/spo-incentives/main/report-november-2025/scripts/inactive-pools.txt,2026-05-19T23:10:03+00:00
2375ece0c15b7cf4ffacbf0bba98a19574f484910ad7fc26147325f7,pool1yd67ecxptd70flavhu9m4x9pj460fpy3pttlcfs5wvjlwzs79vw,Inactive,https://raw.githubusercontent.com/input-output-hk/spo-incentives/main/report-november-2025/scripts/inactive-pools.txt,2026-05-19T23:10:03+00:00
2370638531d0d6b6209db6a36005160206e096b6d77ca88a06c8df09,pool1ydcx8pf36rttvgyak63kqpgkqgrwp94k6a723zsxer0sja9t3d8,Inactive,https://raw.githubusercontent.com/input-output-hk/spo-incentives/main/report-november-2025/scripts/inactive-pools.txt,2026-05-19T23:10:03+00:00
2351b4ecc1e75790384f51fe1410306e2f0a6deb1661e8a80d1f50d4,pool1ydgmfmxpuateqwz028lpgypsdchs5m0tzes732qdragdg4jp0uf,Inactive,https://raw.githubusercontent.com/input-output-hk/spo-incentives/main/report-november-2025/scripts/inactive-pools.txt,2026-05-19T23:10:03+00:00
266916eadfae9f9466cd9f272fd566a0af0a0782c9e60b24c4973b9f,pool1ye53d6kl460egekdnunjl4tx5zhs5puze8nqkfxyjuae7364w74,Inactive,https://raw.githubusercontent.com/input-output-hk/spo-incentives/main/report-november-2025/scripts/inactive-pools.txt,2026-05-19T23:10:03+00:00
2671702f26f947ecc114861c4983bfdc8616d3fa2bace18dd4a91e65,pool1yechqtexl9r7esg5scwynqalmjrpd5l69wkwrrw54y0x26eljpq,Inactive,https://raw.githubusercontent.com/input-output-hk/spo-incentives/main/report-november-2025/scripts/inactive-pools.txt,2026-05-19T23:10:03+00:00
224d7939df10e8de9d57f7a443c676e0c972f9f9268440b4e5493402,pool1yfxhjwwlzr5da82h77jy83nkuryh970ey6zypd89fy6qyuxfppe,Inactive,https://raw.githubusercontent.com/input-output-hk/spo-incentives/main/report-november-2025/scripts/inactive-pools.txt,2026-05-19T23:10:03+00:00
223bb62965fb9f1b5f060e7d41c9b509ff39c757e1a2dce511b8f119,pool1ygamv2t9lw03khcxpe75rjd4p8lnn36hux3deeg3hrc3jwrx43z,Inactive,https://raw.githubusercontent.com/input-output-hk/spo-incentives/main/report-november-2025/scripts/inactive-pools.txt,2026-05-19T23:10:03+00:00
2206e6fef3ae919b93a45378609c93bd3cd1990ffa125bf09b37c2ce,pool1ygrwdlhn46gehyay2duxp8ynh57drxg0lgf9huymxlpvukdv0k6,Inactive,https://raw.githubusercontent.com/input-output-hk/spo-incentives/main/report-november-2025/scripts/inactive-pools.txt,2026-05-19T23:10:03+00:00
24b39b1b3cabd5b85bc19c8acb0d632a3e92d24d52c4e70fed8bcbb5,pool1yjeekxeu402msk7pnj9vkrtr9glf95jd2tzwwrld309m2flq7yu,Inactive,https://raw.githubusercontent.com/input-output-hk/spo-incentives/main/report-november-2025/scripts/inactive-pools.txt,2026-05-19T23:10:03+00:00
248459dd7f64fe519aba5aac9e25c66c627dbece7c8dd91f41025778,pool1yjz9nhtlvnl9rx46t2kfufwxd338m0kw0jxaj86pqfthse837z8,Inactive,https://raw.githubusercontent.com/input-output-hk/spo-incentives/main/report-november-2025/scripts/inactive-pools.txt,2026-05-19T23:10:03+00:00
27f1ff2bdbcec5201032e990f97dffabff14122cdad6fffdc19712e7,pool1ylcl727memzjqypjaxg0jl0l40l3gy3vmtt0llwpjufwwdmptks,Inactive,https://raw.githubusercontent.com/input-output-hk/spo-incentives/main/report-november-2025/scripts/inactive-pools.txt,2026-05-19T23:10:03+00:00
27ef7af15a7b854508385bf193acd73f7fb78b72ea6a99e8a413ca68,pool1ylhh4u260wz52zpct0ce8txh8alm0zmjaf4fn69yz09xs68y70v,Inactive,https://raw.githubusercontent.com/input-output-hk/spo-incentives/main/report-november-2025/scripts/inactive-pools.txt,2026-05-19T23:10:03+00:00
27ec181d9d356623668ff75fb32a0ce442772b76636e49039e1ffc70,pool1ylkps8vax4nzxe507a0mx2svu3p8w2mkvdhyjqu7rl78q9rehh9,Inactive,https://raw.githubusercontent.com/input-output-hk/spo-incentives/main/report-november-2025/scripts/inactive-pools.txt,2026-05-19T23:10:03+00:00
26f77b3bc3a1a51f29de43b3fd692e5b00eaf18f3c9e9829c4c6725d,pool1ymmhkw7r5xj372w7gwel66fwtvqw4uv08j0fs2wycee96qv32j5,Inactive,https://raw.githubusercontent.com/input-output-hk/spo-incentives/main/report-november-2025/scripts/inactive-pools.txt,2026-05-19T23:10:03+00:00
26c0e484a13ef48797bac75fbb6df3de1f91226cbae4f6060c9ec926,pool1ymqwfp9p8m6g09a6ca0mkm0nmc0ezgnvhtj0vpsvnmyjvy8zh7z,Inactive,https://raw.githubusercontent.com/input-output-hk/spo-incentives/main/report-november-2025/scripts/inactive-pools.txt,2026-05-19T23:10:03+00:00
201b5fcdf4e4bc06bd30d53c4e25dd517b33ff952a7a3c8a6f36ba53,pool1yqd4ln05uj7qd0fs657yufwa29an8lu49farezn0x6a9xph9h49,Inactive,https://raw.githubusercontent.com/input-output-hk/spo-incentives/main/report-november-2025/scripts/inactive-pools.txt,2026-05-19T23:10:03+00:00
201d1c1b07c1591ac5f4c605481a83ae3cb33ea1bd5ca31e6abe057e,pool1yqw3cxc8c9v34305ccz5sx5r4c7tx04ph4w2x8n2hczhurt9j0h,Inactive,https://raw.githubusercontent.com/input-output-hk/spo-incentives/main/report-november-2025/scripts/inactive-pools.txt,2026-05-19T23:10:03+00:00
20c231a350ca07208fac51a5362d1fa79dac8e2b5ca16479e992dd8a,pool1yrprrg6segrjprav2xjnvtgl57w6er3ttjskg70fjtwc524u0k4,Inactive,https://raw.githubusercontent.com/input-output-hk/spo-incentives/main/report-november-2025/scripts/inactive-pools.txt,2026-05-19T23:10:03+00:00
20c980d532235fdfe9e671d5a9365c8d05d10369992911bfd94f31c6,pool1yrycp4fjyd0al60xw826jdju35zazqmfny53r07efucuvlvnej7,Inactive,https://raw.githubusercontent.com/input-output-hk/spo-incentives/main/report-november-2025/scripts/inactive-pools.txt,2026-05-19T23:10:03+00:00
242661106ac5aa509ba94028a5acee136e1c400e8c8cd4ad3ee29d74,pool1ysnxzyr2ck49pxafgq52tt8wzdhpcsqw3jxdftf7u2whgtmry3k,Inactive,https://raw.githubusercontent.com/input-output-hk/spo-incentives/main/report-november-2025/scripts/inactive-pools.txt,2026-05-19T23:10:03+00:00
270a428180e29b12940c1608ae226383aacb9f82871203cae448e12b,pool1yu9y9qvqu2d399qvzcy2ugnrsw4vh8uzsufq8jhyfrsjk563jqc,Inactive,https://raw.githubusercontent.com/input-output-hk/spo-incentives/main/report-november-2025/scripts/inactive-pools.txt,2026-05-19T23:10:03+00:00
230ff0c1e3354c6085c1dbd99e9e8a73b9afa3c735e204c21e6ed2b0,pool1yv8lps0rx4xxppwpm0vea852wwu6lg78xh3qfss7dmftq2gqy3r,Inactive,https://raw.githubusercontent.com/input-output-hk/spo-incentives/main/report-november-2025/scripts/inactive-pools.txt,2026-05-19T23:10:03+00:00
231c32511b02fb45f11e44b691c63853aed924e75a496062dd341b84,pool1yvwry5gmqta5tug7gjmfr33c2whdjf88tfykqckaxsdcgcd482q,Inactive,https://raw.githubusercontent.com/input-output-hk/spo-incentives/main/report-november-2025/scripts/inactive-pools.txt,2026-05-19T23:10:03+00:00
239f484ea1297ca0ebf06b8a8aadcc719a9f28605a78c74dee0fa3a6,pool1yw05sn4p9972p6lsdw9g4twvwxdf72rqtfuvwn0wp736vh4azfn,Inactive,https://raw.githubusercontent.com/input-output-hk/spo-incentives/main/report-november-2025/scripts/inactive-pools.txt,2026-05-19T23:10:03+00:00
238e0bbe539ff59e6d025fbc9e7d3746c826f6251626d4309857929e,pool1yw8qh0jnnl6eumgzt77fulfhgmyzda39zcndgvyc27ffu6jeh5w,Inactive,https://raw.githubusercontent.com/input-output-hk/spo-incentives/main/report-november-2025/scripts/inactive-pools.txt,2026-05-19T23:10:03+00:00
2397e90130d990f207f6e576b6b97bafb430f942d26702eef9627dcf,pool1ywt7jqfsmxg0yplku4mtdwtm476rp72z6fns9mhevf7u72pkupj,Inactive,https://raw.githubusercontent.com/input-output-hk/spo-incentives/main/report-november-2025/scripts/inactive-pools.txt,2026-05-19T23:10:03+00:00
211b3efbd6548e40552e79daa7a85ad55114b3ac4b01245115f9b6e1,pool1yydna77k2j8yq4fw08d202z664g3fvavfvqjg5g4lxmwzsa9k9u,Inactive,https://raw.githubusercontent.com/input-output-hk/spo-incentives/main/report-november-2025/scripts/inactive-pools.txt,2026-05-19T23:10:03+00:00
209b1ad731564c614a72caebfaeb42c266bcd073133247304b334dc4,pool1yzd344e32exxzjnjet4l466zcfnte5rnzveywvztxdxug2yu7m4,Inactive,https://raw.githubusercontent.com/input-output-hk/spo-incentives/main/report-november-2025/scripts/inactive-pools.txt,2026-05-19T23:10:03+00:00
20961cb03b49082567956dbfb424c743c0f66f3e085b09f5d80cdc68,pool1yztpevpmfyyz2eu4dklmgfx8g0q0vme7ppdsnawcpnwxs3vfxy7,Inactive,https://raw.githubusercontent.com/input-output-hk/spo-incentives/main/report-november-2025/scripts/inactive-pools.txt,2026-05-19T23:10:03+00:00
20b95f87c93f3be9e5094c8fbdb924f9ab8b5e1c7bfb542d3a8bc7fc,pool1yzu4lp7f8ua7negffj8mmwfylx4ckhsu00a4gtf630rlcwnl7gd,Inactive,https://raw.githubusercontent.com/input-output-hk/spo-incentives/main/report-november-2025/scripts/inactive-pools.txt,2026-05-19T23:10:03+00:00
13e3102cc284fd82f4554884713f2e99262c700a6929566969200546,pool1z033qtxzsn7c9az4fzz8z0ewnynzcuq2dy54v6tfyqz5vfjkmv0,Inactive,https://raw.githubusercontent.com/input-output-hk/spo-incentives/main/report-november-2025/scripts/inactive-pools.txt,2026-05-19T23:10:03+00:00
13fd426e816f0b8de402ec2012f851d617667188f070690bfc232820,pool1z075ym5pdu9cmeqzassp97z36ctkvuvg7pcxjzluyv5zqgau4xg,Inactive,https://raw.githubusercontent.com/input-output-hk/spo-incentives/main/report-november-2025/scripts/inactive-pools.txt,2026-05-19T23:10:03+00:00
12b5c6db2202c6439978eab8549dfe0ad2ffff0cf3c731c64a8d3c80,pool1z26udkezqtry8xtca2u9f807ptf0llcv70rnr3j2357gqgrs79f,Inactive,https://raw.githubusercontent.com/input-output-hk/spo-incentives/main/report-november-2025/scripts/inactive-pools.txt,2026-05-19T23:10:03+00:00
156a99305ef756243b0edb97f87a164227817cc7cc5e1e2013d711d9,pool1z44fjvz77atzgwcwmwtls7skggnczlx8e30pugqn6ugajjrzgc3,Inactive,https://raw.githubusercontent.com/input-output-hk/spo-incentives/main/report-november-2025/scripts/inactive-pools.txt,2026-05-19T23:10:03+00:00
155b581cf1e7fd7d3203da0b08af556a54cc19eab9d605ecf0050807,pool1z4d4s883ul7h6vsrmg9s3t64df2vcx02h8tqtm8sq5yqw62pu44,Inactive,https://raw.githubusercontent.com/input-output-hk/spo-incentives/main/report-november-2025/scripts/inactive-pools.txt,2026-05-19T23:10:03+00:00
150a428adab3082f952cf65860cc643c2da26cdcce5ffc6ace50ecc1,pool1z59y9zk6kvyzl9fv7evxpnry8sk6ymxuee0lc6kw2rkvzh6f077,Inactive,https://raw.githubusercontent.com/input-output-hk/spo-incentives/main/report-november-2025/scripts/inactive-pools.txt,2026-05-19T23:10:03+00:00
152f595f7700daa9b4779c5deb0cf36600ee4db0a46e38698110ce75,pool1z5h4jhmhqrd2ndrhn3w7kr8nvcqwunds53hrs6vpzr882x4n3la,Inactive,https://raw.githubusercontent.com/input-output-hk/spo-incentives/main/report-november-2025/scripts/inactive-pools.txt,2026-05-19T23:10:03+00:00
161a159ab00f4260730f1873c8c798c44cf3a0ae3437b78317021ed4,pool1zcdptx4spapxquc0rpeu33ucc3x08g9wxsmm0qchqg0dgxrh6g7,Inactive,https://raw.githubusercontent.com/input-output-hk/spo-incentives/main/report-november-2025/scripts/inactive-pools.txt,2026-05-19T23:10:03+00:00
161ae9d04faa1dedbe7e009c62a0133f4bf8b938666588b86d32797c,pool1zcdwn5z04gw7m0n7qzwx9gqn8a9l3wfcvejc3wrdxfuhc88usua,Inactive,https://raw.githubusercontent.com/input-output-hk/spo-incentives/main/report-november-2025/scripts/inactive-pools.txt,2026-05-19T23:10:03+00:00
13692db59746012ea8fd59def5ff3407d7cc63342f8a68c90d63d050,pool1zd5jmdvhgcqja28at800tle5qltucce5979x3jgdv0g9qcmw268,Inactive,https://raw.githubusercontent.com/input-output-hk/spo-incentives/main/report-november-2025/scripts/inactive-pools.txt,2026-05-19T23:10:03+00:00
137ca3be34e46afd6529d16e5e9d123ad0557819d28ce622bfca2ee6,pool1zd728035u3406eff69h9a8gj8tg927qe62xwvg4leghwvs5hhmv,Inactive,https://raw.githubusercontent.com/input-output-hk/spo-incentives/main/report-november-2025/scripts/inactive-pools.txt,2026-05-19T23:10:03+00:00
1366aa228c503f89e468bb25a7b64910b262835d24071db4028f8de0,pool1zdn25g5v2qlcnerghvj60djfzzex9q6aysr3mdqz37x7qryesjj,Inactive,https://raw.githubusercontent.com/input-output-hk/spo-incentives/main/report-november-2025/scripts/inactive-pools.txt,2026-05-19T23:10:03+00:00
1669e0e5fa49d508b0fc448061cc94d425a8b20ad437401fc5eded60,pool1ze57pe06f82s3v8ugjqxrny56sj63vs26sm5q879ahkkq69zn0c,Inactive,https://raw.githubusercontent.com/input-output-hk/spo-incentives/main/report-november-2025/scripts/inactive-pools.txt,2026-05-19T23:10:03+00:00
1658b71ff06e8d7ad18ada5d1e928302d045d1bbf79bd47c0e94c289,pool1zevtw8lsd6xh45v2mfw3ay5rqtgyt5dm77daglqwjnpgjgc0ynp,Inactive,https://raw.githubusercontent.com/input-output-hk/spo-incentives/main/report-november-2025/scripts/inactive-pools.txt,2026-05-19T23:10:03+00:00
127dd83acca7fefcc8a9c22b49275802d59cf9738fd4e0684433e8bf,pool1zf7aswkv5ll0ej9fcg45jf6cqt2ee7tn3l2wq6zyx05t7a5srus,Inactive,https://raw.githubusercontent.com/input-output-hk/spo-incentives/main/report-november-2025/scripts/inactive-pools.txt,2026-05-19T23:10:03+00:00
14a43f036fd11ce735f1487157f155e1971b0f9980f569876d14a399,pool1zjjr7qm06ywwwd03fpc40u24uxt3kruesr6knpmdzj3ejxytjf0,Inactive,https://raw.githubusercontent.com/input-output-hk/spo-incentives/main/report-november-2025/scripts/inactive-pools.txt,2026-05-19T23:10:03+00:00
17e03c33550085dbb6c429471cab6f73747e75916f93499b28efef2d,pool1zlsrcv64qzzahdky99r3e2m0wd68uav3d7f5nxegalhj66r8nnj,Inactive,https://raw.githubusercontent.com/input-output-hk/spo-incentives/main/report-november-2025/scripts/inactive-pools.txt,2026-05-19T23:10:03+00:00
16e930306d76e1fb68ea69419db4a999eeb42866f8466972efee69fd,pool1zm5nqvrdwmslk682d9qemd9fn8htg2rxlprxjuh0ae5l6sqzz3h,Inactive,https://raw.githubusercontent.com/input-output-hk/spo-incentives/main/report-november-2025/scripts/inactive-pools.txt,2026-05-19T23:10:03+00:00
16e541d82cbb6d386243473f5c19d535fa04dd3890185b253bbb5e26,pool1zmj5rkpvhdknscjrgul4cxw4xhaqfhfcjqv9kffmhd0zvdx6rvd,Inactive,https://raw.githubusercontent.com/input-output-hk/spo-incentives/main/report-november-2025/scripts/inactive-pools.txt,2026-05-19T23:10:03+00:00
14c3e145e04b50ec3b3fadd60dbba14ed577d37f8a96b59c53cb1625,pool1znp7z30qfdgwcwel4htqmwapfm2h05ml32ttt8znevtz2vwnqwt,Inactive,https://raw.githubusercontent.com/input-output-hk/spo-incentives/main/report-november-2025/scripts/inactive-pools.txt,2026-05-19T23:10:03+00:00
106c0fe03ca20967c2992ab512527e60b7640d61c75fca9826ecdea7,pool1zpkqlcpu5gyk0s5e9263y5n7vzmkgrtpca0u4xpxan02w8ld0nr,Inactive,https://raw.githubusercontent.com/input-output-hk/spo-incentives/main/report-november-2025/scripts/inactive-pools.txt,2026-05-19T23:10:03+00:00
103023896563fc4449fa10d47fbb67a414f4e9ca0370dfae446bddcb,pool1zqcz8zt9v07ygj06zr28lwm85s20f6w2qdcdltjyd0wuklydqnd,Inactive,https://raw.githubusercontent.com/input-output-hk/spo-incentives/main/report-november-2025/scripts/inactive-pools.txt,2026-05-19T23:10:03+00:00
14124c77cc9a563891c2bb80ff3af2cb0b3ef152d5360d5b379858cc,pool1zsfyca7vnftr3ywzhwq07whjev9nau2j65mq6kehnpvvccstlzz,Inactive,https://raw.githubusercontent.com/input-output-hk/spo-incentives/main/report-november-2025/scripts/inactive-pools.txt,2026-05-19T23:10:03+00:00
142567448fb12f8ceb30475711c599c14451bb8df17e163dfc3d755d,pool1zsjkw3y0kyhce6esgat3r3vec9z9rwud79lpv00u84646pu7rvf,Inactive,https://raw.githubusercontent.com/input-output-hk/spo-incentives/main/report-november-2025/scripts/inactive-pools.txt,2026-05-19T23:10:03+00:00
1416ab45d3dac1a2b002dbcfa0177e679b38a030e15283114cec32ed,pool1zst2k3wnmtq69vqzm086q9m7v7dn3gpsu9fgxy2vasew6l8nlt0,Inactive,https://raw.githubusercontent.com/input-output-hk/spo-incentives/main/report-november-2025/scripts/inactive-pools.txt,2026-05-19T23:10:03+00:00
12c518f9e87360a67af21217384629f59cf005e291a35cc1116b3f82,pool1ztz3370gwds2v7hjzgtns33f7kw0qp0zjx34esg3dvlcycnnte5,Inactive,https://raw.githubusercontent.com/input-output-hk/spo-incentives/main/report-november-2025/scripts/inactive-pools.txt,2026-05-19T23:10:03+00:00
139896417197dbd1de3044a6ff622cb508e3c85a0976532c94c76c80,pool1zwvfvst3jldarh3sgjn07c3vk5yw8jz6p9m9xty5cakgqed6c9t,Inactive,https://raw.githubusercontent.com/input-output-hk/spo-incentives/main/report-november-2025/scripts/inactive-pools.txt,2026-05-19T23:10:03+00:00
119ffddda4d8951cf9eac7c44239aea2953beb5907619e932787331c,pool1zx0lmhdymz23e702clzyywdw522nh66eqaseaye8sue3cyfzkar,Inactive,https://raw.githubusercontent.com/input-output-hk/spo-incentives/main/report-november-2025/scripts/inactive-pools.txt,2026-05-19T23:10:03+00:00
119458f6320cae587e748f2ffc46b8c4c21fea02ca9431e36b7d7331,pool1zx293a3jpjh9sln53uhlc34ccnppl6sze22rrcmt04enzapl935,Inactive,https://raw.githubusercontent.com/input-output-hk/spo-incentives/main/report-november-2025/scripts/inactive-pools.txt,2026-05-19T23:10:03+00:00
11adfe44fee00220af204daa7ccedc7124c03c1d7614e60da4dd2af1,pool1zxklu387uqpzpteqfk48enkuwyjvq0qawc2wvrdym540zk0yqps,Inactive,https://raw.githubusercontent.com/input-output-hk/spo-incentives/main/report-november-2025/scripts/inactive-pools.txt,2026-05-19T23:10:03+00:00
111fb41d77dd7bcae01d15102af6e5dc3472d72a602df2f75f570156,pool1zy0mg8thm4au4cqaz5gz4ah9ms6894e2vqkl9a6l2uq4vas3yam,Inactive,https://raw.githubusercontent.com/input-output-hk/spo-incentives/main/report-november-2025/scripts/inactive-pools.txt,2026-05-19T23:10:03+00:00
111a64a3e2e319a8642b138494121fc365022f3df8369fa57eb629e9,pool1zydxfglzuvv6septzwzfgyslcdjsytealqmflft7kc57j9tqcvz,Inactive,https://raw.githubusercontent.com/input-output-hk/spo-incentives/main/report-november-2025/scripts/inactive-pools.txt,2026-05-19T23:10:03+00:00
