pool_hash,operator_group,source,generated_at
pool100wj94uzf54vup2hdzk0afng4dhjaqggt7j434mtgm8v2gfvfgp,pool100wj94uzf54vup2hdzk0afng4dhjaqggt7j434mtgm8v2gfvfgp,https://www.balanceanalytics.io/api/groupdata.json,2026-05-18T17:17:32+00:00
pool102s2nqtea2hf5q0s4amj0evysmfnhrn4apyyhd4azcmsclzm96m,pool102s2nqtea2hf5q0s4amj0evysmfnhrn4apyyhd4azcmsclzm96m,https://www.balanceanalytics.io/api/groupdata.json,2026-05-18T17:17:32+00:00
pool102vsulhfx8ua2j9fwl2u7gv57fhhutc3tp6juzaefgrn7ae35wm,BINANCE,https://www.balanceanalytics.io/api/groupdata.json,2026-05-18T17:17:32+00:00
pool1030as3pp5684ghgf4kzcpv4p2jnmkmme7j363t95690zwxp7wa0,pool1030as3pp5684ghgf4kzcpv4p2jnmkmme7j363t95690zwxp7wa0,https://www.balanceanalytics.io/api/groupdata.json,2026-05-18T17:17:32+00:00
pool1030vz0wxheg0dvarr8hmeavelpszmp52qucs68c7wc9uga6n6e4,pool1030vz0wxheg0dvarr8hmeavelpszmp52qucs68c7wc9uga6n6e4,https://www.balanceanalytics.io/api/groupdata.json,2026-05-18T17:17:32+00:00
pool103455uc7a3477q8pdmzvny884qtlv9vhm2csxvqx2cadwuk36sq,EDEN,https://www.balanceanalytics.io/api/groupdata.json,2026-05-18T17:17:32+00:00
pool1043kkcc2uwmdf76wg6jy80tkgwztzprep2rakyypmwc4637c2xe,BINANCE,https://www.balanceanalytics.io/api/groupdata.json,2026-05-18T17:17:32+00:00
pool1046enzdm6k4897m6zfgsph7sq9xs3ardvnlh5t80puz77vq6355,pool1046enzdm6k4897m6zfgsph7sq9xs3ardvnlh5t80puz77vq6355,https://www.balanceanalytics.io/api/groupdata.json,2026-05-18T17:17:32+00:00
pool104avq7309gjm0fxms69yqusxy8zf888k4mamngg5vnc6vculpzq,ADALITE,https://www.balanceanalytics.io/api/groupdata.json,2026-05-18T17:17:32+00:00
pool104gtn3hvp9lz5l6wevhjj98e45s7rfaa4zzvk9pex7nn786qncr,PILOT,https://www.balanceanalytics.io/api/groupdata.json,2026-05-18T17:17:32+00:00
pool104hlwrk98e6h07e05ywee3thn379ddmmfveje8d6cuvp54zcah6,pool104hlwrk98e6h07e05ywee3thn379ddmmfveje8d6cuvp54zcah6,https://www.balanceanalytics.io/api/groupdata.json,2026-05-18T17:17:32+00:00
pool104re5tajgh4mpp7c744khap56lf609cfjlna5ysjkum8qn8fel9,pool104re5tajgh4mpp7c744khap56lf609cfjlna5ysjkum8qn8fel9,https://www.balanceanalytics.io/api/groupdata.json,2026-05-18T17:17:32+00:00
pool104v7kzpq86r0wnfsz8r7jeld2raap92qq84trjcqk62zyh9akqt,pool104v7kzpq86r0wnfsz8r7jeld2raap92qq84trjcqk62zyh9akqt,https://www.balanceanalytics.io/api/groupdata.json,2026-05-18T17:17:32+00:00
pool104ylwjrxvrp87r7769d6g6agu0ydxsn6hgmqjdsrf47e6j2ek46,pool104ylwjrxvrp87r7769d6g6agu0ydxsn6hgmqjdsrf47e6j2ek46,https://www.balanceanalytics.io/api/groupdata.json,2026-05-18T17:17:32+00:00
pool104z3yr7faqhck6wcsczhmqrrpdeparcr8juw8unxy8tm6xp447d,COINBASE,https://www.balanceanalytics.io/api/groupdata.json,2026-05-18T17:17:32+00:00
pool1057u7q40d3azwak890qe9rt3yh554udtqjgj8nkuk0d5unenspe,ETORO,https://www.balanceanalytics.io/api/groupdata.json,2026-05-18T17:17:32+00:00
pool106jtt06k5wjpqc5r5fkz06pgwhwaljzs624mnfua8fkhq0fl9am,BINANCE,https://www.balanceanalytics.io/api/groupdata.json,2026-05-18T17:17:32+00:00
pool106l8sgu50wpw3nmqkmhlgzl5cctw428ruem2rpwjklg46nprex0,pool106l8sgu50wpw3nmqkmhlgzl5cctw428ruem2rpwjklg46nprex0,https://www.balanceanalytics.io/api/groupdata.json,2026-05-18T17:17:32+00:00
pool106p2jjwuwagq2as7cdzx4y6cyc2pdj7a3h3vv5cvkvnskegff3w,VOLT,https://www.balanceanalytics.io/api/groupdata.json,2026-05-18T17:17:32+00:00
pool106yq7rtu6zqxw3uuq5j3gu03qv5rw8xjwqy6tt5x4wc2w32yx3n,pool106yq7rtu6zqxw3uuq5j3gu03qv5rw8xjwqy6tt5x4wc2w32yx3n,https://www.balanceanalytics.io/api/groupdata.json,2026-05-18T17:17:32+00:00
pool1072lq3k32sfxs96s9qhrx3s9la2t68vrqwfsp7h9qnwk56yr2mv,SPIRE,https://www.balanceanalytics.io/api/groupdata.json,2026-05-18T17:17:32+00:00
pool107attaqquuq5ne2ch0hx0qcnlkzzr2683s4gml4ywnqvgj6pak9,CCJ,https://www.balanceanalytics.io/api/groupdata.json,2026-05-18T17:17:32+00:00
pool107qfdeg9wlpt9yntg7650kzval6ahl696jr2ca20763ukzr0tzw,pool107qfdeg9wlpt9yntg7650kzval6ahl696jr2ca20763ukzr0tzw,https://www.balanceanalytics.io/api/groupdata.json,2026-05-18T17:17:32+00:00
pool107rsdzswa5s3y8wk5z62tgh5lhm790dsyqjp4lq66fht7qnaq9d,QUARASHI,https://www.balanceanalytics.io/api/groupdata.json,2026-05-18T17:17:32+00:00
pool1085up093vl7qgwnqsuset7kdt3yflscdp6h8eeakuhyzwlhmq68,pool1085up093vl7qgwnqsuset7kdt3yflscdp6h8eeakuhyzwlhmq68,https://www.balanceanalytics.io/api/groupdata.json,2026-05-18T17:17:32+00:00
pool108zdflss3ayqlm5c7vr6mtqj2uwl99vk28ur8dv4zswdzt6yauc,AZUR,https://www.balanceanalytics.io/api/groupdata.json,2026-05-18T17:17:32+00:00
pool1093vnx44gkv2fgl0twx4d9e8t5sdgrqztkgf9lue3h0tqr9etu9,pool1093vnx44gkv2fgl0twx4d9e8t5sdgrqztkgf9lue3h0tqr9etu9,https://www.balanceanalytics.io/api/groupdata.json,2026-05-18T17:17:32+00:00
pool1095d0cr8yp0selmnrst5hnuf8jcl6vlkxlr2j6kq4x6qs4yxuwt,COINBASE,https://www.balanceanalytics.io/api/groupdata.json,2026-05-18T17:17:32+00:00
pool109k0t72eh8txza4ptnagnfyqkjnmfe60afmtm4dvj9lz7dy78lh,pool109k0t72eh8txza4ptnagnfyqkjnmfe60afmtm4dvj9lz7dy78lh,https://www.balanceanalytics.io/api/groupdata.json,2026-05-18T17:17:32+00:00
pool10a92ufl803mysgtuu2jcf7yqp9xdczsdj5zlxdjaxzr778wtfz4,pool10a92ufl803mysgtuu2jcf7yqp9xdczsdj5zlxdjaxzr778wtfz4,https://www.balanceanalytics.io/api/groupdata.json,2026-05-18T17:17:32+00:00
pool10c9l3k0z50ytt4krkfet7w3gwpv9d9nq47kk9ecy2c5f2uyvkgk,pool10c9l3k0z50ytt4krkfet7w3gwpv9d9nq47kk9ecy2c5f2uyvkgk,https://www.balanceanalytics.io/api/groupdata.json,2026-05-18T17:17:32+00:00
pool10cpz0zepq23hm6lrk8vgnsdwl772lasq9caaemvw9kh9ktxqygk,pool10cpz0zepq23hm6lrk8vgnsdwl772lasq9caaemvw9kh9ktxqygk,https://www.balanceanalytics.io/api/groupdata.json,2026-05-18T17:17:32+00:00
pool10cqp98vsdtam5p4xkfuleahy99vcdggsfdl4cszxcefmcheexma,BINANCE,https://www.balanceanalytics.io/api/groupdata.json,2026-05-18T17:17:32+00:00
pool10d303wup90j39mmvysf0lhr2xmr3mf38y5vs577nmlq6yy8n666,pool10d303wup90j39mmvysf0lhr2xmr3mf38y5vs577nmlq6yy8n666,https://www.balanceanalytics.io/api/groupdata.json,2026-05-18T17:17:32+00:00
pool10d6mmw3mn9ku3r7uqqye672dz3sv76lh5kvh5rdpr9l5ug5yknr,ADALITE,https://www.balanceanalytics.io/api/groupdata.json,2026-05-18T17:17:32+00:00
pool10ddqa29qqfvtwr27qfpzauhunqhng8zcu7kc888q6y9k5xhqm8z,pool10ddqa29qqfvtwr27qfpzauhunqhng8zcu7kc888q6y9k5xhqm8z,https://www.balanceanalytics.io/api/groupdata.json,2026-05-18T17:17:32+00:00
pool10dzswwk8ycrxfv04nv44fjpqdx4j5euj406df0xsq7xyy0r0ta5,pool10dzswwk8ycrxfv04nv44fjpqdx4j5euj406df0xsq7xyy0r0ta5,https://www.balanceanalytics.io/api/groupdata.json,2026-05-18T17:17:32+00:00
pool10efuydxjnasr0309lqklmj9xahupdnzqd59r5dqjeh4twz06tr0,4ADA,https://www.balanceanalytics.io/api/groupdata.json,2026-05-18T17:17:32+00:00
pool10eltx2wej46e62ulmwzm35xfu0azu47yvpjper7gwhncqe74vg6,pool10eltx2wej46e62ulmwzm35xfu0azu47yvpjper7gwhncqe74vg6,https://www.balanceanalytics.io/api/groupdata.json,2026-05-18T17:17:32+00:00
pool10emzedn7jczjrk7x7687mzwpqs2qfk8dnmyuf3ca7ju8cx79z57,pool10emzedn7jczjrk7x7687mzwpqs2qfk8dnmyuf3ca7ju8cx79z57,https://www.balanceanalytics.io/api/groupdata.json,2026-05-18T17:17:32+00:00
pool10ez5uusmzx7ep6pee6hmqr79z5ee0lhgzdelzgptexh9xq3ar4e,pool10ez5uusmzx7ep6pee6hmqr79z5ee0lhgzdelzgptexh9xq3ar4e,https://www.balanceanalytics.io/api/groupdata.json,2026-05-18T17:17:32+00:00
pool10f5k6djk7m95dls80f5n2temjlkacsqd47758z2xal8g79kg9ct,pool10f5k6djk7m95dls80f5n2temjlkacsqd47758z2xal8g79kg9ct,https://www.balanceanalytics.io/api/groupdata.json,2026-05-18T17:17:32+00:00
pool10fsg5ykzcjuzq5fzm9vj6d3yd0jjqgg6qnza6u8wtq0677vam2t,pool10fsg5ykzcjuzq5fzm9vj6d3yd0jjqgg6qnza6u8wtq0677vam2t,https://www.balanceanalytics.io/api/groupdata.json,2026-05-18T17:17:32+00:00
pool10fxpa6wkv0wc6wcmahcnz4wvvfx9m7547sevxrge3nfuv7yh8m0,pool10fxpa6wkv0wc6wcmahcnz4wvvfx9m7547sevxrge3nfuv7yh8m0,https://www.balanceanalytics.io/api/groupdata.json,2026-05-18T17:17:32+00:00
pool10gllgflzl3ngg0fj2xas9hfww25zxn2fdwtc0gd44am92pdlr7p,pool10gllgflzl3ngg0fj2xas9hfww25zxn2fdwtc0gd44am92pdlr7p,https://www.balanceanalytics.io/api/groupdata.json,2026-05-18T17:17:32+00:00
pool10gtnlhevam52ynwuzua7dqgv7vje4q87q25dzzfrjgw3wwjk2xw,pool10gtnlhevam52ynwuzua7dqgv7vje4q87q25dzzfrjgw3wwjk2xw,https://www.balanceanalytics.io/api/groupdata.json,2026-05-18T17:17:32+00:00
pool10h9j9hazmtszyfyty7e6vj3usr6v0jdzvraqcxxs27rtqp7hsgc,pool10h9j9hazmtszyfyty7e6vj3usr6v0jdzvraqcxxs27rtqp7hsgc,https://www.balanceanalytics.io/api/groupdata.json,2026-05-18T17:17:32+00:00
pool10hex9l4wjgqarvhr94xgyh9frv5lhtajhrj4dah0kl65jtws30k,CSN,https://www.balanceanalytics.io/api/groupdata.json,2026-05-18T17:17:32+00:00
pool10hua8csg69l59hv4v48fpzcap726l48g77kckdg27zm5v349p69,pool10hua8csg69l59hv4v48fpzcap726l48g77kckdg27zm5v349p69,https://www.balanceanalytics.io/api/groupdata.json,2026-05-18T17:17:32+00:00
pool10hz2at4lstff7n8ej4a02jf4fyy4h6glp9y6328kg6ctsn83fes,pool10hz2at4lstff7n8ej4a02jf4fyy4h6glp9y6328kg6ctsn83fes,https://www.balanceanalytics.io/api/groupdata.json,2026-05-18T17:17:32+00:00
pool10j6jhz443lkurcwnt96wawxumcgc6pzpqsamqph8rcyxsu5rnta,pool10j6jhz443lkurcwnt96wawxumcgc6pzpqsamqph8rcyxsu5rnta,https://www.balanceanalytics.io/api/groupdata.json,2026-05-18T17:17:32+00:00
pool10jd7mphm0mmrnfvyytzs3tfrmjmtkvalfx8nql7tae06v0rkjk3,pool10jd7mphm0mmrnfvyytzs3tfrmjmtkvalfx8nql7tae06v0rkjk3,https://www.balanceanalytics.io/api/groupdata.json,2026-05-18T17:17:32+00:00
pool10jn0wjlh9y3w2ygq84u2llvlnxfz3lc4g0ssqlmpp3w3y2d2lw5,pool10jn0wjlh9y3w2ygq84u2llvlnxfz3lc4g0ssqlmpp3w3y2d2lw5,https://www.balanceanalytics.io/api/groupdata.json,2026-05-18T17:17:32+00:00
pool10jqlkjfn2rtlc6hp95p8k4h04h3dfmdcgnga6umwp2rpukpg20l,pool10jqlkjfn2rtlc6hp95p8k4h04h3dfmdcgnga6umwp2rpukpg20l,https://www.balanceanalytics.io/api/groupdata.json,2026-05-18T17:17:32+00:00
pool10kjjh9zfs77vzxpp4qpdxwvnh3x8zdf8qcv7pckvdhw02fu6unz,pool10kjjh9zfs77vzxpp4qpdxwvnh3x8zdf8qcv7pckvdhw02fu6unz,https://www.balanceanalytics.io/api/groupdata.json,2026-05-18T17:17:32+00:00
pool10kya8ug3wr6cwnzm0qdcppjtuwfwmnvusu2uenscz4dg7pl07qv,WAVE,https://www.balanceanalytics.io/api/groupdata.json,2026-05-18T17:17:32+00:00
pool10kz2qk2d5zxl4c5u3pv5n0uwrvz7h804tza9r03w4tgggl7faqa,pool10kz2qk2d5zxl4c5u3pv5n0uwrvz7h804tza9r03w4tgggl7faqa,https://www.balanceanalytics.io/api/groupdata.json,2026-05-18T17:17:32+00:00
pool10l55ku75rrntva736tk2fxu4fkkym9s98gsujlfek8pw54x28tt,pool10l55ku75rrntva736tk2fxu4fkkym9s98gsujlfek8pw54x28tt,https://www.balanceanalytics.io/api/groupdata.json,2026-05-18T17:17:32+00:00
pool10ldeq0mccp8t4gfmvfkwmfcvh2pvz44hj2hmewfpk9udjxug58y,pool10ldeq0mccp8t4gfmvfkwmfcvh2pvz44hj2hmewfpk9udjxug58y,https://www.balanceanalytics.io/api/groupdata.json,2026-05-18T17:17:32+00:00
pool10le7rwlfg3t9646gm09jp05qg5kqvq3gvut4q2yaeu2ujncnh7w,pool10le7rwlfg3t9646gm09jp05qg5kqvq3gvut4q2yaeu2ujncnh7w,https://www.balanceanalytics.io/api/groupdata.json,2026-05-18T17:17:32+00:00
pool10ljdn3zwsh7vjkxf6t250423l5qy487x83st7m8a53jxznrkw5g,pool10ljdn3zwsh7vjkxf6t250423l5qy487x83st7m8a53jxznrkw5g,https://www.balanceanalytics.io/api/groupdata.json,2026-05-18T17:17:32+00:00
pool10lkxgdrsupu4gvn0kq07dvjc9rgdaxlcnx0y45kcjga9c0c766u,pool10lkxgdrsupu4gvn0kq07dvjc9rgdaxlcnx0y45kcjga9c0c766u,https://www.balanceanalytics.io/api/groupdata.json,2026-05-18T17:17:32+00:00
pool10mf43thtl3keag50mrlvqa78xkwg7harmu4w5yzr3k7jvw0ap43,pool10mf43thtl3keag50mrlvqa78xkwg7harmu4w5yzr3k7jvw0ap43,https://www.balanceanalytics.io/api/groupdata.json,2026-05-18T17:17:32+00:00
pool10mucfueg7nwruvagk0fnjcftcqktjvt6262xtsva46q5zg4utmg,pool10mucfueg7nwruvagk0fnjcftcqktjvt6262xtsva46q5zg4utmg,https://www.balanceanalytics.io/api/groupdata.json,2026-05-18T17:17:32+00:00
pool10n23qyec2zcetv0e3x7fdjydscsrlet5sph2hgtfc7x5ze56jqn,pool10n23qyec2zcetv0e3x7fdjydscsrlet5sph2hgtfc7x5ze56jqn,https://www.balanceanalytics.io/api/groupdata.json,2026-05-18T17:17:32+00:00
pool10n5e9hupkx0fs39fmhzpusdhd25vh6twxyq2n5dncegpkumhuz5,pool10n5e9hupkx0fs39fmhzpusdhd25vh6twxyq2n5dncegpkumhuz5,https://www.balanceanalytics.io/api/groupdata.json,2026-05-18T17:17:32+00:00
pool10nug2zc80t6tz64awqr0362kfsh6yvje6xz2a6appzhzwe25nc5,pool10nug2zc80t6tz64awqr0362kfsh6yvje6xz2a6appzhzwe25nc5,https://www.balanceanalytics.io/api/groupdata.json,2026-05-18T17:17:32+00:00
pool10nwac5phcc4vkjvux5mw6gvdzlxurkd944e5yx9yyfa8sqs35t7,pool10nwac5phcc4vkjvux5mw6gvdzlxurkd944e5yx9yyfa8sqs35t7,https://www.balanceanalytics.io/api/groupdata.json,2026-05-18T17:17:32+00:00
pool10p2l20g94yknymzgp4tkvye9vwz99kvxf46m78ezpfzjzvr82zz,pool10p2l20g94yknymzgp4tkvye9vwz99kvxf46m78ezpfzjzvr82zz,https://www.balanceanalytics.io/api/groupdata.json,2026-05-18T17:17:32+00:00
pool10p3g22454ly7eaurlur5wc9d9ual2fnfwy7a6e7k09z3yf929k9,pool10p3g22454ly7eaurlur5wc9d9ual2fnfwy7a6e7k09z3yf929k9,https://www.balanceanalytics.io/api/groupdata.json,2026-05-18T17:17:32+00:00
pool10p6wd9k0fwk2zqkqnqr8efyr7gms627ujk9dxgk6majskhawr6r,pool10p6wd9k0fwk2zqkqnqr8efyr7gms627ujk9dxgk6majskhawr6r,https://www.balanceanalytics.io/api/groupdata.json,2026-05-18T17:17:32+00:00
pool10p7hdyghmkfuuxep4slslvjs2fk0hechqwadc2348e6g2x8hta6,pool10p7hdyghmkfuuxep4slslvjs2fk0hechqwadc2348e6g2x8hta6,https://www.balanceanalytics.io/api/groupdata.json,2026-05-18T17:17:32+00:00
pool10pd44d65586rldtdzuu88e7mn4sxjctvdksmt05nnqfzqu7g7hd,THC,https://www.balanceanalytics.io/api/groupdata.json,2026-05-18T17:17:32+00:00
pool10pktmr26fpvrt77j7m5mchqlt0mjmmfvt7ruvdewkcpasp0nzkl,IOG,https://www.balanceanalytics.io/api/groupdata.json,2026-05-18T17:17:32+00:00
pool10pmpya78vv23pngluf7hwpg9lerepmqdmdu47huf5vsskt56wzq,pool10pmpya78vv23pngluf7hwpg9lerepmqdmdu47huf5vsskt56wzq,https://www.balanceanalytics.io/api/groupdata.json,2026-05-18T17:17:32+00:00
pool10pvwz69qz468m79ysw8qjcav5z830sv4zmeprru2n4anyuxwj9l,BINANCE,https://www.balanceanalytics.io/api/groupdata.json,2026-05-18T17:17:32+00:00
pool10pxym4rs92lj853juzku38z58d9n59ra55qd2mnm820ljx4c6h9,pool10pxym4rs92lj853juzku38z58d9n59ra55qd2mnm820ljx4c6h9,https://www.balanceanalytics.io/api/groupdata.json,2026-05-18T17:17:32+00:00
pool10q2fhzwe4f5k2llny65z5z2fuhrpk3x56fdc0782djdq58p9uee,pool10q2fhzwe4f5k2llny65z5z2fuhrpk3x56fdc0782djdq58p9uee,https://www.balanceanalytics.io/api/groupdata.json,2026-05-18T17:17:32+00:00
pool10q33p4hx4wqum6thmglw7z5l2vaay4w6m5cdq8fnurw7vjdppcf,pool10q33p4hx4wqum6thmglw7z5l2vaay4w6m5cdq8fnurw7vjdppcf,https://www.balanceanalytics.io/api/groupdata.json,2026-05-18T17:17:32+00:00
pool10qmnswfc22zm0fscg80gkwqz65ujwjkqmctv8g9l9l58wqtelgg,pool10qmnswfc22zm0fscg80gkwqz65ujwjkqmctv8g9l9l58wqtelgg,https://www.balanceanalytics.io/api/groupdata.json,2026-05-18T17:17:32+00:00
pool10qrz84cvz95zg8saf43ruhs5ulczuuqm2d3jn6d8xkkkzgzfje7,pool10qrz84cvz95zg8saf43ruhs5ulczuuqm2d3jn6d8xkkkzgzfje7,https://www.balanceanalytics.io/api/groupdata.json,2026-05-18T17:17:32+00:00
pool10quq4wlghwrvmhdzc7geq22pyhzegccwj56ax2g8hx0cjfahufs,SPS,https://www.balanceanalytics.io/api/groupdata.json,2026-05-18T17:17:32+00:00
pool10qv6jzdvmkulfs2zcmxjkrz345wwrwsj8d0lhvqf6tgjxlc7q43,pool10qv6jzdvmkulfs2zcmxjkrz345wwrwsj8d0lhvqf6tgjxlc7q43,https://www.balanceanalytics.io/api/groupdata.json,2026-05-18T17:17:32+00:00
pool10rdglgh4pzvkf936p2m669qzarr9dusrhmmz9nultm3uvq4eh5k,ADALITE,https://www.balanceanalytics.io/api/groupdata.json,2026-05-18T17:17:32+00:00
pool10retvgthe4vymhaq8vr2734zladmeeuwy07rq8r5f690ydmz3vc,pool10retvgthe4vymhaq8vr2734zladmeeuwy07rq8r5f690ydmz3vc,https://www.balanceanalytics.io/api/groupdata.json,2026-05-18T17:17:32+00:00
pool10rs8ty9j52x2p6gxqtaexx0pzact29hvxsu8ce37hk3gwkpz345,pool10rs8ty9j52x2p6gxqtaexx0pzact29hvxsu8ce37hk3gwkpz345,https://www.balanceanalytics.io/api/groupdata.json,2026-05-18T17:17:32+00:00
pool10s8x49tu6wcne63rqv6gmnhwpcg4kg8r4s3ncv6q7uxx76jvlwg,pool10s8x49tu6wcne63rqv6gmnhwpcg4kg8r4s3ncv6q7uxx76jvlwg,https://www.balanceanalytics.io/api/groupdata.json,2026-05-18T17:17:32+00:00
pool10scv5quxduhrcc26wpurhk743dngspe8dc3zpkkam0svyx6ejx3,pool10scv5quxduhrcc26wpurhk743dngspe8dc3zpkkam0svyx6ejx3,https://www.balanceanalytics.io/api/groupdata.json,2026-05-18T17:17:32+00:00
pool10tcg3efecc706w98qs7j5jw84nxkcycseksp4mw64pjty26wr7f,pool10tcg3efecc706w98qs7j5jw84nxkcycseksp4mw64pjty26wr7f,https://www.balanceanalytics.io/api/groupdata.json,2026-05-18T17:17:32+00:00
pool10tqeu6d03p6rnalqlvdshmpsljxaq2c0ww6draq6xm8lgyl2a3p,pool10tqeu6d03p6rnalqlvdshmpsljxaq2c0ww6draq6xm8lgyl2a3p,https://www.balanceanalytics.io/api/groupdata.json,2026-05-18T17:17:32+00:00
pool10u90lv7ayyfdulnt004h2wg42yff22c8vjlnqjxv7pytypuaykv,pool10u90lv7ayyfdulnt004h2wg42yff22c8vjlnqjxv7pytypuaykv,https://www.balanceanalytics.io/api/groupdata.json,2026-05-18T17:17:32+00:00
pool10usr6ag036ujwhmm85km8w0skjn3fp3dwnktt8sje4lfvwhu40u,pool10usr6ag036ujwhmm85km8w0skjn3fp3dwnktt8sje4lfvwhu40u,https://www.balanceanalytics.io/api/groupdata.json,2026-05-18T17:17:32+00:00
pool10v6uh7yan2dg8utwpgurj6th3u3s3q3m2lcg8z9mxtncvx72dhc,pool10v6uh7yan2dg8utwpgurj6th3u3s3q3m2lcg8z9mxtncvx72dhc,https://www.balanceanalytics.io/api/groupdata.json,2026-05-18T17:17:32+00:00
pool10va4qwg48m3kg3km7n4wnk3n2xlaawyykhx38t77lsptsc27cz7,pool10va4qwg48m3kg3km7n4wnk3n2xlaawyykhx38t77lsptsc27cz7,https://www.balanceanalytics.io/api/groupdata.json,2026-05-18T17:17:32+00:00
pool10vgnav004xgw03qkqfy6864zq53lzjkcf0syeu4g3uj8xaytlm8,PIERTWO,https://www.balanceanalytics.io/api/groupdata.json,2026-05-18T17:17:32+00:00
pool10vhns8fup6pe9xvjxf4w6h5y66tckgvtjy9ayld6mcg8vv4crdk,pool10vhns8fup6pe9xvjxf4w6h5y66tckgvtjy9ayld6mcg8vv4crdk,https://www.balanceanalytics.io/api/groupdata.json,2026-05-18T17:17:32+00:00
pool10w8gmhnprfmhdlp6npjt8d3ts64ng4qxsu0mr33dhpxpzwn4rgt,pool10w8gmhnprfmhdlp6npjt8d3ts64ng4qxsu0mr33dhpxpzwn4rgt,https://www.balanceanalytics.io/api/groupdata.json,2026-05-18T17:17:32+00:00
pool10wcmpvjmmv7ph7cz2263f52yckvnnwu5kdppwqgu74s2qhe7l7m,pool10wcmpvjmmv7ph7cz2263f52yckvnnwu5kdppwqgu74s2qhe7l7m,https://www.balanceanalytics.io/api/groupdata.json,2026-05-18T17:17:32+00:00
pool10wfvyl284h0eyzjtwndh8kvu36lqvptusq4nxtv52pmazpyvfud,pool10wfvyl284h0eyzjtwndh8kvu36lqvptusq4nxtv52pmazpyvfud,https://www.balanceanalytics.io/api/groupdata.json,2026-05-18T17:17:32+00:00
pool10wkdt9egx9ukrehlkg85pa68q625556p6y2e7l3tuv4xsmzwf7y,pool10wkdt9egx9ukrehlkg85pa68q625556p6y2e7l3tuv4xsmzwf7y,https://www.balanceanalytics.io/api/groupdata.json,2026-05-18T17:17:32+00:00
pool10wugf8sxugp74y0dafvc83jmcg2z9v7u5yfs79zy67rxc5lqhd6,pool10wugf8sxugp74y0dafvc83jmcg2z9v7u5yfs79zy67rxc5lqhd6,https://www.balanceanalytics.io/api/groupdata.json,2026-05-18T17:17:32+00:00
pool10ww24pk8znf747x6d0wcueajegrjwzpv8x9a4aar4t05s7uzf76,pool10ww24pk8znf747x6d0wcueajegrjwzpv8x9a4aar4t05s7uzf76,https://www.balanceanalytics.io/api/groupdata.json,2026-05-18T17:17:32+00:00
pool10x7rsal3ldumkycuc7f7rslx3vc5axhz5jzwngfcg7hd6t2p7sc,BINANCE,https://www.balanceanalytics.io/api/groupdata.json,2026-05-18T17:17:32+00:00
pool10xk8jp4m2cztf69x9gvg3j33x5drkrz2hulsjes29wktcfcxdls,BINANCE,https://www.balanceanalytics.io/api/groupdata.json,2026-05-18T17:17:32+00:00
pool10xmmn972gyza7nj8q4cyy0vrpn6kqzmdz2ut7ynnc8d0ycxlvw3,pool10xmmn972gyza7nj8q4cyy0vrpn6kqzmdz2ut7ynnc8d0ycxlvw3,https://www.balanceanalytics.io/api/groupdata.json,2026-05-18T17:17:32+00:00
pool10y2jjrllhxhsmjvyznls8r7wyztjawz3gre3qqr938tvw5tg0vu,pool10y2jjrllhxhsmjvyznls8r7wyztjawz3gre3qqr938tvw5tg0vu,https://www.balanceanalytics.io/api/groupdata.json,2026-05-18T17:17:32+00:00
pool10ya6hxrssmyhl560gqyalhqxudkgfjdlc0e4krww6wweyaeajs8,NKR,https://www.balanceanalytics.io/api/groupdata.json,2026-05-18T17:17:32+00:00
pool10zyf32q3w3n9x940j6yqgkwuegzn77p94wcmpku6gvmrqw8a97d,XSP,https://www.balanceanalytics.io/api/groupdata.json,2026-05-18T17:17:32+00:00
pool120058hgkax8k3sq7dm3v2qken8hvf7l2ve6knkfgkh97wx5vgdc,pool120058hgkax8k3sq7dm3v2qken8hvf7l2ve6knkfgkh97wx5vgdc,https://www.balanceanalytics.io/api/groupdata.json,2026-05-18T17:17:32+00:00
pool120s8wucgh9dnshf3xkvffq30lcf4kta9uzf35s44eulezc8puwj,pool120s8wucgh9dnshf3xkvffq30lcf4kta9uzf35s44eulezc8puwj,https://www.balanceanalytics.io/api/groupdata.json,2026-05-18T17:17:32+00:00
pool1223lffkp6apdunf3prnfz5cra8fy2m2sdkazkls2wky3wdguw59,pool1223lffkp6apdunf3prnfz5cra8fy2m2sdkazkls2wky3wdguw59,https://www.balanceanalytics.io/api/groupdata.json,2026-05-18T17:17:32+00:00
pool122gfj3ynz5ch8cfkx0tt5dsfpnf36sujcvrvxzqjm28yym8vv8x,pool122gfj3ynz5ch8cfkx0tt5dsfpnf36sujcvrvxzqjm28yym8vv8x,https://www.balanceanalytics.io/api/groupdata.json,2026-05-18T17:17:32+00:00
pool122gklgk6gep3dm5grag0kavzzxcwk4kxxrqegfygghjpgch6pns,pool122gklgk6gep3dm5grag0kavzzxcwk4kxxrqegfygghjpgch6pns,https://www.balanceanalytics.io/api/groupdata.json,2026-05-18T17:17:32+00:00
pool122pmneflla304ptc7s5ws948u28zaek08k6hk3fmw8rgkzmgect,pool122pmneflla304ptc7s5ws948u28zaek08k6hk3fmw8rgkzmgect,https://www.balanceanalytics.io/api/groupdata.json,2026-05-18T17:17:32+00:00
pool1233gq8vt6nzytuw60sr9gy2jmehc88fpglrjrzsd8kys5gqelgg,pool1233gq8vt6nzytuw60sr9gy2jmehc88fpglrjrzsd8kys5gqelgg,https://www.balanceanalytics.io/api/groupdata.json,2026-05-18T17:17:32+00:00
pool123fz95jxlu2fgqteredsqxml553rt9lsu9ef352kagm7qlejem4,pool123fz95jxlu2fgqteredsqxml553rt9lsu9ef352kagm7qlejem4,https://www.balanceanalytics.io/api/groupdata.json,2026-05-18T17:17:32+00:00
pool123gn9my6u32zea8l3uk889rjj2qf2tfagcz67q4v4r9ccjjtge7,pool123gn9my6u32zea8l3uk889rjj2qf2tfagcz67q4v4r9ccjjtge7,https://www.balanceanalytics.io/api/groupdata.json,2026-05-18T17:17:32+00:00
pool123p5t5udn44hd9e7pml5d4h3cgsmlw4837sk8sgjz9dgjr4m5zj,pool123p5t5udn44hd9e7pml5d4h3cgsmlw4837sk8sgjz9dgjr4m5zj,https://www.balanceanalytics.io/api/groupdata.json,2026-05-18T17:17:32+00:00
pool124hy9qgc0nhqsve268kj5r53pvz7ppg295q6r2d0sjxswchljf0,BINANCE,https://www.balanceanalytics.io/api/groupdata.json,2026-05-18T17:17:32+00:00
pool124lm97s6f4satl7xz0ulzgg6tv30tskry3zcntwrz68n60v5yne,pool124lm97s6f4satl7xz0ulzgg6tv30tskry3zcntwrz68n60v5yne,https://www.balanceanalytics.io/api/groupdata.json,2026-05-18T17:17:32+00:00
pool1254w96veuh2unfwx3d3tq7lgha79xc7dce32n8rklgutsjmrthz,pool1254w96veuh2unfwx3d3tq7lgha79xc7dce32n8rklgutsjmrthz,https://www.balanceanalytics.io/api/groupdata.json,2026-05-18T17:17:32+00:00
pool1257katluv06rs2zhp4hgkw24fy0qhx7ru0v07435w3fcjskqp4s,pool1257katluv06rs2zhp4hgkw24fy0qhx7ru0v07435w3fcjskqp4s,https://www.balanceanalytics.io/api/groupdata.json,2026-05-18T17:17:32+00:00
pool12584mjtgz3fhgpx823qht56gycnfnezg6aqqthazv4qdxkd5c46,pool12584mjtgz3fhgpx823qht56gycnfnezg6aqqthazv4qdxkd5c46,https://www.balanceanalytics.io/api/groupdata.json,2026-05-18T17:17:32+00:00
pool1258yqnsegc3k7raqcdkxu4893aqexxljflmg9g96yfha2qytayv,1PCT,https://www.balanceanalytics.io/api/groupdata.json,2026-05-18T17:17:32+00:00
pool125kh7e0y9lwya4sz5etmsk7hvga9jtfpuhw00vz9zvk6sh8xh5r,pool125kh7e0y9lwya4sz5etmsk7hvga9jtfpuhw00vz9zvk6sh8xh5r,https://www.balanceanalytics.io/api/groupdata.json,2026-05-18T17:17:32+00:00
pool1263z8symvqmmsg876y2lzluv29am2v9fpzka9sf3nrhz7uwlzap,pool1263z8symvqmmsg876y2lzluv29am2v9fpzka9sf3nrhz7uwlzap,https://www.balanceanalytics.io/api/groupdata.json,2026-05-18T17:17:32+00:00
pool126f65lklaqw39jgx9wl8klqtx99evewxk0x5yc2jzzp5wfs8fde,pool126f65lklaqw39jgx9wl8klqtx99evewxk0x5yc2jzzp5wfs8fde,https://www.balanceanalytics.io/api/groupdata.json,2026-05-18T17:17:32+00:00
pool126kcx3ve6xedpdk8gm9gtgs5x2h77tuwe5hjjcrp2nshu2xv8l3,pool126kcx3ve6xedpdk8gm9gtgs5x2h77tuwe5hjjcrp2nshu2xv8l3,https://www.balanceanalytics.io/api/groupdata.json,2026-05-18T17:17:32+00:00
pool126mkma8nv5axltmz7mmg8qz9e70nmhnf58hwx5772fhwgkhk6ag,NAP,https://www.balanceanalytics.io/api/groupdata.json,2026-05-18T17:17:32+00:00
pool126r7el40r8k35lkzp2fn9luqezkkl3dva970kunk6ft2ycsmp2t,pool126r7el40r8k35lkzp2fn9luqezkkl3dva970kunk6ft2ycsmp2t,https://www.balanceanalytics.io/api/groupdata.json,2026-05-18T17:17:32+00:00
pool126ugnr0nxjxz72jrlzrqetqx0exn43t5w67u9vuq23xex4ym7dv,pool126ugnr0nxjxz72jrlzrqetqx0exn43t5w67u9vuq23xex4ym7dv,https://www.balanceanalytics.io/api/groupdata.json,2026-05-18T17:17:32+00:00
pool126ut5j5qz5wg09sjxrjugmjhqyslgam9cyj7a275y99l6n3gql0,pool126ut5j5qz5wg09sjxrjugmjhqyslgam9cyj7a275y99l6n3gql0,https://www.balanceanalytics.io/api/groupdata.json,2026-05-18T17:17:32+00:00
pool127cp6le6v4hs453tkwnjd6ua9fcmmh7y5zc44zx752yzklgcrcq,pool127cp6le6v4hs453tkwnjd6ua9fcmmh7y5zc44zx752yzklgcrcq,https://www.balanceanalytics.io/api/groupdata.json,2026-05-18T17:17:32+00:00
pool127gdv243hfcrapslaqq0nnh64u2gts72gtrt4888g6g2z0zsu64,pool127gdv243hfcrapslaqq0nnh64u2gts72gtrt4888g6g2z0zsu64,https://www.balanceanalytics.io/api/groupdata.json,2026-05-18T17:17:32+00:00
pool127jufnlxk4n6he84qjf8ppzmxs9sjnqlhulnuzsk0uc0whtl9sn,pool127jufnlxk4n6he84qjf8ppzmxs9sjnqlhulnuzsk0uc0whtl9sn,https://www.balanceanalytics.io/api/groupdata.json,2026-05-18T17:17:32+00:00
pool127xwsah7jllutuhen8vl7sve5278h7hhxtnys3cl438dyhuwgjg,pool127xwsah7jllutuhen8vl7sve5278h7hhxtnys3cl438dyhuwgjg,https://www.balanceanalytics.io/api/groupdata.json,2026-05-18T17:17:32+00:00
pool127xz8pls3lr6nct6w274ph2g4u83vqajgykf3l9ll772gvmju8z,pool127xz8pls3lr6nct6w274ph2g4u83vqajgykf3l9ll772gvmju8z,https://www.balanceanalytics.io/api/groupdata.json,2026-05-18T17:17:32+00:00
pool1286js4ysnwgyed07eqw6s6cwlzr6qm8sssc7m9e8363tc9mfc7g,pool1286js4ysnwgyed07eqw6s6cwlzr6qm8sssc7m9e8363tc9mfc7g,https://www.balanceanalytics.io/api/groupdata.json,2026-05-18T17:17:32+00:00
pool128r8qqgl9zgy3ff4759a2qslyauu5takaec3nxx4a6mvj3ys8da,pool128r8qqgl9zgy3ff4759a2qslyauu5takaec3nxx4a6mvj3ys8da,https://www.balanceanalytics.io/api/groupdata.json,2026-05-18T17:17:32+00:00
pool128sj7hpet8874ycvxml85wlv9eyd8pehjhnj3clcvhrr5g5s9qj,pool128sj7hpet8874ycvxml85wlv9eyd8pehjhnj3clcvhrr5g5s9qj,https://www.balanceanalytics.io/api/groupdata.json,2026-05-18T17:17:32+00:00
pool1294lmran5lazve5ddy86av7gmajyrkwzy0v6v0t86w68s6s35jp,pool1294lmran5lazve5ddy86av7gmajyrkwzy0v6v0t86w68s6s35jp,https://www.balanceanalytics.io/api/groupdata.json,2026-05-18T17:17:32+00:00
pool129hymvzfw4ns3keud8zd9pdrpxa54jghsqh2j4jjxh4dcljet2f,COPPER,https://www.balanceanalytics.io/api/groupdata.json,2026-05-18T17:17:32+00:00
pool12a4mx8ztxg7dwatm6lmfm36q7eyygkt3y3h29tklvcp6vyxp0nt,pool12a4mx8ztxg7dwatm6lmfm36q7eyygkt3y3h29tklvcp6vyxp0nt,https://www.balanceanalytics.io/api/groupdata.json,2026-05-18T17:17:32+00:00
pool12ahcpgfgzkm29zajw8fgfqjma6ngsks7zdk4tr7q280pwfvtlek,BINANCE,https://www.balanceanalytics.io/api/groupdata.json,2026-05-18T17:17:32+00:00
pool12ame5t8hdltyl30npznvhn23kxnvthk82j9p7dr4uew3y92uqes,pool12ame5t8hdltyl30npznvhn23kxnvthk82j9p7dr4uew3y92uqes,https://www.balanceanalytics.io/api/groupdata.json,2026-05-18T17:17:32+00:00
pool12cc8t9yr58xureweksj73v87xkm6svcs8j3xnt93zd5zw5q6ugr,pool12cc8t9yr58xureweksj73v87xkm6svcs8j3xnt93zd5zw5q6ugr,https://www.balanceanalytics.io/api/groupdata.json,2026-05-18T17:17:32+00:00
pool12cmz6vtm43tztqck4xnayhpmeml4ljxutvuexhwgsvrpwllnscv,pool12cmz6vtm43tztqck4xnayhpmeml4ljxutvuexhwgsvrpwllnscv,https://www.balanceanalytics.io/api/groupdata.json,2026-05-18T17:17:32+00:00
pool12cr629pk4ppsc947d9ut2s7rvwadx50tklcnqyh306xvyz6tq42,pool12cr629pk4ppsc947d9ut2s7rvwadx50tklcnqyh306xvyz6tq42,https://www.balanceanalytics.io/api/groupdata.json,2026-05-18T17:17:32+00:00
pool12d3th585ga2w593eu5zqnkahsnlczjpqxemjc0qhku7awnhvn8a,pool12d3th585ga2w593eu5zqnkahsnlczjpqxemjc0qhku7awnhvn8a,https://www.balanceanalytics.io/api/groupdata.json,2026-05-18T17:17:32+00:00
pool12dcwy586prq83qggtfvaxwdpys9dw4sl2yahrdjyjxsqzcq84rk,pool12dcwy586prq83qggtfvaxwdpys9dw4sl2yahrdjyjxsqzcq84rk,https://www.balanceanalytics.io/api/groupdata.json,2026-05-18T17:17:32+00:00
pool12e8xz54gjtcz6dzkhua9uq9dp23cqcmf6xc4929t4ep4ketccsm,pool12e8xz54gjtcz6dzkhua9uq9dp23cqcmf6xc4929t4ep4ketccsm,https://www.balanceanalytics.io/api/groupdata.json,2026-05-18T17:17:32+00:00
pool12e9v4gw0w59pez0tkewzdxr2794fc8ql42dd32ln77ggssl9nq0,pool12e9v4gw0w59pez0tkewzdxr2794fc8ql42dd32ln77ggssl9nq0,https://www.balanceanalytics.io/api/groupdata.json,2026-05-18T17:17:32+00:00
pool12eht6dqxpzqj87xuextrpufz2gxmt4reuesuw26r2utzw0kw906,pool12eht6dqxpzqj87xuextrpufz2gxmt4reuesuw26r2utzw0kw906,https://www.balanceanalytics.io/api/groupdata.json,2026-05-18T17:17:32+00:00
pool12f2r9xf4wvht030xwjhpjvy5yptr275qr2qcydnx57jkxyfzz2w,pool12f2r9xf4wvht030xwjhpjvy5yptr275qr2qcydnx57jkxyfzz2w,https://www.balanceanalytics.io/api/groupdata.json,2026-05-18T17:17:32+00:00
pool12f68ksfmsthe4r9xx2up9x4zx43tstu3psmjvk57papsv8vu9re,pool12f68ksfmsthe4r9xx2up9x4zx43tstu3psmjvk57papsv8vu9re,https://www.balanceanalytics.io/api/groupdata.json,2026-05-18T17:17:32+00:00
pool12fr472y9lwzjy055gpuvpxdy5slpe0ej20pykdeatl59zg9ren2,pool12fr472y9lwzjy055gpuvpxdy5slpe0ej20pykdeatl59zg9ren2,https://www.balanceanalytics.io/api/groupdata.json,2026-05-18T17:17:32+00:00
pool12fzerww0hmk0fyvaujz5t2kg6hl4n8daz85rqy5jk8qk58r59y6,ZETIC,https://www.balanceanalytics.io/api/groupdata.json,2026-05-18T17:17:32+00:00
pool12g6gfm5c4q7rzwwxdmh0xdxk07tyvujp6d9tke2m46k7q7cz7p0,NDE,https://www.balanceanalytics.io/api/groupdata.json,2026-05-18T17:17:32+00:00
pool12h408zlkavwxw4wkw96mt8unjs8sn27k0yk4yhz4pzvsx0wvmq5,NEW GUY,https://www.balanceanalytics.io/api/groupdata.json,2026-05-18T17:17:32+00:00
pool12hh4dvqyxhlv3lu9mkyvpnskma642fj3zv3s8xlau42ak9m60hf,pool12hh4dvqyxhlv3lu9mkyvpnskma642fj3zv3s8xlau42ak9m60hf,https://www.balanceanalytics.io/api/groupdata.json,2026-05-18T17:17:32+00:00
pool12hhrd4azpps5jxppcqs2pgtylatg7xkhaqmnetgv2988k3t4drf,ADOSIA,https://www.balanceanalytics.io/api/groupdata.json,2026-05-18T17:17:32+00:00
pool12jqfrwhuv2jn0uymwmud2d63gp5drj08fjfart9dxgpu2tmj8a0,IOG,https://www.balanceanalytics.io/api/groupdata.json,2026-05-18T17:17:32+00:00
pool12jz7ey8jtd9ek3x2ysxaxsgfyu62ppaljrc3rzs4z6ydvx9rcs8,pool12jz7ey8jtd9ek3x2ysxaxsgfyu62ppaljrc3rzs4z6ydvx9rcs8,https://www.balanceanalytics.io/api/groupdata.json,2026-05-18T17:17:32+00:00
pool12jzydsj2yjjn59zefvgz2q47rvfk950xckm5x4ejcdvucueg5c8,pool12jzydsj2yjjn59zefvgz2q47rvfk950xckm5x4ejcdvucueg5c8,https://www.balanceanalytics.io/api/groupdata.json,2026-05-18T17:17:32+00:00
pool12kdg7dmdfh0t9hmy43pvl38ftu5dvppyn86wgkc4jq8557xkyz7,pool12kdg7dmdfh0t9hmy43pvl38ftu5dvppyn86wgkc4jq8557xkyz7,https://www.balanceanalytics.io/api/groupdata.json,2026-05-18T17:17:32+00:00
pool12ktymer8mcwuc0r89heh9zd4p9ef3y0glxt6r28s96crccm6xnn,pool12ktymer8mcwuc0r89heh9zd4p9ef3y0glxt6r28s96crccm6xnn,https://www.balanceanalytics.io/api/groupdata.json,2026-05-18T17:17:32+00:00
pool12ktz62g9d32nq0cdk9jyyqg6kquj7lnmx776at5h598supql0t2,CTEC,https://www.balanceanalytics.io/api/groupdata.json,2026-05-18T17:17:32+00:00
pool12l453n0jtxqq88cgwgr67z06ldyhqqvwxgkn0sgungjfvhtp2el,EVE,https://www.balanceanalytics.io/api/groupdata.json,2026-05-18T17:17:32+00:00
pool12ll3j3sfjp5sh34zahawfka254kw9lkmemymxue56vapcmwafu8,pool12ll3j3sfjp5sh34zahawfka254kw9lkmemymxue56vapcmwafu8,https://www.balanceanalytics.io/api/groupdata.json,2026-05-18T17:17:32+00:00
pool12lsfsh2s8yt8dvrt9m8kgrgr6ktntngvn2vad60xlqz7kxz9fxr,YUTA,https://www.balanceanalytics.io/api/groupdata.json,2026-05-18T17:17:32+00:00
pool12m0v0myprg2nfvlymzaghvjrzhnlzkh2psn3sur2nhkj5wpkdmh,DAPP,https://www.balanceanalytics.io/api/groupdata.json,2026-05-18T17:17:32+00:00
pool12m7z9p7jqymxrvvp6z7vmfdu6j6u6y43p0m6y4xalz43sc8s4t9,COINBASE,https://www.balanceanalytics.io/api/groupdata.json,2026-05-18T17:17:32+00:00
pool12mca6l778v2e5wq5a4kc08h6grcv9j6f7yykt9wyjttckfxksvg,pool12mca6l778v2e5wq5a4kc08h6grcv9j6f7yykt9wyjttckfxksvg,https://www.balanceanalytics.io/api/groupdata.json,2026-05-18T17:17:32+00:00
pool12mmcc4rc2fzfv7gyv8h06nvnsrm3m7erzdv8x6gzvjxlu2lf09n,1PCT,https://www.balanceanalytics.io/api/groupdata.json,2026-05-18T17:17:32+00:00
pool12mvua605f7w2gs90d580ywzyyf96je0y5q6zwcz2l76tcdqa8y9,pool12mvua605f7w2gs90d580ywzyyf96je0y5q6zwcz2l76tcdqa8y9,https://www.balanceanalytics.io/api/groupdata.json,2026-05-18T17:17:32+00:00
pool12n59qv09v4de7c703ka7xym2ggpa9500cnwst5evm7st6anvaj4,pool12n59qv09v4de7c703ka7xym2ggpa9500cnwst5evm7st6anvaj4,https://www.balanceanalytics.io/api/groupdata.json,2026-05-18T17:17:32+00:00
pool12n6lycv28kjtkzecfz2a3uujyxy6ewuwjcmjq84my67psqmgagv,pool12n6lycv28kjtkzecfz2a3uujyxy6ewuwjcmjq84my67psqmgagv,https://www.balanceanalytics.io/api/groupdata.json,2026-05-18T17:17:32+00:00
pool12ndf7w5f4fdn746s5zlay4aexvcsjncnnmjwfp8falascjqav3y,pool12ndf7w5f4fdn746s5zlay4aexvcsjncnnmjwfp8falascjqav3y,https://www.balanceanalytics.io/api/groupdata.json,2026-05-18T17:17:32+00:00
pool12nhydvz643puda5jjc7hxyphk9685n8tlsgeenfvtttckd803e5,pool12nhydvz643puda5jjc7hxyphk9685n8tlsgeenfvtttckd803e5,https://www.balanceanalytics.io/api/groupdata.json,2026-05-18T17:17:32+00:00
pool12p0qtp89dfzr6spqq4xl6ha2s9m8lqydnvfafyd0h38fy0hfv3f,pool12p0qtp89dfzr6spqq4xl6ha2s9m8lqydnvfafyd0h38fy0hfv3f,https://www.balanceanalytics.io/api/groupdata.json,2026-05-18T17:17:32+00:00
pool12p907u2s7hh84cn8xn26h8ytdtftrv4u8fe6xznl4xasvckxd8r,pool12p907u2s7hh84cn8xn26h8ytdtftrv4u8fe6xznl4xasvckxd8r,https://www.balanceanalytics.io/api/groupdata.json,2026-05-18T17:17:32+00:00
pool12pk63q22re4up2dg86tyjwthuauqu0ryq3jlxs9v29zk68cpugl,pool12pk63q22re4up2dg86tyjwthuauqu0ryq3jlxs9v29zk68cpugl,https://www.balanceanalytics.io/api/groupdata.json,2026-05-18T17:17:32+00:00
pool12plmfgtqk4nj0wse5wnr49xth22fjacxm0gxg3wc88ewzztpwf5,pool12plmfgtqk4nj0wse5wnr49xth22fjacxm0gxg3wc88ewzztpwf5,https://www.balanceanalytics.io/api/groupdata.json,2026-05-18T17:17:32+00:00
pool12ptdh2np3sl3c9zxaaz58ka775hv3z9f4nypgn5dlhp0w4qcd0e,pool12ptdh2np3sl3c9zxaaz58ka775hv3z9f4nypgn5dlhp0w4qcd0e,https://www.balanceanalytics.io/api/groupdata.json,2026-05-18T17:17:32+00:00
pool12pupdkq80hxxcje94kjgc75x9vsqsgaz65upnmx7k7zmvc3rpd5,pool12pupdkq80hxxcje94kjgc75x9vsqsgaz65upnmx7k7zmvc3rpd5,https://www.balanceanalytics.io/api/groupdata.json,2026-05-18T17:17:32+00:00
pool12pvaxxcv3sgad5jqgfnggn337y76kp02uauptkufjjjes7nxwfm,SVRNBRICS,https://www.balanceanalytics.io/api/groupdata.json,2026-05-18T17:17:32+00:00
pool12pwp8hln0cjsxv0h2a0463qsakkhwetfhyqw7vzmpwd2jdj86n6,pool12pwp8hln0cjsxv0h2a0463qsakkhwetfhyqw7vzmpwd2jdj86n6,https://www.balanceanalytics.io/api/groupdata.json,2026-05-18T17:17:32+00:00
pool12qj3qpa2ca3jq8nj6p5psjrx7xu7dvjm25xra5s0sxxps4qx7c8,pool12qj3qpa2ca3jq8nj6p5psjrx7xu7dvjm25xra5s0sxxps4qx7c8,https://www.balanceanalytics.io/api/groupdata.json,2026-05-18T17:17:32+00:00
pool12ql6www8aa8usn98azlkz76d2htxtm9swalvyac27rlq6mdkxc7,IOG,https://www.balanceanalytics.io/api/groupdata.json,2026-05-18T17:17:32+00:00
pool12qrgswlflndwp3met59zmuclqp4wryn4e9428gm7n8vwymnhvng,pool12qrgswlflndwp3met59zmuclqp4wryn4e9428gm7n8vwymnhvng,https://www.balanceanalytics.io/api/groupdata.json,2026-05-18T17:17:32+00:00
pool12qtv7kyrx8g0d5890alk6dkc6n6nyfx80synspvqafjrqd3ergz,pool12qtv7kyrx8g0d5890alk6dkc6n6nyfx80synspvqafjrqd3ergz,https://www.balanceanalytics.io/api/groupdata.json,2026-05-18T17:17:32+00:00
pool12r08n33avu33ncstukwxyr440mgaazmuclay38v0yt34xytu2dq,pool12r08n33avu33ncstukwxyr440mgaazmuclay38v0yt34xytu2dq,https://www.balanceanalytics.io/api/groupdata.json,2026-05-18T17:17:32+00:00
pool12rruj0mjqzaf8ryg7ny0x77y80lpdxd7zh4kgg5zyy0r2rzue0q,pool12rruj0mjqzaf8ryg7ny0x77y80lpdxd7zh4kgg5zyy0r2rzue0q,https://www.balanceanalytics.io/api/groupdata.json,2026-05-18T17:17:32+00:00
pool12rs385dd534g8gtdtmnvlhq63whdvc6vnuzxa5cpx843zdy73qy,TERA,https://www.balanceanalytics.io/api/groupdata.json,2026-05-18T17:17:32+00:00
pool12rt30v5khmh2y9nap3ffe6envd89lq9qf8f4usr0enwwzzwktsu,pool12rt30v5khmh2y9nap3ffe6envd89lq9qf8f4usr0enwwzzwktsu,https://www.balanceanalytics.io/api/groupdata.json,2026-05-18T17:17:32+00:00
pool12rv575nj9cfvy0r4th7jtz5x3nt6waht0qe5fdr58ucx77tk7pu,pool12rv575nj9cfvy0r4th7jtz5x3nt6waht0qe5fdr58ucx77tk7pu,https://www.balanceanalytics.io/api/groupdata.json,2026-05-18T17:17:32+00:00
pool12t3wyzzmg5ms5tzz7w6evedrf7mh07m875r6dfk8xpmgzjc3d9g,pool12t3wyzzmg5ms5tzz7w6evedrf7mh07m875r6dfk8xpmgzjc3d9g,https://www.balanceanalytics.io/api/groupdata.json,2026-05-18T17:17:32+00:00
pool12t3zmafwjqms7cuun86uwc8se4na07r3e5xswe86u37djr5f0lx,NORTH,https://www.balanceanalytics.io/api/groupdata.json,2026-05-18T17:17:32+00:00
pool12te7g032e9dqjqe5xsr05mrk7xs9ve4w6t275cda7e9quafr3zq,pool12te7g032e9dqjqe5xsr05mrk7xs9ve4w6t275cda7e9quafr3zq,https://www.balanceanalytics.io/api/groupdata.json,2026-05-18T17:17:32+00:00
pool12tlu3dm864fzxgcjp9jrsykcmcvxskjtqwy07z982avqx3n9dp2,pool12tlu3dm864fzxgcjp9jrsykcmcvxskjtqwy07z982avqx3n9dp2,https://www.balanceanalytics.io/api/groupdata.json,2026-05-18T17:17:32+00:00
pool12tvj2j05hh6gtsvw349vuesyn0zphh75u7vadh5rkjs566s2ty5,pool12tvj2j05hh6gtsvw349vuesyn0zphh75u7vadh5rkjs566s2ty5,https://www.balanceanalytics.io/api/groupdata.json,2026-05-18T17:17:32+00:00
pool12u28yewx8ycf6dj77lzpj6vvhjwp6veh6kxpc63h8fqnqqtlwmu,pool12u28yewx8ycf6dj77lzpj6vvhjwp6veh6kxpc63h8fqnqqtlwmu,https://www.balanceanalytics.io/api/groupdata.json,2026-05-18T17:17:32+00:00
pool12udshcl3ycj4qpxes28n0ugsye23h89rj8z2a5ast4482m08xe7,YUTA,https://www.balanceanalytics.io/api/groupdata.json,2026-05-18T17:17:32+00:00
pool12v7aukl49ehf9ysagq960ek26jeywnq3yzv5hgl4ecvhvyax5p6,pool12v7aukl49ehf9ysagq960ek26jeywnq3yzv5hgl4ecvhvyax5p6,https://www.balanceanalytics.io/api/groupdata.json,2026-05-18T17:17:32+00:00
pool12va8zrqehhwuz39trxgq6dagzjyq3qjenqd96jy9qvwwx2372zv,BINANCE,https://www.balanceanalytics.io/api/groupdata.json,2026-05-18T17:17:32+00:00
pool12vs4c3cm0tr49c7alrevfs0xa5g3s4al4fn46h33e69uusat04v,BLOOM,https://www.balanceanalytics.io/api/groupdata.json,2026-05-18T17:17:32+00:00
pool12vv4c6z7yf8j4m2amzej4j8tn2d4dxklqk5nqztz7wl02gratjp,pool12vv4c6z7yf8j4m2amzej4j8tn2d4dxklqk5nqztz7wl02gratjp,https://www.balanceanalytics.io/api/groupdata.json,2026-05-18T17:17:32+00:00
pool12vx0utf438rpxskmvwm870vpz6qnur39jzl7gs3hhhldqekzjea,pool12vx0utf438rpxskmvwm870vpz6qnur39jzl7gs3hhhldqekzjea,https://www.balanceanalytics.io/api/groupdata.json,2026-05-18T17:17:32+00:00
pool12wpfng6cu7dz38yduaul3ngfm44xhv5xmech68m5fwe4wu77udd,pool12wpfng6cu7dz38yduaul3ngfm44xhv5xmech68m5fwe4wu77udd,https://www.balanceanalytics.io/api/groupdata.json,2026-05-18T17:17:32+00:00
pool12x6z2am9fxpw7s8wfjpsdd4jm2v5wdj62fshv00ztpxr6jy3ztp,pool12x6z2am9fxpw7s8wfjpsdd4jm2v5wdj62fshv00ztpxr6jy3ztp,https://www.balanceanalytics.io/api/groupdata.json,2026-05-18T17:17:32+00:00
pool12xxugucen5pql0ay70uakgqjaxpwfj6c9py8euyu4q3p23s0fyg,BINANCE,https://www.balanceanalytics.io/api/groupdata.json,2026-05-18T17:17:32+00:00
pool12xyhj4ktuhy0gage20p3e6z6r3s0tun7lmsk89lxv4y5wh93t0g,pool12xyhj4ktuhy0gage20p3e6z6r3s0tun7lmsk89lxv4y5wh93t0g,https://www.balanceanalytics.io/api/groupdata.json,2026-05-18T17:17:32+00:00
pool12yfqjghmn47qajajqduf2rd83qxtdhva8j0qdctmla4v5w3mhq4,pool12yfqjghmn47qajajqduf2rd83qxtdhva8j0qdctmla4v5w3mhq4,https://www.balanceanalytics.io/api/groupdata.json,2026-05-18T17:17:32+00:00
pool12yscr8j3zs34ewxrwlk0p2w5uvgcnrzywpp78ddjsj8kxd530f9,pool12yscr8j3zs34ewxrwlk0p2w5uvgcnrzywpp78ddjsj8kxd530f9,https://www.balanceanalytics.io/api/groupdata.json,2026-05-18T17:17:32+00:00
pool12z39rkzfylvn9wfe8j6x9ucq6g2l4mw4azj70y0gd8ejczznyj3,BRAVO,https://www.balanceanalytics.io/api/groupdata.json,2026-05-18T17:17:32+00:00
pool12zcqkql458zh0pxvpw9qad8mceccdatk2lm0cpxfql557lhve8y,pool12zcqkql458zh0pxvpw9qad8mceccdatk2lm0cpxfql557lhve8y,https://www.balanceanalytics.io/api/groupdata.json,2026-05-18T17:17:32+00:00
pool12zgtcv0cu5caet8y2tna9l0jhthr46zpwh49dh0g4ew05st2t2w,pool12zgtcv0cu5caet8y2tna9l0jhthr46zpwh49dh0g4ew05st2t2w,https://www.balanceanalytics.io/api/groupdata.json,2026-05-18T17:17:32+00:00
pool12znadsadf2h4v6xhf8jwqc6grjxsrdn6f53h5esrkaj5qjtjnfs,pool12znadsadf2h4v6xhf8jwqc6grjxsrdn6f53h5esrkaj5qjtjnfs,https://www.balanceanalytics.io/api/groupdata.json,2026-05-18T17:17:32+00:00
pool130c3kgpkjctag540j7sxqfrlhsmpc6d8u0n7j6crm9ayy75mkpt,pool130c3kgpkjctag540j7sxqfrlhsmpc6d8u0n7j6crm9ayy75mkpt,https://www.balanceanalytics.io/api/groupdata.json,2026-05-18T17:17:32+00:00
pool130dfxy05jqejrkfm5tnk7d884ytspfdxgzj8lw6gkav2ss9ljjd,pool130dfxy05jqejrkfm5tnk7d884ytspfdxgzj8lw6gkav2ss9ljjd,https://www.balanceanalytics.io/api/groupdata.json,2026-05-18T17:17:32+00:00
pool130hx49xrg3cjtdqnqegmn03z8fgu6juenyctws0feh6ekdy0fam,pool130hx49xrg3cjtdqnqegmn03z8fgu6juenyctws0feh6ekdy0fam,https://www.balanceanalytics.io/api/groupdata.json,2026-05-18T17:17:32+00:00
pool130sxcuaxh2yc4chs68c4jsep4v7zfhgdqutm60ngdvt9sa2ga06,pool130sxcuaxh2yc4chs68c4jsep4v7zfhgdqutm60ngdvt9sa2ga06,https://www.balanceanalytics.io/api/groupdata.json,2026-05-18T17:17:32+00:00
pool130u9tm5kzsjkzlt4zq989s33fne5n9qahkdcmamh688wzrk78g6,pool130u9tm5kzsjkzlt4zq989s33fne5n9qahkdcmamh688wzrk78g6,https://www.balanceanalytics.io/api/groupdata.json,2026-05-18T17:17:32+00:00
pool1329xugchyesx3zzm96nylqlpz78cauzhgvlxawtll0pt7gnyul7,pool1329xugchyesx3zzm96nylqlpz78cauzhgvlxawtll0pt7gnyul7,https://www.balanceanalytics.io/api/groupdata.json,2026-05-18T17:17:32+00:00
pool134d4ndkh0q43mykqh922k0khrrkm7rlpkj834ju6kwja6dmu2f6,BINANCE,https://www.balanceanalytics.io/api/groupdata.json,2026-05-18T17:17:32+00:00
pool1352aq7dqpuvp3qj8juy82paappffa8q84nscmcvnwhal7ejl60z,pool1352aq7dqpuvp3qj8juy82paappffa8q84nscmcvnwhal7ejl60z,https://www.balanceanalytics.io/api/groupdata.json,2026-05-18T17:17:32+00:00
pool1354q8s4rskppn5wys40y0p5e9xrgmh8nkdmwnjjaumy37kxw2jl,pool1354q8s4rskppn5wys40y0p5e9xrgmh8nkdmwnjjaumy37kxw2jl,https://www.balanceanalytics.io/api/groupdata.json,2026-05-18T17:17:32+00:00
pool135h773klt7djljmyawkh88e8qc457wxqfhc6j9h6y9n4y3sgh7t,KTO,https://www.balanceanalytics.io/api/groupdata.json,2026-05-18T17:17:32+00:00
pool135t6gh8sa4ahajdzw76yy7m5r0js49ra4990ahrk6ydzxef4xrd,COPPER,https://www.balanceanalytics.io/api/groupdata.json,2026-05-18T17:17:32+00:00
pool13682rvnneuwl5j7tfh0zfp2t808zujjdrw499qkahuxd6zqxz00,pool13682rvnneuwl5j7tfh0zfp2t808zujjdrw499qkahuxd6zqxz00,https://www.balanceanalytics.io/api/groupdata.json,2026-05-18T17:17:32+00:00
pool136903m0kag2amlga2ypcz8wnf7d552qgy5t6vz2pqlzuq2kyshy,pool136903m0kag2amlga2ypcz8wnf7d552qgy5t6vz2pqlzuq2kyshy,https://www.balanceanalytics.io/api/groupdata.json,2026-05-18T17:17:32+00:00
pool136ahugdvaenv8ed0d3m9af4dxxtzu7u3vpfq4mxk7qq6xuvd0ca,pool136ahugdvaenv8ed0d3m9af4dxxtzu7u3vpfq4mxk7qq6xuvd0ca,https://www.balanceanalytics.io/api/groupdata.json,2026-05-18T17:17:32+00:00
pool136mu955m4fl6stzq9rjrsww92xftwnjr85997zykeqylc9h3k8u,pool136mu955m4fl6stzq9rjrsww92xftwnjr85997zykeqylc9h3k8u,https://www.balanceanalytics.io/api/groupdata.json,2026-05-18T17:17:32+00:00
pool136q98jnwt093qle4ph86vdpuwplg7gyvt20h2nq4m6ksv8xjcuj,pool136q98jnwt093qle4ph86vdpuwplg7gyvt20h2nq4m6ksv8xjcuj,https://www.balanceanalytics.io/api/groupdata.json,2026-05-18T17:17:32+00:00
pool136wr0g23dw9daekuyqtgk366vywms6meespgpm3hdguxqczaaug,pool136wr0g23dw9daekuyqtgk366vywms6meespgpm3hdguxqczaaug,https://www.balanceanalytics.io/api/groupdata.json,2026-05-18T17:17:32+00:00
pool137cuaqqktk0rhh3a9zj4rchr75qm07pgzgekprle5qyq2xk2nzq,pool137cuaqqktk0rhh3a9zj4rchr75qm07pgzgekprle5qyq2xk2nzq,https://www.balanceanalytics.io/api/groupdata.json,2026-05-18T17:17:32+00:00
pool137fwd42fzdpddzxh56gxntpke3hcm5scr7f0fwn9f3xrsd4pu20,pool137fwd42fzdpddzxh56gxntpke3hcm5scr7f0fwn9f3xrsd4pu20,https://www.balanceanalytics.io/api/groupdata.json,2026-05-18T17:17:32+00:00
pool137j9xuzycq4jxfpsmjnc75w2wnpz68khlwvsh69kt5negg6ldhg,pool137j9xuzycq4jxfpsmjnc75w2wnpz68khlwvsh69kt5negg6ldhg,https://www.balanceanalytics.io/api/groupdata.json,2026-05-18T17:17:32+00:00
pool137t76wkjkytqrxlvc3hd8cv2qtpwc2qd34zcq0qlty4zcf3gtmr,pool137t76wkjkytqrxlvc3hd8cv2qtpwc2qd34zcq0qlty4zcf3gtmr,https://www.balanceanalytics.io/api/groupdata.json,2026-05-18T17:17:32+00:00
pool13846y7q7tng3endxhet9qdcz5w0fjs09ytcye4dm5g54wmyqeqr,pool13846y7q7tng3endxhet9qdcz5w0fjs09ytcye4dm5g54wmyqeqr,https://www.balanceanalytics.io/api/groupdata.json,2026-05-18T17:17:32+00:00
pool138e249zh9l93azsf2pf7wyhxyayzcxdhsrg3vqpfx665c8xa348,pool138e249zh9l93azsf2pf7wyhxyayzcxdhsrg3vqpfx665c8xa348,https://www.balanceanalytics.io/api/groupdata.json,2026-05-18T17:17:32+00:00
pool138m7hevnvp664cmtralju857t5k7e4frpnaevtgpuykggr50kne,ITC,https://www.balanceanalytics.io/api/groupdata.json,2026-05-18T17:17:32+00:00
pool138s0uwydwtrhkaqj4uwkh37yqw098v9v6nf5q08k9nugumlf8mw,pool138s0uwydwtrhkaqj4uwkh37yqw098v9v6nf5q08k9nugumlf8mw,https://www.balanceanalytics.io/api/groupdata.json,2026-05-18T17:17:32+00:00
pool139397tgncm6q29sjdt9cqeamdttlsnlrapy0wnrn26h6ct4hnzg,pool139397tgncm6q29sjdt9cqeamdttlsnlrapy0wnrn26h6ct4hnzg,https://www.balanceanalytics.io/api/groupdata.json,2026-05-18T17:17:32+00:00
pool1398lzhvtaa0hgz305d2jz4urfkwkkt66yv476wqe6att2f7dphh,5BINARIES,https://www.balanceanalytics.io/api/groupdata.json,2026-05-18T17:17:32+00:00
pool139ds596tpxew8mhvu77p4mk42ed25d62ah2ucwlwemn6xltj4ws,pool139ds596tpxew8mhvu77p4mk42ed25d62ah2ucwlwemn6xltj4ws,https://www.balanceanalytics.io/api/groupdata.json,2026-05-18T17:17:32+00:00
pool139ffqrvyqu9sgsekk3pu9t7jxx872w655vses7d4q4sxxyd257a,pool139ffqrvyqu9sgsekk3pu9t7jxx872w655vses7d4q4sxxyd257a,https://www.balanceanalytics.io/api/groupdata.json,2026-05-18T17:17:32+00:00
pool139l6650n4u0gg9fmnd3aczp62q5xwngp299pwwhe2mj7sm5vqs6,pool139l6650n4u0gg9fmnd3aczp62q5xwngp299pwwhe2mj7sm5vqs6,https://www.balanceanalytics.io/api/groupdata.json,2026-05-18T17:17:32+00:00
pool139y78ptawg47ckf5z9h46t9z3k8m9q6d4t8wgtkq7jxeyg5x7p3,pool139y78ptawg47ckf5z9h46t9z3k8m9q6d4t8wgtkq7jxeyg5x7p3,https://www.balanceanalytics.io/api/groupdata.json,2026-05-18T17:17:32+00:00
pool13am73gpq93hrngwpnlz34cwcytuykpytxtkz9srmrq3x6x8qlsu,pool13am73gpq93hrngwpnlz34cwcytuykpytxtkz9srmrq3x6x8qlsu,https://www.balanceanalytics.io/api/groupdata.json,2026-05-18T17:17:32+00:00
pool13annzt9hjfc822f0ejvxjf7fsmxd6cc28whpk5kagec6ggfmm7u,AWP,https://www.balanceanalytics.io/api/groupdata.json,2026-05-18T17:17:32+00:00
pool13c9mnvfx4nvwvkszxcprwlv60fh3tteef50hhhv9yxptsua2v70,BLOOM,https://www.balanceanalytics.io/api/groupdata.json,2026-05-18T17:17:32+00:00
pool13crd2ljx87988umk22er6ynwadfwdqupdpcq6prc6v59z62kxse,BLOOM,https://www.balanceanalytics.io/api/groupdata.json,2026-05-18T17:17:32+00:00
pool13d2tchandz87ux0pgkxjdxd62zkuj872tx5stpcth8f6xequ579,pool13d2tchandz87ux0pgkxjdxd62zkuj872tx5stpcth8f6xequ579,https://www.balanceanalytics.io/api/groupdata.json,2026-05-18T17:17:32+00:00
pool13daql23lkcwwj0gsz0dnu9tu20pugpswfped3kp05ekxkgmcumt,pool13daql23lkcwwj0gsz0dnu9tu20pugpswfped3kp05ekxkgmcumt,https://www.balanceanalytics.io/api/groupdata.json,2026-05-18T17:17:32+00:00
pool13ds97sp5wtfpu7x720pj843ax2chfrcj25d88a39l8czjmg4gkf,pool13ds97sp5wtfpu7x720pj843ax2chfrcj25d88a39l8czjmg4gkf,https://www.balanceanalytics.io/api/groupdata.json,2026-05-18T17:17:32+00:00
pool13e5pqvrqkvjet48w6znhf9u4k92a0y9etcrpt704vx9e7lpe68z,pool13e5pqvrqkvjet48w6znhf9u4k92a0y9etcrpt704vx9e7lpe68z,https://www.balanceanalytics.io/api/groupdata.json,2026-05-18T17:17:32+00:00
pool13ehs4gzc9t6tjr5rpynqtyp8act4jfqth54huymasuslj05fu8z,BTCS,https://www.balanceanalytics.io/api/groupdata.json,2026-05-18T17:17:32+00:00
pool13ew2l5glvzj6l8r0qkjqchxjyg7tzmv604zh4y68kvhf5x5skgu,pool13ew2l5glvzj6l8r0qkjqchxjyg7tzmv604zh4y68kvhf5x5skgu,https://www.balanceanalytics.io/api/groupdata.json,2026-05-18T17:17:32+00:00
pool13fpvzhz7p0f4c960k44erfykflr7qdp86t6jnxlfamhqcmfha42,COINEX,https://www.balanceanalytics.io/api/groupdata.json,2026-05-18T17:17:32+00:00
pool13ft2syyqvrd0x89hcyskvz3dymqz6xavq646x2gy79lq6lrthrx,pool13ft2syyqvrd0x89hcyskvz3dymqz6xavq646x2gy79lq6lrthrx,https://www.balanceanalytics.io/api/groupdata.json,2026-05-18T17:17:32+00:00
pool13g9r3ljwukvfq0eqhrwfk73ux3vl6gsvphyr92jm3pyrj8j7ush,pool13g9r3ljwukvfq0eqhrwfk73ux3vl6gsvphyr92jm3pyrj8j7ush,https://www.balanceanalytics.io/api/groupdata.json,2026-05-18T17:17:32+00:00
pool13gyxktxqh8umjn3dh2uk9nucacnegl0ppcsfg236hkfhcg8asxf,pool13gyxktxqh8umjn3dh2uk9nucacnegl0ppcsfg236hkfhcg8asxf,https://www.balanceanalytics.io/api/groupdata.json,2026-05-18T17:17:32+00:00
pool13h08lf24fjmxxg0mmuattjv8dvy0r6fc4hrqg4qmj38xsweexrv,BD,https://www.balanceanalytics.io/api/groupdata.json,2026-05-18T17:17:32+00:00
pool13hqjq6yxcsk3wpygedcp04crk58qsc00gw4wf77q6kehxxagqme,pool13hqjq6yxcsk3wpygedcp04crk58qsc00gw4wf77q6kehxxagqme,https://www.balanceanalytics.io/api/groupdata.json,2026-05-18T17:17:32+00:00
pool13hxlxd6qa68fmfhrvvmasa0mjg30tj9p5v2lmgmgsmrp2rgzkfp,pool13hxlxd6qa68fmfhrvvmasa0mjg30tj9p5v2lmgmgsmrp2rgzkfp,https://www.balanceanalytics.io/api/groupdata.json,2026-05-18T17:17:32+00:00
pool13jf2uxjk7c2cl6nfllvnrdd6sv4eeq9zvwx23u3wrf97kvufj7x,YUTA,https://www.balanceanalytics.io/api/groupdata.json,2026-05-18T17:17:32+00:00
pool13k6tphjfsgqdq7h27p4x86ruchcdg2x073luw8pndh3ajxvwvja,BLC,https://www.balanceanalytics.io/api/groupdata.json,2026-05-18T17:17:32+00:00
pool13l9hxj5dke9yd8xrxtfdkxgppj4wdyy52k99jded9f4kv5ce7al,pool13l9hxj5dke9yd8xrxtfdkxgppj4wdyy52k99jded9f4kv5ce7al,https://www.balanceanalytics.io/api/groupdata.json,2026-05-18T17:17:32+00:00
pool13lswc5y4zycu9u63ktssp6rnczt97fy54cqk4s2ehwjawg5tlh6,pool13lswc5y4zycu9u63ktssp6rnczt97fy54cqk4s2ehwjawg5tlh6,https://www.balanceanalytics.io/api/groupdata.json,2026-05-18T17:17:32+00:00
pool13lz5g3f0kef09j5jvlw4t0dq7ejugl5q8sh0r8yyaxhdu04z560,pool13lz5g3f0kef09j5jvlw4t0dq7ejugl5q8sh0r8yyaxhdu04z560,https://www.balanceanalytics.io/api/groupdata.json,2026-05-18T17:17:32+00:00
pool13mas2wthxs28zftxskcsd8t87jk2w9ntc0u5uflt45sh7lcvs8h,EMURGO,https://www.balanceanalytics.io/api/groupdata.json,2026-05-18T17:17:32+00:00
pool13mjxg33urh0xquvw33kjn85yw7j42uwqw0pvh8s6c67rszr7ssz,pool13mjxg33urh0xquvw33kjn85yw7j42uwqw0pvh8s6c67rszr7ssz,https://www.balanceanalytics.io/api/groupdata.json,2026-05-18T17:17:32+00:00
pool13mxx49xrq4hp6mca8qrzxxmjhfrts0ayh5n6ff9uyuusq9cx4d8,UPBIT,https://www.balanceanalytics.io/api/groupdata.json,2026-05-18T17:17:32+00:00
pool13njpuytryujfz5csc8f0mlx3rc666jx9fl2e302c4cdpxaghfnm,pool13njpuytryujfz5csc8f0mlx3rc666jx9fl2e302c4cdpxaghfnm,https://www.balanceanalytics.io/api/groupdata.json,2026-05-18T17:17:32+00:00
pool13nn6lk6dx5ww95h5qqeeazyp074j7en8e6qszq62rtj9wcx522z,pool13nn6lk6dx5ww95h5qqeeazyp074j7en8e6qszq62rtj9wcx522z,https://www.balanceanalytics.io/api/groupdata.json,2026-05-18T17:17:32+00:00
pool13p725l7vqedxvkrstaq7myguewcktjglapwls3re7wakxdv90fw,pool13p725l7vqedxvkrstaq7myguewcktjglapwls3re7wakxdv90fw,https://www.balanceanalytics.io/api/groupdata.json,2026-05-18T17:17:32+00:00
pool13p8rkc9nv8umw98qdvjqv0tmwgjmzlmyedrd3m50pjpp58ek53a,pool13p8rkc9nv8umw98qdvjqv0tmwgjmzlmyedrd3m50pjpp58ek53a,https://www.balanceanalytics.io/api/groupdata.json,2026-05-18T17:17:32+00:00
pool13pclvkwxee4znt7qc55k8ny89zvdkvfrt04dtd99zjm5vs2tws5,CCJ,https://www.balanceanalytics.io/api/groupdata.json,2026-05-18T17:17:32+00:00
pool13pcyas8zxheqhuqdevfpya8g6zct9jmyhk22yjxl5uxzz46jccy,pool13pcyas8zxheqhuqdevfpya8g6zct9jmyhk22yjxl5uxzz46jccy,https://www.balanceanalytics.io/api/groupdata.json,2026-05-18T17:17:32+00:00
pool13pgg603z5qz9q9e33lfpgc4d0p6w37t9rd47u29cr7rex87wcs6,pool13pgg603z5qz9q9e33lfpgc4d0p6w37t9rd47u29cr7rex87wcs6,https://www.balanceanalytics.io/api/groupdata.json,2026-05-18T17:17:32+00:00
pool13pt7us94nw782t5v4d89sz8zqn8hcn8r8r7hhph5mvxvvp3c76v,DIGI,https://www.balanceanalytics.io/api/groupdata.json,2026-05-18T17:17:32+00:00
pool13pyn4ph3k98x8gwhvhear62j60yskjnltpxvxpk90gwtjkzj88n,pool13pyn4ph3k98x8gwhvhear62j60yskjnltpxvxpk90gwtjkzj88n,https://www.balanceanalytics.io/api/groupdata.json,2026-05-18T17:17:32+00:00
pool13q8kl9s0kufpl0vjmnrk2f2nz9nle3k9l3pnzh4negaf7kmd80p,pool13q8kl9s0kufpl0vjmnrk2f2nz9nle3k9l3pnzh4negaf7kmd80p,https://www.balanceanalytics.io/api/groupdata.json,2026-05-18T17:17:32+00:00
pool13qdkwy5y88ncr5qpjrh8hgtf94d0zw4wuhgezjg3hvlyyrh37c7,SECUR,https://www.balanceanalytics.io/api/groupdata.json,2026-05-18T17:17:32+00:00
pool13qe6ycacqjg3gpvjewg8734d6hs6rhduuenjtnnkwh327hmtyz5,pool13qe6ycacqjg3gpvjewg8734d6hs6rhduuenjtnnkwh327hmtyz5,https://www.balanceanalytics.io/api/groupdata.json,2026-05-18T17:17:32+00:00
pool13qppafmw3vq5rl4ewmxv7zy84x3rshx9sdczs0zq40cxu0dqkrg,pool13qppafmw3vq5rl4ewmxv7zy84x3rshx9sdczs0zq40cxu0dqkrg,https://www.balanceanalytics.io/api/groupdata.json,2026-05-18T17:17:32+00:00
pool13r4e7tttcxp4qfs4gqtv0hz5k48qdhhxrskz8pjrj6fqy5qmee0,pool13r4e7tttcxp4qfs4gqtv0hz5k48qdhhxrskz8pjrj6fqy5qmee0,https://www.balanceanalytics.io/api/groupdata.json,2026-05-18T17:17:32+00:00
pool13rcsycq8h085yfu7m3s48gqf9gsxg26fp89q27e3l788k8xa4ea,pool13rcsycq8h085yfu7m3s48gqf9gsxg26fp89q27e3l788k8xa4ea,https://www.balanceanalytics.io/api/groupdata.json,2026-05-18T17:17:32+00:00
pool13s5faca3kkg6jhqcll8xd9tarur3zkhalyuu92d5g87zyj4wrrc,COINBASE,https://www.balanceanalytics.io/api/groupdata.json,2026-05-18T17:17:32+00:00
pool13s6u5zjngelr5uddhqygqqf5tcup0g3ajenma6amy9zuu7e97gm,pool13s6u5zjngelr5uddhqygqqf5tcup0g3ajenma6amy9zuu7e97gm,https://www.balanceanalytics.io/api/groupdata.json,2026-05-18T17:17:32+00:00
pool13ss25l908k5vqfw0aq2t66xr3hrvlqlsf4tfsmp59kyfxhfmah3,pool13ss25l908k5vqfw0aq2t66xr3hrvlqlsf4tfsmp59kyfxhfmah3,https://www.balanceanalytics.io/api/groupdata.json,2026-05-18T17:17:32+00:00
pool13t8yafhx3mfnxs8nnkvgqnm9v5gspk7cdjc5dmpzpt0a6h294yn,UPBIT,https://www.balanceanalytics.io/api/groupdata.json,2026-05-18T17:17:32+00:00
pool13tnpm4fq90zfq0v47ad4pmk25t5dvrh3udhcr5wv7mm9uq6g787,pool13tnpm4fq90zfq0v47ad4pmk25t5dvrh3udhcr5wv7mm9uq6g787,https://www.balanceanalytics.io/api/groupdata.json,2026-05-18T17:17:32+00:00
pool13u45a953lme8y835e5upndqp50r887dha7gt26v6hcaeup4aavx,pool13u45a953lme8y835e5upndqp50r887dha7gt26v6hcaeup4aavx,https://www.balanceanalytics.io/api/groupdata.json,2026-05-18T17:17:32+00:00
pool13ucz6778ywff5pmcag4pcknq9gm6j04qtgh65cu9c5mt73t5ulv,pool13ucz6778ywff5pmcag4pcknq9gm6j04qtgh65cu9c5mt73t5ulv,https://www.balanceanalytics.io/api/groupdata.json,2026-05-18T17:17:32+00:00
pool13vc4ekwpky5vtnl8pyj60phkmwtv7gsthn4g525udt7mjycs85v,pool13vc4ekwpky5vtnl8pyj60phkmwtv7gsthn4g525udt7mjycs85v,https://www.balanceanalytics.io/api/groupdata.json,2026-05-18T17:17:32+00:00
pool13vkkap4sd24pr4m5aw8r5y8rkn3sgdkduphd0f9cvxp5s4r83x2,pool13vkkap4sd24pr4m5aw8r5y8rkn3sgdkduphd0f9cvxp5s4r83x2,https://www.balanceanalytics.io/api/groupdata.json,2026-05-18T17:17:32+00:00
pool13w9mcp8af4ef8vwsw624ams38w7hs0chvtjknz2t3pcxkm8w9m2,pool13w9mcp8af4ef8vwsw624ams38w7hs0chvtjknz2t3pcxkm8w9m2,https://www.balanceanalytics.io/api/groupdata.json,2026-05-18T17:17:32+00:00
pool13ws3wf9skw0ngg3aze482tdxqsnfmvf4vgy46cux599mxm8n27g,8BALL,https://www.balanceanalytics.io/api/groupdata.json,2026-05-18T17:17:32+00:00
pool13wtywenpwvg5snncx5zvxevvry85cp3c9nq0xlxlck9l7qh2spx,pool13wtywenpwvg5snncx5zvxevvry85cp3c9nq0xlxlck9l7qh2spx,https://www.balanceanalytics.io/api/groupdata.json,2026-05-18T17:17:32+00:00
pool13wzpwavanfpkr4r4j30plrlc6dn6p822lkt22zdllmy7q8y7s90,pool13wzpwavanfpkr4r4j30plrlc6dn6p822lkt22zdllmy7q8y7s90,https://www.balanceanalytics.io/api/groupdata.json,2026-05-18T17:17:32+00:00
pool13xh3tgwzhr3hn25v5m2dnvqnfcmnzghcfah5t7kzufkywuy7w7v,pool13xh3tgwzhr3hn25v5m2dnvqnfcmnzghcfah5t7kzufkywuy7w7v,https://www.balanceanalytics.io/api/groupdata.json,2026-05-18T17:17:32+00:00
pool13xlhhdl2phz8sup0hwcuhp6c4kscrtxs6d05n99hnmuakfkd6ws,pool13xlhhdl2phz8sup0hwcuhp6c4kscrtxs6d05n99hnmuakfkd6ws,https://www.balanceanalytics.io/api/groupdata.json,2026-05-18T17:17:32+00:00
pool13xzckaj3srgldr67dksx874jxe3c9xnc245xyr44p7cdxh07hft,DAPP,https://www.balanceanalytics.io/api/groupdata.json,2026-05-18T17:17:32+00:00
pool13y0l8hkl0qepn2uaphk3vm7u03vhuxzsr37euhmgfq35qqxh456,pool13y0l8hkl0qepn2uaphk3vm7u03vhuxzsr37euhmgfq35qqxh456,https://www.balanceanalytics.io/api/groupdata.json,2026-05-18T17:17:32+00:00
pool13y37atzdckzr0gvj8mtnma49602jjtcw2dhr9zmpy4rase88j6p,pool13y37atzdckzr0gvj8mtnma49602jjtcw2dhr9zmpy4rase88j6p,https://www.balanceanalytics.io/api/groupdata.json,2026-05-18T17:17:32+00:00
pool13ygf6ae5d2e0577s2gwg259v7xaaqun9084ppudu6kqt6yqf2sf,pool13ygf6ae5d2e0577s2gwg259v7xaaqun9084ppudu6kqt6yqf2sf,https://www.balanceanalytics.io/api/groupdata.json,2026-05-18T17:17:32+00:00
pool13z5t8wlhtf7ccc0hud8pnvpjeekjdsyn7sq69fcxf3k6kpnlm74,FIGMENT,https://www.balanceanalytics.io/api/groupdata.json,2026-05-18T17:17:32+00:00
pool13z9mfsve9w39sl5akgz58yewad9daycxn8ja426ytdxey47yatu,UPBIT,https://www.balanceanalytics.io/api/groupdata.json,2026-05-18T17:17:32+00:00
pool13zagy9a4nnhgme5wcnl0w3xzt523yn76jxh52360rryexc9f9dc,pool13zagy9a4nnhgme5wcnl0w3xzt523yn76jxh52360rryexc9f9dc,https://www.balanceanalytics.io/api/groupdata.json,2026-05-18T17:17:32+00:00
pool13zdrhek6m4n947grhrm0772zt09lrm2vzkffsla25e7yq6xqjkg,pool13zdrhek6m4n947grhrm0772zt09lrm2vzkffsla25e7yq6xqjkg,https://www.balanceanalytics.io/api/groupdata.json,2026-05-18T17:17:32+00:00
pool13zh79cqv3y36cgknzagwegp8y0kuzel2j046jmup97hhjwk5myw,pool13zh79cqv3y36cgknzagwegp8y0kuzel2j046jmup97hhjwk5myw,https://www.balanceanalytics.io/api/groupdata.json,2026-05-18T17:17:32+00:00
pool13zkcgp7se22046p9gczt98au93dw85q2g7m3zany4kzf66y46x0,pool13zkcgp7se22046p9gczt98au93dw85q2g7m3zany4kzf66y46x0,https://www.balanceanalytics.io/api/groupdata.json,2026-05-18T17:17:32+00:00
pool13zq5jktx7xmngfer82nkrs8aqjklmydntxdqzttas328yuttgx6,pool13zq5jktx7xmngfer82nkrs8aqjklmydntxdqzttas328yuttgx6,https://www.balanceanalytics.io/api/groupdata.json,2026-05-18T17:17:32+00:00
pool140d97glhjr5nws8cdhn70h4nk35vmmmvqe3zwg43t4caxt0m7wn,pool140d97glhjr5nws8cdhn70h4nk35vmmmvqe3zwg43t4caxt0m7wn,https://www.balanceanalytics.io/api/groupdata.json,2026-05-18T17:17:32+00:00
pool140x77a7cz2j689lmxf836qpjtc3y83rka28v6gpswxdw2mag62e,pool140x77a7cz2j689lmxf836qpjtc3y83rka28v6gpswxdw2mag62e,https://www.balanceanalytics.io/api/groupdata.json,2026-05-18T17:17:32+00:00
pool140xj040w37pcufxdhpjne03sn2rd0fxys4m2c0sgjw5pqjnlx8f,pool140xj040w37pcufxdhpjne03sn2rd0fxys4m2c0sgjw5pqjnlx8f,https://www.balanceanalytics.io/api/groupdata.json,2026-05-18T17:17:32+00:00
pool1429egqgv60r3nxlp6cvs08qcffv7duddjvyjd0pt6wzhj7akda8,pool1429egqgv60r3nxlp6cvs08qcffv7duddjvyjd0pt6wzhj7akda8,https://www.balanceanalytics.io/api/groupdata.json,2026-05-18T17:17:32+00:00
pool142cpn2gm89q72srv9pt7jtt7p7yg43a8ltfqhz3jp3t3xuh7x48,pool142cpn2gm89q72srv9pt7jtt7p7yg43a8ltfqhz3jp3t3xuh7x48,https://www.balanceanalytics.io/api/groupdata.json,2026-05-18T17:17:32+00:00
pool142xwjhpcvtp7tahpmn8tlnek7smefp9wn66z67j8vjpmjxqdg56,EDEN,https://www.balanceanalytics.io/api/groupdata.json,2026-05-18T17:17:32+00:00
pool143d6z506u6yfufgzrtx8ywcwx3j4s29lxv5tdugcpcwk2l83gck,COINBASE,https://www.balanceanalytics.io/api/groupdata.json,2026-05-18T17:17:32+00:00
pool143nv3macakarny2hvg67gg00q5j2kdg6yfvcmefqmea3vnj0nex,pool143nv3macakarny2hvg67gg00q5j2kdg6yfvcmefqmea3vnj0nex,https://www.balanceanalytics.io/api/groupdata.json,2026-05-18T17:17:32+00:00
pool143x8nhnr3j9mpzvhayuaen0y8l350guj6yd8mhmhhuupvuah3hh,pool143x8nhnr3j9mpzvhayuaen0y8l350guj6yd8mhmhhuupvuah3hh,https://www.balanceanalytics.io/api/groupdata.json,2026-05-18T17:17:32+00:00
pool1442wwr8zzdpcu8uwnglackzr3u5ggrmfxsjja0s7aef66hk2fuc,pool1442wwr8zzdpcu8uwnglackzr3u5ggrmfxsjja0s7aef66hk2fuc,https://www.balanceanalytics.io/api/groupdata.json,2026-05-18T17:17:32+00:00
pool144cfav5vd6vwaej6cspzea3pjfvdcjg86uzv9phxegz87ynw2zz,pool144cfav5vd6vwaej6cspzea3pjfvdcjg86uzv9phxegz87ynw2zz,https://www.balanceanalytics.io/api/groupdata.json,2026-05-18T17:17:32+00:00
pool144m894gswuy3se407ma5870nkaw5ylykrak73gf4kpepj50ulfa,pool144m894gswuy3se407ma5870nkaw5ylykrak73gf4kpepj50ulfa,https://www.balanceanalytics.io/api/groupdata.json,2026-05-18T17:17:32+00:00
pool1456lrrp0a3gsgkmyx0rm8wkdmdku75tfdlu9xvpffvxmqmjkwee,KID,https://www.balanceanalytics.io/api/groupdata.json,2026-05-18T17:17:32+00:00
pool1457cnl7qu568h98xrw8krfnjkhf05mfhaq2l50epwy36yuln20q,WAVE,https://www.balanceanalytics.io/api/groupdata.json,2026-05-18T17:17:32+00:00
pool145ak0czqxe97ef38zjupk0pz5yk7pahcyrdfee2lrnsnwawj6dc,pool145ak0czqxe97ef38zjupk0pz5yk7pahcyrdfee2lrnsnwawj6dc,https://www.balanceanalytics.io/api/groupdata.json,2026-05-18T17:17:32+00:00
pool146842tr5vgq52vksmccp82ttelgk6vwy5804sknmx6slyrehm4y,EMURGO,https://www.balanceanalytics.io/api/groupdata.json,2026-05-18T17:17:32+00:00
pool146fn2mcz0f9npcuqwvr3xjn93840jzueja973uc03xkqvl2w36c,COPPER,https://www.balanceanalytics.io/api/groupdata.json,2026-05-18T17:17:32+00:00
pool146rjvlmf523u0sk3rkkxxn8u73s8ed60mxw7p4f8uu6y5g4ma9u,pool146rjvlmf523u0sk3rkkxxn8u73s8ed60mxw7p4f8uu6y5g4ma9u,https://www.balanceanalytics.io/api/groupdata.json,2026-05-18T17:17:32+00:00
pool146u0r8qh0jg6rd3th76q6cepwm03nya4pkvfj08juqrz7wxnfv9,pool146u0r8qh0jg6rd3th76q6cepwm03nya4pkvfj08juqrz7wxnfv9,https://www.balanceanalytics.io/api/groupdata.json,2026-05-18T17:17:32+00:00
pool14723n6gf5yu6k7rzst4c0c4ujql6rmypyr5v6z362p4ywq9ejw7,ADOSIA,https://www.balanceanalytics.io/api/groupdata.json,2026-05-18T17:17:32+00:00
pool147en6w8f9cplnn5x7qt4ese7fpacmmcwuffrtu0yqxpaz4agppr,STI,https://www.balanceanalytics.io/api/groupdata.json,2026-05-18T17:17:32+00:00
pool147t2chee9vcyjxtafwd8emkjj88f9dra0xa2clgwlr6m7tzdzvz,pool147t2chee9vcyjxtafwd8emkjj88f9dra0xa2clgwlr6m7tzdzvz,https://www.balanceanalytics.io/api/groupdata.json,2026-05-18T17:17:32+00:00
pool147tju4482jtl253lgqq88fkefdugcuhaumf8m0rcj8uzxu846qm,COINBASE,https://www.balanceanalytics.io/api/groupdata.json,2026-05-18T17:17:32+00:00
pool1484zq40k4xg69t55z4fqz78zz6j3t9pvlw4jd635w692xhfzkka,pool1484zq40k4xg69t55z4fqz78zz6j3t9pvlw4jd635w692xhfzkka,https://www.balanceanalytics.io/api/groupdata.json,2026-05-18T17:17:32+00:00
pool1488f5rzus7kpu3zr6zwyw8mdy0rj4m3knssv58enurgsx40msjf,pool1488f5rzus7kpu3zr6zwyw8mdy0rj4m3knssv58enurgsx40msjf,https://www.balanceanalytics.io/api/groupdata.json,2026-05-18T17:17:32+00:00
pool148ajvsw7z9mhgw43tqvgmfrv22azvm638knkqghqv497xvdl2tk,IOG,https://www.balanceanalytics.io/api/groupdata.json,2026-05-18T17:17:32+00:00
pool149d5lzg7m6susau4f4yfdztgkty34qrcdpvd3ygsetmljgxxf8g,TERA,https://www.balanceanalytics.io/api/groupdata.json,2026-05-18T17:17:32+00:00
pool14acgepf3pp9djz9unwk43j8u2z445xk8d0wx2ffwt8thv4nzna3,pool14acgepf3pp9djz9unwk43j8u2z445xk8d0wx2ffwt8thv4nzna3,https://www.balanceanalytics.io/api/groupdata.json,2026-05-18T17:17:32+00:00
pool14ajz2t680q2c7tekek3eqazhnapfl3l4w3cep9tnh9ym6jhph8m,pool14ajz2t680q2c7tekek3eqazhnapfl3l4w3cep9tnh9ym6jhph8m,https://www.balanceanalytics.io/api/groupdata.json,2026-05-18T17:17:32+00:00
pool14atewgzlv6nl2e8k3ndrzwt9y07sepuplj9vuxk3trzzj5lmg64,pool14atewgzlv6nl2e8k3ndrzwt9y07sepuplj9vuxk3trzzj5lmg64,https://www.balanceanalytics.io/api/groupdata.json,2026-05-18T17:17:32+00:00
pool14cautfm2e8jxv79tv59grnryjxs8f2wewz66wup695xgu7wjnvr,ADA4G,https://www.balanceanalytics.io/api/groupdata.json,2026-05-18T17:17:32+00:00
pool14cq4fchmmqjygwjw4zexmqqd6a7caxptjnvseyu6wanjuppv4vk,pool14cq4fchmmqjygwjw4zexmqqd6a7caxptjnvseyu6wanjuppv4vk,https://www.balanceanalytics.io/api/groupdata.json,2026-05-18T17:17:32+00:00
pool14cteh4nuwyvqadavujaf8qy05g208y66ddmct4vwlzurj0zluet,pool14cteh4nuwyvqadavujaf8qy05g208y66ddmct4vwlzurj0zluet,https://www.balanceanalytics.io/api/groupdata.json,2026-05-18T17:17:32+00:00
pool14dswwngc8j92uek927jced2lfc7c4pa4ss9gry9nu9rhkc7a055,pool14dswwngc8j92uek927jced2lfc7c4pa4ss9gry9nu9rhkc7a055,https://www.balanceanalytics.io/api/groupdata.json,2026-05-18T17:17:32+00:00
pool14dz6syalxmtlykaudkk50t9xtve0ne2rvtsgqmyvfeg5cxx68n4,pool14dz6syalxmtlykaudkk50t9xtve0ne2rvtsgqmyvfeg5cxx68n4,https://www.balanceanalytics.io/api/groupdata.json,2026-05-18T17:17:32+00:00
pool14e7g4xmj77s7sy5uajwvdmvejmjcvhkf449tasq3tz80gv098t8,pool14e7g4xmj77s7sy5uajwvdmvejmjcvhkf449tasq3tz80gv098t8,https://www.balanceanalytics.io/api/groupdata.json,2026-05-18T17:17:32+00:00
pool14ellhm8umxdz5x96ktsun4q3kgpgmmgldy8geat8fhz9zj9d62q,pool14ellhm8umxdz5x96ktsun4q3kgpgmmgldy8geat8fhz9zj9d62q,https://www.balanceanalytics.io/api/groupdata.json,2026-05-18T17:17:32+00:00
pool14enw2643rn9nn6yzv60jyz3hj4kxs0jvap87lkgsqykh508jxm6,AWP,https://www.balanceanalytics.io/api/groupdata.json,2026-05-18T17:17:32+00:00
pool14exgv53wem2jwutrqpsdxtrl4hweefymltq02xt72z60x8ge4qf,pool14exgv53wem2jwutrqpsdxtrl4hweefymltq02xt72z60x8ge4qf,https://www.balanceanalytics.io/api/groupdata.json,2026-05-18T17:17:32+00:00
pool14f0uj8vghxzs09p3rzvhlur0dnfwylxc67whaz087srtjjrcjgd,pool14f0uj8vghxzs09p3rzvhlur0dnfwylxc67whaz087srtjjrcjgd,https://www.balanceanalytics.io/api/groupdata.json,2026-05-18T17:17:32+00:00
pool14f58kf59ec7ymk7mm5w07advfgs6a2guur3g5zyf45uvyvl80t4,EVE,https://www.balanceanalytics.io/api/groupdata.json,2026-05-18T17:17:32+00:00
pool14fjmlppz76667ws3jl5luejf2wgztuhpsftulvh3ucc65anqgve,XSP,https://www.balanceanalytics.io/api/groupdata.json,2026-05-18T17:17:32+00:00
pool14fka0t3prjrldjkavqc6vs0zyngq7jw9edek57js94g9v4r25rg,pool14fka0t3prjrldjkavqc6vs0zyngq7jw9edek57js94g9v4r25rg,https://www.balanceanalytics.io/api/groupdata.json,2026-05-18T17:17:32+00:00
pool14g73qj0qz05ymqg7dp9kxdu8jr7uuzm6z6n3jwxpvqskghhmhng,pool14g73qj0qz05ymqg7dp9kxdu8jr7uuzm6z6n3jwxpvqskghhmhng,https://www.balanceanalytics.io/api/groupdata.json,2026-05-18T17:17:32+00:00
pool14g7yxpecpp2vt25nc7mjtf8q5g8n362wxksvpxz5fht35khqs0t,pool14g7yxpecpp2vt25nc7mjtf8q5g8n362wxksvpxz5fht35khqs0t,https://www.balanceanalytics.io/api/groupdata.json,2026-05-18T17:17:32+00:00
pool14ga04y2dec7vmahzstd2c5mjsw7vq0v62mwclqynvy2wsc5g40p,WAVE,https://www.balanceanalytics.io/api/groupdata.json,2026-05-18T17:17:32+00:00
pool14ga7m2hv6y89u4jv9yf8mf28tjs078j43l5h4zgpxqp7q6ey4d6,pool14ga7m2hv6y89u4jv9yf8mf28tjs078j43l5h4zgpxqp7q6ey4d6,https://www.balanceanalytics.io/api/groupdata.json,2026-05-18T17:17:32+00:00
pool14glhqr7989jz4yu0hnytpw62xlq0666sy075ztufdya2yw4d6fe,pool14glhqr7989jz4yu0hnytpw62xlq0666sy075ztufdya2yw4d6fe,https://www.balanceanalytics.io/api/groupdata.json,2026-05-18T17:17:32+00:00
pool14gu2yv67enp56dym7ww2d0d72723kgrcqsuau5nxjv9ryt004rt,pool14gu2yv67enp56dym7ww2d0d72723kgrcqsuau5nxjv9ryt004rt,https://www.balanceanalytics.io/api/groupdata.json,2026-05-18T17:17:32+00:00
pool14gw9d5yhxf5t6k68tqvpa95hragu78yuyr7lm9gz9d9dx2yz9s4,pool14gw9d5yhxf5t6k68tqvpa95hragu78yuyr7lm9gz9d9dx2yz9s4,https://www.balanceanalytics.io/api/groupdata.json,2026-05-18T17:17:32+00:00
pool14gzj8a99u43j2gu3z0wcyedvdca27m2lx7msqxywl3lrcyrvmys,pool14gzj8a99u43j2gu3z0wcyedvdca27m2lx7msqxywl3lrcyrvmys,https://www.balanceanalytics.io/api/groupdata.json,2026-05-18T17:17:32+00:00
pool14h7cjyklnrf2ylu6g2z89n5zckeyprw36lstw7lw5kvqwc4xw2d,pool14h7cjyklnrf2ylu6g2z89n5zckeyprw36lstw7lw5kvqwc4xw2d,https://www.balanceanalytics.io/api/groupdata.json,2026-05-18T17:17:32+00:00
pool14hhs6ruwnuaf4fzsmx89mvmjl2qhyy5jnzyk2le03886kj6z9yp,pool14hhs6ruwnuaf4fzsmx89mvmjl2qhyy5jnzyk2le03886kj6z9yp,https://www.balanceanalytics.io/api/groupdata.json,2026-05-18T17:17:32+00:00
pool14hp04q89xy58gh9jjvfra5x8lfzd7jes3jljwcjrh0rcjqkss7y,pool14hp04q89xy58gh9jjvfra5x8lfzd7jes3jljwcjrh0rcjqkss7y,https://www.balanceanalytics.io/api/groupdata.json,2026-05-18T17:17:32+00:00
pool14hpc9wgnwy0w3jrlcqwftyufm8xs5qena4sax5hx7e5q703uuml,pool14hpc9wgnwy0w3jrlcqwftyufm8xs5qena4sax5hx7e5q703uuml,https://www.balanceanalytics.io/api/groupdata.json,2026-05-18T17:17:32+00:00
pool14hsxa2zfwzvy9ncdjwnx0xkcltjmdydeayxfju7suuuewv0dnke,pool14hsxa2zfwzvy9ncdjwnx0xkcltjmdydeayxfju7suuuewv0dnke,https://www.balanceanalytics.io/api/groupdata.json,2026-05-18T17:17:32+00:00
pool14jvknxnz7zmp9mgmxmm5nmm5r0fsqcpnjrwes0kuq5w3uy3nxa4,pool14jvknxnz7zmp9mgmxmm5nmm5r0fsqcpnjrwes0kuq5w3uy3nxa4,https://www.balanceanalytics.io/api/groupdata.json,2026-05-18T17:17:32+00:00
pool14kd9lt3gsdhv48j9w4vgcufw0txdvz932xwh9dapkpv2c0j4ytd,pool14kd9lt3gsdhv48j9w4vgcufw0txdvz932xwh9dapkpv2c0j4ytd,https://www.balanceanalytics.io/api/groupdata.json,2026-05-18T17:17:32+00:00
pool14kddecyyn0vjm07kr7vctnqnn3dt668dna63epdly220z4kgss7,pool14kddecyyn0vjm07kr7vctnqnn3dt668dna63epdly220z4kgss7,https://www.balanceanalytics.io/api/groupdata.json,2026-05-18T17:17:32+00:00
pool14klr0hf5chszxhqt72nqxl57q4eemz0ys83pcpnc8nmy68fx5vc,pool14klr0hf5chszxhqt72nqxl57q4eemz0ys83pcpnc8nmy68fx5vc,https://www.balanceanalytics.io/api/groupdata.json,2026-05-18T17:17:32+00:00
pool14kpgu6snu63hs4muaxzc3uc9mtdxkxmdx0fagssftdqkwdelakj,pool14kpgu6snu63hs4muaxzc3uc9mtdxkxmdx0fagssftdqkwdelakj,https://www.balanceanalytics.io/api/groupdata.json,2026-05-18T17:17:32+00:00
pool14kte54qp8ckszl042tsfkwpmvyfhdh3vckdaykpls6nryma209j,pool14kte54qp8ckszl042tsfkwpmvyfhdh3vckdaykpls6nryma209j,https://www.balanceanalytics.io/api/groupdata.json,2026-05-18T17:17:32+00:00
pool14llguwz2vrz2pey2s8kavqjz6nfttvwx08ydq4xgg90fcncn80x,pool14llguwz2vrz2pey2s8kavqjz6nfttvwx08ydq4xgg90fcncn80x,https://www.balanceanalytics.io/api/groupdata.json,2026-05-18T17:17:32+00:00
pool14lr9ef5a22ng5xcu2rhpkkc86u5fp24r5gnj6hvnjxmsv8t8rtj,pool14lr9ef5a22ng5xcu2rhpkkc86u5fp24r5gnj6hvnjxmsv8t8rtj,https://www.balanceanalytics.io/api/groupdata.json,2026-05-18T17:17:32+00:00
pool14mfq8s3gspe8sdka6cgkm6jzgd644dvw2av5kqa8w4havs9e57u,pool14mfq8s3gspe8sdka6cgkm6jzgd644dvw2av5kqa8w4havs9e57u,https://www.balanceanalytics.io/api/groupdata.json,2026-05-18T17:17:32+00:00
pool14mhf0xtx45a8979mcnad8upas8apwal4nfqd95arv4wlsuk6m9q,WAVE,https://www.balanceanalytics.io/api/groupdata.json,2026-05-18T17:17:32+00:00
pool14mm59ntjqzphjr6chrww639cdr3yjce4qcwzc5jkk38y22u7uc6,YUTA,https://www.balanceanalytics.io/api/groupdata.json,2026-05-18T17:17:32+00:00
pool14mma26pz4v888lrxtlzm22vjd68h5hd89kj7jaag6knx7x3k5ed,pool14mma26pz4v888lrxtlzm22vjd68h5hd89kj7jaag6knx7x3k5ed,https://www.balanceanalytics.io/api/groupdata.json,2026-05-18T17:17:32+00:00
pool14mumny7t9l4ydjkqkllylxzzvwf0s5te9vujqet82eszj3d6ccm,pool14mumny7t9l4ydjkqkllylxzzvwf0s5te9vujqet82eszj3d6ccm,https://www.balanceanalytics.io/api/groupdata.json,2026-05-18T17:17:32+00:00
pool14n6nrj7rdrcxhwlzx5kytt60pqwnzjm97nuczrpa0ucwzyx2ule,pool14n6nrj7rdrcxhwlzx5kytt60pqwnzjm97nuczrpa0ucwzyx2ule,https://www.balanceanalytics.io/api/groupdata.json,2026-05-18T17:17:32+00:00
pool14n77mmxh6a2d9k05jamzdwsws2ayvkyje8uc7led958p63at3aj,SECUR,https://www.balanceanalytics.io/api/groupdata.json,2026-05-18T17:17:32+00:00
pool14nxj3szga2tgllwenjgajfl3y4t570yghhyk36d2heuqvy63wl3,COINBASE,https://www.balanceanalytics.io/api/groupdata.json,2026-05-18T17:17:32+00:00
pool14nzt6708j4jgu5f5ajxgp0pdfp42jqraum585dy2r7vt5zulyd8,pool14nzt6708j4jgu5f5ajxgp0pdfp42jqraum585dy2r7vt5zulyd8,https://www.balanceanalytics.io/api/groupdata.json,2026-05-18T17:17:32+00:00
pool14p4ksk3ddqtax905sys7ujakpxwvfsntjnvlu8p9d3wxycy7pv3,FIMI,https://www.balanceanalytics.io/api/groupdata.json,2026-05-18T17:17:32+00:00
pool14p6lu0454w4wq6gsxxftqdz43x3tuv3teunp8kgu08tacgf43gd,pool14p6lu0454w4wq6gsxxftqdz43x3tuv3teunp8kgu08tacgf43gd,https://www.balanceanalytics.io/api/groupdata.json,2026-05-18T17:17:32+00:00
pool14pd52qa34sux75pr582c0np00rvhx3jvp02zxnqphgspg5yms4n,pool14pd52qa34sux75pr582c0np00rvhx3jvp02zxnqphgspg5yms4n,https://www.balanceanalytics.io/api/groupdata.json,2026-05-18T17:17:32+00:00
pool14pm8aq4eu6ms4r5egy6j4g0ny76cpqgy40qgyxa8c4f02kj98wg,pool14pm8aq4eu6ms4r5egy6j4g0ny76cpqgy40qgyxa8c4f02kj98wg,https://www.balanceanalytics.io/api/groupdata.json,2026-05-18T17:17:32+00:00
pool14prutdqlndelj94pdz6h03yjh8c2qrmvgzrh4f46nryn2024u90,pool14prutdqlndelj94pdz6h03yjh8c2qrmvgzrh4f46nryn2024u90,https://www.balanceanalytics.io/api/groupdata.json,2026-05-18T17:17:32+00:00
pool14pwff25hl70dusazjckjqvzft35ew67t33x49hwjm5j7y675ere,pool14pwff25hl70dusazjckjqvzft35ew67t33x49hwjm5j7y675ere,https://www.balanceanalytics.io/api/groupdata.json,2026-05-18T17:17:32+00:00
pool14pxhk34wlpu2azrnwy9ah8hrzxgffhqthcxcp620209eupfjfcn,pool14pxhk34wlpu2azrnwy9ah8hrzxgffhqthcxcp620209eupfjfcn,https://www.balanceanalytics.io/api/groupdata.json,2026-05-18T17:17:32+00:00
pool14qpadfdjzw6jkwxy67uhey6tjpyppsmwgz5awfsxwrtpsecslpc,pool14qpadfdjzw6jkwxy67uhey6tjpyppsmwgz5awfsxwrtpsecslpc,https://www.balanceanalytics.io/api/groupdata.json,2026-05-18T17:17:32+00:00
pool14rf039l9kskejp4g7synrefujghemdwkenx544gywgp9cttert6,pool14rf039l9kskejp4g7synrefujghemdwkenx544gywgp9cttert6,https://www.balanceanalytics.io/api/groupdata.json,2026-05-18T17:17:32+00:00
pool14rnkjjate6rqa7f9xmezgwne99n8hlahg7ymcyhzkhus758r3h7,pool14rnkjjate6rqa7f9xmezgwne99n8hlahg7ymcyhzkhus758r3h7,https://www.balanceanalytics.io/api/groupdata.json,2026-05-18T17:17:32+00:00
pool14rs7ky0p867k0fe9mk3uug9c6w0mwlz3sllh7rpwxcqacr70s8t,pool14rs7ky0p867k0fe9mk3uug9c6w0mwlz3sllh7rpwxcqacr70s8t,https://www.balanceanalytics.io/api/groupdata.json,2026-05-18T17:17:32+00:00
pool14rxm70xxyj90dw0x58msyl7gkejqlz2tfp9u7a92zx4gyw7c7ry,pool14rxm70xxyj90dw0x58msyl7gkejqlz2tfp9u7a92zx4gyw7c7ry,https://www.balanceanalytics.io/api/groupdata.json,2026-05-18T17:17:32+00:00
pool14skj6e4rpjanzclx3fc880xnl8xafgg63tmw93t9xspvwx985qu,EVE,https://www.balanceanalytics.io/api/groupdata.json,2026-05-18T17:17:32+00:00
pool14sy0qjv6fl5jcv0gfn6zl8w9tqnm67drxum6tdmazcjvypy848w,pool14sy0qjv6fl5jcv0gfn6zl8w9tqnm67drxum6tdmazcjvypy848w,https://www.balanceanalytics.io/api/groupdata.json,2026-05-18T17:17:32+00:00
pool14t5mu3sc07e92k6etpq2xftwjy2z3y8gxq0wny2crdckq2rpt0r,pool14t5mu3sc07e92k6etpq2xftwjy2z3y8gxq0wny2crdckq2rpt0r,https://www.balanceanalytics.io/api/groupdata.json,2026-05-18T17:17:32+00:00
pool14tdqa54j9kwhxpx3q55zrgt2gc8lqk9trkhfe7m36fhp7jjzf6w,pool14tdqa54j9kwhxpx3q55zrgt2gc8lqk9trkhfe7m36fhp7jjzf6w,https://www.balanceanalytics.io/api/groupdata.json,2026-05-18T17:17:32+00:00
pool14tj8njl3ggzj4dzcsrm5yjekrahytp4zkh3s78gsxz4c55jfuzv,pool14tj8njl3ggzj4dzcsrm5yjekrahytp4zkh3s78gsxz4c55jfuzv,https://www.balanceanalytics.io/api/groupdata.json,2026-05-18T17:17:32+00:00
pool14ts4y6fpvxnc3e2aqwxqh5xskjyzlpzk6rexgyt3syh2vdgrv7a,pool14ts4y6fpvxnc3e2aqwxqh5xskjyzlpzk6rexgyt3syh2vdgrv7a,https://www.balanceanalytics.io/api/groupdata.json,2026-05-18T17:17:32+00:00
pool14tycljmyfjrnwfsg98ed54vn5ttr4w2rg5lceecm7tjcs9n2kas,pool14tycljmyfjrnwfsg98ed54vn5ttr4w2rg5lceecm7tjcs9n2kas,https://www.balanceanalytics.io/api/groupdata.json,2026-05-18T17:17:32+00:00
pool14ujg8l2x6fm5jm07jd6jftktt35dzsnefl2jmx9d8vr4cxxkt5d,pool14ujg8l2x6fm5jm07jd6jftktt35dzsnefl2jmx9d8vr4cxxkt5d,https://www.balanceanalytics.io/api/groupdata.json,2026-05-18T17:17:32+00:00
pool14vtv7kae9z8rqaevzp6d3v0fsj6qch5agjy8w2v0tl6wyt9a7jx,pool14vtv7kae9z8rqaevzp6d3v0fsj6qch5agjy8w2v0tl6wyt9a7jx,https://www.balanceanalytics.io/api/groupdata.json,2026-05-18T17:17:32+00:00
pool14w9tn4w30dwd2lfv4cwjg2a2e3ukfd0nqrydx37fjzf7z5f5jnk,KAIZN,https://www.balanceanalytics.io/api/groupdata.json,2026-05-18T17:17:32+00:00
pool14wf5j4jewvlr5z2dw3d7fukjay2dk00davja2q9l90lukpt5t5j,pool14wf5j4jewvlr5z2dw3d7fukjay2dk00davja2q9l90lukpt5t5j,https://www.balanceanalytics.io/api/groupdata.json,2026-05-18T17:17:32+00:00
pool14wfydr6sewgx0qw39ccv53dysgg9m4u2763ngcyuyuxrxdfhq3e,pool14wfydr6sewgx0qw39ccv53dysgg9m4u2763ngcyuyuxrxdfhq3e,https://www.balanceanalytics.io/api/groupdata.json,2026-05-18T17:17:32+00:00
pool14wk2m2af7y4gk5uzlsmsunn7d9ppldvcxxa5an9r5ywek8330fg,pool14wk2m2af7y4gk5uzlsmsunn7d9ppldvcxxa5an9r5ywek8330fg,https://www.balanceanalytics.io/api/groupdata.json,2026-05-18T17:17:32+00:00
pool14wn0gvhwme9lxx9l7j85k0dr2twyrgf9j0k3gx0f5d5ckzeln2l,pool14wn0gvhwme9lxx9l7j85k0dr2twyrgf9j0k3gx0f5d5ckzeln2l,https://www.balanceanalytics.io/api/groupdata.json,2026-05-18T17:17:32+00:00
pool14xgsw2ctjmnrlhw6fddq89sxgj89l9gvexx9hjux9z2uwj3av90,pool14xgsw2ctjmnrlhw6fddq89sxgj89l9gvexx9hjux9z2uwj3av90,https://www.balanceanalytics.io/api/groupdata.json,2026-05-18T17:17:32+00:00
pool14xn92tl40w4wzkqjwn6y6jqdnkj69xfxcenmympgsarvk6hkqkp,pool14xn92tl40w4wzkqjwn6y6jqdnkj69xfxcenmympgsarvk6hkqkp,https://www.balanceanalytics.io/api/groupdata.json,2026-05-18T17:17:32+00:00
pool14xq8v9s80ut6vmwp93tzhlydhsdqhxk3e9jerl2kl7hm2dq6pru,COINBASE,https://www.balanceanalytics.io/api/groupdata.json,2026-05-18T17:17:32+00:00
pool14y3wr9lkqyeg8z8pwuprmjwahr0ydu0pjs8usy2g93mugtpx622,pool14y3wr9lkqyeg8z8pwuprmjwahr0ydu0pjs8usy2g93mugtpx622,https://www.balanceanalytics.io/api/groupdata.json,2026-05-18T17:17:32+00:00
pool14yezww4csqq4ny9xwl45e3vckvrd7rkw2j4f350wl2mqqw6shcf,pool14yezww4csqq4ny9xwl45e3vckvrd7rkw2j4f350wl2mqqw6shcf,https://www.balanceanalytics.io/api/groupdata.json,2026-05-18T17:17:32+00:00
pool14ym9xrwe8vjl8xfm7xjx3eeg7fdqekkrejhuug732myd66y6qdy,pool14ym9xrwe8vjl8xfm7xjx3eeg7fdqekkrejhuug732myd66y6qdy,https://www.balanceanalytics.io/api/groupdata.json,2026-05-18T17:17:32+00:00
pool14z5zuqy98d956cktyjuztaj7u4a4wje88c8ewznqdh6uxwlpnj4,pool14z5zuqy98d956cktyjuztaj7u4a4wje88c8ewznqdh6uxwlpnj4,https://www.balanceanalytics.io/api/groupdata.json,2026-05-18T17:17:32+00:00
pool14zdcvdec8qmqzsat5wg3a2h9f0u5yzrgjew534z8u3gs5durnjz,PAUL,https://www.balanceanalytics.io/api/groupdata.json,2026-05-18T17:17:32+00:00
pool14zkvjsd7ny9dgc2d5faqwttzh2me0tzuk9xmf8vydxxcvqaaaya,pool14zkvjsd7ny9dgc2d5faqwttzh2me0tzuk9xmf8vydxxcvqaaaya,https://www.balanceanalytics.io/api/groupdata.json,2026-05-18T17:17:32+00:00
pool1509aw97y38yl6cpamvpzv58hh9c6lxrggxssya9twj9f6xxd394,pool1509aw97y38yl6cpamvpzv58hh9c6lxrggxssya9twj9f6xxd394,https://www.balanceanalytics.io/api/groupdata.json,2026-05-18T17:17:32+00:00
pool150hft90uw7tzr9uvj7tqkjp4u98a9hl20llj3n9ew76kkfm768r,pool150hft90uw7tzr9uvj7tqkjp4u98a9hl20llj3n9ew76kkfm768r,https://www.balanceanalytics.io/api/groupdata.json,2026-05-18T17:17:32+00:00
pool150n38x8gquu4yt5s0s6m3ajjqe89y68x96dh32tq8a4es2l6dvp,ETORO,https://www.balanceanalytics.io/api/groupdata.json,2026-05-18T17:17:32+00:00
pool1522rtve5zlgnlh3zm5a4mcy3u7gpndg3kkac3xyzxmp6x6weca3,pool1522rtve5zlgnlh3zm5a4mcy3u7gpndg3kkac3xyzxmp6x6weca3,https://www.balanceanalytics.io/api/groupdata.json,2026-05-18T17:17:32+00:00
pool152zrg07tzs7vjcw7q64r85egv6efr59lsyn4v5yqqxy0vspj26f,pool152zrg07tzs7vjcw7q64r85egv6efr59lsyn4v5yqqxy0vspj26f,https://www.balanceanalytics.io/api/groupdata.json,2026-05-18T17:17:32+00:00
pool1533ly347ggl6je42ta7l7dv262hg07n8p4y8v32npgvajl6rxqz,pool1533ly347ggl6je42ta7l7dv262hg07n8p4y8v32npgvajl6rxqz,https://www.balanceanalytics.io/api/groupdata.json,2026-05-18T17:17:32+00:00
pool153lhpqpcms4a73metcjd439h8yzvht2yyjluuav9vfsv75gtf7l,pool153lhpqpcms4a73metcjd439h8yzvht2yyjluuav9vfsv75gtf7l,https://www.balanceanalytics.io/api/groupdata.json,2026-05-18T17:17:32+00:00
pool153sc4fct34a680nyfj4084w8dpax6c0zt0js8zqvg3sj7wtk486,SASA,https://www.balanceanalytics.io/api/groupdata.json,2026-05-18T17:17:32+00:00
pool154hq0j6u6ydz62mtlu7xaj78mhreyp0zsv2kq7f0qmne2fu4t7y,CTEC,https://www.balanceanalytics.io/api/groupdata.json,2026-05-18T17:17:32+00:00
pool154sjkrwdu80wp6mnjvkwk55aj53l4v37z4zwulfak74vcxg60x0,pool154sjkrwdu80wp6mnjvkwk55aj53l4v37z4zwulfak74vcxg60x0,https://www.balanceanalytics.io/api/groupdata.json,2026-05-18T17:17:32+00:00
pool154xmvhp4jnz7phwcla09uvzqnn3ch54lh2yzrt2znxdgc4trp8x,pool154xmvhp4jnz7phwcla09uvzqnn3ch54lh2yzrt2znxdgc4trp8x,https://www.balanceanalytics.io/api/groupdata.json,2026-05-18T17:17:32+00:00
pool155cu3s06js3llfh07vnzepatfuvt3s5s7uwldt9rzz55wz7pugt,SPS,https://www.balanceanalytics.io/api/groupdata.json,2026-05-18T17:17:32+00:00
pool155efqn9xpcf73pphkk88cmlkdwx4ulkg606tne970qswczg3asc,IOG,https://www.balanceanalytics.io/api/groupdata.json,2026-05-18T17:17:32+00:00
pool155p7g23vdme50kp5lfqylfx5h7ndldyz2mletvr8fqucqzyrk44,WAVE,https://www.balanceanalytics.io/api/groupdata.json,2026-05-18T17:17:32+00:00
pool155x3l57d4xu52t93f9r55cqaysej4pc2dl3jkc9d6w5ckyu6u7n,pool155x3l57d4xu52t93f9r55cqaysej4pc2dl3jkc9d6w5ckyu6u7n,https://www.balanceanalytics.io/api/groupdata.json,2026-05-18T17:17:32+00:00
pool15676jwlm6gancffzs2jg9vf5xwzmspyktw75dl4kaucyst4qt8q,THC,https://www.balanceanalytics.io/api/groupdata.json,2026-05-18T17:17:32+00:00
pool1568zhphxsnj5mfszwgta5zlvulu67g8f4jn6d3xs2tvas8ffu76,pool1568zhphxsnj5mfszwgta5zlvulu67g8f4jn6d3xs2tvas8ffu76,https://www.balanceanalytics.io/api/groupdata.json,2026-05-18T17:17:32+00:00
pool156wg3relgtlhwu55z3wpqurtaprguefe9tzrakhuqyyc60553au,pool156wg3relgtlhwu55z3wpqurtaprguefe9tzrakhuqyyc60553au,https://www.balanceanalytics.io/api/groupdata.json,2026-05-18T17:17:32+00:00
pool1570hpvwg22nm8uat505mj5hm6p6z26528nuwvrr7r5nh6yavdqt,pool1570hpvwg22nm8uat505mj5hm6p6z26528nuwvrr7r5nh6yavdqt,https://www.balanceanalytics.io/api/groupdata.json,2026-05-18T17:17:32+00:00
pool1570nv2jeglcq92gg0qmkyl5dwg92mj4374j4c7eagx47kdm0r4l,COINBASE,https://www.balanceanalytics.io/api/groupdata.json,2026-05-18T17:17:32+00:00
pool15723rmfj9yw88yj3vjhh4f82xlwkqrwthmgw79zt6v7ukx3zv2y,pool15723rmfj9yw88yj3vjhh4f82xlwkqrwthmgw79zt6v7ukx3zv2y,https://www.balanceanalytics.io/api/groupdata.json,2026-05-18T17:17:32+00:00
pool15730lwmu7vrffkl40wtjrnctsfd840fl5jmuw230r0d65a74k5e,pool15730lwmu7vrffkl40wtjrnctsfd840fl5jmuw230r0d65a74k5e,https://www.balanceanalytics.io/api/groupdata.json,2026-05-18T17:17:32+00:00
pool157dwm0l9jf2h59me75slfww8dylcnumdgjvhpsyhfmlry4cn44a,pool157dwm0l9jf2h59me75slfww8dylcnumdgjvhpsyhfmlry4cn44a,https://www.balanceanalytics.io/api/groupdata.json,2026-05-18T17:17:32+00:00
pool157e2zadjusu6esf9mmx37nf63ep2gazdeln5mh04ylpcvz59g5c,pool157e2zadjusu6esf9mmx37nf63ep2gazdeln5mh04ylpcvz59g5c,https://www.balanceanalytics.io/api/groupdata.json,2026-05-18T17:17:32+00:00
pool157sjc5een0ptynrn6ettx6zr2gl8wm8ymjtwuyravqmmcs45d20,pool157sjc5een0ptynrn6ettx6zr2gl8wm8ymjtwuyravqmmcs45d20,https://www.balanceanalytics.io/api/groupdata.json,2026-05-18T17:17:32+00:00
pool157wrsl3pzfj500grm7p3582y2vhl7velprfj5uxx8har6v2whya,pool157wrsl3pzfj500grm7p3582y2vhl7velprfj5uxx8har6v2whya,https://www.balanceanalytics.io/api/groupdata.json,2026-05-18T17:17:32+00:00
pool157xnzltgv3h4zzege5qh0fx23cr90gve663xddtq4j0u56fu8c9,pool157xnzltgv3h4zzege5qh0fx23cr90gve663xddtq4j0u56fu8c9,https://www.balanceanalytics.io/api/groupdata.json,2026-05-18T17:17:32+00:00
pool158ag8p06qm4apd750ekep6een9cdldqsq434ll2mp0ykgunmguy,pool158ag8p06qm4apd750ekep6een9cdldqsq434ll2mp0ykgunmguy,https://www.balanceanalytics.io/api/groupdata.json,2026-05-18T17:17:32+00:00
pool158je65d93ghx2sedvazczpxjvnx0k6mwxwup8vv6uxnz2x0xal4,pool158je65d93ghx2sedvazczpxjvnx0k6mwxwup8vv6uxnz2x0xal4,https://www.balanceanalytics.io/api/groupdata.json,2026-05-18T17:17:32+00:00
pool159lt33zgmwm4ehyhr39lw5gv4flncg0lswxrrny8fnc4uun4h74,pool159lt33zgmwm4ehyhr39lw5gv4flncg0lswxrrny8fnc4uun4h74,https://www.balanceanalytics.io/api/groupdata.json,2026-05-18T17:17:32+00:00
pool159nu5jnr7jc58hqaw880qtpzsq72q9pc9w3r88reeuyh702apfe,pool159nu5jnr7jc58hqaw880qtpzsq72q9pc9w3r88reeuyh702apfe,https://www.balanceanalytics.io/api/groupdata.json,2026-05-18T17:17:32+00:00
pool15a04yc72q4tfkwaweu86l0764urswee8c3zxperyrdq4kx8nvua,1PCT,https://www.balanceanalytics.io/api/groupdata.json,2026-05-18T17:17:32+00:00
pool15adjfpfxey958sy0g2l2n8faufnvefv8g9r7pf6tknxewuh343u,pool15adjfpfxey958sy0g2l2n8faufnvefv8g9r7pf6tknxewuh343u,https://www.balanceanalytics.io/api/groupdata.json,2026-05-18T17:17:32+00:00
pool15amxxauxh409wcuc87e0tusfzuka0wfvxhxmpt6vugqgsw6j4d6,pool15amxxauxh409wcuc87e0tusfzuka0wfvxhxmpt6vugqgsw6j4d6,https://www.balanceanalytics.io/api/groupdata.json,2026-05-18T17:17:32+00:00
pool15auyy282239uj3z4uah4y74wu5exdy5lpwegj6yn5pzy7g4rv3r,BINANCE,https://www.balanceanalytics.io/api/groupdata.json,2026-05-18T17:17:32+00:00
pool15ccmgcc4k9t8auxw9v4dfjmrl2kqnuevawn8z6n7xv09utw9hh3,4ADA,https://www.balanceanalytics.io/api/groupdata.json,2026-05-18T17:17:32+00:00
pool15cy4p3axu0m6sfrmxsp46z5cevx3ruksfwjl48730cgx24j4ydz,pool15cy4p3axu0m6sfrmxsp46z5cevx3ruksfwjl48730cgx24j4ydz,https://www.balanceanalytics.io/api/groupdata.json,2026-05-18T17:17:32+00:00
pool15d62znf04qymt6ve536tt5y9ky979ly4um5zmgz9m850vu7wuv7,ADALITE,https://www.balanceanalytics.io/api/groupdata.json,2026-05-18T17:17:32+00:00
pool15dp6dchtfwml32ls8xuzu4u3xx6kjekc3kvn0enexefxj90hw3c,pool15dp6dchtfwml32ls8xuzu4u3xx6kjekc3kvn0enexefxj90hw3c,https://www.balanceanalytics.io/api/groupdata.json,2026-05-18T17:17:32+00:00
pool15e9fqsw4rdkc2ehwrzegzts99gz70x54gnpxkqnlh9gz6thpuqv,pool15e9fqsw4rdkc2ehwrzegzts99gz70x54gnpxkqnlh9gz6thpuqv,https://www.balanceanalytics.io/api/groupdata.json,2026-05-18T17:17:32+00:00
pool15em5uvfe8ujs3ny6ydcnynazvxhnk7dq9hu8zp4qf5jmknx32jn,pool15em5uvfe8ujs3ny6ydcnynazvxhnk7dq9hu8zp4qf5jmknx32jn,https://www.balanceanalytics.io/api/groupdata.json,2026-05-18T17:17:32+00:00
pool15f9qklmaajysmwx9n3rkgc5s2g3rfffz4x8spnedtzdgq43tpe2,pool15f9qklmaajysmwx9n3rkgc5s2g3rfffz4x8spnedtzdgq43tpe2,https://www.balanceanalytics.io/api/groupdata.json,2026-05-18T17:17:32+00:00
pool15fgwk5vxn34efj79qlfzuahdpu6ax8x2hkchyh8mehdh23q0nqz,BINANCE,https://www.balanceanalytics.io/api/groupdata.json,2026-05-18T17:17:32+00:00
pool15fn9e84lmcp88z6yldagdele2lq0kqremlf0j96v7cj0jj6v22l,pool15fn9e84lmcp88z6yldagdele2lq0kqremlf0j96v7cj0jj6v22l,https://www.balanceanalytics.io/api/groupdata.json,2026-05-18T17:17:32+00:00
pool15ftrqf7j80w57leflatx66x00qfhu483a290gmp7q85pjxrf480,pool15ftrqf7j80w57leflatx66x00qfhu483a290gmp7q85pjxrf480,https://www.balanceanalytics.io/api/groupdata.json,2026-05-18T17:17:32+00:00
pool15fxktqvd92sq8plh3rjdrksumt9p8rzsayfk4akv2hng5r8ukha,pool15fxktqvd92sq8plh3rjdrksumt9p8rzsayfk4akv2hng5r8ukha,https://www.balanceanalytics.io/api/groupdata.json,2026-05-18T17:17:32+00:00
pool15hx9hze8ulcsw6e7ceelz2pem2g3u9c29wqe4eszkhspj3wcdlx,SPIRE,https://www.balanceanalytics.io/api/groupdata.json,2026-05-18T17:17:32+00:00
pool15j6hdfel6c6zcr8gu39qgp5xkrs264yn9hm8ynhaydjtxvmznxq,pool15j6hdfel6c6zcr8gu39qgp5xkrs264yn9hm8ynhaydjtxvmznxq,https://www.balanceanalytics.io/api/groupdata.json,2026-05-18T17:17:32+00:00
pool15jc92k3rhksa3uf92sluqhhnnetx04l49xttslx67kuxz5e36e4,pool15jc92k3rhksa3uf92sluqhhnnetx04l49xttslx67kuxz5e36e4,https://www.balanceanalytics.io/api/groupdata.json,2026-05-18T17:17:32+00:00
pool15jdufl3ahh3gn0p4nf92pxjqhs2qm2kwf626hdaxktn9yh8m3p6,pool15jdufl3ahh3gn0p4nf92pxjqhs2qm2kwf626hdaxktn9yh8m3p6,https://www.balanceanalytics.io/api/groupdata.json,2026-05-18T17:17:32+00:00
pool15jghwj2w3ag0yxh45w0a8d2aexlrhp3ce3gefm4ap07ssehz8qj,ASTRL,https://www.balanceanalytics.io/api/groupdata.json,2026-05-18T17:17:32+00:00
pool15jglqzc80vp83806wpa3rae699q32sxwycjmztkpy6h92p43t4h,pool15jglqzc80vp83806wpa3rae699q32sxwycjmztkpy6h92p43t4h,https://www.balanceanalytics.io/api/groupdata.json,2026-05-18T17:17:32+00:00
pool15jh849vks9mctm28xe6kgz682vnlu0pzawvftl7ltjtvwpwp59s,pool15jh849vks9mctm28xe6kgz682vnlu0pzawvftl7ltjtvwpwp59s,https://www.balanceanalytics.io/api/groupdata.json,2026-05-18T17:17:32+00:00
pool15jkpn2jewgensrnulsm0kqtj58nauvgng0qvy2ux47jdwncsw9s,pool15jkpn2jewgensrnulsm0kqtj58nauvgng0qvy2ux47jdwncsw9s,https://www.balanceanalytics.io/api/groupdata.json,2026-05-18T17:17:32+00:00
pool15jlf23neurgga440wxfux2g4pk0pwjm0t9mvvzvs0npvy59mdpn,pool15jlf23neurgga440wxfux2g4pk0pwjm0t9mvvzvs0npvy59mdpn,https://www.balanceanalytics.io/api/groupdata.json,2026-05-18T17:17:32+00:00
pool15ju4ktqmtha9vry4mf44hr2psf807n4achj76z8uhawgw9462kx,pool15ju4ktqmtha9vry4mf44hr2psf807n4achj76z8uhawgw9462kx,https://www.balanceanalytics.io/api/groupdata.json,2026-05-18T17:17:32+00:00
pool15jzfzmh3s4vnhm2qm3p5e0632kv8nuw2luxarqrzpa8a6cgnthk,pool15jzfzmh3s4vnhm2qm3p5e0632kv8nuw2luxarqrzpa8a6cgnthk,https://www.balanceanalytics.io/api/groupdata.json,2026-05-18T17:17:32+00:00
pool15k0zeppza4qzgf6z7wmwsgvl5rz9f6489zxhrxqa8dj6jzju6ct,pool15k0zeppza4qzgf6z7wmwsgvl5rz9f6489zxhrxqa8dj6jzju6ct,https://www.balanceanalytics.io/api/groupdata.json,2026-05-18T17:17:32+00:00
pool15kek228mhvnsncdjn77u8qtrn8hjh5wfzmh6g942xf0353yc77j,COINBASE,https://www.balanceanalytics.io/api/groupdata.json,2026-05-18T17:17:32+00:00
pool15kh3h3d77hdcv4ld82cm7mxh7uuqm6d568drqaky9ftlczl6hfh,pool15kh3h3d77hdcv4ld82cm7mxh7uuqm6d568drqaky9ftlczl6hfh,https://www.balanceanalytics.io/api/groupdata.json,2026-05-18T17:17:32+00:00
pool15krrlqfd3uc8nea2tw8z3wl2v0fny4enhu3q892988zv7dhv0vk,pool15krrlqfd3uc8nea2tw8z3wl2v0fny4enhu3q892988zv7dhv0vk,https://www.balanceanalytics.io/api/groupdata.json,2026-05-18T17:17:32+00:00
pool15l4plz3r2lm5x48lz78ph7qh8w89zd7ewrg62gvwv7u7kw6tmns,pool15l4plz3r2lm5x48lz78ph7qh8w89zd7ewrg62gvwv7u7kw6tmns,https://www.balanceanalytics.io/api/groupdata.json,2026-05-18T17:17:32+00:00
pool15l7f5vd5sqchjqys6x5ygmdgs88q4y6ndwc7xy9a05y2jfced93,pool15l7f5vd5sqchjqys6x5ygmdgs88q4y6ndwc7xy9a05y2jfced93,https://www.balanceanalytics.io/api/groupdata.json,2026-05-18T17:17:32+00:00
pool15l8p8v8yzdjvl3vml6qafx0wgy4k6t938jl0qy24wslgw7xlhc2,pool15l8p8v8yzdjvl3vml6qafx0wgy4k6t938jl0qy24wslgw7xlhc2,https://www.balanceanalytics.io/api/groupdata.json,2026-05-18T17:17:32+00:00
pool15lp37f7da0guj662jcxy0eyc49s5gxudcd93j8qz4nfcvuhrsf9,pool15lp37f7da0guj662jcxy0eyc49s5gxudcd93j8qz4nfcvuhrsf9,https://www.balanceanalytics.io/api/groupdata.json,2026-05-18T17:17:32+00:00
pool15lv8dzefc22k53cadcn8cmuqzwp688gjp8dfjsrmtdd9qstqcf5,pool15lv8dzefc22k53cadcn8cmuqzwp688gjp8dfjsrmtdd9qstqcf5,https://www.balanceanalytics.io/api/groupdata.json,2026-05-18T17:17:32+00:00
pool15m2c9krv4lvxrxzwcvlncjah4v0ps0g8rx4ujg63m5kaw8rfzz9,pool15m2c9krv4lvxrxzwcvlncjah4v0ps0g8rx4ujg63m5kaw8rfzz9,https://www.balanceanalytics.io/api/groupdata.json,2026-05-18T17:17:32+00:00
pool15m3nrmzhaef66j4sue7p66yshtxfug84zuhfd8skxhh9q6mkgyx,pool15m3nrmzhaef66j4sue7p66yshtxfug84zuhfd8skxhh9q6mkgyx,https://www.balanceanalytics.io/api/groupdata.json,2026-05-18T17:17:32+00:00
pool15m78a3nfcepn8ekyzx6sa8yexg7cqseer2ktu26f7l9jjq0e502,pool15m78a3nfcepn8ekyzx6sa8yexg7cqseer2ktu26f7l9jjq0e502,https://www.balanceanalytics.io/api/groupdata.json,2026-05-18T17:17:32+00:00
pool15mfkj8sl7estcmmd5a07afrx5f4hlz3pcr6p6ay5pfmrjfl2hlf,pool15mfkj8sl7estcmmd5a07afrx5f4hlz3pcr6p6ay5pfmrjfl2hlf,https://www.balanceanalytics.io/api/groupdata.json,2026-05-18T17:17:32+00:00
pool15mkly3gw008dmxfrh9eycl5aguyfm0rhdlup2hzukjkrsfdxqew,pool15mkly3gw008dmxfrh9eycl5aguyfm0rhdlup2hzukjkrsfdxqew,https://www.balanceanalytics.io/api/groupdata.json,2026-05-18T17:17:32+00:00
pool15mv5w2vvfv2kplkrt40ylylyvdudv5axq5nyw6ln3v0gkd2auew,NLD,https://www.balanceanalytics.io/api/groupdata.json,2026-05-18T17:17:32+00:00
pool15nr3j0nq7wjlx8u3egwlemhzvdr08vryykktqvav5l96yhlmm68,pool15nr3j0nq7wjlx8u3egwlemhzvdr08vryykktqvav5l96yhlmm68,https://www.balanceanalytics.io/api/groupdata.json,2026-05-18T17:17:32+00:00
pool15nww4436eq733eypdq7vnllsnqyrwftw434xkvpm2mc2kfue2ux,pool15nww4436eq733eypdq7vnllsnqyrwftw434xkvpm2mc2kfue2ux,https://www.balanceanalytics.io/api/groupdata.json,2026-05-18T17:17:32+00:00
pool15pggy59smh8465ldedcc5ks0nlr6xxlna73wmpkfp5jn7sh23pv,pool15pggy59smh8465ldedcc5ks0nlr6xxlna73wmpkfp5jn7sh23pv,https://www.balanceanalytics.io/api/groupdata.json,2026-05-18T17:17:32+00:00
pool15plk69huszwt6mpamzacu07un6r5u89vhfyq5dvm8u39yhqq2dc,pool15plk69huszwt6mpamzacu07un6r5u89vhfyq5dvm8u39yhqq2dc,https://www.balanceanalytics.io/api/groupdata.json,2026-05-18T17:17:32+00:00
pool15pmdr6nw3g6mmt7regefp2lrx3njah0gpwsnqm794c4wsr23062,pool15pmdr6nw3g6mmt7regefp2lrx3njah0gpwsnqm794c4wsr23062,https://www.balanceanalytics.io/api/groupdata.json,2026-05-18T17:17:32+00:00
pool15r7xg0vrrv2yu8wj3866eap8ftkuxvdk5rjz2lh4xajjq5v3p5d,ADALITE,https://www.balanceanalytics.io/api/groupdata.json,2026-05-18T17:17:32+00:00
pool15s7w4spg5ee7n7rprhs0dq78plw2mhjkpu5v97uvl27gz2way7z,pool15s7w4spg5ee7n7rprhs0dq78plw2mhjkpu5v97uvl27gz2way7z,https://www.balanceanalytics.io/api/groupdata.json,2026-05-18T17:17:32+00:00
pool15t0vyldspax6eu8mq7f50s4rjk2qn2g7kudl98tjuqzt2a2zpmx,ROCKX,https://www.balanceanalytics.io/api/groupdata.json,2026-05-18T17:17:32+00:00
pool15tmeayw6e0cjhpqc37e4gmutapeuwzdsqstkcxgk7rxf24gwsew,pool15tmeayw6e0cjhpqc37e4gmutapeuwzdsqstkcxgk7rxf24gwsew,https://www.balanceanalytics.io/api/groupdata.json,2026-05-18T17:17:32+00:00
pool15tn0nlazaatulwq667qdfs597pqlrgn62at0fqv3lvz5cg9l30m,pool15tn0nlazaatulwq667qdfs597pqlrgn62at0fqv3lvz5cg9l30m,https://www.balanceanalytics.io/api/groupdata.json,2026-05-18T17:17:32+00:00
pool15ttu2vykfdfdxv7vve93l3dvk6tlrcegz7r6749syys4us2k3tu,pool15ttu2vykfdfdxv7vve93l3dvk6tlrcegz7r6749syys4us2k3tu,https://www.balanceanalytics.io/api/groupdata.json,2026-05-18T17:17:32+00:00
pool15txd36fltfgc63qq0yxtpqt88eu76s0yhugn9a6q7f4zspq6k5f,pool15txd36fltfgc63qq0yxtpqt88eu76s0yhugn9a6q7f4zspq6k5f,https://www.balanceanalytics.io/api/groupdata.json,2026-05-18T17:17:32+00:00
pool15ud5hthetfx6avs3ulm0w8gwga75p565zpphruyjl4k7sq3phlm,pool15ud5hthetfx6avs3ulm0w8gwga75p565zpphruyjl4k7sq3phlm,https://www.balanceanalytics.io/api/groupdata.json,2026-05-18T17:17:32+00:00
pool15uuf0sz5w0kp50wmflxml8ffnz880402nvj54e40e7l8x06y5e6,pool15uuf0sz5w0kp50wmflxml8ffnz880402nvj54e40e7l8x06y5e6,https://www.balanceanalytics.io/api/groupdata.json,2026-05-18T17:17:32+00:00
pool15v22rpfg6qx9l0gx0m955gfv7tes0jpa9sy0gjs3a04lv6x9jdr,FIGMENT,https://www.balanceanalytics.io/api/groupdata.json,2026-05-18T17:17:32+00:00
pool15v8q9s58h53kxwx58wxrnj4fu48etsjrkdm2yvq3jjuewh4g69c,pool15v8q9s58h53kxwx58wxrnj4fu48etsjrkdm2yvq3jjuewh4g69c,https://www.balanceanalytics.io/api/groupdata.json,2026-05-18T17:17:32+00:00
pool15vx3vhdgdj3cp87duenh9nm8ygwt7cyath5ekmlvhym7wc0tkae,pool15vx3vhdgdj3cp87duenh9nm8ygwt7cyath5ekmlvhym7wc0tkae,https://www.balanceanalytics.io/api/groupdata.json,2026-05-18T17:17:32+00:00
pool15wfu7td5r4k27erk5q5wt06x59skxxyqj206tdnfmfmk7pd3rp3,pool15wfu7td5r4k27erk5q5wt06x59skxxyqj206tdnfmfmk7pd3rp3,https://www.balanceanalytics.io/api/groupdata.json,2026-05-18T17:17:32+00:00
pool15wj590e6gsmpmttrxjd0emck09a0h9tazd2ww77q6duyvg8lyum,HUSKY,https://www.balanceanalytics.io/api/groupdata.json,2026-05-18T17:17:32+00:00
pool15wk0wjrau5pv6rp6w34g3mjxqejkfj3yak0xa9m63upcxx63myh,pool15wk0wjrau5pv6rp6w34g3mjxqejkfj3yak0xa9m63upcxx63myh,https://www.balanceanalytics.io/api/groupdata.json,2026-05-18T17:17:32+00:00
pool15wkxegrfflzcyhurrjxsm9ljqtz09xr5rtnqsarnp7hmsz5um3t,AWP,https://www.balanceanalytics.io/api/groupdata.json,2026-05-18T17:17:32+00:00
pool15wwz2tj30xjerxstwjezhlp8nqqu8jyvxp0h6dj4kzdq6cgv3gv,pool15wwz2tj30xjerxstwjezhlp8nqqu8jyvxp0h6dj4kzdq6cgv3gv,https://www.balanceanalytics.io/api/groupdata.json,2026-05-18T17:17:32+00:00
pool15wxeypcm9kxvkpv3hcqtpquawymy4ppw6ec35uxy0lk0wayd43h,pool15wxeypcm9kxvkpv3hcqtpquawymy4ppw6ec35uxy0lk0wayd43h,https://www.balanceanalytics.io/api/groupdata.json,2026-05-18T17:17:32+00:00
pool15xc50n8gjsm0jtt07mdtaqqazzlkg7at4m03a8t2tnkq79sj2xd,pool15xc50n8gjsm0jtt07mdtaqqazzlkg7at4m03a8t2tnkq79sj2xd,https://www.balanceanalytics.io/api/groupdata.json,2026-05-18T17:17:32+00:00
pool15xdvllxmlzhz0ct3u35wv3gmzxym06zwg3l6ltuqmcsmv9jq527,pool15xdvllxmlzhz0ct3u35wv3gmzxym06zwg3l6ltuqmcsmv9jq527,https://www.balanceanalytics.io/api/groupdata.json,2026-05-18T17:17:32+00:00
pool15xfeh7v3kr5j4unyeszxnfvy349d4h8s92h4xdwl2hct6n0wgah,pool15xfeh7v3kr5j4unyeszxnfvy349d4h8s92h4xdwl2hct6n0wgah,https://www.balanceanalytics.io/api/groupdata.json,2026-05-18T17:17:32+00:00
pool15xgej4c7ns20y5pt7dc5vq6yj87ss5sl2ffucmh5j766j90ppur,1PCT,https://www.balanceanalytics.io/api/groupdata.json,2026-05-18T17:17:32+00:00
pool15xln2eavvh7a8r2v6ke2hcyzgj3hgyfxgexkfv4fn4uv6gjcv9s,pool15xln2eavvh7a8r2v6ke2hcyzgj3hgyfxgexkfv4fn4uv6gjcv9s,https://www.balanceanalytics.io/api/groupdata.json,2026-05-18T17:17:32+00:00
pool15xy7ljyr733vtpvh65mpaq0lt5u9jqsr6u8urmjq7rxh6ne904c,pool15xy7ljyr733vtpvh65mpaq0lt5u9jqsr6u8urmjq7rxh6ne904c,https://www.balanceanalytics.io/api/groupdata.json,2026-05-18T17:17:32+00:00
pool15yyxtkhz64p7a8cnax9l7u82s9t9hdhyxsa3tdm977qhgpnsuhq,SECUR,https://www.balanceanalytics.io/api/groupdata.json,2026-05-18T17:17:32+00:00
pool15z7890uxn6nwl2yufxgrdsvjrpd0kzngvudfm2z2yafsjgkfndg,pool15z7890uxn6nwl2yufxgrdsvjrpd0kzngvudfm2z2yafsjgkfndg,https://www.balanceanalytics.io/api/groupdata.json,2026-05-18T17:17:32+00:00
pool15z87p296y3m7eq8pwuu8qs6h2v4d2ctnx3yd2vqpl6txkkdvl5h,MUEN,https://www.balanceanalytics.io/api/groupdata.json,2026-05-18T17:17:32+00:00
pool15zn2lqq4849ujttuthaycpamnyr8ae9k2pn2fkrlfzzsx4ek0tc,THC,https://www.balanceanalytics.io/api/groupdata.json,2026-05-18T17:17:32+00:00
pool15zrj43nldc357nas0g7glm09wqhtyexxs64skq52mtg6sdrsjzd,pool15zrj43nldc357nas0g7glm09wqhtyexxs64skq52mtg6sdrsjzd,https://www.balanceanalytics.io/api/groupdata.json,2026-05-18T17:17:32+00:00
pool15zrkyr0f80hxlt4scv72tej8l8zwrcphmrega9wutqchjekceal,ZETIC,https://www.balanceanalytics.io/api/groupdata.json,2026-05-18T17:17:32+00:00
pool15zuu7g6030wsfafu6a80pf6z2w6ceu4aumu2d6neykgtcx650u2,UP,https://www.balanceanalytics.io/api/groupdata.json,2026-05-18T17:17:32+00:00
pool15zvek3jke3z2uml5xeztl6wt56zuye5ne9caadz8mjn9ykyuu8n,pool15zvek3jke3z2uml5xeztl6wt56zuye5ne9caadz8mjn9ykyuu8n,https://www.balanceanalytics.io/api/groupdata.json,2026-05-18T17:17:32+00:00
pool1620fkxluaftsvz5lge29tjur3flwa8wydpzqy0zd4cllxx2w3ma,pool1620fkxluaftsvz5lge29tjur3flwa8wydpzqy0zd4cllxx2w3ma,https://www.balanceanalytics.io/api/groupdata.json,2026-05-18T17:17:32+00:00
pool162343gl83jtrskacz2cex7szf4yd5t77f5nd0e65fg78ztppuj9,pool162343gl83jtrskacz2cex7szf4yd5t77f5nd0e65fg78ztppuj9,https://www.balanceanalytics.io/api/groupdata.json,2026-05-18T17:17:32+00:00
pool1628y4cuysuspjhcfhmx3te5ctd2vhuak9eft757947zsz5rtx8h,pool1628y4cuysuspjhcfhmx3te5ctd2vhuak9eft757947zsz5rtx8h,https://www.balanceanalytics.io/api/groupdata.json,2026-05-18T17:17:32+00:00
pool162ejhdrf7m5te4hpuzagrpck6vt78undp2flx9as3lww6uvs4lq,BINANCE,https://www.balanceanalytics.io/api/groupdata.json,2026-05-18T17:17:32+00:00
pool162g6067hj0z3tyxrn7e0wmcz36yqp6nxu3e4x5ahkwvnygsuwqk,pool162g6067hj0z3tyxrn7e0wmcz36yqp6nxu3e4x5ahkwvnygsuwqk,https://www.balanceanalytics.io/api/groupdata.json,2026-05-18T17:17:32+00:00
pool162szyrlrwes7qwy0za4ekufgyljfz0lac9t8h8svzale67n8vl4,pool162szyrlrwes7qwy0za4ekufgyljfz0lac9t8h8svzale67n8vl4,https://www.balanceanalytics.io/api/groupdata.json,2026-05-18T17:17:32+00:00
pool163aacna7n8tgphz40prapjgkrkpvsfttaqt56yeg2psd2umnxqu,pool163aacna7n8tgphz40prapjgkrkpvsfttaqt56yeg2psd2umnxqu,https://www.balanceanalytics.io/api/groupdata.json,2026-05-18T17:17:32+00:00
pool163c7nqw4fflkqjt0jgua94cxmda8rhu9zup973uvzyhruner2hq,pool163c7nqw4fflkqjt0jgua94cxmda8rhu9zup973uvzyhruner2hq,https://www.balanceanalytics.io/api/groupdata.json,2026-05-18T17:17:32+00:00
pool163q9zuwpt9wr8rruuhw2mz6w6em25mhtrv58f8nz9aywj7vzer7,pool163q9zuwpt9wr8rruuhw2mz6w6em25mhtrv58f8nz9aywj7vzer7,https://www.balanceanalytics.io/api/groupdata.json,2026-05-18T17:17:32+00:00
pool1646vlaras0deljthqtfl9dpdw2xsna799l0kayyu9v44cql4ky0,IOG,https://www.balanceanalytics.io/api/groupdata.json,2026-05-18T17:17:32+00:00
pool164nml0s3vt20jd8uf0lwf5hjnt4vcan9sjmxr8huq7k2qswd8jq,pool164nml0s3vt20jd8uf0lwf5hjnt4vcan9sjmxr8huq7k2qswd8jq,https://www.balanceanalytics.io/api/groupdata.json,2026-05-18T17:17:32+00:00
pool164xvrnwxg0xwhkcm0fsnlzmtj3ptp5s7hne32k4dyv60x4utfje,BD,https://www.balanceanalytics.io/api/groupdata.json,2026-05-18T17:17:32+00:00
pool165cyssah9wcnkuqq339c9fam5wga3x7zl6kw4ktltq5x68tlu4w,pool165cyssah9wcnkuqq339c9fam5wga3x7zl6kw4ktltq5x68tlu4w,https://www.balanceanalytics.io/api/groupdata.json,2026-05-18T17:17:32+00:00
pool165ljt7xrrpceutz5ppe96suuw0jcnrvhg0f5vu60df0r5mt0x0c,pool165ljt7xrrpceutz5ppe96suuw0jcnrvhg0f5vu60df0r5mt0x0c,https://www.balanceanalytics.io/api/groupdata.json,2026-05-18T17:17:32+00:00
pool165zu45p489lpuypt4fsuc5g8l9g9ha4dddlls84jlsp3k4vsw9p,pool165zu45p489lpuypt4fsuc5g8l9g9ha4dddlls84jlsp3k4vsw9p,https://www.balanceanalytics.io/api/groupdata.json,2026-05-18T17:17:32+00:00
pool1668w66pcrdjmavz0c7vym7s4d3xm7578jy0fqzhk55677t4etud,pool1668w66pcrdjmavz0c7vym7s4d3xm7578jy0fqzhk55677t4etud,https://www.balanceanalytics.io/api/groupdata.json,2026-05-18T17:17:32+00:00
pool166dkk9kx5y6ug9tnvh0dnvxhwt2yca3g5pd5jaqa8t39cgyqqlr,VIPER,https://www.balanceanalytics.io/api/groupdata.json,2026-05-18T17:17:32+00:00
pool166fpvc9lelw8pdvc4n3xeqns5ktkkmzu4plaen999fwy2xytgce,STBL,https://www.balanceanalytics.io/api/groupdata.json,2026-05-18T17:17:32+00:00
pool1673d663ml4p0mtreukyfx5jt7ekk9pajsyyv6utzlakzj0y9v0w,pool1673d663ml4p0mtreukyfx5jt7ekk9pajsyyv6utzlakzj0y9v0w,https://www.balanceanalytics.io/api/groupdata.json,2026-05-18T17:17:32+00:00
pool1675wjgy0ggtt2l23eeaj5ey5l02qj2ra48stvc7fyussslr0kq7,pool1675wjgy0ggtt2l23eeaj5ey5l02qj2ra48stvc7fyussslr0kq7,https://www.balanceanalytics.io/api/groupdata.json,2026-05-18T17:17:32+00:00
pool167n02n48l5hfgfu6e46xq8n3yefccm9dcnmefkmxuymhc8ncrjm,pool167n02n48l5hfgfu6e46xq8n3yefccm9dcnmefkmxuymhc8ncrjm,https://www.balanceanalytics.io/api/groupdata.json,2026-05-18T17:17:32+00:00
pool167q5vttz54vc78vc5cc5ew92860at9hfyam567tjle7wqnc0est,pool167q5vttz54vc78vc5cc5ew92860at9hfyam567tjle7wqnc0est,https://www.balanceanalytics.io/api/groupdata.json,2026-05-18T17:17:32+00:00
pool167qekemyleju9g7eugaguqxh5telvmmmrs3a7sp897f6za308hg,pool167qekemyleju9g7eugaguqxh5telvmmmrs3a7sp897f6za308hg,https://www.balanceanalytics.io/api/groupdata.json,2026-05-18T17:17:32+00:00
pool167r4k4twa3lrqzpzdd44hl4ahc9rnt4x7rjtwz60gtf7j7pnk5x,pool167r4k4twa3lrqzpzdd44hl4ahc9rnt4x7rjtwz60gtf7j7pnk5x,https://www.balanceanalytics.io/api/groupdata.json,2026-05-18T17:17:32+00:00
pool167zl76srpt5a2gthpsq0ye9z4fpray5vsh7xyzcn63hd5mnw7fa,ADALITE,https://www.balanceanalytics.io/api/groupdata.json,2026-05-18T17:17:32+00:00
pool168235cjpsrvwnvddmhc7dmtcqr7c40j2mlrph3qvuxk3jqls0wy,pool168235cjpsrvwnvddmhc7dmtcqr7c40j2mlrph3qvuxk3jqls0wy,https://www.balanceanalytics.io/api/groupdata.json,2026-05-18T17:17:32+00:00
pool1687dfgyljnhamx05h6r04zdllv68exatshhd0jny4q56skc0926,pool1687dfgyljnhamx05h6r04zdllv68exatshhd0jny4q56skc0926,https://www.balanceanalytics.io/api/groupdata.json,2026-05-18T17:17:32+00:00
pool168t0xlm0dtdgf7d5w2mrm7ulsw4czpw297yvrpke9pmjcc9hz7k,CCJ,https://www.balanceanalytics.io/api/groupdata.json,2026-05-18T17:17:32+00:00
pool1692dxqqcsavymwz28w44t2jhyjnakvj4l3gwz2dqrarmc2k6dkh,pool1692dxqqcsavymwz28w44t2jhyjnakvj4l3gwz2dqrarmc2k6dkh,https://www.balanceanalytics.io/api/groupdata.json,2026-05-18T17:17:32+00:00
pool1693h5jn424n7kazynt4h9r6fe8u8wtsp7us2me60msq5kpv390n,pool1693h5jn424n7kazynt4h9r6fe8u8wtsp7us2me60msq5kpv390n,https://www.balanceanalytics.io/api/groupdata.json,2026-05-18T17:17:32+00:00
pool169afelnmfw6ccaq52v74szufuya8ayft378z7ntt4n0hv9zpcz9,pool169afelnmfw6ccaq52v74szufuya8ayft378z7ntt4n0hv9zpcz9,https://www.balanceanalytics.io/api/groupdata.json,2026-05-18T17:17:32+00:00
pool169mewaur9ma6ffw6x90xhjj0sk9j8yu3ynqz20jh03dj20syqwc,pool169mewaur9ma6ffw6x90xhjj0sk9j8yu3ynqz20jh03dj20syqwc,https://www.balanceanalytics.io/api/groupdata.json,2026-05-18T17:17:32+00:00
pool169t8r0420lfrgr47c46kym3na4r2vqvla5wtahl7z9akgwr8eqf,pool169t8r0420lfrgr47c46kym3na4r2vqvla5wtahl7z9akgwr8eqf,https://www.balanceanalytics.io/api/groupdata.json,2026-05-18T17:17:32+00:00
pool16a23pum2srw5xmkknvw8dtc8ynqedx3wecmhacez4chrv9huvyg,pool16a23pum2srw5xmkknvw8dtc8ynqedx3wecmhacez4chrv9huvyg,https://www.balanceanalytics.io/api/groupdata.json,2026-05-18T17:17:32+00:00
pool16agnvfan65ypnswgg6rml52lqtcqe5guxltexkn82sqgj2crqtx,SPIRE,https://www.balanceanalytics.io/api/groupdata.json,2026-05-18T17:17:32+00:00
pool16ajaae2n5lsyr4f9k9uz5y8tpf0996tw640dzu7chwp2wdrnz6a,pool16ajaae2n5lsyr4f9k9uz5y8tpf0996tw640dzu7chwp2wdrnz6a,https://www.balanceanalytics.io/api/groupdata.json,2026-05-18T17:17:32+00:00
pool16az8esp0qgrt3vwnpqmn2n2z3h7nexrhm4qn8xrr4sds6tj0dxa,pool16az8esp0qgrt3vwnpqmn2n2z3h7nexrhm4qn8xrr4sds6tj0dxa,https://www.balanceanalytics.io/api/groupdata.json,2026-05-18T17:17:32+00:00
pool16azs8wsv28h54zleuvr7hq2tuecsqa5kuzj2rgpxxjxfc0k06el,pool16azs8wsv28h54zleuvr7hq2tuecsqa5kuzj2rgpxxjxfc0k06el,https://www.balanceanalytics.io/api/groupdata.json,2026-05-18T17:17:32+00:00
pool16c989ahn582z53azjfmregygfuc9k44u3q97wqgyn0zxuzp3dn4,BINANCE,https://www.balanceanalytics.io/api/groupdata.json,2026-05-18T17:17:32+00:00
pool16cdtqyk0fvxzfkhjg3esjcuty4tnlpds5lj0lkmqmwdjyzaj7p8,pool16cdtqyk0fvxzfkhjg3esjcuty4tnlpds5lj0lkmqmwdjyzaj7p8,https://www.balanceanalytics.io/api/groupdata.json,2026-05-18T17:17:32+00:00
pool16ceelqjus36kgzkcscnjstv0upva203vvzv8zdpv06h9cjgzynz,pool16ceelqjus36kgzkcscnjstv0upva203vvzv8zdpv06h9cjgzynz,https://www.balanceanalytics.io/api/groupdata.json,2026-05-18T17:17:32+00:00
pool16cerhwlk8nq7rpuerr4g08tpgeq7awnhgxzkyalc8n8xjwzxqm3,pool16cerhwlk8nq7rpuerr4g08tpgeq7awnhgxzkyalc8n8xjwzxqm3,https://www.balanceanalytics.io/api/groupdata.json,2026-05-18T17:17:32+00:00
pool16cy45uggzv3ah3s5m960v9vuxlx47sfnezpszuhcwl99z7nq8kq,pool16cy45uggzv3ah3s5m960v9vuxlx47sfnezpszuhcwl99z7nq8kq,https://www.balanceanalytics.io/api/groupdata.json,2026-05-18T17:17:32+00:00
pool16d004c5q7k7wyf223kgct26zjcpjqql04rvnx8vtc0t5ckmnzaa,pool16d004c5q7k7wyf223kgct26zjcpjqql04rvnx8vtc0t5ckmnzaa,https://www.balanceanalytics.io/api/groupdata.json,2026-05-18T17:17:32+00:00
pool16dk66d47thmteth783kt2cw9uh0zc4xsdvlqrwadz7vnyaev8cv,pool16dk66d47thmteth783kt2cw9uh0zc4xsdvlqrwadz7vnyaev8cv,https://www.balanceanalytics.io/api/groupdata.json,2026-05-18T17:17:32+00:00
pool16dxn8c697qrqtzl3xe695trtde2hvgw0qtd65208ruaq70hv4ud,pool16dxn8c697qrqtzl3xe695trtde2hvgw0qtd65208ruaq70hv4ud,https://www.balanceanalytics.io/api/groupdata.json,2026-05-18T17:17:32+00:00
pool16e0qmln8gvtnjcpcvgvjdlhcnsz6z95uw90c58t50qfkc6rqek6,pool16e0qmln8gvtnjcpcvgvjdlhcnsz6z95uw90c58t50qfkc6rqek6,https://www.balanceanalytics.io/api/groupdata.json,2026-05-18T17:17:32+00:00
pool16e2x06wk8ufyakgrzq0c9p5tmfhl6w0c80raxr0xtg5g7aakhgh,pool16e2x06wk8ufyakgrzq0c9p5tmfhl6w0c80raxr0xtg5g7aakhgh,https://www.balanceanalytics.io/api/groupdata.json,2026-05-18T17:17:32+00:00
pool16e43yxx4djcvnsunwgrm8tnph0ljrt3p9tnezu3qvtcwzh4zwwa,COINBASE,https://www.balanceanalytics.io/api/groupdata.json,2026-05-18T17:17:32+00:00
pool16erldmmx5nvrwncujtp6lxs9tmvgxcpthd600pe6axm5z3p6522,RAY,https://www.balanceanalytics.io/api/groupdata.json,2026-05-18T17:17:32+00:00
pool16eua0zalaln7q0s9u7jzlyygqad0pu2l2qdxx8r8ueqrw2jdhqf,ETORO,https://www.balanceanalytics.io/api/groupdata.json,2026-05-18T17:17:32+00:00
pool16f95up5u5lyqne5mnxmlhe0rgdgmya27mph288r6gw0ukegjffa,pool16f95up5u5lyqne5mnxmlhe0rgdgmya27mph288r6gw0ukegjffa,https://www.balanceanalytics.io/api/groupdata.json,2026-05-18T17:17:32+00:00
pool16fa03u6u85ek2q8lryqprngpahglssj5qqh66pfaxf34vgu5rhl,EMP,https://www.balanceanalytics.io/api/groupdata.json,2026-05-18T17:17:32+00:00
pool16frhs8wyqj3j5p20zkqj45mvhpj58fwcfh66gn646fy7q46xpnc,pool16frhs8wyqj3j5p20zkqj45mvhpj58fwcfh66gn646fy7q46xpnc,https://www.balanceanalytics.io/api/groupdata.json,2026-05-18T17:17:32+00:00
pool16fyda57p3c8gp5r6gmcq5tvqsp6mnzwvkxswgznkuh8wztrp6vv,HRMS,https://www.balanceanalytics.io/api/groupdata.json,2026-05-18T17:17:32+00:00
pool16g4atk6yaj7hxexrlhyf96gtxts3kjs5wszvxmq0paw3xdre68q,pool16g4atk6yaj7hxexrlhyf96gtxts3kjs5wszvxmq0paw3xdre68q,https://www.balanceanalytics.io/api/groupdata.json,2026-05-18T17:17:32+00:00
pool16g8283t79gs6823s49awn2ewnzwgkm94dfxd620dz7pe7cuas0l,pool16g8283t79gs6823s49awn2ewnzwgkm94dfxd620dz7pe7cuas0l,https://www.balanceanalytics.io/api/groupdata.json,2026-05-18T17:17:32+00:00
pool16ga833sw8tzuvv83gq2gp6zyuwhj3lka4nevnauj5grpuq8y2al,pool16ga833sw8tzuvv83gq2gp6zyuwhj3lka4nevnauj5grpuq8y2al,https://www.balanceanalytics.io/api/groupdata.json,2026-05-18T17:17:32+00:00
pool16gkhcchdyqr7a9vtupchcdaq4nu77tq9t0ny0k9m877u7zv03v2,pool16gkhcchdyqr7a9vtupchcdaq4nu77tq9t0ny0k9m877u7zv03v2,https://www.balanceanalytics.io/api/groupdata.json,2026-05-18T17:17:32+00:00
pool16hr8f9l40gdnrmvjpr0wn5fpm2zh96hvtak6dzwpnszgw4lcrww,pool16hr8f9l40gdnrmvjpr0wn5fpm2zh96hvtak6dzwpnszgw4lcrww,https://www.balanceanalytics.io/api/groupdata.json,2026-05-18T17:17:32+00:00
pool16hs0jxw7h6pwg3ru7rcq3yvg4csj7lhmcpj68kqem2sh5nt8mwk,ADALITE,https://www.balanceanalytics.io/api/groupdata.json,2026-05-18T17:17:32+00:00
pool16j2sst4yl703nhdyx8snk9ld5rwjga6a4fk203ptedztq7uza5f,pool16j2sst4yl703nhdyx8snk9ld5rwjga6a4fk203ptedztq7uza5f,https://www.balanceanalytics.io/api/groupdata.json,2026-05-18T17:17:32+00:00
pool16j3mvwws7zc9pjluyhddgea0tq647v0dh3y4nkcuckg9znjcun2,ITC,https://www.balanceanalytics.io/api/groupdata.json,2026-05-18T17:17:32+00:00
pool16j549cl7ftj9ejw9sx5v50zjyuh8l49stmakrfrea4rxy0e7us5,pool16j549cl7ftj9ejw9sx5v50zjyuh8l49stmakrfrea4rxy0e7us5,https://www.balanceanalytics.io/api/groupdata.json,2026-05-18T17:17:32+00:00
pool16jczz0dlv557vgywgftd4m3vwnwjnl38wpn7wu5gqryz7aedahd,pool16jczz0dlv557vgywgftd4m3vwnwjnl38wpn7wu5gqryz7aedahd,https://www.balanceanalytics.io/api/groupdata.json,2026-05-18T17:17:32+00:00
pool16jefdagcsgzyek9jytzfezx5ajvfkytjgghaps64hzz6uzkpc0e,pool16jefdagcsgzyek9jytzfezx5ajvfkytjgghaps64hzz6uzkpc0e,https://www.balanceanalytics.io/api/groupdata.json,2026-05-18T17:17:32+00:00
pool16jhjt6nly4s5thsjc0yek6h9prwtkqhq6dff2mkjypweut69zh3,pool16jhjt6nly4s5thsjc0yek6h9prwtkqhq6dff2mkjypweut69zh3,https://www.balanceanalytics.io/api/groupdata.json,2026-05-18T17:17:32+00:00
pool16jm7s99tyfsvvvnyhpsfm4ghlhpfnczeaxgtx3psrt6ujc5xva6,pool16jm7s99tyfsvvvnyhpsfm4ghlhpfnczeaxgtx3psrt6ujc5xva6,https://www.balanceanalytics.io/api/groupdata.json,2026-05-18T17:17:32+00:00
pool16jt409gxrr8rvcdjszvwkae0p50qdvn4hztzeuk6np9judl8prq,pool16jt409gxrr8rvcdjszvwkae0p50qdvn4hztzeuk6np9judl8prq,https://www.balanceanalytics.io/api/groupdata.json,2026-05-18T17:17:32+00:00
pool16jtszaecta7rey84rteah39gv53pw7953u37fhrqm49xwfdtdjd,BINANCE,https://www.balanceanalytics.io/api/groupdata.json,2026-05-18T17:17:32+00:00
pool16kja6em4zlu8cmlr5la32yrsx5jqpejdqktadw9nv3cwx2s6ccf,pool16kja6em4zlu8cmlr5la32yrsx5jqpejdqktadw9nv3cwx2s6ccf,https://www.balanceanalytics.io/api/groupdata.json,2026-05-18T17:17:32+00:00
pool16knnvtezwzmgpnu8v03wht6y4u7mwfc7qz6y2yk62w4as4qymat,pool16knnvtezwzmgpnu8v03wht6y4u7mwfc7qz6y2yk62w4as4qymat,https://www.balanceanalytics.io/api/groupdata.json,2026-05-18T17:17:32+00:00
pool16kus5xvdysgmtjp0hhlwt72tsm0yn2zcn0a8wg9emc6c75lxvmc,EDEN,https://www.balanceanalytics.io/api/groupdata.json,2026-05-18T17:17:32+00:00
pool16l00309tdqza9606rltqtrqejx7tcr2swa86jrmz459txfnkgq7,pool16l00309tdqza9606rltqtrqejx7tcr2swa86jrmz459txfnkgq7,https://www.balanceanalytics.io/api/groupdata.json,2026-05-18T17:17:32+00:00
pool16l9ph0cm42qk4h8wqlka3fw7ws7rvnj5n59xzy8ky4l8gnudugk,pool16l9ph0cm42qk4h8wqlka3fw7ws7rvnj5n59xzy8ky4l8gnudugk,https://www.balanceanalytics.io/api/groupdata.json,2026-05-18T17:17:32+00:00
pool16lsx9mj2s2wr337hv9402enw0886d09grx5c0d4pk97w63kjn2a,pool16lsx9mj2s2wr337hv9402enw0886d09grx5c0d4pk97w63kjn2a,https://www.balanceanalytics.io/api/groupdata.json,2026-05-18T17:17:32+00:00
pool16lwqfp7cpvzwn6mhu0gj3h4aa5k6j9my0he4mgjjva5f7vvnkw2,pool16lwqfp7cpvzwn6mhu0gj3h4aa5k6j9my0he4mgjjva5f7vvnkw2,https://www.balanceanalytics.io/api/groupdata.json,2026-05-18T17:17:32+00:00
pool16m3cpra28g00t2hsfm4cj9twl4y0jsf3us2zd6nyjpz5yuagmkn,pool16m3cpra28g00t2hsfm4cj9twl4y0jsf3us2zd6nyjpz5yuagmkn,https://www.balanceanalytics.io/api/groupdata.json,2026-05-18T17:17:32+00:00
pool16m6c5rcpm63k2606lkqadg3x5pykjwr4pthhj9h4ancquafwhjl,pool16m6c5rcpm63k2606lkqadg3x5pykjwr4pthhj9h4ancquafwhjl,https://www.balanceanalytics.io/api/groupdata.json,2026-05-18T17:17:32+00:00
pool16m8xz3av9e3lwnxgu0jfnuwckgayev63zpzcu56hsxx7vy4eqzn,pool16m8xz3av9e3lwnxgu0jfnuwckgayev63zpzcu56hsxx7vy4eqzn,https://www.balanceanalytics.io/api/groupdata.json,2026-05-18T17:17:32+00:00
pool16nnl8ymck6c20x86lfd5p9q3yp9w749cam26y985459ww6kjtz8,pool16nnl8ymck6c20x86lfd5p9q3yp9w749cam26y985459ww6kjtz8,https://www.balanceanalytics.io/api/groupdata.json,2026-05-18T17:17:32+00:00
pool16nvyyawrxy0rsx99g332y3yasnnz42arrqhrsxq8pv7nwsya9nu,pool16nvyyawrxy0rsx99g332y3yasnnz42arrqhrsxq8pv7nwsya9nu,https://www.balanceanalytics.io/api/groupdata.json,2026-05-18T17:17:32+00:00
pool16p6u0qmyyndyqvcjt5luxzrk7nnynk56cjxddeh85lt753tach8,pool16p6u0qmyyndyqvcjt5luxzrk7nnynk56cjxddeh85lt753tach8,https://www.balanceanalytics.io/api/groupdata.json,2026-05-18T17:17:32+00:00
pool16p8y0pzx8yx7vz6eqksw9xjhh3tzeymvxcstrgtk8ncw75356yw,pool16p8y0pzx8yx7vz6eqksw9xjhh3tzeymvxcstrgtk8ncw75356yw,https://www.balanceanalytics.io/api/groupdata.json,2026-05-18T17:17:32+00:00
pool16pg8zc9zxxfjksquvjs6ljxuy8ng9xf79ekqekap98a8wjzuttg,pool16pg8zc9zxxfjksquvjs6ljxuy8ng9xf79ekqekap98a8wjzuttg,https://www.balanceanalytics.io/api/groupdata.json,2026-05-18T17:17:32+00:00
pool16pv24th2tzy8k70vk4ms35tff0fjxfm2dd2psk7cvs27wnjvlgh,pool16pv24th2tzy8k70vk4ms35tff0fjxfm2dd2psk7cvs27wnjvlgh,https://www.balanceanalytics.io/api/groupdata.json,2026-05-18T17:17:32+00:00
pool16q8rhnyj65mtfz8rvf38ernr0jlcr5gcdpjzv0wgtqvcc5yw7g7,pool16q8rhnyj65mtfz8rvf38ernr0jlcr5gcdpjzv0wgtqvcc5yw7g7,https://www.balanceanalytics.io/api/groupdata.json,2026-05-18T17:17:32+00:00
pool16qehwrwfykf4pj3auasjh895uchw2a4lujyz3cyxda96g523wkl,pool16qehwrwfykf4pj3auasjh895uchw2a4lujyz3cyxda96g523wkl,https://www.balanceanalytics.io/api/groupdata.json,2026-05-18T17:17:32+00:00
pool16qhf24jz4pdru0gqrh9rwnvv9v05a6fq73g4md6mawavz2fg5v7,pool16qhf24jz4pdru0gqrh9rwnvv9v05a6fq73g4md6mawavz2fg5v7,https://www.balanceanalytics.io/api/groupdata.json,2026-05-18T17:17:32+00:00
pool16qr7dz5q4vwf3n87t4lmr0d2zlr5knexpdzkuk4trc8dwed7aw3,pool16qr7dz5q4vwf3n87t4lmr0d2zlr5knexpdzkuk4trc8dwed7aw3,https://www.balanceanalytics.io/api/groupdata.json,2026-05-18T17:17:32+00:00
pool16qsddpnjv5msjp62lxam4erurckks98t2e6k7tuqw5e4u5xcmc5,pool16qsddpnjv5msjp62lxam4erurckks98t2e6k7tuqw5e4u5xcmc5,https://www.balanceanalytics.io/api/groupdata.json,2026-05-18T17:17:32+00:00
pool16r36znhvh3h2lk55vu89hsx3ug94sx2etqv9s2006d8awufhaz7,pool16r36znhvh3h2lk55vu89hsx3ug94sx2etqv9s2006d8awufhaz7,https://www.balanceanalytics.io/api/groupdata.json,2026-05-18T17:17:32+00:00
pool16r6g7plyuh4cqs9f3qy97l4rh5edwx3w9xvd205mhj2e58cpp28,LIQWID,https://www.balanceanalytics.io/api/groupdata.json,2026-05-18T17:17:32+00:00
pool16rahfu936wdfq34wf6t8rqxvdjxayra5f7y80xq0udnqglrqel9,pool16rahfu936wdfq34wf6t8rqxvdjxayra5f7y80xq0udnqglrqel9,https://www.balanceanalytics.io/api/groupdata.json,2026-05-18T17:17:32+00:00
pool16rcqtg9gywenzkp6t5qg8um5tuul6d4dzwauppz7z3ufyaj0ky3,pool16rcqtg9gywenzkp6t5qg8um5tuul6d4dzwauppz7z3ufyaj0ky3,https://www.balanceanalytics.io/api/groupdata.json,2026-05-18T17:17:32+00:00
pool16rq0nmr3pr202a7dcf9507gy5u3sh9j6dw8jjwp3dg4qc6cqj0f,pool16rq0nmr3pr202a7dcf9507gy5u3sh9j6dw8jjwp3dg4qc6cqj0f,https://www.balanceanalytics.io/api/groupdata.json,2026-05-18T17:17:32+00:00
pool16rru46dcyk2h5qjwq6gnxwumdj8zkjjnhxdtvpclyq8h6q9apua,pool16rru46dcyk2h5qjwq6gnxwumdj8zkjjnhxdtvpclyq8h6q9apua,https://www.balanceanalytics.io/api/groupdata.json,2026-05-18T17:17:32+00:00
pool16sgz8tde9q7ldszg2gx22enxfzd6rx8w6gg6vg3jxl49gdsf5e0,pool16sgz8tde9q7ldszg2gx22enxfzd6rx8w6gg6vg3jxl49gdsf5e0,https://www.balanceanalytics.io/api/groupdata.json,2026-05-18T17:17:32+00:00
pool16sm29hg3qrk5lyp74qcljt38l86v5zvg95395h9gqrn6qe97d9z,pool16sm29hg3qrk5lyp74qcljt38l86v5zvg95395h9gqrn6qe97d9z,https://www.balanceanalytics.io/api/groupdata.json,2026-05-18T17:17:32+00:00
pool16tcjctesjnks0p8sfrlf8f3d3vrp2fdn2msy80sgg3cdjtayu3z,pool16tcjctesjnks0p8sfrlf8f3d3vrp2fdn2msy80sgg3cdjtayu3z,https://www.balanceanalytics.io/api/groupdata.json,2026-05-18T17:17:32+00:00
pool16ud5rnhmhwpvqg50n3s0m8m8uq3jzyfrnpkwmp237l6xjuzfz4a,pool16ud5rnhmhwpvqg50n3s0m8m8uq3jzyfrnpkwmp237l6xjuzfz4a,https://www.balanceanalytics.io/api/groupdata.json,2026-05-18T17:17:32+00:00
pool16uf3j299ndwd3xmv6fvh648pc3s4c3y80g2t0y2rwew3xz6c3aa,pool16uf3j299ndwd3xmv6fvh648pc3s4c3y80g2t0y2rwew3xz6c3aa,https://www.balanceanalytics.io/api/groupdata.json,2026-05-18T17:17:32+00:00
pool16uja2pt05ddq9mzcsw9xkv40qdl7sm00nvpj0h4arn0fgl2xrae,pool16uja2pt05ddq9mzcsw9xkv40qdl7sm00nvpj0h4arn0fgl2xrae,https://www.balanceanalytics.io/api/groupdata.json,2026-05-18T17:17:32+00:00
pool16utp8esfwwpwf4fzlvtulugtdj9mapt42gdwza962pk8q2f45yt,pool16utp8esfwwpwf4fzlvtulugtdj9mapt42gdwza962pk8q2f45yt,https://www.balanceanalytics.io/api/groupdata.json,2026-05-18T17:17:32+00:00
pool16v0jqnz2zuqsdrf6z94ec5rx9ds0xeghsvmddauzt6j5w2u7lsm,IBEX,https://www.balanceanalytics.io/api/groupdata.json,2026-05-18T17:17:32+00:00
pool16vdezg50c80dhs78jhfl0gpqr68trtmqy40xplw39t9mgk6vrkd,BINANCE,https://www.balanceanalytics.io/api/groupdata.json,2026-05-18T17:17:32+00:00
pool16veyvjd43dxaccwvvr4zq5s6cw7me2kgpmsyf2qel0l266kattr,pool16veyvjd43dxaccwvvr4zq5s6cw7me2kgpmsyf2qel0l266kattr,https://www.balanceanalytics.io/api/groupdata.json,2026-05-18T17:17:32+00:00
pool16vk9aj2ml9llc3upqg8jpgn6lzkqakty8nkgx3vy0ayf78zdsgj,pool16vk9aj2ml9llc3upqg8jpgn6lzkqakty8nkgx3vy0ayf78zdsgj,https://www.balanceanalytics.io/api/groupdata.json,2026-05-18T17:17:32+00:00
pool16vxqq0ttyvfkt84f6ksncskgdk0r9w8ulaum0af8cmmfgsf5hua,pool16vxqq0ttyvfkt84f6ksncskgdk0r9w8ulaum0af8cmmfgsf5hua,https://www.balanceanalytics.io/api/groupdata.json,2026-05-18T17:17:32+00:00
pool16w2mssm03rrk5jzkcvxyma77zcxx4vsjhwz77hka33gnsk9j47n,pool16w2mssm03rrk5jzkcvxyma77zcxx4vsjhwz77hka33gnsk9j47n,https://www.balanceanalytics.io/api/groupdata.json,2026-05-18T17:17:32+00:00
pool16wk6a0rmwplcv9wm6x8cyv6e77ey7zgluzne5jzqdqmfq52s69q,pool16wk6a0rmwplcv9wm6x8cyv6e77ey7zgluzne5jzqdqmfq52s69q,https://www.balanceanalytics.io/api/groupdata.json,2026-05-18T17:17:32+00:00
pool16wt6mzvytu9key68efv7cx6zfkqn0d9kzlnt746cyuv0zj3nxh8,pool16wt6mzvytu9key68efv7cx6zfkqn0d9kzlnt746cyuv0zj3nxh8,https://www.balanceanalytics.io/api/groupdata.json,2026-05-18T17:17:32+00:00
pool16x5fslqfvgmsyra4vmpvuzq7p5fzeln240envdwfm2jps0j3rw2,pool16x5fslqfvgmsyra4vmpvuzq7p5fzeln240envdwfm2jps0j3rw2,https://www.balanceanalytics.io/api/groupdata.json,2026-05-18T17:17:32+00:00
pool16x765v3ge3th3dml6v7zrj4x7r6zlrtr7y5qa9ap7uzg7f50uu8,EMURGO,https://www.balanceanalytics.io/api/groupdata.json,2026-05-18T17:17:32+00:00
pool16xkhtfxa86dc66m6zu33xlkffxrp9wtz22n9pjlwvhfzgrfhg9n,pool16xkhtfxa86dc66m6zu33xlkffxrp9wtz22n9pjlwvhfzgrfhg9n,https://www.balanceanalytics.io/api/groupdata.json,2026-05-18T17:17:32+00:00
pool16y2dn9e7cw07wtergytxr36qlydfe7aj92xhv59e6pzezgwxtv8,pool16y2dn9e7cw07wtergytxr36qlydfe7aj92xhv59e6pzezgwxtv8,https://www.balanceanalytics.io/api/groupdata.json,2026-05-18T17:17:32+00:00
pool16ykg68yeqrh4t464tn0w9sghlxydqc04szyhh4yl2ha0u7h5ezt,pool16ykg68yeqrh4t464tn0w9sghlxydqc04szyhh4yl2ha0u7h5ezt,https://www.balanceanalytics.io/api/groupdata.json,2026-05-18T17:17:32+00:00
pool16ypn6g8sm5um7mkxyhdu7j9eq9zl35wywq5n9x8g0aujc060qzp,pool16ypn6g8sm5um7mkxyhdu7j9eq9zl35wywq5n9x8g0aujc060qzp,https://www.balanceanalytics.io/api/groupdata.json,2026-05-18T17:17:32+00:00
pool16z7x36urmpd2eczdjalrhumsldtztez9ydd7np6znn6ussjdkxq,pool16z7x36urmpd2eczdjalrhumsldtztez9ydd7np6znn6ussjdkxq,https://www.balanceanalytics.io/api/groupdata.json,2026-05-18T17:17:32+00:00
pool16zfptlhz8qd0zhufg5w09cp44rm50xt3mphwt28l4cxw55ewvh0,pool16zfptlhz8qd0zhufg5w09cp44rm50xt3mphwt28l4cxw55ewvh0,https://www.balanceanalytics.io/api/groupdata.json,2026-05-18T17:17:32+00:00
pool16zjsdvuxa39w9k48c9ds7sne4c9lhclmmcly53cdat4nu7l36f6,pool16zjsdvuxa39w9k48c9ds7sne4c9lhclmmcly53cdat4nu7l36f6,https://www.balanceanalytics.io/api/groupdata.json,2026-05-18T17:17:32+00:00
pool16zx2pradv3pdv6tkp2dnll3d7u8sdwld884f228xl62vy2msdt0,pool16zx2pradv3pdv6tkp2dnll3d7u8sdwld884f228xl62vy2msdt0,https://www.balanceanalytics.io/api/groupdata.json,2026-05-18T17:17:32+00:00
pool16zymwv7r24sgcxg43z4ce0g0mw0yt6zdxehcgwyksj456y0ef4a,pool16zymwv7r24sgcxg43z4ce0g0mw0yt6zdxehcgwyksj456y0ef4a,https://www.balanceanalytics.io/api/groupdata.json,2026-05-18T17:17:32+00:00
pool170028ak8q37qf4e5lf7z8eyuscgcrqgzn9lh58a4g9ngzd83a0h,pool170028ak8q37qf4e5lf7z8eyuscgcrqgzn9lh58a4g9ngzd83a0h,https://www.balanceanalytics.io/api/groupdata.json,2026-05-18T17:17:32+00:00
pool17037mqf5k46e6jpaue46lfy55v827re9cgm3qp8vsp33q8zufvy,pool17037mqf5k46e6jpaue46lfy55v827re9cgm3qp8vsp33q8zufvy,https://www.balanceanalytics.io/api/groupdata.json,2026-05-18T17:17:32+00:00
pool170hmssk80z2ameg7jhj5m8psnkjejcc77vfpd0875yggxhhntd0,pool170hmssk80z2ameg7jhj5m8psnkjejcc77vfpd0875yggxhhntd0,https://www.balanceanalytics.io/api/groupdata.json,2026-05-18T17:17:32+00:00
pool170jjhp3s7gw23clx6yvfdfvv9t6egwazjhk3gy5y0xnq6y8mjjt,pool170jjhp3s7gw23clx6yvfdfvv9t6egwazjhk3gy5y0xnq6y8mjjt,https://www.balanceanalytics.io/api/groupdata.json,2026-05-18T17:17:32+00:00
pool172fsazvg6zrpkj7c8wklsp7lrn5yxjvhru4enddvvfnyx343dyc,IOG,https://www.balanceanalytics.io/api/groupdata.json,2026-05-18T17:17:32+00:00
pool172gxn08m64vyfvpn926t3q8md5qf0q9k3y6kqz6krj8ry0tntmz,pool172gxn08m64vyfvpn926t3q8md5qf0q9k3y6kqz6krj8ry0tntmz,https://www.balanceanalytics.io/api/groupdata.json,2026-05-18T17:17:32+00:00
pool172vhywk0n2m7r47a8wq78xzc7nnytu3x78wyftmdedvjyzxjc7s,pool172vhywk0n2m7r47a8wq78xzc7nnytu3x78wyftmdedvjyzxjc7s,https://www.balanceanalytics.io/api/groupdata.json,2026-05-18T17:17:32+00:00
pool173f5kzeuz485kshvga3t7un8u699w2rgn77apjx078xd73kzj6y,pool173f5kzeuz485kshvga3t7un8u699w2rgn77apjx078xd73kzj6y,https://www.balanceanalytics.io/api/groupdata.json,2026-05-18T17:17:32+00:00
pool173mzegwuu0pjcrt60ekelzj5haqr8r5e4e0n45qh9jdz7xm5kh8,pool173mzegwuu0pjcrt60ekelzj5haqr8r5e4e0n45qh9jdz7xm5kh8,https://www.balanceanalytics.io/api/groupdata.json,2026-05-18T17:17:32+00:00
pool173qemdqfjnkrjzykmc0j4nqmxuuhvvv42pawt4xka3k2vwmd4mr,pool173qemdqfjnkrjzykmc0j4nqmxuuhvvv42pawt4xka3k2vwmd4mr,https://www.balanceanalytics.io/api/groupdata.json,2026-05-18T17:17:32+00:00
pool173trwz74lv2ncl0dn5fqvgnhqtmqu3yvnf6dpx7k6psuwhzn2fc,pool173trwz74lv2ncl0dn5fqvgnhqtmqu3yvnf6dpx7k6psuwhzn2fc,https://www.balanceanalytics.io/api/groupdata.json,2026-05-18T17:17:32+00:00
pool173ul998qx9wnukxsz4hs47fv3slu7zcympa7gkv4m9qp5fheyex,pool173ul998qx9wnukxsz4hs47fv3slu7zcympa7gkv4m9qp5fheyex,https://www.balanceanalytics.io/api/groupdata.json,2026-05-18T17:17:32+00:00
pool17499z7lt392dd3pf3vn30e69cver0gqqaja5rdnyerpv6zdzgkd,pool17499z7lt392dd3pf3vn30e69cver0gqqaja5rdnyerpv6zdzgkd,https://www.balanceanalytics.io/api/groupdata.json,2026-05-18T17:17:32+00:00
pool1749t2act40esvfj0w0g0ear7l3hrnjfc8l5rl8eznuh8vunjl86,pool1749t2act40esvfj0w0g0ear7l3hrnjfc8l5rl8eznuh8vunjl86,https://www.balanceanalytics.io/api/groupdata.json,2026-05-18T17:17:32+00:00
pool174s9fj3073jx2t8zlm5x8rvyqt52uult4jn7slyrtg8gx8ay9jy,pool174s9fj3073jx2t8zlm5x8rvyqt52uult4jn7slyrtg8gx8ay9jy,https://www.balanceanalytics.io/api/groupdata.json,2026-05-18T17:17:32+00:00
pool175gxtzacpcm90adjpvlhjmfpj4ft2a3zuqsgm558hf3q7ra2vf9,pool175gxtzacpcm90adjpvlhjmfpj4ft2a3zuqsgm558hf3q7ra2vf9,https://www.balanceanalytics.io/api/groupdata.json,2026-05-18T17:17:32+00:00
pool175jklkquzts0u05axap90uqpym5knnjxky396mz95hhauwyzswe,pool175jklkquzts0u05axap90uqpym5knnjxky396mz95hhauwyzswe,https://www.balanceanalytics.io/api/groupdata.json,2026-05-18T17:17:32+00:00
pool175p7tqqgmduq6r5ad7jca2c4jz6tp3rslz7jffx7zru3cakdmt2,pool175p7tqqgmduq6r5ad7jca2c4jz6tp3rslz7jffx7zru3cakdmt2,https://www.balanceanalytics.io/api/groupdata.json,2026-05-18T17:17:32+00:00
pool176z4pf0r9p6hqvp8m333sqm6vx8tj93q5yyunyv5478m5yp8j07,pool176z4pf0r9p6hqvp8m333sqm6vx8tj93q5yyunyv5478m5yp8j07,https://www.balanceanalytics.io/api/groupdata.json,2026-05-18T17:17:32+00:00
pool176z7cx74266cfhrkfwwz4j5r6ew5yvfx34prxldaqsd9qel5pnq,pool176z7cx74266cfhrkfwwz4j5r6ew5yvfx34prxldaqsd9qel5pnq,https://www.balanceanalytics.io/api/groupdata.json,2026-05-18T17:17:32+00:00
pool1777xvdg0vydjp78cdcfrmpuqj28w3nuasf7h9a2f6cd4z990777,pool1777xvdg0vydjp78cdcfrmpuqj28w3nuasf7h9a2f6cd4z990777,https://www.balanceanalytics.io/api/groupdata.json,2026-05-18T17:17:32+00:00
pool177q3zxxyqzp5kffeh5jxssnxk7rwnpkf04628kcsf0cyj6jaklw,pool177q3zxxyqzp5kffeh5jxssnxk7rwnpkf04628kcsf0cyj6jaklw,https://www.balanceanalytics.io/api/groupdata.json,2026-05-18T17:17:32+00:00
pool177ukluyy3tq6mphkp7kfpe6ku48rs8x48le7y23quee0xqmal06,BINANCE,https://www.balanceanalytics.io/api/groupdata.json,2026-05-18T17:17:32+00:00
pool177xu75tv2wqnz2cg879yekswm3wqqvwfgzhulkglrfksslsyj9r,pool177xu75tv2wqnz2cg879yekswm3wqqvwfgzhulkglrfksslsyj9r,https://www.balanceanalytics.io/api/groupdata.json,2026-05-18T17:17:32+00:00
pool178jmsy6t03udg2urvckseyync6y2jkq26haj7vxtwszc7ycq5ws,pool178jmsy6t03udg2urvckseyync6y2jkq26haj7vxtwszc7ycq5ws,https://www.balanceanalytics.io/api/groupdata.json,2026-05-18T17:17:32+00:00
pool1796kveuwxrquwhwnne5g99er50q6alcaf7yjf3kd6xr5vemfaqc,NEW GUY,https://www.balanceanalytics.io/api/groupdata.json,2026-05-18T17:17:32+00:00
pool179dpweul0jsfv9ls67ner4n286fh6hqtskaw6nux97t52dt5gxa,pool179dpweul0jsfv9ls67ner4n286fh6hqtskaw6nux97t52dt5gxa,https://www.balanceanalytics.io/api/groupdata.json,2026-05-18T17:17:32+00:00
pool179mnckg6xz4w5x6k9056yl7r2ej8fd8uu68fc2vlsmulg7lzwhy,pool179mnckg6xz4w5x6k9056yl7r2ej8fd8uu68fc2vlsmulg7lzwhy,https://www.balanceanalytics.io/api/groupdata.json,2026-05-18T17:17:32+00:00
pool179u2dtcn92xv7n05dldlevt6hcu5v3p7g4aaqva2fm8qjzu7lpc,pool179u2dtcn92xv7n05dldlevt6hcu5v3p7g4aaqva2fm8qjzu7lpc,https://www.balanceanalytics.io/api/groupdata.json,2026-05-18T17:17:32+00:00
pool17agmzy52u2hh2f8zkuvzrvth94wdr3erlpng50thrlmryqvkz57,pool17agmzy52u2hh2f8zkuvzrvth94wdr3erlpng50thrlmryqvkz57,https://www.balanceanalytics.io/api/groupdata.json,2026-05-18T17:17:32+00:00
pool17ahr5ygy48vpdfnatqn2z4wfu2te4quapk2yx3k50ce6kd7feg0,pool17ahr5ygy48vpdfnatqn2z4wfu2te4quapk2yx3k50ce6kd7feg0,https://www.balanceanalytics.io/api/groupdata.json,2026-05-18T17:17:32+00:00
pool17ajuw0arwq8klfe4xy8tcqj4yetp8kerl4amzn5dsnne20wlnsa,pool17ajuw0arwq8klfe4xy8tcqj4yetp8kerl4amzn5dsnne20wlnsa,https://www.balanceanalytics.io/api/groupdata.json,2026-05-18T17:17:32+00:00
pool17am8pt0vu7zp8du7edlnz7x9sq4pln22rsn802gkr062vtp6fdp,HODLR,https://www.balanceanalytics.io/api/groupdata.json,2026-05-18T17:17:32+00:00
pool17arsgklktp9sayk5kzaakwvl3jwyczp07guux2yd0upgqh04qjl,COINBASE,https://www.balanceanalytics.io/api/groupdata.json,2026-05-18T17:17:32+00:00
pool17azkdj7a4p05clq3g538tspcxk57cxxvcc0wrq7pn2fjcpe985h,pool17azkdj7a4p05clq3g538tspcxk57cxxvcc0wrq7pn2fjcpe985h,https://www.balanceanalytics.io/api/groupdata.json,2026-05-18T17:17:32+00:00
pool17c4u37tjcjaeym0cs5mffvdkyyv74rkhczhnsgplef4sjglkwpj,BINANCE,https://www.balanceanalytics.io/api/groupdata.json,2026-05-18T17:17:32+00:00
pool17cacd3k230r83pw5xny6d493t9wn5ww730m6wayuqsrhqwzyecv,pool17cacd3k230r83pw5xny6d493t9wn5ww730m6wayuqsrhqwzyecv,https://www.balanceanalytics.io/api/groupdata.json,2026-05-18T17:17:32+00:00
pool17cqy0mkm7p3ufv9k3h37w040x08cx6je23y6jrkgmts3x9g78tu,pool17cqy0mkm7p3ufv9k3h37w040x08cx6je23y6jrkgmts3x9g78tu,https://www.balanceanalytics.io/api/groupdata.json,2026-05-18T17:17:32+00:00
pool17d6xuyhwkvp5g44q5jwukrfldhvcz3equ2tk34yuyrd0jlh4jjy,pool17d6xuyhwkvp5g44q5jwukrfldhvcz3equ2tk34yuyrd0jlh4jjy,https://www.balanceanalytics.io/api/groupdata.json,2026-05-18T17:17:32+00:00
pool17d6yemu3wsv9t3lf507z6vuu00slpyw3qstavfdtztjjy42qcp7,pool17d6yemu3wsv9t3lf507z6vuu00slpyw3qstavfdtztjjy42qcp7,https://www.balanceanalytics.io/api/groupdata.json,2026-05-18T17:17:32+00:00
pool17dkgt30q7q53eavtrygh4p549wml9eq2339pfkuec6yf7x7h5rz,COINEX,https://www.balanceanalytics.io/api/groupdata.json,2026-05-18T17:17:32+00:00
pool17dqwaa26crnkecs7lydfr8826k3evkv5ypdf7wx8fu5mzexxa2x,pool17dqwaa26crnkecs7lydfr8826k3evkv5ypdf7wx8fu5mzexxa2x,https://www.balanceanalytics.io/api/groupdata.json,2026-05-18T17:17:32+00:00
pool17dx6ld5544pngfc4w6ere708zmjga7wmykeelqhqt4tpkjcpup2,pool17dx6ld5544pngfc4w6ere708zmjga7wmykeelqhqt4tpkjcpup2,https://www.balanceanalytics.io/api/groupdata.json,2026-05-18T17:17:32+00:00
pool17e4rdh59t4fmn4g3p02xvs853katrjzge830tsmd3sfdc645yvt,pool17e4rdh59t4fmn4g3p02xvs853katrjzge830tsmd3sfdc645yvt,https://www.balanceanalytics.io/api/groupdata.json,2026-05-18T17:17:32+00:00
pool17edtg9kt83mpguyh87u6ju2fkgjta4jjmmyzj9n8tsf4uwalg7h,pool17edtg9kt83mpguyh87u6ju2fkgjta4jjmmyzj9n8tsf4uwalg7h,https://www.balanceanalytics.io/api/groupdata.json,2026-05-18T17:17:32+00:00
pool17etnr2ngwpnqwuvdzszzd36u67kzcsrs8scuxf0a63hezy9zvpv,pool17etnr2ngwpnqwuvdzszzd36u67kzcsrs8scuxf0a63hezy9zvpv,https://www.balanceanalytics.io/api/groupdata.json,2026-05-18T17:17:32+00:00
pool17f450fgggph94ectjspqersd3u88cggvf3nu45k3xj2fwdqxjpp,pool17f450fgggph94ectjspqersd3u88cggvf3nu45k3xj2fwdqxjpp,https://www.balanceanalytics.io/api/groupdata.json,2026-05-18T17:17:32+00:00
pool17fge0jukcp0vqwu0chh3jh4g0emt4rat8vxucrx5n8s5qz6fegp,pool17fge0jukcp0vqwu0chh3jh4g0emt4rat8vxucrx5n8s5qz6fegp,https://www.balanceanalytics.io/api/groupdata.json,2026-05-18T17:17:32+00:00
pool17g46wmt95mmn78pkcr2mgdd5n9q8glpg2j034udccrg974mtndm,pool17g46wmt95mmn78pkcr2mgdd5n9q8glpg2j034udccrg974mtndm,https://www.balanceanalytics.io/api/groupdata.json,2026-05-18T17:17:32+00:00
pool17gfj5t240hqaqr7vtrlrlhmyazw3lcyqvfd06v4kpxv7qxpdzau,pool17gfj5t240hqaqr7vtrlrlhmyazw3lcyqvfd06v4kpxv7qxpdzau,https://www.balanceanalytics.io/api/groupdata.json,2026-05-18T17:17:32+00:00
pool17gvd032slmxg267lp8rwcykkfa52txm8ylefhmdsdkytzugrtaw,pool17gvd032slmxg267lp8rwcykkfa52txm8ylefhmdsdkytzugrtaw,https://www.balanceanalytics.io/api/groupdata.json,2026-05-18T17:17:32+00:00
pool17h6slydr6rd9vquqa38p5cf9xqnpc24w6a99rhllcjzljgugx6x,SPIRE,https://www.balanceanalytics.io/api/groupdata.json,2026-05-18T17:17:32+00:00
pool17j3xe6h8tpsdm4z00uu9ccfgzxwg7f247d7kznzykyvvsm4vujk,pool17j3xe6h8tpsdm4z00uu9ccfgzxwg7f247d7kznzykyvvsm4vujk,https://www.balanceanalytics.io/api/groupdata.json,2026-05-18T17:17:32+00:00
pool17j4er5hpzkzyzpqzc98hxc7srvt5pvuye9q86mcrxluhjjj2aaj,pool17j4er5hpzkzyzpqzc98hxc7srvt5pvuye9q86mcrxluhjjj2aaj,https://www.balanceanalytics.io/api/groupdata.json,2026-05-18T17:17:32+00:00
pool17k2dpgvx8spkdhgf5j7x5u7pqjpvlwa76sugwen8l3xtk7kq3c4,pool17k2dpgvx8spkdhgf5j7x5u7pqjpvlwa76sugwen8l3xtk7kq3c4,https://www.balanceanalytics.io/api/groupdata.json,2026-05-18T17:17:32+00:00
pool17k4f0mdwyulkqhyu2mudavu2qqqd7hfc9xtxmxtk8dudvznma8k,pool17k4f0mdwyulkqhyu2mudavu2qqqd7hfc9xtxmxtk8dudvznma8k,https://www.balanceanalytics.io/api/groupdata.json,2026-05-18T17:17:32+00:00
pool17k4x40zw7x8qyjfdw22m4f73222y5ewge5xdekvmf7eh5mql26m,pool17k4x40zw7x8qyjfdw22m4f73222y5ewge5xdekvmf7eh5mql26m,https://www.balanceanalytics.io/api/groupdata.json,2026-05-18T17:17:32+00:00
pool17k568pj9x6qwmvutn97p5wgzvgmjf7m46sz3vzudq62swqdfh4a,pool17k568pj9x6qwmvutn97p5wgzvgmjf7m46sz3vzudq62swqdfh4a,https://www.balanceanalytics.io/api/groupdata.json,2026-05-18T17:17:32+00:00
pool17kew7rtakc7g6qzydntann5umw08xq3ll2j7spk7en4kvff69fa,BLOOM,https://www.balanceanalytics.io/api/groupdata.json,2026-05-18T17:17:32+00:00
pool17lue2fr93qlstfjwgstpkt22y5lg6h44ry3rz7jxe0mqqnq53wf,ASTRL,https://www.balanceanalytics.io/api/groupdata.json,2026-05-18T17:17:32+00:00
pool17m2zg7dcg54a8gz2jgkwz2s3fzzth2gyf466k7sy4dl7wchp3lv,pool17m2zg7dcg54a8gz2jgkwz2s3fzzth2gyf466k7sy4dl7wchp3lv,https://www.balanceanalytics.io/api/groupdata.json,2026-05-18T17:17:32+00:00
pool17m39tt99rq96gv9s4cp7u93auavams3khrdtzfapngxgjs3tj7s,pool17m39tt99rq96gv9s4cp7u93auavams3khrdtzfapngxgjs3tj7s,https://www.balanceanalytics.io/api/groupdata.json,2026-05-18T17:17:32+00:00
pool17m6ue6rcq7fmvxpvr22s9umscgzlw7fuy9ywrkzr2trncnj5nx9,pool17m6ue6rcq7fmvxpvr22s9umscgzlw7fuy9ywrkzr2trncnj5nx9,https://www.balanceanalytics.io/api/groupdata.json,2026-05-18T17:17:32+00:00
pool17mr554wv653z4ttr3rydt5dsxg6r28ysu5mlz9cc5ax32gsleh9,pool17mr554wv653z4ttr3rydt5dsxg6r28ysu5mlz9cc5ax32gsleh9,https://www.balanceanalytics.io/api/groupdata.json,2026-05-18T17:17:32+00:00
pool17n47upcpnzsdks0yd409nf79sg6hqy73twg87eddwh24uj745rt,pool17n47upcpnzsdks0yd409nf79sg6hqy73twg87eddwh24uj745rt,https://www.balanceanalytics.io/api/groupdata.json,2026-05-18T17:17:32+00:00
pool17p4syst04f92ylfzlcn8qwq8w5muxkwqn0a5fl98ksxhwj6y7g7,pool17p4syst04f92ylfzlcn8qwq8w5muxkwqn0a5fl98ksxhwj6y7g7,https://www.balanceanalytics.io/api/groupdata.json,2026-05-18T17:17:32+00:00
pool17p8a9e5ljeucdvmsl62a667y7lwwx9xzwzjulwu7df2q7854mh4,pool17p8a9e5ljeucdvmsl62a667y7lwwx9xzwzjulwu7df2q7854mh4,https://www.balanceanalytics.io/api/groupdata.json,2026-05-18T17:17:32+00:00
pool17pappd4r69ag7ud695he8rhygzh80qvtdtv8k25hjyggzz8gc53,pool17pappd4r69ag7ud695he8rhygzh80qvtdtv8k25hjyggzz8gc53,https://www.balanceanalytics.io/api/groupdata.json,2026-05-18T17:17:32+00:00
pool17pv7m8h5dxsyt55upay8n8ake2cgcz4mcr737um2tl8d2wthzqr,HOTEL,https://www.balanceanalytics.io/api/groupdata.json,2026-05-18T17:17:32+00:00
pool17q2uklzjsfk7qy97zssgjkw726huuxktnen8k89nnqlx76vjuyu,pool17q2uklzjsfk7qy97zssgjkw726huuxktnen8k89nnqlx76vjuyu,https://www.balanceanalytics.io/api/groupdata.json,2026-05-18T17:17:32+00:00
pool17qvfg2g843gw6lurru282kkex6vp3pyj6zwj99j4u6k7zvmva5a,1PCT,https://www.balanceanalytics.io/api/groupdata.json,2026-05-18T17:17:32+00:00
pool17qyahrvutlsyq7c6ceynac8ay4qkmxkd2sh43w4va5yr255x437,pool17qyahrvutlsyq7c6ceynac8ay4qkmxkd2sh43w4va5yr255x437,https://www.balanceanalytics.io/api/groupdata.json,2026-05-18T17:17:32+00:00
pool17r3u34ywld6sehe9dd5t40ygq7rmc6yfw2k0h0hpllznwlmwsnn,pool17r3u34ywld6sehe9dd5t40ygq7rmc6yfw2k0h0hpllznwlmwsnn,https://www.balanceanalytics.io/api/groupdata.json,2026-05-18T17:17:32+00:00
pool17rjst78s67lvellg8s586rf076jxa3wnsdz730f4xk2zwuhrtej,NORTH,https://www.balanceanalytics.io/api/groupdata.json,2026-05-18T17:17:32+00:00
pool17rns3wjyql9jg9xkzw9h88f0kstd693pm6urwxmvejqgsyjw7ta,0PCT,https://www.balanceanalytics.io/api/groupdata.json,2026-05-18T17:17:32+00:00
pool17s3mr9c4ejjfq20dz0ls9ggskc770kt267s9xmw93payzdswwgg,NANIFIKA,https://www.balanceanalytics.io/api/groupdata.json,2026-05-18T17:17:32+00:00
pool17s9pcsnhgueer24p4lk53ruglr0r8009yxfrqvwgk5gx6r44cpe,pool17s9pcsnhgueer24p4lk53ruglr0r8009yxfrqvwgk5gx6r44cpe,https://www.balanceanalytics.io/api/groupdata.json,2026-05-18T17:17:32+00:00
pool17taqml487n9t4r9a6ppvf9qv0qlw2lu4zcrzwfdsfcv6xp7uqym,pool17taqml487n9t4r9a6ppvf9qv0qlw2lu4zcrzwfdsfcv6xp7uqym,https://www.balanceanalytics.io/api/groupdata.json,2026-05-18T17:17:32+00:00
pool17w80nr9ujut4thwanfjstnvuwtwwk8luyln6vvrlqtv7sz3szeq,pool17w80nr9ujut4thwanfjstnvuwtwwk8luyln6vvrlqtv7sz3szeq,https://www.balanceanalytics.io/api/groupdata.json,2026-05-18T17:17:32+00:00
pool17wdqcn6xjym38wlry6t2ull00fg7ghqejd0xuy4p20djyua800c,pool17wdqcn6xjym38wlry6t2ull00fg7ghqejd0xuy4p20djyua800c,https://www.balanceanalytics.io/api/groupdata.json,2026-05-18T17:17:32+00:00
pool17we8ycehylszd2n3haxut8gll239m9m9q5a8ytsc9pg9g3uuga6,pool17we8ycehylszd2n3haxut8gll239m9m9q5a8ytsc9pg9g3uuga6,https://www.balanceanalytics.io/api/groupdata.json,2026-05-18T17:17:32+00:00
pool17wph2uu643wykezxmm3ef3a8shg3hwyq2z0sgpu6r9sc7um83d9,pool17wph2uu643wykezxmm3ef3a8shg3hwyq2z0sgpu6r9sc7um83d9,https://www.balanceanalytics.io/api/groupdata.json,2026-05-18T17:17:32+00:00
pool17wsk3ww9asev7kfk9ktfw2cxcq865jq2l796aue66xldwx6cy82,CNODE,https://www.balanceanalytics.io/api/groupdata.json,2026-05-18T17:17:32+00:00
pool17xextu09ghdfcmsq83whq0a45geg83jxe4qt94sevu087tzdzkl,ONYX,https://www.balanceanalytics.io/api/groupdata.json,2026-05-18T17:17:32+00:00
pool17xh922cr9skc0fqk7sr8at6xx6eluh5qyv9p7ca2x0mtc3st0mz,pool17xh922cr9skc0fqk7sr8at6xx6eluh5qyv9p7ca2x0mtc3st0mz,https://www.balanceanalytics.io/api/groupdata.json,2026-05-18T17:17:32+00:00
pool17xtz3a8ppy9prj4e2e5t5ggk6p68ls305x5pyyxdxc2lut0ltm2,pool17xtz3a8ppy9prj4e2e5t5ggk6p68ls305x5pyyxdxc2lut0ltm2,https://www.balanceanalytics.io/api/groupdata.json,2026-05-18T17:17:32+00:00
pool17xzkn26ycvwc87emuls9p0wegsvehss43rv87ahdrwvdw0ul6pr,pool17xzkn26ycvwc87emuls9p0wegsvehss43rv87ahdrwvdw0ul6pr,https://www.balanceanalytics.io/api/groupdata.json,2026-05-18T17:17:32+00:00
pool17y0uw9jraxxtqk4mhgkhkye2v6jqzn84u8hl68l9xwq3cvm2vqw,pool17y0uw9jraxxtqk4mhgkhkye2v6jqzn84u8hl68l9xwq3cvm2vqw,https://www.balanceanalytics.io/api/groupdata.json,2026-05-18T17:17:32+00:00
pool17y4pg5j8z8zklmplel2l3l705zx706w3mrac2etns0uccehx3nr,pool17y4pg5j8z8zklmplel2l3l705zx706w3mrac2etns0uccehx3nr,https://www.balanceanalytics.io/api/groupdata.json,2026-05-18T17:17:32+00:00
pool17ynruzy9lvq0x55ks22vtf4lrrdrw2ucydh4tfzhg9kkyeaw8nf,pool17ynruzy9lvq0x55ks22vtf4lrrdrw2ucydh4tfzhg9kkyeaw8nf,https://www.balanceanalytics.io/api/groupdata.json,2026-05-18T17:17:32+00:00
pool17ywx7vha7t8snj3xzwm9863lvnpke0ufqjtx94mh49sf28srg9m,pool17ywx7vha7t8snj3xzwm9863lvnpke0ufqjtx94mh49sf28srg9m,https://www.balanceanalytics.io/api/groupdata.json,2026-05-18T17:17:32+00:00
pool17yyawjkmefppu64v0xxqxecaa77ddgsdgxgmm06jdyxeslruzyc,pool17yyawjkmefppu64v0xxqxecaa77ddgsdgxgmm06jdyxeslruzyc,https://www.balanceanalytics.io/api/groupdata.json,2026-05-18T17:17:32+00:00
pool17z4hzv0544uxx8q7yhedvsrtdavtz46nzwqyp2rgtku4x6d0zcn,ASTRL,https://www.balanceanalytics.io/api/groupdata.json,2026-05-18T17:17:32+00:00
pool180fejev4xgwe2y53ky0pxvgxr3wcvkweu6feq5mdljfzcsmtg6u,pool180fejev4xgwe2y53ky0pxvgxr3wcvkweu6feq5mdljfzcsmtg6u,https://www.balanceanalytics.io/api/groupdata.json,2026-05-18T17:17:32+00:00
pool18243r3ncukrk54jrx3mnr2k6lvu30dy7y6uj252cyldhqze7qe3,pool18243r3ncukrk54jrx3mnr2k6lvu30dy7y6uj252cyldhqze7qe3,https://www.balanceanalytics.io/api/groupdata.json,2026-05-18T17:17:32+00:00
pool1829u4wxz0hdatsc0sczd0r3362wxk82qlqncjw5ksx7ngne07w0,pool1829u4wxz0hdatsc0sczd0r3362wxk82qlqncjw5ksx7ngne07w0,https://www.balanceanalytics.io/api/groupdata.json,2026-05-18T17:17:32+00:00
pool182eyxl2a92uw7yg3zfep2cgzul3h0hh7afu760xpus2tg2j4m3c,pool182eyxl2a92uw7yg3zfep2cgzul3h0hh7afu760xpus2tg2j4m3c,https://www.balanceanalytics.io/api/groupdata.json,2026-05-18T17:17:32+00:00
pool183usq53j55v86q3eguw37xaqy67au9n5terk474sevuu6jy7266,pool183usq53j55v86q3eguw37xaqy67au9n5terk474sevuu6jy7266,https://www.balanceanalytics.io/api/groupdata.json,2026-05-18T17:17:32+00:00
pool1842ddmy7xpppxvxku0uz2ztsjrg9cjtcq9x90kulrwkkqte03ef,pool1842ddmy7xpppxvxku0uz2ztsjrg9cjtcq9x90kulrwkkqte03ef,https://www.balanceanalytics.io/api/groupdata.json,2026-05-18T17:17:32+00:00
pool18499qzkx0gcsa92ykrv84yr9pycqrje2dndcg2xxq7pxyadvwjj,pool18499qzkx0gcsa92ykrv84yr9pycqrje2dndcg2xxq7pxyadvwjj,https://www.balanceanalytics.io/api/groupdata.json,2026-05-18T17:17:32+00:00
pool184ky8n3x3czup0cr3hfnvjhqaw3wjltwncdjsq0jc5vxgthu90t,pool184ky8n3x3czup0cr3hfnvjhqaw3wjltwncdjsq0jc5vxgthu90t,https://www.balanceanalytics.io/api/groupdata.json,2026-05-18T17:17:32+00:00
pool1850xvydng5mkjzkwqw6566y7e6hsrgakc3y87jrnqrkrwdjua2p,pool1850xvydng5mkjzkwqw6566y7e6hsrgakc3y87jrnqrkrwdjua2p,https://www.balanceanalytics.io/api/groupdata.json,2026-05-18T17:17:32+00:00
pool1853ffwhtuka742fq4av7s3ssdpvzhdkpw53th3es36zkwrllj9g,ATLAS,https://www.balanceanalytics.io/api/groupdata.json,2026-05-18T17:17:32+00:00
pool1856hr68ypjteu686stdagfpv2sxjzguwzjxu946v8wdqzn0f67s,pool1856hr68ypjteu686stdagfpv2sxjzguwzjxu946v8wdqzn0f67s,https://www.balanceanalytics.io/api/groupdata.json,2026-05-18T17:17:32+00:00
pool1859zslu3scj23wxcamw0slkhn80waxwkdl4k8k0asyw7sfa8dv5,UPBIT,https://www.balanceanalytics.io/api/groupdata.json,2026-05-18T17:17:32+00:00
pool185ev4czpm5hc9xud25xlcz5lhpnl2jztqas6mgxujqke7j5mdzc,pool185ev4czpm5hc9xud25xlcz5lhpnl2jztqas6mgxujqke7j5mdzc,https://www.balanceanalytics.io/api/groupdata.json,2026-05-18T17:17:32+00:00
pool1867sv2tgcq2cjmyhqgsfveekmsy5zksld69zhgrlkluukfydq29,IOG,https://www.balanceanalytics.io/api/groupdata.json,2026-05-18T17:17:32+00:00
pool1868enz06xyac8cdevua4n8w29wc6p5j6hes35qslmf3x234hwjy,pool1868enz06xyac8cdevua4n8w29wc6p5j6hes35qslmf3x234hwjy,https://www.balanceanalytics.io/api/groupdata.json,2026-05-18T17:17:32+00:00
pool186wnrzw2zq20wt6p9aer6z33vqgv4xaxm6445fa4g4wr559e0j8,pool186wnrzw2zq20wt6p9aer6z33vqgv4xaxm6445fa4g4wr559e0j8,https://www.balanceanalytics.io/api/groupdata.json,2026-05-18T17:17:32+00:00
pool187k9uqvh2dacad2qyfyex7ct8q0jxepk45026s9h7mkxx9pn7at,pool187k9uqvh2dacad2qyfyex7ct8q0jxepk45026s9h7mkxx9pn7at,https://www.balanceanalytics.io/api/groupdata.json,2026-05-18T17:17:32+00:00
pool18872nzahx0h2f7j58pxrn5rjektn8na8p4amv08x2xj8qkht30g,pool18872nzahx0h2f7j58pxrn5rjektn8na8p4amv08x2xj8qkht30g,https://www.balanceanalytics.io/api/groupdata.json,2026-05-18T17:17:32+00:00
pool188837cdkhad7w2dwk2arsldyre3tcva8aardadf4ekc0j56267t,pool188837cdkhad7w2dwk2arsldyre3tcva8aardadf4ekc0j56267t,https://www.balanceanalytics.io/api/groupdata.json,2026-05-18T17:17:32+00:00
pool1892ry20mvu6tvrmuua5gdmk7unw30w7tf8scpllpyq8w2sdwvc7,pool1892ry20mvu6tvrmuua5gdmk7unw30w7tf8scpllpyq8w2sdwvc7,https://www.balanceanalytics.io/api/groupdata.json,2026-05-18T17:17:32+00:00
pool189elcklfyhaczaasjdyrrxmhaeepg6avn9gxjte78ntny5fqdl7,pool189elcklfyhaczaasjdyrrxmhaeepg6avn9gxjte78ntny5fqdl7,https://www.balanceanalytics.io/api/groupdata.json,2026-05-18T17:17:32+00:00
pool189j5mz6wa0gfrakwvn2tar7qt309qxrmsgde5v6qwm892n6re3v,CCJ,https://www.balanceanalytics.io/api/groupdata.json,2026-05-18T17:17:32+00:00
pool189lfh7azuvxu0hyskwahnp35rtez0mzhsmule3742p3jkza00cq,pool189lfh7azuvxu0hyskwahnp35rtez0mzhsmule3742p3jkza00cq,https://www.balanceanalytics.io/api/groupdata.json,2026-05-18T17:17:32+00:00
pool189lsf6c2upyhmrzddyvyfjxxkqnte9pw8aqx7f4cuf85sjxlm02,CRDNS,https://www.balanceanalytics.io/api/groupdata.json,2026-05-18T17:17:32+00:00
pool189vq6ay0gku9tkqc2t3nfjk3n88mm23grmfas852jruw6fjlkaf,WEP,https://www.balanceanalytics.io/api/groupdata.json,2026-05-18T17:17:32+00:00
pool189ysyxejgdu0d5u323cajq40ec6wsacq3yav3ul7fdxs6mhdhr0,pool189ysyxejgdu0d5u323cajq40ec6wsacq3yav3ul7fdxs6mhdhr0,https://www.balanceanalytics.io/api/groupdata.json,2026-05-18T17:17:32+00:00
pool18a8vhtlcz7t0mahmfdlgtpsspvae62egz936j3dt7f9ykr4j2av,pool18a8vhtlcz7t0mahmfdlgtpsspvae62egz936j3dt7f9ykr4j2av,https://www.balanceanalytics.io/api/groupdata.json,2026-05-18T17:17:32+00:00
pool18aklqwussc7j6y9nap8vxst4ht8s6sv76ge9799rzv3lcrau7yg,pool18aklqwussc7j6y9nap8vxst4ht8s6sv76ge9799rzv3lcrau7yg,https://www.balanceanalytics.io/api/groupdata.json,2026-05-18T17:17:32+00:00
pool18au4xxwcu552tjyxgyfssc95lwcf08g49z0ln5f7l060qh8r3wv,STBL,https://www.balanceanalytics.io/api/groupdata.json,2026-05-18T17:17:32+00:00
pool18c2qgn5fv5vfhsvqjvn20j943qjaegs0dylgpsmmwz2lx03n76k,pool18c2qgn5fv5vfhsvqjvn20j943qjaegs0dylgpsmmwz2lx03n76k,https://www.balanceanalytics.io/api/groupdata.json,2026-05-18T17:17:32+00:00
pool18cr7st8wvagllpgq23y70ncnejux2dmxrsdc45hyalk67e63jg6,pool18cr7st8wvagllpgq23y70ncnejux2dmxrsdc45hyalk67e63jg6,https://www.balanceanalytics.io/api/groupdata.json,2026-05-18T17:17:32+00:00
pool18cx6qhjeynrsd7pvcrv7e3y65ksyzguaep2427zumc8t2qzxvsk,pool18cx6qhjeynrsd7pvcrv7e3y65ksyzguaep2427zumc8t2qzxvsk,https://www.balanceanalytics.io/api/groupdata.json,2026-05-18T17:17:32+00:00
pool18dmncsu0wwzfnje42udk3eeld3z0zwjpjxname3lp8a9kpah28w,pool18dmncsu0wwzfnje42udk3eeld3z0zwjpjxname3lp8a9kpah28w,https://www.balanceanalytics.io/api/groupdata.json,2026-05-18T17:17:32+00:00
pool18dqp26atwr6rd7z6suxjmguqy8zym5a3tgtveuazqsjwyeafrz6,pool18dqp26atwr6rd7z6suxjmguqy8zym5a3tgtveuazqsjwyeafrz6,https://www.balanceanalytics.io/api/groupdata.json,2026-05-18T17:17:32+00:00
pool18dz2gcfv62znv5gpkn5ejwl2e782dke07fffyn70rv0l66gclrt,pool18dz2gcfv62znv5gpkn5ejwl2e782dke07fffyn70rv0l66gclrt,https://www.balanceanalytics.io/api/groupdata.json,2026-05-18T17:17:32+00:00
pool18e0uhtm4pspfrnktwguypytjfgwz6dw6zzn3gulpdjfx7qd0439,CPU,https://www.balanceanalytics.io/api/groupdata.json,2026-05-18T17:17:32+00:00
pool18e48wynvkevefs0c5yuh705u6tpy0m4xflg506kp0r6vga9gkmr,pool18e48wynvkevefs0c5yuh705u6tpy0m4xflg506kp0r6vga9gkmr,https://www.balanceanalytics.io/api/groupdata.json,2026-05-18T17:17:32+00:00
pool18e545ehldchd8qr8qx7q7m5dljzaky2twxrynx2z29ru2mt6pv4,BD,https://www.balanceanalytics.io/api/groupdata.json,2026-05-18T17:17:32+00:00
pool18ecuhr75yr6zt9e707shkj5w9p664syqnkt8gmmlkydg27z39xt,pool18ecuhr75yr6zt9e707shkj5w9p664syqnkt8gmmlkydg27z39xt,https://www.balanceanalytics.io/api/groupdata.json,2026-05-18T17:17:32+00:00
pool18edw9myyszkjuqm2u3v7anszd6vtnrjwhhq3k5r3nhm4crzwp5q,pool18edw9myyszkjuqm2u3v7anszd6vtnrjwhhq3k5r3nhm4crzwp5q,https://www.balanceanalytics.io/api/groupdata.json,2026-05-18T17:17:32+00:00
pool18en4vtxkjt3u5x6ctu9l3nqmr6pm3r7akxgu84450xdvkr4j827,pool18en4vtxkjt3u5x6ctu9l3nqmr6pm3r7akxgu84450xdvkr4j827,https://www.balanceanalytics.io/api/groupdata.json,2026-05-18T17:17:32+00:00
pool18fldcktken22hfd3tyx8qwes46lv6jhv43jhns8gg24k2rta4al,pool18fldcktken22hfd3tyx8qwes46lv6jhv43jhns8gg24k2rta4al,https://www.balanceanalytics.io/api/groupdata.json,2026-05-18T17:17:32+00:00
pool18fw3qgzt4u094hn8kf82n6jye5y96csamj0f20dja8tnq4ad0hy,pool18fw3qgzt4u094hn8kf82n6jye5y96csamj0f20dja8tnq4ad0hy,https://www.balanceanalytics.io/api/groupdata.json,2026-05-18T17:17:32+00:00
pool18fwhlhyx6h2822gujjjnjntn2hsy5lr0exvcf526t3wdkxhryj0,pool18fwhlhyx6h2822gujjjnjntn2hsy5lr0exvcf526t3wdkxhryj0,https://www.balanceanalytics.io/api/groupdata.json,2026-05-18T17:17:32+00:00
pool18gk8kvd9qf829nldqus92q9y640e6u0jdyfz04mmktwxvglgt06,STAKEBOWL,https://www.balanceanalytics.io/api/groupdata.json,2026-05-18T17:17:32+00:00
pool18gsrasdghtjsnzlf20pht85l4epwag74w9pfx5qvdvcpxw68sl6,COINBASE,https://www.balanceanalytics.io/api/groupdata.json,2026-05-18T17:17:32+00:00
pool18gxqszcsk9yt0jsnzc293556x5t0cd0xdepr69wta9rh23349j5,pool18gxqszcsk9yt0jsnzc293556x5t0cd0xdepr69wta9rh23349j5,https://www.balanceanalytics.io/api/groupdata.json,2026-05-18T17:17:32+00:00
pool18gysxqfwz4j8rm3vlh6677vs9n23prvfr7gwe88mhn5uudgx9ng,pool18gysxqfwz4j8rm3vlh6677vs9n23prvfr7gwe88mhn5uudgx9ng,https://www.balanceanalytics.io/api/groupdata.json,2026-05-18T17:17:32+00:00
pool18heqrjtge2emf2hes4mdxkr76y99zztkqk4qtjr9dul0vuur0yu,pool18heqrjtge2emf2hes4mdxkr76y99zztkqk4qtjr9dul0vuur0yu,https://www.balanceanalytics.io/api/groupdata.json,2026-05-18T17:17:32+00:00
pool18hk4akqtnktgsptxll625lksugwpc4r30nzjgz4pxtufqgw5gdd,pool18hk4akqtnktgsptxll625lksugwpc4r30nzjgz4pxtufqgw5gdd,https://www.balanceanalytics.io/api/groupdata.json,2026-05-18T17:17:32+00:00
pool18hkq2t8ss45h4fkr92f52flhc4mpzedx5mcz4xhnpj0dzp76028,pool18hkq2t8ss45h4fkr92f52flhc4mpzedx5mcz4xhnpj0dzp76028,https://www.balanceanalytics.io/api/groupdata.json,2026-05-18T17:17:32+00:00
pool18hpttrmc7v6nhjcywhdpymwzxv3y9kujzc5ne53jjdlf6hxa7cv,pool18hpttrmc7v6nhjcywhdpymwzxv3y9kujzc5ne53jjdlf6hxa7cv,https://www.balanceanalytics.io/api/groupdata.json,2026-05-18T17:17:32+00:00
pool18j287g2sccele52hhxc0csk2ghfghwndqm9yahdqnhjks840wtq,pool18j287g2sccele52hhxc0csk2ghfghwndqm9yahdqnhjks840wtq,https://www.balanceanalytics.io/api/groupdata.json,2026-05-18T17:17:32+00:00
pool18j42fxelgk53gumv8y7f039mscg6kl2lvmktfcs5aymqvx728d8,BINANCE,https://www.balanceanalytics.io/api/groupdata.json,2026-05-18T17:17:32+00:00
pool18jqumjfevywycjj54m62g74ghds4mmuyqynpwfkaem0xktazlqw,pool18jqumjfevywycjj54m62g74ghds4mmuyqynpwfkaem0xktazlqw,https://www.balanceanalytics.io/api/groupdata.json,2026-05-18T17:17:32+00:00
pool18jrsaddmrwtrdycydmk3zv0fxawnv0q8xh7f6fyp2r247zz9tc5,pool18jrsaddmrwtrdycydmk3zv0fxawnv0q8xh7f6fyp2r247zz9tc5,https://www.balanceanalytics.io/api/groupdata.json,2026-05-18T17:17:32+00:00
pool18kpfz02v3knfp24k4a3zv50h5eva5s90slwtfvae3n5rq4zfget,BINANCE,https://www.balanceanalytics.io/api/groupdata.json,2026-05-18T17:17:32+00:00
pool18kv6jmmtks4jwyt8tpvfc2kakh6wkcggjtehyj78yk9r7t2t2ex,pool18kv6jmmtks4jwyt8tpvfc2kakh6wkcggjtehyj78yk9r7t2t2ex,https://www.balanceanalytics.io/api/groupdata.json,2026-05-18T17:17:32+00:00
pool18l6lvx95vl5p88zfh7xjkx073s9gufpz4sa5q43fu7auqunjhg3,pool18l6lvx95vl5p88zfh7xjkx073s9gufpz4sa5q43fu7auqunjhg3,https://www.balanceanalytics.io/api/groupdata.json,2026-05-18T17:17:32+00:00
pool18lc5x7fma0zsdwl56fa9rw97ayzc4kdue37sncrtdz2e7xfa8y6,pool18lc5x7fma0zsdwl56fa9rw97ayzc4kdue37sncrtdz2e7xfa8y6,https://www.balanceanalytics.io/api/groupdata.json,2026-05-18T17:17:32+00:00
pool18lc8uxyrnuurer7hr77xqh83cp667jazlghe2qetvzfqvxjtdqc,pool18lc8uxyrnuurer7hr77xqh83cp667jazlghe2qetvzfqvxjtdqc,https://www.balanceanalytics.io/api/groupdata.json,2026-05-18T17:17:32+00:00
pool18ljuhhw27t85zddz0pvsmsjsz5k0mlz03pzsxgh8qarcsw5wycc,CAFE,https://www.balanceanalytics.io/api/groupdata.json,2026-05-18T17:17:32+00:00
pool18lwlvq4j8yxgrsuvyqntmyq7wyeql5t9nhmtg0cx0uqa6n5hplm,pool18lwlvq4j8yxgrsuvyqntmyq7wyeql5t9nhmtg0cx0uqa6n5hplm,https://www.balanceanalytics.io/api/groupdata.json,2026-05-18T17:17:32+00:00
pool18mege8wvzzdvh8cxx6ncnqyvacl4lxukw495c87xmz8qcdl6lj8,1PCT,https://www.balanceanalytics.io/api/groupdata.json,2026-05-18T17:17:32+00:00
pool18mgmqghey8az6duffc6e9tpzwxsquf00wpkl0jr8gvqxumkg4m0,pool18mgmqghey8az6duffc6e9tpzwxsquf00wpkl0jr8gvqxumkg4m0,https://www.balanceanalytics.io/api/groupdata.json,2026-05-18T17:17:32+00:00
pool18mgvt3k5sm5vns4tqu74qt036tw0yterxuz2zjczlqr9saeas9f,pool18mgvt3k5sm5vns4tqu74qt036tw0yterxuz2zjczlqr9saeas9f,https://www.balanceanalytics.io/api/groupdata.json,2026-05-18T17:17:32+00:00
pool18ml3ex5ra5wkv00vxx0mw876s2xe0058z37mpzv263872nasmv0,pool18ml3ex5ra5wkv00vxx0mw876s2xe0058z37mpzv263872nasmv0,https://www.balanceanalytics.io/api/groupdata.json,2026-05-18T17:17:32+00:00
pool18mnua97ndq302yw2c6aaw6msx5rgf79mfnk4xe5y92tvjl45etl,CPU,https://www.balanceanalytics.io/api/groupdata.json,2026-05-18T17:17:32+00:00
pool18mtj9n5sgxw6jqsq3jzl732h6yalfkx8e9249z2d5rs8smduvcv,pool18mtj9n5sgxw6jqsq3jzl732h6yalfkx8e9249z2d5rs8smduvcv,https://www.balanceanalytics.io/api/groupdata.json,2026-05-18T17:17:32+00:00
pool18n7gadrjk8ul8syhstgpeajd59f4m78e8ktrxh9m0fa5j6x8lty,pool18n7gadrjk8ul8syhstgpeajd59f4m78e8ktrxh9m0fa5j6x8lty,https://www.balanceanalytics.io/api/groupdata.json,2026-05-18T17:17:32+00:00
pool18n7kk90klq4uf45j6pguqskyrxe9eprgfgrjhr7cpvdxzus3zn8,pool18n7kk90klq4uf45j6pguqskyrxe9eprgfgrjhr7cpvdxzus3zn8,https://www.balanceanalytics.io/api/groupdata.json,2026-05-18T17:17:32+00:00
pool18nx24xhkcewezxvrjgdpt9pgt69pefr85m8qa8fdjd4m6p7egw9,pool18nx24xhkcewezxvrjgdpt9pgt69pefr85m8qa8fdjd4m6p7egw9,https://www.balanceanalytics.io/api/groupdata.json,2026-05-18T17:17:32+00:00
pool18p7p752cjnf9z8g70ygkre5cstwmgfatzuqm0tm3n2xf739j8k8,pool18p7p752cjnf9z8g70ygkre5cstwmgfatzuqm0tm3n2xf739j8k8,https://www.balanceanalytics.io/api/groupdata.json,2026-05-18T17:17:32+00:00
pool18pnta4kfff66kq5shjrdsdr8ce2heu38t6x5nv7hylrcc0hpksk,pool18pnta4kfff66kq5shjrdsdr8ce2heu38t6x5nv7hylrcc0hpksk,https://www.balanceanalytics.io/api/groupdata.json,2026-05-18T17:17:32+00:00
pool18pwq8mctjyctx00rl36e7r7m046mg34365amyaluw0n5cd7rv7w,pool18pwq8mctjyctx00rl36e7r7m046mg34365amyaluw0n5cd7rv7w,https://www.balanceanalytics.io/api/groupdata.json,2026-05-18T17:17:32+00:00
pool18q7axjzcrs7pd2vpmcgh33p0r5cng2q0v6ldw5vtwuhl6ctgmeg,pool18q7axjzcrs7pd2vpmcgh33p0r5cng2q0v6ldw5vtwuhl6ctgmeg,https://www.balanceanalytics.io/api/groupdata.json,2026-05-18T17:17:32+00:00
pool18q92uyx3973u3qt64nxf8p7us58gwkytrn0c3ed2a99s5uc9usc,pool18q92uyx3973u3qt64nxf8p7us58gwkytrn0c3ed2a99s5uc9usc,https://www.balanceanalytics.io/api/groupdata.json,2026-05-18T17:17:32+00:00
pool18qahj5ggudguk69g9aaztf5dvapmazql4hdvd7v0947j7gy4wqf,pool18qahj5ggudguk69g9aaztf5dvapmazql4hdvd7v0947j7gy4wqf,https://www.balanceanalytics.io/api/groupdata.json,2026-05-18T17:17:32+00:00
pool18qamc87vnl2sjd888f3gv4ssh4qjww859z9v6mr622fvjhemunh,pool18qamc87vnl2sjd888f3gv4ssh4qjww859z9v6mr622fvjhemunh,https://www.balanceanalytics.io/api/groupdata.json,2026-05-18T17:17:32+00:00
pool18qddv82sx8p22uxzdrf0qx9lkewxadlr9ef45kpcf7dzz3n56qv,pool18qddv82sx8p22uxzdrf0qx9lkewxadlr9ef45kpcf7dzz3n56qv,https://www.balanceanalytics.io/api/groupdata.json,2026-05-18T17:17:32+00:00
pool18qph3xrjkds0hytfyrrm0nwxk29u70q3hz8d2qz5ru0uul04v4f,pool18qph3xrjkds0hytfyrrm0nwxk29u70q3hz8d2qz5ru0uul04v4f,https://www.balanceanalytics.io/api/groupdata.json,2026-05-18T17:17:32+00:00
pool18qzks8vdf0yu0u5ccf8aaj35q6zfutdcfgrssuvdjmgtyykr922,pool18qzks8vdf0yu0u5ccf8aaj35q6zfutdcfgrssuvdjmgtyykr922,https://www.balanceanalytics.io/api/groupdata.json,2026-05-18T17:17:32+00:00
pool18r2y72aue5nmv489xtnfxl36vzusq95qst6urd87yd5hgzms04c,pool18r2y72aue5nmv489xtnfxl36vzusq95qst6urd87yd5hgzms04c,https://www.balanceanalytics.io/api/groupdata.json,2026-05-18T17:17:32+00:00
pool18rhzlrv83a7ygj7cp5uv8dx07qkn5drhe8nh6f3qvhv66xcyj2m,SIPO,https://www.balanceanalytics.io/api/groupdata.json,2026-05-18T17:17:32+00:00
pool18rpw5dwfywfrzjuy7uzn2cetrw9v85aan8a80p3fdvtqcxykkqu,pool18rpw5dwfywfrzjuy7uzn2cetrw9v85aan8a80p3fdvtqcxykkqu,https://www.balanceanalytics.io/api/groupdata.json,2026-05-18T17:17:32+00:00
pool18s9snlm9kwex29wtgjjpkmwcn8j3fk3r22dpsehtjyqs754l70q,pool18s9snlm9kwex29wtgjjpkmwcn8j3fk3r22dpsehtjyqs754l70q,https://www.balanceanalytics.io/api/groupdata.json,2026-05-18T17:17:32+00:00
pool18sk7mn0r0cyujft352lwkzg5pz7e67ve3ps2sryrwacd2r5zhp6,CHUCK BUX,https://www.balanceanalytics.io/api/groupdata.json,2026-05-18T17:17:32+00:00
pool18sqt4qwprlt6ytg8pu2qpz262j9vhlzmtwn2fwvhpcnzc0u5ynw,pool18sqt4qwprlt6ytg8pu2qpz262j9vhlzmtwn2fwvhpcnzc0u5ynw,https://www.balanceanalytics.io/api/groupdata.json,2026-05-18T17:17:32+00:00
pool18t0u9vf408ftjf9xdpj47gdwkeq3jz3jqyshumm7fvtfkcq7ul7,pool18t0u9vf408ftjf9xdpj47gdwkeq3jz3jqyshumm7fvtfkcq7ul7,https://www.balanceanalytics.io/api/groupdata.json,2026-05-18T17:17:32+00:00
pool18tchat44f64u7h3jsjqp26g7xamat252789wg8ly9t25xfnnw07,pool18tchat44f64u7h3jsjqp26g7xamat252789wg8ly9t25xfnnw07,https://www.balanceanalytics.io/api/groupdata.json,2026-05-18T17:17:32+00:00
pool18tdd78q5vgr9qy2lun7m8srmnuc3h2mg6vqe66gezjh4glujje3,pool18tdd78q5vgr9qy2lun7m8srmnuc3h2mg6vqe66gezjh4glujje3,https://www.balanceanalytics.io/api/groupdata.json,2026-05-18T17:17:32+00:00
pool18te4aqp0umd6xunyps0mlg9tzk4dcjh30wgntqu8kf2n7k3y88f,pool18te4aqp0umd6xunyps0mlg9tzk4dcjh30wgntqu8kf2n7k3y88f,https://www.balanceanalytics.io/api/groupdata.json,2026-05-18T17:17:32+00:00
pool18ufrgfgmslekdxnk9v9345qvhrr7vfgzkvneqtwm7unnwaht6ww,pool18ufrgfgmslekdxnk9v9345qvhrr7vfgzkvneqtwm7unnwaht6ww,https://www.balanceanalytics.io/api/groupdata.json,2026-05-18T17:17:32+00:00
pool18v6rlcg506atlkkhy8sdgtnm5efzjjjshk9axyvp8fa35txspr8,pool18v6rlcg506atlkkhy8sdgtnm5efzjjjshk9axyvp8fa35txspr8,https://www.balanceanalytics.io/api/groupdata.json,2026-05-18T17:17:32+00:00
pool18v7t2c20cakwt699n6ftc3eyke5hhjdjzwefjvc0fwqc704an8t,pool18v7t2c20cakwt699n6ftc3eyke5hhjdjzwefjvc0fwqc704an8t,https://www.balanceanalytics.io/api/groupdata.json,2026-05-18T17:17:32+00:00
pool18v9r8afalh50l4lstct2awdc3zspnvurcs7t45nv29uc2mnxc6c,LONDN,https://www.balanceanalytics.io/api/groupdata.json,2026-05-18T17:17:32+00:00
pool18vc3pleuqzejkvlkls7qqw3ps9gyygrenqpypma4yp0gjjrm3uf,pool18vc3pleuqzejkvlkls7qqw3ps9gyygrenqpypma4yp0gjjrm3uf,https://www.balanceanalytics.io/api/groupdata.json,2026-05-18T17:17:32+00:00
pool18vej0s9gska8c847aj95g9v24duuxg2g63d5cuqngnxew643jw9,ADV,https://www.balanceanalytics.io/api/groupdata.json,2026-05-18T17:17:32+00:00
pool18vj02k4taarxxsdr36jxftcc5x270vsysp078j0n3v0njh0dt9x,pool18vj02k4taarxxsdr36jxftcc5x270vsysp078j0n3v0njh0dt9x,https://www.balanceanalytics.io/api/groupdata.json,2026-05-18T17:17:32+00:00
pool18vyjg6jlyt2jywae7ndzv0f7xkrsexxgyhunxrlgm3zaku0327k,BINANCE,https://www.balanceanalytics.io/api/groupdata.json,2026-05-18T17:17:32+00:00
pool18w4dzpe8wtkx29scf74qmshrf58xg760mcxu5p7s0azxufwwgec,IOG,https://www.balanceanalytics.io/api/groupdata.json,2026-05-18T17:17:32+00:00
pool18wrr36tcgywcvmkqa9wudc38r4cg6c665vmlrdenth0k6ue8geh,pool18wrr36tcgywcvmkqa9wudc38r4cg6c665vmlrdenth0k6ue8geh,https://www.balanceanalytics.io/api/groupdata.json,2026-05-18T17:17:32+00:00
pool18xjkr4xpscwxsatewj9lqc6z74vw90qycjd0wrypeqej673j5u8,pool18xjkr4xpscwxsatewj9lqc6z74vw90qycjd0wrypeqej673j5u8,https://www.balanceanalytics.io/api/groupdata.json,2026-05-18T17:17:32+00:00
pool18xmqj9h97tx245mzkz0fqlvas5zse0fzh9xmn9p6z77aj5jegsx,BINANCE,https://www.balanceanalytics.io/api/groupdata.json,2026-05-18T17:17:32+00:00
pool18xu4fh88v4naq5u3x9ya5aevfkrfd7a8a4gw6sejdvjnsrpud2a,CHUCK BUX,https://www.balanceanalytics.io/api/groupdata.json,2026-05-18T17:17:32+00:00
pool18xwr0zysfyyxsva6sta7alezd44nsa5nasewmjxweg9sgqntlxn,pool18xwr0zysfyyxsva6sta7alezd44nsa5nasewmjxweg9sgqntlxn,https://www.balanceanalytics.io/api/groupdata.json,2026-05-18T17:17:32+00:00
pool18xykgvvvxej2e5ap04ks72d8fdke4qsqeh30satznyrtj88634d,pool18xykgvvvxej2e5ap04ks72d8fdke4qsqeh30satznyrtj88634d,https://www.balanceanalytics.io/api/groupdata.json,2026-05-18T17:17:32+00:00
pool18y056s0echkc44dwnnd0hwanmrlnecxvkluwn339ukhnwnaz5v6,pool18y056s0echkc44dwnnd0hwanmrlnecxvkluwn339ukhnwnaz5v6,https://www.balanceanalytics.io/api/groupdata.json,2026-05-18T17:17:32+00:00
pool18yp9wal36lzzw34ujcds8vtfpsndkzq484zcm360evp5khex0l5,pool18yp9wal36lzzw34ujcds8vtfpsndkzq484zcm360evp5khex0l5,https://www.balanceanalytics.io/api/groupdata.json,2026-05-18T17:17:32+00:00
pool18ytpk5m7fun45j9julxq0x06dcwzmfdads3ha5rmp3qqqd5lreq,pool18ytpk5m7fun45j9julxq0x06dcwzmfdads3ha5rmp3qqqd5lreq,https://www.balanceanalytics.io/api/groupdata.json,2026-05-18T17:17:32+00:00
pool18z3vwrdpyxnpg7l7eqknsp25uksl6m2dnk8mr6y60jr9sssea0w,pool18z3vwrdpyxnpg7l7eqknsp25uksl6m2dnk8mr6y60jr9sssea0w,https://www.balanceanalytics.io/api/groupdata.json,2026-05-18T17:17:32+00:00
pool18zf8txwv8lmtpq2src8wrhz0pjut5qft8h5tfxnctwc95r7jvvj,pool18zf8txwv8lmtpq2src8wrhz0pjut5qft8h5tfxnctwc95r7jvvj,https://www.balanceanalytics.io/api/groupdata.json,2026-05-18T17:17:32+00:00
pool18zhvqynxvgha0zng8pess5vdcsk056st8h6h9ufzqq0ucj0ssar,pool18zhvqynxvgha0zng8pess5vdcsk056st8h6h9ufzqq0ucj0ssar,https://www.balanceanalytics.io/api/groupdata.json,2026-05-18T17:17:32+00:00
pool18zn7wa345uytjgds9hypn3jugnzqtfm4cny7anskkcmgwwxtwca,1PCT,https://www.balanceanalytics.io/api/groupdata.json,2026-05-18T17:17:32+00:00
pool19042p8xye9udlgxgxn6n358hx0u0mjuegcwpxradk3vpkqgf54t,pool19042p8xye9udlgxgxn6n358hx0u0mjuegcwpxradk3vpkqgf54t,https://www.balanceanalytics.io/api/groupdata.json,2026-05-18T17:17:32+00:00
pool19066qvd5dv6vq7fh5a5l7muzk6nc5fw8zq3w4tclyrhvjvlyeuc,ETORO,https://www.balanceanalytics.io/api/groupdata.json,2026-05-18T17:17:32+00:00
pool190a9js7lk9lvmrngre7w268z9tz9xs9yz77audvw8ag4jerfdhx,pool190a9js7lk9lvmrngre7w268z9tz9xs9yz77audvw8ag4jerfdhx,https://www.balanceanalytics.io/api/groupdata.json,2026-05-18T17:17:32+00:00
pool190fke89hjqyyvsc0snhnzrgg3wjjchf0y7n79jlal0yuj8060xt,pool190fke89hjqyyvsc0snhnzrgg3wjjchf0y7n79jlal0yuj8060xt,https://www.balanceanalytics.io/api/groupdata.json,2026-05-18T17:17:32+00:00
pool190gglea2zvf8vch44jnmpkzljyzvk3u84gpaj4l4ypwc2lpf27m,pool190gglea2zvf8vch44jnmpkzljyzvk3u84gpaj4l4ypwc2lpf27m,https://www.balanceanalytics.io/api/groupdata.json,2026-05-18T17:17:32+00:00
pool190vx20f4ptv93u8em69pl74y6kux0mgl6kpzwmq6xvx8qvza429,pool190vx20f4ptv93u8em69pl74y6kux0mgl6kpzwmq6xvx8qvza429,https://www.balanceanalytics.io/api/groupdata.json,2026-05-18T17:17:32+00:00
pool192ez0m2xn67tz4kx9casumhdkq9fz96rc6ja4ndl49v8ycnuwe3,pool192ez0m2xn67tz4kx9casumhdkq9fz96rc6ja4ndl49v8ycnuwe3,https://www.balanceanalytics.io/api/groupdata.json,2026-05-18T17:17:32+00:00
pool192pfftt48zc4x5aellvpufk6l6zxllpldw0rx82vrhqrqfhhqs2,EMURGO,https://www.balanceanalytics.io/api/groupdata.json,2026-05-18T17:17:32+00:00
pool192ve6p5958dam7hr3e656cuq5cucz5gnpfazlqr9kpc962gj07z,pool192ve6p5958dam7hr3e656cuq5cucz5gnpfazlqr9kpc962gj07z,https://www.balanceanalytics.io/api/groupdata.json,2026-05-18T17:17:32+00:00
pool192xshj2cu50qfy2pm5cck8lnm9lxv2tjquznqjdkkzw6y5hnzl6,pool192xshj2cu50qfy2pm5cck8lnm9lxv2tjquznqjdkkzw6y5hnzl6,https://www.balanceanalytics.io/api/groupdata.json,2026-05-18T17:17:32+00:00
pool1935erruagz8y3lkq5fycd7jk7ye9ldp86638nntmmwp9558jmhf,pool1935erruagz8y3lkq5fycd7jk7ye9ldp86638nntmmwp9558jmhf,https://www.balanceanalytics.io/api/groupdata.json,2026-05-18T17:17:32+00:00
pool193cdhdpaedcev7x6qps3eps7s4sh2v8k6v9yr4tc2ulujq4982d,pool193cdhdpaedcev7x6qps3eps7s4sh2v8k6v9yr4tc2ulujq4982d,https://www.balanceanalytics.io/api/groupdata.json,2026-05-18T17:17:32+00:00
pool193eeqrm9vfx5y7d7u7766zskcr0ss0pnypy8sn30mlar29s49zv,pool193eeqrm9vfx5y7d7u7766zskcr0ss0pnypy8sn30mlar29s49zv,https://www.balanceanalytics.io/api/groupdata.json,2026-05-18T17:17:32+00:00
pool193rdch53x9c53rmftlqgzj22vmz6w8z8hhut2ckzd2zej45zpap,pool193rdch53x9c53rmftlqgzj22vmz6w8z8hhut2ckzd2zej45zpap,https://www.balanceanalytics.io/api/groupdata.json,2026-05-18T17:17:32+00:00
pool193spq4aagtqthqxnwzat2n53ugjkyx8d42wqu6wm8lckj056y0t,pool193spq4aagtqthqxnwzat2n53ugjkyx8d42wqu6wm8lckj056y0t,https://www.balanceanalytics.io/api/groupdata.json,2026-05-18T17:17:32+00:00
pool193uec04jldvah7r52q86wl033g4v42x0aste8jfg9999qepaxfp,pool193uec04jldvah7r52q86wl033g4v42x0aste8jfg9999qepaxfp,https://www.balanceanalytics.io/api/groupdata.json,2026-05-18T17:17:32+00:00
pool1945aw7069upf9xpt6uvkctrj8uwju3q89f67e6g9mm2jx3xcy59,EMURGO,https://www.balanceanalytics.io/api/groupdata.json,2026-05-18T17:17:32+00:00
pool194lhpd5e6a8n8n0zce5hg9f5279pqecd86yl0ytf8nztk2x9unv,pool194lhpd5e6a8n8n0zce5hg9f5279pqecd86yl0ytf8nztk2x9unv,https://www.balanceanalytics.io/api/groupdata.json,2026-05-18T17:17:32+00:00
pool194nk2ayveph0ap30t2ltpsp8r7gax6xnqqfrankuq780ysdrhrk,pool194nk2ayveph0ap30t2ltpsp8r7gax6xnqqfrankuq780ysdrhrk,https://www.balanceanalytics.io/api/groupdata.json,2026-05-18T17:17:32+00:00
pool194rde70lnsrdu692j6hzrth2ka08l2t4g9mj0xl8tyfmuny7faj,pool194rde70lnsrdu692j6hzrth2ka08l2t4g9mj0xl8tyfmuny7faj,https://www.balanceanalytics.io/api/groupdata.json,2026-05-18T17:17:32+00:00
pool194u5e874srln7jszyzjzstapychtradq9dv5p7rqjps8qe8gvs8,pool194u5e874srln7jszyzjzstapychtradq9dv5p7rqjps8qe8gvs8,https://www.balanceanalytics.io/api/groupdata.json,2026-05-18T17:17:32+00:00
pool194usk2h8vcq6yw89xs5asrvw22g08kcfy72xyfrnnkg6qrhtlfw,NGINE,https://www.balanceanalytics.io/api/groupdata.json,2026-05-18T17:17:32+00:00
pool194x3sx05hac6fhy37a7umfj55uaac4qf2ysp5fl2gyq2x7n4n98,pool194x3sx05hac6fhy37a7umfj55uaac4qf2ysp5fl2gyq2x7n4n98,https://www.balanceanalytics.io/api/groupdata.json,2026-05-18T17:17:32+00:00
pool195gdnmj6smzuakm4etxsxw3fgh8asqc4awtcskpyfnkpcvh2v8t,SUNNY,https://www.balanceanalytics.io/api/groupdata.json,2026-05-18T17:17:32+00:00
pool196e8g7evuyf84jz4gr6f4xacudmupxs3ad323krx9e4xse6cf8y,pool196e8g7evuyf84jz4gr6f4xacudmupxs3ad323krx9e4xse6cf8y,https://www.balanceanalytics.io/api/groupdata.json,2026-05-18T17:17:32+00:00
pool196fz9gd7n0jnn2rwpcqqdyf9j5q3na6qwhhy0k6j9ysx5f3u7r4,pool196fz9gd7n0jnn2rwpcqqdyf9j5q3na6qwhhy0k6j9ysx5f3u7r4,https://www.balanceanalytics.io/api/groupdata.json,2026-05-18T17:17:32+00:00
pool196tul7axlt0qzqvs7rx4glfdkpsjlsh68tdkl7y87q3uztcvd5k,pool196tul7axlt0qzqvs7rx4glfdkpsjlsh68tdkl7y87q3uztcvd5k,https://www.balanceanalytics.io/api/groupdata.json,2026-05-18T17:17:32+00:00
pool197e83k4u53l6txk8yr83007efgavngua8wnwp00w3xrqw3pmr4x,pool197e83k4u53l6txk8yr83007efgavngua8wnwp00w3xrqw3pmr4x,https://www.balanceanalytics.io/api/groupdata.json,2026-05-18T17:17:32+00:00
pool197na7w0h8hjc8wdvwys7nsalhtpctefa3m23udeqxpfk6nzq8l9,COINBASE,https://www.balanceanalytics.io/api/groupdata.json,2026-05-18T17:17:32+00:00
pool197rexraxmzk5mv36h2yfy8p4lwxzlqyenjk50r0q8dchz4gp26j,pool197rexraxmzk5mv36h2yfy8p4lwxzlqyenjk50r0q8dchz4gp26j,https://www.balanceanalytics.io/api/groupdata.json,2026-05-18T17:17:32+00:00
pool197zgvtkuzhh6gvxa8ak9q4kmdxcuvah4uqz5n8jax9dnkq3uzte,pool197zgvtkuzhh6gvxa8ak9q4kmdxcuvah4uqz5n8jax9dnkq3uzte,https://www.balanceanalytics.io/api/groupdata.json,2026-05-18T17:17:32+00:00
pool1980svf2cxnfy66s5jgjv7y22xud75z9kfe6n0c3y54s62w56435,pool1980svf2cxnfy66s5jgjv7y22xud75z9kfe6n0c3y54s62w56435,https://www.balanceanalytics.io/api/groupdata.json,2026-05-18T17:17:32+00:00
pool198wj6nckft025tvkthdpamw6xxwdftactw34fag60d2xxa2qz7y,pool198wj6nckft025tvkthdpamw6xxwdftactw34fag60d2xxa2qz7y,https://www.balanceanalytics.io/api/groupdata.json,2026-05-18T17:17:32+00:00
pool199a44nvtjr0c5xlanz4p5c0nywu8l6k5hz3t2he0hq7wvljnsrt,pool199a44nvtjr0c5xlanz4p5c0nywu8l6k5hz3t2he0hq7wvljnsrt,https://www.balanceanalytics.io/api/groupdata.json,2026-05-18T17:17:32+00:00
pool19ae6xhzsscypyha0sszv90xwjsh20hxecxjpcqynshfawvwxqnn,pool19ae6xhzsscypyha0sszv90xwjsh20hxecxjpcqynshfawvwxqnn,https://www.balanceanalytics.io/api/groupdata.json,2026-05-18T17:17:32+00:00
pool19asxjgd6ah9ddzauwede4wpt9vsp6s4ax5nz297wt47evc9sn7z,HODLA,https://www.balanceanalytics.io/api/groupdata.json,2026-05-18T17:17:32+00:00
pool19at4pzt6ghethuls7ehr0v5x65cg7mj0zun79eenefa074yfcz8,pool19at4pzt6ghethuls7ehr0v5x65cg7mj0zun79eenefa074yfcz8,https://www.balanceanalytics.io/api/groupdata.json,2026-05-18T17:17:32+00:00
pool19c39hucr2p6ra4v6c5qwqt4zgc6ugchu7cs4yal7ndetsnrmzju,pool19c39hucr2p6ra4v6c5qwqt4zgc6ugchu7cs4yal7ndetsnrmzju,https://www.balanceanalytics.io/api/groupdata.json,2026-05-18T17:17:32+00:00
pool19ccud9eawdghzqg8425g8upxqws9r64f35f3cvv3vpxdcl879cn,pool19ccud9eawdghzqg8425g8upxqws9r64f35f3cvv3vpxdcl879cn,https://www.balanceanalytics.io/api/groupdata.json,2026-05-18T17:17:32+00:00
pool19clgr0yxjs8pqmlsmfzu6hg5muy5ws2rze5hlesg0v7tvyhcgxh,pool19clgr0yxjs8pqmlsmfzu6hg5muy5ws2rze5hlesg0v7tvyhcgxh,https://www.balanceanalytics.io/api/groupdata.json,2026-05-18T17:17:32+00:00
pool19ctjr5ft75sz396hn0tf6ns4hy5w9l9jp2jh3m8mx6acvm2cn7j,pool19ctjr5ft75sz396hn0tf6ns4hy5w9l9jp2jh3m8mx6acvm2cn7j,https://www.balanceanalytics.io/api/groupdata.json,2026-05-18T17:17:32+00:00
pool19d5anp46tkzvf8xmqmxrtedr6lvw55snk65zfep2srsd2qe2wcc,pool19d5anp46tkzvf8xmqmxrtedr6lvw55snk65zfep2srsd2qe2wcc,https://www.balanceanalytics.io/api/groupdata.json,2026-05-18T17:17:32+00:00
pool19ddv2pe786q8zqjzvw50u60y2aau7wl76sg3pnkc4j92wcx2kp2,pool19ddv2pe786q8zqjzvw50u60y2aau7wl76sg3pnkc4j92wcx2kp2,https://www.balanceanalytics.io/api/groupdata.json,2026-05-18T17:17:32+00:00
pool19dn4vmk5ayatdjshpnyvxy6w4fef0zfl585sfpls6l2wvn0xxjn,pool19dn4vmk5ayatdjshpnyvxy6w4fef0zfl585sfpls6l2wvn0xxjn,https://www.balanceanalytics.io/api/groupdata.json,2026-05-18T17:17:32+00:00
pool19ejln2jcpg5dphc8m5nh8sya49sycsqj0v2cjxw6nku966cc8nu,YUTA,https://www.balanceanalytics.io/api/groupdata.json,2026-05-18T17:17:32+00:00
pool19f6742plmyxw4w4tzhew003q67cf2w7c66v28mtk6f7fxf80ak7,pool19f6742plmyxw4w4tzhew003q67cf2w7c66v28mtk6f7fxf80ak7,https://www.balanceanalytics.io/api/groupdata.json,2026-05-18T17:17:32+00:00
pool19f6guwy97mmnxg9dz65rxyj8hq07qxud886hamyu4fgfz7dj9gl,pool19f6guwy97mmnxg9dz65rxyj8hq07qxud886hamyu4fgfz7dj9gl,https://www.balanceanalytics.io/api/groupdata.json,2026-05-18T17:17:32+00:00
pool19frt3kaxxk4vr4x3wnaapntu0ul0dsesu77wfqaawc5h5ffgfgt,pool19frt3kaxxk4vr4x3wnaapntu0ul0dsesu77wfqaawc5h5ffgfgt,https://www.balanceanalytics.io/api/groupdata.json,2026-05-18T17:17:32+00:00
pool19ghp59ea95dd9v86lzq6k2xl65ftmg5a578zq8h9d0ptwu4dekf,pool19ghp59ea95dd9v86lzq6k2xl65ftmg5a578zq8h9d0ptwu4dekf,https://www.balanceanalytics.io/api/groupdata.json,2026-05-18T17:17:32+00:00
pool19gspsgyjq9hdkm9crrr7n00fn5p62udpcujw5mjv86u0xua9yxr,pool19gspsgyjq9hdkm9crrr7n00fn5p62udpcujw5mjv86u0xua9yxr,https://www.balanceanalytics.io/api/groupdata.json,2026-05-18T17:17:32+00:00
pool19gz6ffzagyh9daymscvyc64maq2xf4s05w5upthferlnwd7vgr8,pool19gz6ffzagyh9daymscvyc64maq2xf4s05w5upthferlnwd7vgr8,https://www.balanceanalytics.io/api/groupdata.json,2026-05-18T17:17:32+00:00
pool19gzu2dyp0g9e0nsvtg34fdhrtgr8c5jq37nscalqkh3hsjmas69,pool19gzu2dyp0g9e0nsvtg34fdhrtgr8c5jq37nscalqkh3hsjmas69,https://www.balanceanalytics.io/api/groupdata.json,2026-05-18T17:17:32+00:00
pool19hrn8me383w9atvmjwukjxqsdvr8udpmyxau956hdc53x669j8p,WAVE,https://www.balanceanalytics.io/api/groupdata.json,2026-05-18T17:17:32+00:00
pool19ht066hngsjfnv3mfsc8u9fgzl4w5qcrmh8l6zppwph6s2t7jn4,pool19ht066hngsjfnv3mfsc8u9fgzl4w5qcrmh8l6zppwph6s2t7jn4,https://www.balanceanalytics.io/api/groupdata.json,2026-05-18T17:17:32+00:00
pool19jmvkt2qhhlqjk55m2kz4y3n4nr7w44jpny4zlzn59vdqdk60qn,pool19jmvkt2qhhlqjk55m2kz4y3n4nr7w44jpny4zlzn59vdqdk60qn,https://www.balanceanalytics.io/api/groupdata.json,2026-05-18T17:17:32+00:00
pool19jyw8flky7da5y20jtdme4utwd8sa0l5pletmnny06w9xx05eqc,BINANCE,https://www.balanceanalytics.io/api/groupdata.json,2026-05-18T17:17:32+00:00
pool19k4azhj8tye5wwy5pfj7q6m938m8fg5nglds5dkhtfwnvcg3s0k,pool19k4azhj8tye5wwy5pfj7q6m938m8fg5nglds5dkhtfwnvcg3s0k,https://www.balanceanalytics.io/api/groupdata.json,2026-05-18T17:17:32+00:00
pool19k9grwq9cdswn4k7vxzmwcls24jj3466g4s4xr5vucehcqpslfy,ADV,https://www.balanceanalytics.io/api/groupdata.json,2026-05-18T17:17:32+00:00
pool19kfm6lz5uw7nylq27swr367mqdycmug7tve94l6h3xsz64seqtc,ADALITE,https://www.balanceanalytics.io/api/groupdata.json,2026-05-18T17:17:32+00:00
pool19klg32x4wrwh8yfdra6u52qa37meves4r68pxajxwllvzazd37c,pool19klg32x4wrwh8yfdra6u52qa37meves4r68pxajxwllvzazd37c,https://www.balanceanalytics.io/api/groupdata.json,2026-05-18T17:17:32+00:00
pool19kqzpht4lz9q0pc26f3nvw0ggwznv3xfhhvm2wlkxce4srjm5p8,pool19kqzpht4lz9q0pc26f3nvw0ggwznv3xfhhvm2wlkxce4srjm5p8,https://www.balanceanalytics.io/api/groupdata.json,2026-05-18T17:17:32+00:00
pool19l206haluae6wyzm7tjpt3gln9paa5m9s4fedec2u09fqz300ht,ETORO,https://www.balanceanalytics.io/api/groupdata.json,2026-05-18T17:17:32+00:00
pool19l2vz7pdk09k49lezr9zcmc4j98zc30htuw2rnqk3cceckuce96,pool19l2vz7pdk09k49lezr9zcmc4j98zc30htuw2rnqk3cceckuce96,https://www.balanceanalytics.io/api/groupdata.json,2026-05-18T17:17:32+00:00
pool19lz8nyz0jjpdrdtnjaar4untk4th23gpg5s7aegn7480zff4vgq,MS,https://www.balanceanalytics.io/api/groupdata.json,2026-05-18T17:17:32+00:00
pool19m3xzv58uymw76tg4th6q5fwkg9zktc8alvyysr37u04yw86axc,pool19m3xzv58uymw76tg4th6q5fwkg9zktc8alvyysr37u04yw86axc,https://www.balanceanalytics.io/api/groupdata.json,2026-05-18T17:17:32+00:00
pool19m547w9wkcqm5hcstz67fly4ucz0zsp3dqv4n956xyusy4dlpue,pool19m547w9wkcqm5hcstz67fly4ucz0zsp3dqv4n956xyusy4dlpue,https://www.balanceanalytics.io/api/groupdata.json,2026-05-18T17:17:32+00:00
pool19mc6suzenqdvmq3ssf3nfzv4xva3wgl83z6syumccdppyar0vga,BINANCE,https://www.balanceanalytics.io/api/groupdata.json,2026-05-18T17:17:32+00:00
pool19mn930ryxlnhujfdygtpj83gm5rkmzx87rqvf9ysjtlrgxxepj2,pool19mn930ryxlnhujfdygtpj83gm5rkmzx87rqvf9ysjtlrgxxepj2,https://www.balanceanalytics.io/api/groupdata.json,2026-05-18T17:17:32+00:00
pool19n2rjlddd0afs02cgd86mehptwaajv5kndtfcuqzdmgzq06lq0n,pool19n2rjlddd0afs02cgd86mehptwaajv5kndtfcuqzdmgzq06lq0n,https://www.balanceanalytics.io/api/groupdata.json,2026-05-18T17:17:32+00:00
pool19n5ml38q5uedy8kgwwwtlsa3p9tmfcef0lfjp42k7j9d5mpgs2m,pool19n5ml38q5uedy8kgwwwtlsa3p9tmfcef0lfjp42k7j9d5mpgs2m,https://www.balanceanalytics.io/api/groupdata.json,2026-05-18T17:17:32+00:00
pool19nfs9chtv37vfawvpyf0x2shfhns9hpwy3qfckvpm4dmq0nrl8m,pool19nfs9chtv37vfawvpyf0x2shfhns9hpwy3qfckvpm4dmq0nrl8m,https://www.balanceanalytics.io/api/groupdata.json,2026-05-18T17:17:32+00:00
pool19ngaxs72nctwjunp434e8s86mc0pesly2syvymc3tuafgzy9xu8,pool19ngaxs72nctwjunp434e8s86mc0pesly2syvymc3tuafgzy9xu8,https://www.balanceanalytics.io/api/groupdata.json,2026-05-18T17:17:32+00:00
pool19nhmxfd2tts089nx742g8jtc2ynwstkhp2594y0wwp6d5we25f6,pool19nhmxfd2tts089nx742g8jtc2ynwstkhp2594y0wwp6d5we25f6,https://www.balanceanalytics.io/api/groupdata.json,2026-05-18T17:17:32+00:00
pool19nu8lt0vwycv0eqezpyjquawfklxtjjx9s0ac0f22mgp2ggpsvy,BINANCE,https://www.balanceanalytics.io/api/groupdata.json,2026-05-18T17:17:32+00:00
pool19peeq2czwunkwe3s70yuvwpsrqcyndlqnxvt67usz98px57z7fk,pool19peeq2czwunkwe3s70yuvwpsrqcyndlqnxvt67usz98px57z7fk,https://www.balanceanalytics.io/api/groupdata.json,2026-05-18T17:17:32+00:00
pool19pyfv4xnln8x4l7auw0n0skk3hd97shun707hrw5d4s553ys74x,TITAN,https://www.balanceanalytics.io/api/groupdata.json,2026-05-18T17:17:32+00:00
pool19q034g07ka2ltwc3wwjeu79w29nlafc0w2ppne5ppu5wud60rgq,pool19q034g07ka2ltwc3wwjeu79w29nlafc0w2ppne5ppu5wud60rgq,https://www.balanceanalytics.io/api/groupdata.json,2026-05-18T17:17:32+00:00
pool19qa8uctj5ql4e2uwslpruak6655h02l8fkmwjlanq8qnqyap357,pool19qa8uctj5ql4e2uwslpruak6655h02l8fkmwjlanq8qnqyap357,https://www.balanceanalytics.io/api/groupdata.json,2026-05-18T17:17:32+00:00
pool19r33az023gn3n8p2x35hq00j2dxc8vwln0nanpcfuvc8759cvkz,pool19r33az023gn3n8p2x35hq00j2dxc8vwln0nanpcfuvc8759cvkz,https://www.balanceanalytics.io/api/groupdata.json,2026-05-18T17:17:32+00:00
pool19r4ef6n0xkw3pvztuwd44ymrzrkylyralnf5rudnc7hnvvddyqz,IOG,https://www.balanceanalytics.io/api/groupdata.json,2026-05-18T17:17:32+00:00
pool19r8kcmqpajlm6h5q0lv8jye0q7evdur39wfsgs4z98fcqpz9lct,BLOOM,https://www.balanceanalytics.io/api/groupdata.json,2026-05-18T17:17:32+00:00
pool19rjcjrsyn9nrg73h458p0xa97jthz2pwgx96ll6qs9gs7zn8hzq,pool19rjcjrsyn9nrg73h458p0xa97jthz2pwgx96ll6qs9gs7zn8hzq,https://www.balanceanalytics.io/api/groupdata.json,2026-05-18T17:17:32+00:00
pool19rjjay24ez2ezgqkyqvna6uwc5ur9lt489gwvrv7ve5exlcld3x,pool19rjjay24ez2ezgqkyqvna6uwc5ur9lt489gwvrv7ve5exlcld3x,https://www.balanceanalytics.io/api/groupdata.json,2026-05-18T17:17:32+00:00
pool19ru9alj7n5anmzs0f9gpzlj8kaq44yhcp45mldjvldxck8f6yg6,RAY,https://www.balanceanalytics.io/api/groupdata.json,2026-05-18T17:17:32+00:00
pool19rz6ve8nz6uvq97yspwh3fvt7w03dsjsnmft6du83hvtc324dus,WEP,https://www.balanceanalytics.io/api/groupdata.json,2026-05-18T17:17:32+00:00
pool19sk7acvpdxszed5hmckt0wmqxljalartue7d7d4a7qhwuw0n0ws,pool19sk7acvpdxszed5hmckt0wmqxljalartue7d7d4a7qhwuw0n0ws,https://www.balanceanalytics.io/api/groupdata.json,2026-05-18T17:17:32+00:00
pool19sydze39a8dccylczqe2m4nnslpreytxlj5fu400nqxkg8wvgx8,BINANCE,https://www.balanceanalytics.io/api/groupdata.json,2026-05-18T17:17:32+00:00
pool19t833uyjq92aajf5f7qd9w3jcnyq78p4hsx0fn63aejfjtyn99j,pool19t833uyjq92aajf5f7qd9w3jcnyq78p4hsx0fn63aejfjtyn99j,https://www.balanceanalytics.io/api/groupdata.json,2026-05-18T17:17:32+00:00
pool19tkfl9x2dkk07z43rvamftvnyu5vtcfatdpsag8phzqvgpdklqq,pool19tkfl9x2dkk07z43rvamftvnyu5vtcfatdpsag8phzqvgpdklqq,https://www.balanceanalytics.io/api/groupdata.json,2026-05-18T17:17:32+00:00
pool19u2lzwnmkz3gqqmx9sahhys8nqvwzkl8dqu7m474m0zsj3acjfj,pool19u2lzwnmkz3gqqmx9sahhys8nqvwzkl8dqu7m474m0zsj3acjfj,https://www.balanceanalytics.io/api/groupdata.json,2026-05-18T17:17:32+00:00
pool19u3glj3t9c0nsyzgrd6zdhnj0ed5dk67wmv3fs6nc0702xzh94y,pool19u3glj3t9c0nsyzgrd6zdhnj0ed5dk67wmv3fs6nc0702xzh94y,https://www.balanceanalytics.io/api/groupdata.json,2026-05-18T17:17:32+00:00
pool19upjnw6s32kyfrv863nxu08yw6fyvjz7j3p4c3zl95arytp068x,pool19upjnw6s32kyfrv863nxu08yw6fyvjz7j3p4c3zl95arytp068x,https://www.balanceanalytics.io/api/groupdata.json,2026-05-18T17:17:32+00:00
pool19ut4284xy9p82dd0cglzxweddfqw73yennkjk6mmp650chnr6lz,pool19ut4284xy9p82dd0cglzxweddfqw73yennkjk6mmp650chnr6lz,https://www.balanceanalytics.io/api/groupdata.json,2026-05-18T17:17:32+00:00
pool19uynx6nxcdksmaqdcshjg487fap3rs3axyhrdqa7gdqgzgxss4y,YUTA,https://www.balanceanalytics.io/api/groupdata.json,2026-05-18T17:17:32+00:00
pool19v4jgpxxl72eaq8pefctatvts3gkhtyzd8nwvzskkm3mkdv2tpy,pool19v4jgpxxl72eaq8pefctatvts3gkhtyzd8nwvzskkm3mkdv2tpy,https://www.balanceanalytics.io/api/groupdata.json,2026-05-18T17:17:32+00:00
pool19w5khsnmu27au0kprw0kjm8jr7knneysj7lfkqvnu66hyz0jxsx,ATADA,https://www.balanceanalytics.io/api/groupdata.json,2026-05-18T17:17:32+00:00
pool19x60wat4eu8sh42s05th8l4p6e9rmmnc6g2a64lj4npag7zj5cx,pool19x60wat4eu8sh42s05th8l4p6e9rmmnc6g2a64lj4npag7zj5cx,https://www.balanceanalytics.io/api/groupdata.json,2026-05-18T17:17:32+00:00
pool19xhza3f7nye6j5p6stsnkpvadejztnqvck0ge3l2uy9gvsvy05f,pool19xhza3f7nye6j5p6stsnkpvadejztnqvck0ge3l2uy9gvsvy05f,https://www.balanceanalytics.io/api/groupdata.json,2026-05-18T17:17:32+00:00
pool19xtc9sy9g7zcrrazrkg4s6ayjkkh9aynvfa6gqnawtdauulqxck,CHUCK BUX,https://www.balanceanalytics.io/api/groupdata.json,2026-05-18T17:17:32+00:00
pool19xyfanyp28j6j07dxgwdjp0wur6seqmyyu64qgzstzl7s47pvpj,pool19xyfanyp28j6j07dxgwdjp0wur6seqmyyu64qgzstzl7s47pvpj,https://www.balanceanalytics.io/api/groupdata.json,2026-05-18T17:17:32+00:00
pool19ygh8apuc2qz0u9kr4wj9qj33xhw70n7z286xll0g6ltgccuq42,pool19ygh8apuc2qz0u9kr4wj9qj33xhw70n7z286xll0g6ltgccuq42,https://www.balanceanalytics.io/api/groupdata.json,2026-05-18T17:17:32+00:00
pool19yzav2l45q4gcwa53mh9ga6pf5c45t75qtqu6usfzup27qk27j0,pool19yzav2l45q4gcwa53mh9ga6pf5c45t75qtqu6usfzup27qk27j0,https://www.balanceanalytics.io/api/groupdata.json,2026-05-18T17:17:32+00:00
pool19yzqr3meksnvzdxh5xf6aknfhldyqdj7eaquxgcjva4mzt5kg3v,FIGMENT,https://www.balanceanalytics.io/api/groupdata.json,2026-05-18T17:17:32+00:00
pool19z9ac79g48kekg2xghx3afj6qp5skr9ar590w0huhc8nxn9s5j9,pool19z9ac79g48kekg2xghx3afj6qp5skr9ar590w0huhc8nxn9s5j9,https://www.balanceanalytics.io/api/groupdata.json,2026-05-18T17:17:32+00:00
pool19zhl50qqzpfvvhdytqg6qx0cthummjyunfyvkfqx9uxrsp7k8ek,pool19zhl50qqzpfvvhdytqg6qx0cthummjyunfyvkfqx9uxrsp7k8ek,https://www.balanceanalytics.io/api/groupdata.json,2026-05-18T17:17:32+00:00
pool19zkd9hmkgdjmx2xr0psuat88uuw25wsrktr2qe69v2uzqldfnmj,CHUCK BUX,https://www.balanceanalytics.io/api/groupdata.json,2026-05-18T17:17:32+00:00
pool19zq3agzmwlntq9vygnzwe2am39y2hsdadd4gasmsm2tk6qn3suv,pool19zq3agzmwlntq9vygnzwe2am39y2hsdadd4gasmsm2tk6qn3suv,https://www.balanceanalytics.io/api/groupdata.json,2026-05-18T17:17:32+00:00
pool19zz6frugmvm82ecgl5hh5vq3093d4kzr4h2r5vfmt6la7trk929,COINBASE,https://www.balanceanalytics.io/api/groupdata.json,2026-05-18T17:17:32+00:00
pool1a0kp4vl4fh0p0rs8s08rm7qq3vkj3epwraayk3sdgm8sz0zwt7t,BLC,https://www.balanceanalytics.io/api/groupdata.json,2026-05-18T17:17:32+00:00
pool1a0wm2emve4y6e3tn8lnhk9vfhk9u7wgjqmrs5zfsn792gjtquu3,pool1a0wm2emve4y6e3tn8lnhk9vfhk9u7wgjqmrs5zfsn792gjtquu3,https://www.balanceanalytics.io/api/groupdata.json,2026-05-18T17:17:32+00:00
pool1a23gmvalpdams9d42t7fur8vmknzjv7wd3nsvuvrc7dv66lnau0,pool1a23gmvalpdams9d42t7fur8vmknzjv7wd3nsvuvrc7dv66lnau0,https://www.balanceanalytics.io/api/groupdata.json,2026-05-18T17:17:32+00:00
pool1a26gnntcj3j5v7ng599qncn7uuav2sp560xwlkvp3pqlj822jtl,pool1a26gnntcj3j5v7ng599qncn7uuav2sp560xwlkvp3pqlj822jtl,https://www.balanceanalytics.io/api/groupdata.json,2026-05-18T17:17:32+00:00
pool1a2ffl2d20yransp2p4hqys5vy6hys8kmtchdvlfqale7ywxssjh,pool1a2ffl2d20yransp2p4hqys5vy6hys8kmtchdvlfqale7ywxssjh,https://www.balanceanalytics.io/api/groupdata.json,2026-05-18T17:17:32+00:00
pool1a2gt2mvuf5zvtqlvw2xgks2efze3p4r985ft62q64lua7gx7lal,pool1a2gt2mvuf5zvtqlvw2xgks2efze3p4r985ft62q64lua7gx7lal,https://www.balanceanalytics.io/api/groupdata.json,2026-05-18T17:17:32+00:00
pool1a2nh3ktswllhwf07fjahpdg5mpqyq7j950pyftq9765r6t4cefl,OCEAN,https://www.balanceanalytics.io/api/groupdata.json,2026-05-18T17:17:32+00:00
pool1a3ekt9me035qgju0en2w39vjns9ggtewnc9fugsmpgczvgtl6u9,pool1a3ekt9me035qgju0en2w39vjns9ggtewnc9fugsmpgczvgtl6u9,https://www.balanceanalytics.io/api/groupdata.json,2026-05-18T17:17:32+00:00
pool1a3kdettzvvlqvkl9m9hwe63ggeq5fgvz0twqew5c62dzx99vsed,pool1a3kdettzvvlqvkl9m9hwe63ggeq5fgvz0twqew5c62dzx99vsed,https://www.balanceanalytics.io/api/groupdata.json,2026-05-18T17:17:32+00:00
pool1a3w9f6q27685cr0w2chwqm093t93w60f6qfxmzc479slg5w79yq,pool1a3w9f6q27685cr0w2chwqm093t93w60f6qfxmzc479slg5w79yq,https://www.balanceanalytics.io/api/groupdata.json,2026-05-18T17:17:32+00:00
pool1a40qpxlsqwjk4a9yk636dcawly4dcrd6l26tghjxlr37cmlrwv4,pool1a40qpxlsqwjk4a9yk636dcawly4dcrd6l26tghjxlr37cmlrwv4,https://www.balanceanalytics.io/api/groupdata.json,2026-05-18T17:17:32+00:00
pool1a43a9m4jcus9hjc3kcvc8pnacgsy2m2j28h44fmrpy327kwz7dx,pool1a43a9m4jcus9hjc3kcvc8pnacgsy2m2j28h44fmrpy327kwz7dx,https://www.balanceanalytics.io/api/groupdata.json,2026-05-18T17:17:32+00:00
pool1a44j6jas4sjhh3qc96r8rmhsdjxjuntuzxr3440jzwjjcysl9ca,pool1a44j6jas4sjhh3qc96r8rmhsdjxjuntuzxr3440jzwjjcysl9ca,https://www.balanceanalytics.io/api/groupdata.json,2026-05-18T17:17:32+00:00
pool1a44zldps27avv82mamm2lj33mrrkqdzt39nyrgn5dkk3jtm0wrp,pool1a44zldps27avv82mamm2lj33mrrkqdzt39nyrgn5dkk3jtm0wrp,https://www.balanceanalytics.io/api/groupdata.json,2026-05-18T17:17:32+00:00
pool1a4qtpgce7cu6wzc79fx7qrc3938hkl2gf8c2h5jugvm2gnu86l7,HODLA,https://www.balanceanalytics.io/api/groupdata.json,2026-05-18T17:17:32+00:00
pool1a58fg4u3mcr2zwyqlc4dqd6mnwqjmcussmpmcml9lrmszwedmfy,pool1a58fg4u3mcr2zwyqlc4dqd6mnwqjmcussmpmcml9lrmszwedmfy,https://www.balanceanalytics.io/api/groupdata.json,2026-05-18T17:17:32+00:00
pool1a5jd3x2udlvpm9mt4gpau4jlags6qtth6jdsguryh2zy27f5ttj,CRDNS,https://www.balanceanalytics.io/api/groupdata.json,2026-05-18T17:17:32+00:00
pool1a5ld0eulnjxwpg6qyjs6hxzqwj0esft7k0qsf6nj8pkfxy5lml3,CHUCK BUX,https://www.balanceanalytics.io/api/groupdata.json,2026-05-18T17:17:32+00:00
pool1a600v0jd2z3yajazd80phln3exekumm7g56d9yvlrh6vx8dx2fc,YUTA,https://www.balanceanalytics.io/api/groupdata.json,2026-05-18T17:17:32+00:00
pool1a6vz9r8h48r889pd2yfkak84vxrwnxm6ldzca4trhhphy3jvt6p,pool1a6vz9r8h48r889pd2yfkak84vxrwnxm6ldzca4trhhphy3jvt6p,https://www.balanceanalytics.io/api/groupdata.json,2026-05-18T17:17:32+00:00
pool1a6wdglfp93m2z4nhptx9xhjazgyqusjpu387gdrp899cj98yuqq,pool1a6wdglfp93m2z4nhptx9xhjazgyqusjpu387gdrp899cj98yuqq,https://www.balanceanalytics.io/api/groupdata.json,2026-05-18T17:17:32+00:00
pool1a6ysvnx24xsjh2f6ehgmx7yu9q45fd7lsk88v2swxkek7pkxtgp,pool1a6ysvnx24xsjh2f6ehgmx7yu9q45fd7lsk88v2swxkek7pkxtgp,https://www.balanceanalytics.io/api/groupdata.json,2026-05-18T17:17:32+00:00
pool1a7tdlv4re0fj309jgdx8fxrjy5sz9rw94cj2dfrkw2u7qmwnhm3,pool1a7tdlv4re0fj309jgdx8fxrjy5sz9rw94cj2dfrkw2u7qmwnhm3,https://www.balanceanalytics.io/api/groupdata.json,2026-05-18T17:17:32+00:00
pool1a8902n5s5z8cgehphzj8ujwv6wf7dycnrdx4ekfz9cwmwj2fenu,pool1a8902n5s5z8cgehphzj8ujwv6wf7dycnrdx4ekfz9cwmwj2fenu,https://www.balanceanalytics.io/api/groupdata.json,2026-05-18T17:17:32+00:00
pool1a8h59e07dezuget96cqu7ehfqpkcf0ahl29vu6d06zk4uqltt5l,pool1a8h59e07dezuget96cqu7ehfqpkcf0ahl29vu6d06zk4uqltt5l,https://www.balanceanalytics.io/api/groupdata.json,2026-05-18T17:17:32+00:00
pool1a8mnzapyyd88dyf67tlj9ut0h38jnr9wnr8jea55066z2pntpnm,pool1a8mnzapyyd88dyf67tlj9ut0h38jnr9wnr8jea55066z2pntpnm,https://www.balanceanalytics.io/api/groupdata.json,2026-05-18T17:17:32+00:00
pool1a8n7f97dmgtgrnl53exccknjdchqxrr9508hlxlgqp6xvjmzhej,pool1a8n7f97dmgtgrnl53exccknjdchqxrr9508hlxlgqp6xvjmzhej,https://www.balanceanalytics.io/api/groupdata.json,2026-05-18T17:17:32+00:00
pool1a9fmzl8m8ql8kk5s8cgxf0ny4c06v2540977gps5mjunwvk5zc0,pool1a9fmzl8m8ql8kk5s8cgxf0ny4c06v2540977gps5mjunwvk5zc0,https://www.balanceanalytics.io/api/groupdata.json,2026-05-18T17:17:32+00:00
pool1a9j9dtdppvfq94w84ns59fnrptz3cj2mkwpmku57e2yf5k6a4ae,pool1a9j9dtdppvfq94w84ns59fnrptz3cj2mkwpmku57e2yf5k6a4ae,https://www.balanceanalytics.io/api/groupdata.json,2026-05-18T17:17:32+00:00
pool1a9xyvnnfjnujzy0n2mpf4rztdwrssraw5p5f06mqlgn4s06z0nw,pool1a9xyvnnfjnujzy0n2mpf4rztdwrssraw5p5f06mqlgn4s06z0nw,https://www.balanceanalytics.io/api/groupdata.json,2026-05-18T17:17:32+00:00
pool1aa4cn4khwq76cs8u2fkgayrea9xwh7x82lnvz2wep03l6lmzp3g,pool1aa4cn4khwq76cs8u2fkgayrea9xwh7x82lnvz2wep03l6lmzp3g,https://www.balanceanalytics.io/api/groupdata.json,2026-05-18T17:17:32+00:00
pool1aaa4rk9exk0scgjh7a247p4hdgkuq887kau8vnf9c6xqcjwca7e,pool1aaa4rk9exk0scgjh7a247p4hdgkuq887kau8vnf9c6xqcjwca7e,https://www.balanceanalytics.io/api/groupdata.json,2026-05-18T17:17:32+00:00
pool1aac7ve859x0f7z36pqt659f65t9z4uanclu3j5ghmq232tnap8f,pool1aac7ve859x0f7z36pqt659f65t9z4uanclu3j5ghmq232tnap8f,https://www.balanceanalytics.io/api/groupdata.json,2026-05-18T17:17:32+00:00
pool1aan2l68g2763ff552tuagazc88m0f8jrq2202z0m0lakcdpw5qa,pool1aan2l68g2763ff552tuagazc88m0f8jrq2202z0m0lakcdpw5qa,https://www.balanceanalytics.io/api/groupdata.json,2026-05-18T17:17:32+00:00
pool1aasrxs9vpr97rjlqqwpp5gnju9tp9dgtsmqqvmsy8hryuuepvra,pool1aasrxs9vpr97rjlqqwpp5gnju9tp9dgtsmqqvmsy8hryuuepvra,https://www.balanceanalytics.io/api/groupdata.json,2026-05-18T17:17:32+00:00
pool1aavk93lvhqfhskga397sadl0w30tul9sp587gh7r8mt625zxze8,pool1aavk93lvhqfhskga397sadl0w30tul9sp587gh7r8mt625zxze8,https://www.balanceanalytics.io/api/groupdata.json,2026-05-18T17:17:32+00:00
pool1aawkmkg7vg0x0vxaqh4gr0lwp4fekwsqrjduylx0et3tuz9hfn4,pool1aawkmkg7vg0x0vxaqh4gr0lwp4fekwsqrjduylx0et3tuz9hfn4,https://www.balanceanalytics.io/api/groupdata.json,2026-05-18T17:17:32+00:00
pool1acla9zgs6u7av3mtfekw9gqdp8xf50ruc9tz62ylr7yaszn0zsy,pool1acla9zgs6u7av3mtfekw9gqdp8xf50ruc9tz62ylr7yaszn0zsy,https://www.balanceanalytics.io/api/groupdata.json,2026-05-18T17:17:32+00:00
pool1aczlsvfl50xtyfuff4vk3d0v2h9r78hr269ycxwgx00dcng4u9d,ASTRL,https://www.balanceanalytics.io/api/groupdata.json,2026-05-18T17:17:32+00:00
pool1adllnm43t3nuspvnr5r08jh6gpyvedu76hrhc6xymjzavd5d8f6,pool1adllnm43t3nuspvnr5r08jh6gpyvedu76hrhc6xymjzavd5d8f6,https://www.balanceanalytics.io/api/groupdata.json,2026-05-18T17:17:32+00:00
pool1adryduxm4puhn67tuxys7rhvdleee6gw5pc9ufnwwzp8k2wjc2z,pool1adryduxm4puhn67tuxys7rhvdleee6gw5pc9ufnwwzp8k2wjc2z,https://www.balanceanalytics.io/api/groupdata.json,2026-05-18T17:17:32+00:00
pool1aey2mtlcrqmkgdal4n70acwdg6zv2katqfqefeh2r4q62k56sr4,pool1aey2mtlcrqmkgdal4n70acwdg6zv2katqfqefeh2r4q62k56sr4,https://www.balanceanalytics.io/api/groupdata.json,2026-05-18T17:17:32+00:00
pool1af7dmzgcyp9kc5lyrtrtpsce58l6j5cjvc8wavkwmzlr53ym50v,pool1af7dmzgcyp9kc5lyrtrtpsce58l6j5cjvc8wavkwmzlr53ym50v,https://www.balanceanalytics.io/api/groupdata.json,2026-05-18T17:17:32+00:00
pool1afv4cmmjdkujtd5r9t63090a3frwwqy8f3e46gz003vyzjcj63r,ENDVR,https://www.balanceanalytics.io/api/groupdata.json,2026-05-18T17:17:32+00:00
pool1ag6ae29hrcjhcjaqp56hwhwj9geszjerwqrkjz6xndmcq3u9k80,pool1ag6ae29hrcjhcjaqp56hwhwj9geszjerwqrkjz6xndmcq3u9k80,https://www.balanceanalytics.io/api/groupdata.json,2026-05-18T17:17:32+00:00
pool1aga0u8m7rqpdvkqa7qfr8rhyweyqlg3jxt3skfq660vdczwzyca,pool1aga0u8m7rqpdvkqa7qfr8rhyweyqlg3jxt3skfq660vdczwzyca,https://www.balanceanalytics.io/api/groupdata.json,2026-05-18T17:17:32+00:00
pool1agk62kg0s9606v78exurl53mqsdu44d6qeuzypur5e7ku6gpgzp,pool1agk62kg0s9606v78exurl53mqsdu44d6qeuzypur5e7ku6gpgzp,https://www.balanceanalytics.io/api/groupdata.json,2026-05-18T17:17:32+00:00
pool1agwy5atgc4ptg3whplaxyz28g4dgvsna8auktszctkq8xmtl7dh,pool1agwy5atgc4ptg3whplaxyz28g4dgvsna8auktszctkq8xmtl7dh,https://www.balanceanalytics.io/api/groupdata.json,2026-05-18T17:17:32+00:00
pool1ah5jv4mrq0z7g4wuhjjnc24kfwqekwcap0wqmsr57thfg8mpr4n,pool1ah5jv4mrq0z7g4wuhjjnc24kfwqekwcap0wqmsr57thfg8mpr4n,https://www.balanceanalytics.io/api/groupdata.json,2026-05-18T17:17:32+00:00
pool1ah9fqr5pwdtjtw82nkkcskak4vtc2xjz70mkyselzvalgzd3jlt,pool1ah9fqr5pwdtjtw82nkkcskak4vtc2xjz70mkyselzvalgzd3jlt,https://www.balanceanalytics.io/api/groupdata.json,2026-05-18T17:17:32+00:00
pool1ahazpr2yz5gljk2m4q8g7wnmq7m2sr9unhdfmr5arhqrjnntwdz,ADV,https://www.balanceanalytics.io/api/groupdata.json,2026-05-18T17:17:32+00:00
pool1aj697twgk5kt7c6kjtkpwejqqhljvf3hzsmsamswzy42v24cw5h,pool1aj697twgk5kt7c6kjtkpwejqqhljvf3hzsmsamswzy42v24cw5h,https://www.balanceanalytics.io/api/groupdata.json,2026-05-18T17:17:32+00:00
pool1ajjz83zx620n7fyr0gvfaz0k0udc6x09rdnkqrgaxu9qwcz97qe,pool1ajjz83zx620n7fyr0gvfaz0k0udc6x09rdnkqrgaxu9qwcz97qe,https://www.balanceanalytics.io/api/groupdata.json,2026-05-18T17:17:32+00:00
pool1ajpxqyq3p3aczgaxuc66lwtgzhrapzu6duk90dz0wz5twh9jzyw,STBL,https://www.balanceanalytics.io/api/groupdata.json,2026-05-18T17:17:32+00:00
pool1ajrl335z92udy65gxlgsrvthf9esfksp6m2yf3y7qcn7jqp0zsc,pool1ajrl335z92udy65gxlgsrvthf9esfksp6m2yf3y7qcn7jqp0zsc,https://www.balanceanalytics.io/api/groupdata.json,2026-05-18T17:17:32+00:00
pool1ajy6eslg9ju7mpqzlaeehz02algkfs7fk3qsym7wun7ks6z06tu,pool1ajy6eslg9ju7mpqzlaeehz02algkfs7fk3qsym7wun7ks6z06tu,https://www.balanceanalytics.io/api/groupdata.json,2026-05-18T17:17:32+00:00
pool1ak3vhtv7alve9wfj5kx5xswrtfvy5a23txuupgy6nqpduq350w5,pool1ak3vhtv7alve9wfj5kx5xswrtfvy5a23txuupgy6nqpduq350w5,https://www.balanceanalytics.io/api/groupdata.json,2026-05-18T17:17:32+00:00
pool1aksxtgqz36vtvnf3rrgrzz9qxrvjv4p2ukqcdyv5q66s5eqhql9,pool1aksxtgqz36vtvnf3rrgrzz9qxrvjv4p2ukqcdyv5q66s5eqhql9,https://www.balanceanalytics.io/api/groupdata.json,2026-05-18T17:17:32+00:00
pool1akt37u42nfegyf3atv6c3c64da7dwa9grt9kjxa8zwj9qr4y8u2,pool1akt37u42nfegyf3atv6c3c64da7dwa9grt9kjxa8zwj9qr4y8u2,https://www.balanceanalytics.io/api/groupdata.json,2026-05-18T17:17:32+00:00
pool1al5vg7cqtfs5mqgd5uyyx09z9hvsxqnh26lr42t920y5qnvq7aq,pool1al5vg7cqtfs5mqgd5uyyx09z9hvsxqnh26lr42t920y5qnvq7aq,https://www.balanceanalytics.io/api/groupdata.json,2026-05-18T17:17:32+00:00
pool1al783um2muyhrpcj779y46z0qtnd0nteu0y5jt7252nl26dt0h0,pool1al783um2muyhrpcj779y46z0qtnd0nteu0y5jt7252nl26dt0h0,https://www.balanceanalytics.io/api/groupdata.json,2026-05-18T17:17:32+00:00
pool1alukhlxd53jat03vgt5h4dxxqyaapzefhk9yrl40e4r3x5cr5au,NEW GUY,https://www.balanceanalytics.io/api/groupdata.json,2026-05-18T17:17:32+00:00
pool1alxcfj0vr4lsxj5dtnhq2lazgm62z6vznrr0cqrpvf5lvsyuesz,pool1alxcfj0vr4lsxj5dtnhq2lazgm62z6vznrr0cqrpvf5lvsyuesz,https://www.balanceanalytics.io/api/groupdata.json,2026-05-18T17:17:32+00:00
pool1am3frzvad5tnhr8gqmfmcza8wrsy75ljlcdhn622c0u9c3sr7v5,pool1am3frzvad5tnhr8gqmfmcza8wrsy75ljlcdhn622c0u9c3sr7v5,https://www.balanceanalytics.io/api/groupdata.json,2026-05-18T17:17:32+00:00
pool1am69d5jfzgjepwhseryw59j0lspn0c0307shw3v2cvfq77gvnrh,pool1am69d5jfzgjepwhseryw59j0lspn0c0307shw3v2cvfq77gvnrh,https://www.balanceanalytics.io/api/groupdata.json,2026-05-18T17:17:32+00:00
pool1ap0mx7frdu2mhk6f8rp3psy6wkd8t560dgh0cwnlxxfswtqjg9v,pool1ap0mx7frdu2mhk6f8rp3psy6wkd8t560dgh0cwnlxxfswtqjg9v,https://www.balanceanalytics.io/api/groupdata.json,2026-05-18T17:17:32+00:00
pool1ap29p59japhsunqkknkrdm4wh4f8krrvhft66zhns43evawjd03,pool1ap29p59japhsunqkknkrdm4wh4f8krrvhft66zhns43evawjd03,https://www.balanceanalytics.io/api/groupdata.json,2026-05-18T17:17:32+00:00
pool1ap4k28jflxcyekms0rjp39ruuydrvwrek2ca267w8mwyvknpx87,pool1ap4k28jflxcyekms0rjp39ruuydrvwrek2ca267w8mwyvknpx87,https://www.balanceanalytics.io/api/groupdata.json,2026-05-18T17:17:32+00:00
pool1ap5sw2p7erpvegveucua66gy50cadjvq72apar0hvzrdv8s27nl,pool1ap5sw2p7erpvegveucua66gy50cadjvq72apar0hvzrdv8s27nl,https://www.balanceanalytics.io/api/groupdata.json,2026-05-18T17:17:32+00:00
pool1ap6fj6xllhlc3xuuq7uvz0ed2wjws08f7h680xcgq47qk2pvnme,pool1ap6fj6xllhlc3xuuq7uvz0ed2wjws08f7h680xcgq47qk2pvnme,https://www.balanceanalytics.io/api/groupdata.json,2026-05-18T17:17:32+00:00
pool1apts5675m9f6tkp4ed2jeu35azt7a0hxd3dypzjvwr2hxu6lg9a,pool1apts5675m9f6tkp4ed2jeu35azt7a0hxd3dypzjvwr2hxu6lg9a,https://www.balanceanalytics.io/api/groupdata.json,2026-05-18T17:17:32+00:00
pool1apupv5qtfp2aa2xlrzzjzx0uj686g3n695a329nq8j5jvvzumz0,pool1apupv5qtfp2aa2xlrzzjzx0uj686g3n695a329nq8j5jvvzumz0,https://www.balanceanalytics.io/api/groupdata.json,2026-05-18T17:17:32+00:00
pool1aq2kqdp9xf9w47vttvmqnahwd4scz2qyddsr9l4mfru4qddg3kr,pool1aq2kqdp9xf9w47vttvmqnahwd4scz2qyddsr9l4mfru4qddg3kr,https://www.balanceanalytics.io/api/groupdata.json,2026-05-18T17:17:32+00:00
pool1aq6sd3kr3cnjk995tfthhyf0suth3rm547kp6pv35z7wgqu6twn,BINANCE,https://www.balanceanalytics.io/api/groupdata.json,2026-05-18T17:17:32+00:00
pool1aqg6fvhcaulvss2ruvpx6ur9vj7pejvdcxv6xp0qlwuwx94evf0,pool1aqg6fvhcaulvss2ruvpx6ur9vj7pejvdcxv6xp0qlwuwx94evf0,https://www.balanceanalytics.io/api/groupdata.json,2026-05-18T17:17:32+00:00
pool1aqg8vxzv75zhjzjjd9s20fu6r0xz70yl8lk3teacwy7qyc2p2j7,ADALITE,https://www.balanceanalytics.io/api/groupdata.json,2026-05-18T17:17:32+00:00
pool1aqr4843pgkyaq6p2557vgnxsxwnj5s5em2xusf5k4ya4uzk3w5l,pool1aqr4843pgkyaq6p2557vgnxsxwnj5s5em2xusf5k4ya4uzk3w5l,https://www.balanceanalytics.io/api/groupdata.json,2026-05-18T17:17:32+00:00
pool1aqslsnawz622pd8367tgsu2atfm3lgk9xcdw5rh3c6rgzca33yq,pool1aqslsnawz622pd8367tgsu2atfm3lgk9xcdw5rh3c6rgzca33yq,https://www.balanceanalytics.io/api/groupdata.json,2026-05-18T17:17:32+00:00
pool1aqt8ycgfpavswxxs7m7n8rz4atqlanpcmf73gq50rmr8um7nde8,YUTA,https://www.balanceanalytics.io/api/groupdata.json,2026-05-18T17:17:32+00:00
pool1ar6nsa2uzng70uf8fdrttu5jhgxzgu2f4za8h845zr435nfcruw,pool1ar6nsa2uzng70uf8fdrttu5jhgxzgu2f4za8h845zr435nfcruw,https://www.balanceanalytics.io/api/groupdata.json,2026-05-18T17:17:32+00:00
pool1arsqn9w87wpqlm0sre66gs79dcs0jmwulytgke3vut7u62lttu7,pool1arsqn9w87wpqlm0sre66gs79dcs0jmwulytgke3vut7u62lttu7,https://www.balanceanalytics.io/api/groupdata.json,2026-05-18T17:17:32+00:00
pool1art4z0ztc6kkzj8awrru6j2pv2eher45wca94ph954mnk7844n0,pool1art4z0ztc6kkzj8awrru6j2pv2eher45wca94ph954mnk7844n0,https://www.balanceanalytics.io/api/groupdata.json,2026-05-18T17:17:32+00:00
pool1arx4x8ecnxu46xrpfj88hwm25j9gcy8080szvf62a0avke556v5,pool1arx4x8ecnxu46xrpfj88hwm25j9gcy8080szvf62a0avke556v5,https://www.balanceanalytics.io/api/groupdata.json,2026-05-18T17:17:32+00:00
pool1ases3nklh6gyjf74r7dqm89exjfd520z9cefqru959wcccmrdlk,MINSWAP,https://www.balanceanalytics.io/api/groupdata.json,2026-05-18T17:17:32+00:00
pool1asfgkqtmjuusclgx72xpzvpw336gkulchtstsx9lsj9uqzjckv0,IBEX,https://www.balanceanalytics.io/api/groupdata.json,2026-05-18T17:17:32+00:00
pool1ast5kjj9zer9sp02f5w44nyqsc54589l2glyp5fhsg3awqs5axk,pool1ast5kjj9zer9sp02f5w44nyqsc54589l2glyp5fhsg3awqs5axk,https://www.balanceanalytics.io/api/groupdata.json,2026-05-18T17:17:32+00:00
pool1atw0jj9jwt6epkc6834aydrz2y3ezgq376c7evx730uuuudnrp7,pool1atw0jj9jwt6epkc6834aydrz2y3ezgq376c7evx730uuuudnrp7,https://www.balanceanalytics.io/api/groupdata.json,2026-05-18T17:17:32+00:00
pool1au6mugzekrwccr2eek6qa8vlzpnv7efu7qmup26xe2jfk9vhtce,SIMBA,https://www.balanceanalytics.io/api/groupdata.json,2026-05-18T17:17:32+00:00
pool1aum2mx8ds554pfm45el2wn3lr7lsnphlggxzhk3qlpl56qnffm2,pool1aum2mx8ds554pfm45el2wn3lr7lsnphlggxzhk3qlpl56qnffm2,https://www.balanceanalytics.io/api/groupdata.json,2026-05-18T17:17:32+00:00
pool1auwfzangu7s9uagapchhmac87jy3k87a3dxhp23vadtw5m5dswl,pool1auwfzangu7s9uagapchhmac87jy3k87a3dxhp23vadtw5m5dswl,https://www.balanceanalytics.io/api/groupdata.json,2026-05-18T17:17:32+00:00
pool1av0amckqhv85qxctwg2hj4jcgdgfhpmvvw3c5evrkg9a76tr7jh,pool1av0amckqhv85qxctwg2hj4jcgdgfhpmvvw3c5evrkg9a76tr7jh,https://www.balanceanalytics.io/api/groupdata.json,2026-05-18T17:17:32+00:00
pool1avrc505uzld32hjr78pxra8jtmxvwaxdttxq2zxsjearwsy0quc,pool1avrc505uzld32hjr78pxra8jtmxvwaxdttxq2zxsjearwsy0quc,https://www.balanceanalytics.io/api/groupdata.json,2026-05-18T17:17:32+00:00
pool1awejjpdudmemtp93umupmelpggqnv24qf5gy9yfrl6m87astv7w,pool1awejjpdudmemtp93umupmelpggqnv24qf5gy9yfrl6m87astv7w,https://www.balanceanalytics.io/api/groupdata.json,2026-05-18T17:17:32+00:00
pool1ax6nusmcp8h8alsqmueqvxu46h37fmvfyr2y6w9l6486cy2rq06,pool1ax6nusmcp8h8alsqmueqvxu46h37fmvfyr2y6w9l6486cy2rq06,https://www.balanceanalytics.io/api/groupdata.json,2026-05-18T17:17:32+00:00
pool1ax7rlt56kgfpn0ystuwk5jawjh5r6qfw6xhwa8ckaqe47va4y39,pool1ax7rlt56kgfpn0ystuwk5jawjh5r6qfw6xhwa8ckaqe47va4y39,https://www.balanceanalytics.io/api/groupdata.json,2026-05-18T17:17:32+00:00
pool1ax8znp3yeeh0udrr2vvtm4wkxjldwv4mywycn573km7fu20y5xa,LEO,https://www.balanceanalytics.io/api/groupdata.json,2026-05-18T17:17:32+00:00
pool1axdf4rwjfsd5agnl2na2t73emm2sae078nxeyf3mf4c6vhh0dwm,pool1axdf4rwjfsd5agnl2na2t73emm2sae078nxeyf3mf4c6vhh0dwm,https://www.balanceanalytics.io/api/groupdata.json,2026-05-18T17:17:32+00:00
pool1axeed9wqmyvm8ttgdkpazx5dr0e6ezhucnzarpua0zpdg8ycqwl,pool1axeed9wqmyvm8ttgdkpazx5dr0e6ezhucnzarpua0zpdg8ycqwl,https://www.balanceanalytics.io/api/groupdata.json,2026-05-18T17:17:32+00:00
pool1axgtae69sdv7tnqru3enjdln0hff9k7n8awlh9xxzq92cdgmq53,pool1axgtae69sdv7tnqru3enjdln0hff9k7n8awlh9xxzq92cdgmq53,https://www.balanceanalytics.io/api/groupdata.json,2026-05-18T17:17:32+00:00
pool1axngzl8clfn6pnjaf4w5r0q4tgcwktv0zcuxnn32hl995pthddr,pool1axngzl8clfn6pnjaf4w5r0q4tgcwktv0zcuxnn32hl995pthddr,https://www.balanceanalytics.io/api/groupdata.json,2026-05-18T17:17:32+00:00
pool1axzm26vduyuxgw0x9ddh4vkvn7q5hyd558l0t9c08p556lf2zaj,WAVE,https://www.balanceanalytics.io/api/groupdata.json,2026-05-18T17:17:32+00:00
pool1ayfjmnrv5vg6tfducvysn360re6qfwuv2rhc4ph6jk33ztuxlhq,1PCT,https://www.balanceanalytics.io/api/groupdata.json,2026-05-18T17:17:32+00:00
pool1azcwvjq206pst8npl389rmea88nrarf7y3ksytr60uk76swpyql,pool1azcwvjq206pst8npl389rmea88nrarf7y3ksytr60uk76swpyql,https://www.balanceanalytics.io/api/groupdata.json,2026-05-18T17:17:32+00:00
pool1aznnuv8rx07e6djpheq3kh05r7zwm0z672u8vd8tr3yxsnegkp4,pool1aznnuv8rx07e6djpheq3kh05r7zwm0z672u8vd8tr3yxsnegkp4,https://www.balanceanalytics.io/api/groupdata.json,2026-05-18T17:17:32+00:00
pool1azwa3mcez0mr7520jznl0kamr3wdun5ygzscwtjulhdy5s58vvu,pool1azwa3mcez0mr7520jznl0kamr3wdun5ygzscwtjulhdy5s58vvu,https://www.balanceanalytics.io/api/groupdata.json,2026-05-18T17:17:32+00:00
pool1azwytj96wpa7hqmj5adks6tpw7rhnwdqpf9hkgyy0mwdxxzxz9w,pool1azwytj96wpa7hqmj5adks6tpw7rhnwdqpf9hkgyy0mwdxxzxz9w,https://www.balanceanalytics.io/api/groupdata.json,2026-05-18T17:17:32+00:00
pool1c02sa4dg5m2dq7lspgwwea95j3zr7hzl4wsuh0a2tcly60ua59n,pool1c02sa4dg5m2dq7lspgwwea95j3zr7hzl4wsuh0a2tcly60ua59n,https://www.balanceanalytics.io/api/groupdata.json,2026-05-18T17:17:32+00:00
pool1c0p84nykx0m4yqs9pkvlgagh3nlnrn77d5zed9kv9ktljh2cjcy,pool1c0p84nykx0m4yqs9pkvlgagh3nlnrn77d5zed9kv9ktljh2cjcy,https://www.balanceanalytics.io/api/groupdata.json,2026-05-18T17:17:32+00:00
pool1c0qt93ydpjdndag5v9fsmzjv0hm87ehstqn6ttvrr60rw9d6uaq,pool1c0qt93ydpjdndag5v9fsmzjv0hm87ehstqn6ttvrr60rw9d6uaq,https://www.balanceanalytics.io/api/groupdata.json,2026-05-18T17:17:32+00:00
pool1c0t0xzlpu7nhprxhnlepnapek47waww3m54ek6gaufnpjrl5j0m,pool1c0t0xzlpu7nhprxhnlepnapek47waww3m54ek6gaufnpjrl5j0m,https://www.balanceanalytics.io/api/groupdata.json,2026-05-18T17:17:32+00:00
pool1c0xj2fa97zuz4phld87atg6yphz3hju409fm5xgnwuuvqww25qj,pool1c0xj2fa97zuz4phld87atg6yphz3hju409fm5xgnwuuvqww25qj,https://www.balanceanalytics.io/api/groupdata.json,2026-05-18T17:17:32+00:00
pool1c0zg0udyxu9lfzwy54vz8q8q6xja0fmlz8mgtge3ul066ghduqc,pool1c0zg0udyxu9lfzwy54vz8q8q6xja0fmlz8mgtge3ul066ghduqc,https://www.balanceanalytics.io/api/groupdata.json,2026-05-18T17:17:32+00:00
pool1c2hg4uh9x9lfljxsf5ufppwg72p3y5gu95zskmpvdmyf70w6g6v,pool1c2hg4uh9x9lfljxsf5ufppwg72p3y5gu95zskmpvdmyf70w6g6v,https://www.balanceanalytics.io/api/groupdata.json,2026-05-18T17:17:32+00:00
pool1c2utlagkpht4zj0jetsf245c258geuxnjqp9kf4f2z9rutx9dz4,pool1c2utlagkpht4zj0jetsf245c258geuxnjqp9kf4f2z9rutx9dz4,https://www.balanceanalytics.io/api/groupdata.json,2026-05-18T17:17:32+00:00
pool1c2v3ktwkxh524kvp38deq0enkduadxy7smm5yslhuxhnvd5f05f,pool1c2v3ktwkxh524kvp38deq0enkduadxy7smm5yslhuxhnvd5f05f,https://www.balanceanalytics.io/api/groupdata.json,2026-05-18T17:17:32+00:00
pool1c2wf97p3j9gfvfjshj99ufxerpy3aznm8tzr2fd0ua465s26th4,P2P,https://www.balanceanalytics.io/api/groupdata.json,2026-05-18T17:17:32+00:00
pool1c30lqt59t8sjn5lg04r5wk5eucxa5h9cj05xs9gzc8lngl4cmta,pool1c30lqt59t8sjn5lg04r5wk5eucxa5h9cj05xs9gzc8lngl4cmta,https://www.balanceanalytics.io/api/groupdata.json,2026-05-18T17:17:32+00:00
pool1c38rf777lz0lweuz856xtetz2p2tfq04xfles089839tclt4dp3,pool1c38rf777lz0lweuz856xtetz2p2tfq04xfles089839tclt4dp3,https://www.balanceanalytics.io/api/groupdata.json,2026-05-18T17:17:32+00:00
pool1c39qg80pu8596huf5kh6cmfuxp8yzxz4kfqc4csfz7xdcwfwcnc,pool1c39qg80pu8596huf5kh6cmfuxp8yzxz4kfqc4csfz7xdcwfwcnc,https://www.balanceanalytics.io/api/groupdata.json,2026-05-18T17:17:32+00:00
pool1c3ecg6h4m73a2mftmdm9mz3gxklxmnzuwzl9e38lzd4y26qcm8a,pool1c3ecg6h4m73a2mftmdm9mz3gxklxmnzuwzl9e38lzd4y26qcm8a,https://www.balanceanalytics.io/api/groupdata.json,2026-05-18T17:17:32+00:00
pool1c3fjkls7d2aujud8y5xy5e0azu0ueatwn34u7jy3ql85ze3xya8,pool1c3fjkls7d2aujud8y5xy5e0azu0ueatwn34u7jy3ql85ze3xya8,https://www.balanceanalytics.io/api/groupdata.json,2026-05-18T17:17:32+00:00
pool1c3fxag83fhpnrf672eu0z2n72rkas820s05sfjnrvvxnx767mxh,pool1c3fxag83fhpnrf672eu0z2n72rkas820s05sfjnrvvxnx767mxh,https://www.balanceanalytics.io/api/groupdata.json,2026-05-18T17:17:32+00:00
pool1c3kxs76qj58284f923cx7ed8vw25en3nfghyurv0z9m2g3x9c4j,pool1c3kxs76qj58284f923cx7ed8vw25en3nfghyurv0z9m2g3x9c4j,https://www.balanceanalytics.io/api/groupdata.json,2026-05-18T17:17:32+00:00
pool1c45udwv2kdjcth5fvnhlklsz2tutw8spl9tcwnfw7m8cxl8eanm,pool1c45udwv2kdjcth5fvnhlklsz2tutw8spl9tcwnfw7m8cxl8eanm,https://www.balanceanalytics.io/api/groupdata.json,2026-05-18T17:17:32+00:00
pool1c465ftax734tzx0kr36nudtmjy66zzwqgmct7ktpff46u8hrl0e,pool1c465ftax734tzx0kr36nudtmjy66zzwqgmct7ktpff46u8hrl0e,https://www.balanceanalytics.io/api/groupdata.json,2026-05-18T17:17:32+00:00
pool1c4tqc60574fgcyqdy53vyv4dusjpj2zd9grm65avn6cz7equ0g6,pool1c4tqc60574fgcyqdy53vyv4dusjpj2zd9grm65avn6cz7equ0g6,https://www.balanceanalytics.io/api/groupdata.json,2026-05-18T17:17:32+00:00
pool1c50yum9j2pj66p6qyjwxd6h6z8scvysxq2hlrnw22vgs5rq2547,BINANCE,https://www.balanceanalytics.io/api/groupdata.json,2026-05-18T17:17:32+00:00
pool1c5ntzp7mm3rgmyxugx96eecycjupu8v3mcq9wylzxjgsujrj98j,pool1c5ntzp7mm3rgmyxugx96eecycjupu8v3mcq9wylzxjgsujrj98j,https://www.balanceanalytics.io/api/groupdata.json,2026-05-18T17:17:32+00:00
pool1c60f68y8406zjmacluvcu8c0krgngp6h2qkkqhdz4mtl62ns0dq,GIFT,https://www.balanceanalytics.io/api/groupdata.json,2026-05-18T17:17:32+00:00
pool1c6ezumxqayxzfwec8q8nz40zpf58n3sr22nstpxf2pg3gggx0ce,pool1c6ezumxqayxzfwec8q8nz40zpf58n3sr22nstpxf2pg3gggx0ce,https://www.balanceanalytics.io/api/groupdata.json,2026-05-18T17:17:32+00:00
pool1c7jrfce3zxkk9s9enzpvwj8fuayvx3pdzc2k2es6mrw6gsfcjep,EDEN,https://www.balanceanalytics.io/api/groupdata.json,2026-05-18T17:17:32+00:00
pool1c86ul4pnqvu7jzag8fjdy6dgrn6pt4ad4vmyq038hyg0wl2kaed,pool1c86ul4pnqvu7jzag8fjdy6dgrn6pt4ad4vmyq038hyg0wl2kaed,https://www.balanceanalytics.io/api/groupdata.json,2026-05-18T17:17:32+00:00
pool1c89d4drtwn0048mekkdkzllz559ahnntxelyw2mppxnmc36hjlx,pool1c89d4drtwn0048mekkdkzllz559ahnntxelyw2mppxnmc36hjlx,https://www.balanceanalytics.io/api/groupdata.json,2026-05-18T17:17:32+00:00
pool1c8enfyd0rt39p4wr9h840y3d2xtqylxq5rsu3ku8gld45swgtne,pool1c8enfyd0rt39p4wr9h840y3d2xtqylxq5rsu3ku8gld45swgtne,https://www.balanceanalytics.io/api/groupdata.json,2026-05-18T17:17:32+00:00
pool1c8f3ffu2g0eatw4fctjpq5q48pppzst0yg90fgj23637uhhhx23,BINANCE,https://www.balanceanalytics.io/api/groupdata.json,2026-05-18T17:17:32+00:00
pool1c8glhjlfs7lqww0zg7ghajtyf527zrahyksyawnz7l58kx0utf7,pool1c8glhjlfs7lqww0zg7ghajtyf527zrahyksyawnz7l58kx0utf7,https://www.balanceanalytics.io/api/groupdata.json,2026-05-18T17:17:32+00:00
pool1c9awkz57mqx5nzajrx047vqz0p6y3mr0tz8ce0kkecawwuakske,pool1c9awkz57mqx5nzajrx047vqz0p6y3mr0tz8ce0kkecawwuakske,https://www.balanceanalytics.io/api/groupdata.json,2026-05-18T17:17:32+00:00
pool1c9zfwqs6la003c3d3e5k2lfvs7scqsez5hz8dtucr7ql55dp52r,pool1c9zfwqs6la003c3d3e5k2lfvs7scqsez5hz8dtucr7ql55dp52r,https://www.balanceanalytics.io/api/groupdata.json,2026-05-18T17:17:32+00:00
pool1ca862gvy5r06k5l3hulsphtp20tvuxqef0arzcyejdf365c5nrs,pool1ca862gvy5r06k5l3hulsphtp20tvuxqef0arzcyejdf365c5nrs,https://www.balanceanalytics.io/api/groupdata.json,2026-05-18T17:17:32+00:00
pool1cact6224505keg4a4lysleec0mq5886rlzcr92q5ndftuntfe0y,pool1cact6224505keg4a4lysleec0mq5886rlzcr92q5ndftuntfe0y,https://www.balanceanalytics.io/api/groupdata.json,2026-05-18T17:17:32+00:00
pool1cadtxkx0lkrq5refcn8p3ueujn4r0wvuk57f6efwflj22gg0qqw,pool1cadtxkx0lkrq5refcn8p3ueujn4r0wvuk57f6efwflj22gg0qqw,https://www.balanceanalytics.io/api/groupdata.json,2026-05-18T17:17:32+00:00
pool1calq8kjzrvp83l80rtvgmulausl99q4tjfkz2lp227vkymd5wgg,pool1calq8kjzrvp83l80rtvgmulausl99q4tjfkz2lp227vkymd5wgg,https://www.balanceanalytics.io/api/groupdata.json,2026-05-18T17:17:32+00:00
pool1camcu3qj6jl4m6yf2rwqe70p28xapqe8fadt6pxznywfwdqj0gy,pool1camcu3qj6jl4m6yf2rwqe70p28xapqe8fadt6pxznywfwdqj0gy,https://www.balanceanalytics.io/api/groupdata.json,2026-05-18T17:17:32+00:00
pool1caulv7s08g0jnptzdc69qycptacu7fzahny2epzh7sh9vhqz6xz,ADALITE,https://www.balanceanalytics.io/api/groupdata.json,2026-05-18T17:17:32+00:00
pool1cax4yzzzsluaknn9y7wdxhvslzsr3shyrapmj0cw25csw20wzc5,pool1cax4yzzzsluaknn9y7wdxhvslzsr3shyrapmj0cw25csw20wzc5,https://www.balanceanalytics.io/api/groupdata.json,2026-05-18T17:17:32+00:00
pool1cc76kmtcpf6vht32ya5ke9er74dnpy4jh5qpy4klqwp87ygdsu6,pool1cc76kmtcpf6vht32ya5ke9er74dnpy4jh5qpy4klqwp87ygdsu6,https://www.balanceanalytics.io/api/groupdata.json,2026-05-18T17:17:32+00:00
pool1ccr56kt2f5tzjvztlkf8zhkpvaawkduwfye8ydsk646lz0m4h5x,pool1ccr56kt2f5tzjvztlkf8zhkpvaawkduwfye8ydsk646lz0m4h5x,https://www.balanceanalytics.io/api/groupdata.json,2026-05-18T17:17:32+00:00
pool1ccrah89lv0q8fqjd0vrp70zvw0e2742j9v2vxafqy8vvya49vvx,pool1ccrah89lv0q8fqjd0vrp70zvw0e2742j9v2vxafqy8vvya49vvx,https://www.balanceanalytics.io/api/groupdata.json,2026-05-18T17:17:32+00:00
pool1cd7u9yenr0vkzh9kj7nhhy28ye289muhcdgnhyvz7r3z7jwcxl9,pool1cd7u9yenr0vkzh9kj7nhhy28ye289muhcdgnhyvz7r3z7jwcxl9,https://www.balanceanalytics.io/api/groupdata.json,2026-05-18T17:17:32+00:00
pool1cdkv8070twtzhpeznc42wql8fre2edkc48watnuf2pmqcp93qjy,pool1cdkv8070twtzhpeznc42wql8fre2edkc48watnuf2pmqcp93qjy,https://www.balanceanalytics.io/api/groupdata.json,2026-05-18T17:17:32+00:00
pool1cduc7ut6grhqyavrmm3gzcdf4qfdsjk7vdwcxy9c0r5fyaxh2sq,CRDNS,https://www.balanceanalytics.io/api/groupdata.json,2026-05-18T17:17:32+00:00
pool1cejaj3e490r9ejf854k3pw0kagglczuaqp69g6g5jzyfxjxgn4h,pool1cejaj3e490r9ejf854k3pw0kagglczuaqp69g6g5jzyfxjxgn4h,https://www.balanceanalytics.io/api/groupdata.json,2026-05-18T17:17:32+00:00
pool1ceuqt0yvqytd2jkw9h5lstvxuhy3pr9f3j2wzw0c4wnjwn5z26g,pool1ceuqt0yvqytd2jkw9h5lstvxuhy3pr9f3j2wzw0c4wnjwn5z26g,https://www.balanceanalytics.io/api/groupdata.json,2026-05-18T17:17:32+00:00
pool1cew2q6pge250exctkq26lyl0w95923xxa54thd79nv8xy9j3xe6,pool1cew2q6pge250exctkq26lyl0w95923xxa54thd79nv8xy9j3xe6,https://www.balanceanalytics.io/api/groupdata.json,2026-05-18T17:17:32+00:00
pool1cf7mqj0xd8z4jqhr7nf565mxuvepk8euv5t6ehmuwe49kfz9llr,AICHI,https://www.balanceanalytics.io/api/groupdata.json,2026-05-18T17:17:32+00:00
pool1cfj8s25dtmmuew93ey3ppmjtwjngew0egph02y5hlm0dqtchq2x,pool1cfj8s25dtmmuew93ey3ppmjtwjngew0egph02y5hlm0dqtchq2x,https://www.balanceanalytics.io/api/groupdata.json,2026-05-18T17:17:32+00:00
pool1cg559cdc25fkvs73umj6w5nxlwy3mpmj02xt7p4v69eqs5ncz9k,pool1cg559cdc25fkvs73umj6w5nxlwy3mpmj02xt7p4v69eqs5ncz9k,https://www.balanceanalytics.io/api/groupdata.json,2026-05-18T17:17:32+00:00
pool1cg90yrzsj6mk84jzqt6sg3mg9gxx6f40tk7fk2v7uyp5cxw02wf,pool1cg90yrzsj6mk84jzqt6sg3mg9gxx6f40tk7fk2v7uyp5cxw02wf,https://www.balanceanalytics.io/api/groupdata.json,2026-05-18T17:17:32+00:00
pool1cgplf6z20lyhfxaw2mz2zdf5htgkdexvljpk7yurll3nwrhmj3a,pool1cgplf6z20lyhfxaw2mz2zdf5htgkdexvljpk7yurll3nwrhmj3a,https://www.balanceanalytics.io/api/groupdata.json,2026-05-18T17:17:32+00:00
pool1ch3k0e07dhqwum847sa02cyecrp000a6egdx89fz5rza230jhlp,pool1ch3k0e07dhqwum847sa02cyecrp000a6egdx89fz5rza230jhlp,https://www.balanceanalytics.io/api/groupdata.json,2026-05-18T17:17:32+00:00
pool1chdvqec5lwsxuedrdhcdcxg2295tqrce9lcz3luru5fruzjf3wr,ROCKX,https://www.balanceanalytics.io/api/groupdata.json,2026-05-18T17:17:32+00:00
pool1chfk2749hyrwqqpj9fapredjsgw3fdauyxw3hn82kavqva6nv3w,pool1chfk2749hyrwqqpj9fapredjsgw3fdauyxw3hn82kavqva6nv3w,https://www.balanceanalytics.io/api/groupdata.json,2026-05-18T17:17:32+00:00
pool1chn55g2hh8rcclznxd64k4tn9dz4rz2p6fgpha7hfh4x6pqufd6,pool1chn55g2hh8rcclznxd64k4tn9dz4rz2p6fgpha7hfh4x6pqufd6,https://www.balanceanalytics.io/api/groupdata.json,2026-05-18T17:17:32+00:00
pool1chtam5czevzk2ttctvltpsc8twlwf6zzyh7kj3jkz72gks975sn,ADALITE,https://www.balanceanalytics.io/api/groupdata.json,2026-05-18T17:17:32+00:00
pool1chxjq4stjq2q635q8lv3vpszu0jqntxh3ltl97s5de4rz0rkdn3,pool1chxjq4stjq2q635q8lv3vpszu0jqntxh3ltl97s5de4rz0rkdn3,https://www.balanceanalytics.io/api/groupdata.json,2026-05-18T17:17:32+00:00
pool1chxnn5gurqm83728aafjm7thv8yla9tz85yejtstqsc658mrpm7,pool1chxnn5gurqm83728aafjm7thv8yla9tz85yejtstqsc658mrpm7,https://www.balanceanalytics.io/api/groupdata.json,2026-05-18T17:17:32+00:00
pool1chzrvd7wzmw8ufsehctn8fmf7ca27xf7d6f5tpreat7kxx6hwf9,pool1chzrvd7wzmw8ufsehctn8fmf7ca27xf7d6f5tpreat7kxx6hwf9,https://www.balanceanalytics.io/api/groupdata.json,2026-05-18T17:17:32+00:00
pool1cj2uh0ylps28czcjslnz85v2zyf8mld0w5tuqp3amxk4jjwfkgd,pool1cj2uh0ylps28czcjslnz85v2zyf8mld0w5tuqp3amxk4jjwfkgd,https://www.balanceanalytics.io/api/groupdata.json,2026-05-18T17:17:32+00:00
pool1cj6js4ae570qqgssp5qr83zla0775u35fyxytk8j240uy2aca2q,pool1cj6js4ae570qqgssp5qr83zla0775u35fyxytk8j240uy2aca2q,https://www.balanceanalytics.io/api/groupdata.json,2026-05-18T17:17:32+00:00
pool1cj8dxjjlyn9xmjavr98ytmvlpd4vwgqp36kq8rl6jjyt6k2adfh,AADA,https://www.balanceanalytics.io/api/groupdata.json,2026-05-18T17:17:32+00:00
pool1cjjtz6enkc76yytlf2zd86ngdu60e705vq7wq940ncu6506s6n2,LEO,https://www.balanceanalytics.io/api/groupdata.json,2026-05-18T17:17:32+00:00
pool1cjz6kg9a8ug9uk0nc59q60a67c2628ms58rd98gq587jwa2x5qt,GENS,https://www.balanceanalytics.io/api/groupdata.json,2026-05-18T17:17:32+00:00
pool1ck5umzh4drjmsgj5nmzhf27wtgswqxxfg2yuqpp5sfsg2man62w,pool1ck5umzh4drjmsgj5nmzhf27wtgswqxxfg2yuqpp5sfsg2man62w,https://www.balanceanalytics.io/api/groupdata.json,2026-05-18T17:17:32+00:00
pool1ck8rqpxp7j8kyzutk856fnvgm8xsqmuh922wkeeg32ekjjrvtc0,ISP,https://www.balanceanalytics.io/api/groupdata.json,2026-05-18T17:17:32+00:00
pool1ckh0a83mfrhuevhc2efpnqa5kfmjk5dwndqchnlqqmkm62wd3ut,pool1ckh0a83mfrhuevhc2efpnqa5kfmjk5dwndqchnlqqmkm62wd3ut,https://www.balanceanalytics.io/api/groupdata.json,2026-05-18T17:17:32+00:00
pool1cl3fhy6me0nf5jnxahk997r0529aumt967kw4yml5vraq94mdk4,RAID,https://www.balanceanalytics.io/api/groupdata.json,2026-05-18T17:17:32+00:00
pool1cldam492zgdw8tvay70f7yzre89syp74phgtapl5wtlzylnd20a,pool1cldam492zgdw8tvay70f7yzre89syp74phgtapl5wtlzylnd20a,https://www.balanceanalytics.io/api/groupdata.json,2026-05-18T17:17:32+00:00
pool1cljrz5vyw7jp2mp23nt9ywn2wdg5ulamhalw6d3mng326laxs77,NEW GUY,https://www.balanceanalytics.io/api/groupdata.json,2026-05-18T17:17:32+00:00
pool1clkt34hufs3k4gfnd2rl8gy9zlzzdgr9838y0k2hwfuhy0mh2t9,pool1clkt34hufs3k4gfnd2rl8gy9zlzzdgr9838y0k2hwfuhy0mh2t9,https://www.balanceanalytics.io/api/groupdata.json,2026-05-18T17:17:32+00:00
pool1clqktqscpp3zl5ps8vlatqx0vyn59ls6n9453at955mkcxx9kfv,pool1clqktqscpp3zl5ps8vlatqx0vyn59ls6n9453at955mkcxx9kfv,https://www.balanceanalytics.io/api/groupdata.json,2026-05-18T17:17:32+00:00
pool1cmaafeyy52ppz62jqmsm20c5p8nua7xx95lkkf96ktmqqj3w5td,EDEN,https://www.balanceanalytics.io/api/groupdata.json,2026-05-18T17:17:32+00:00
pool1cmdq8atcy8x7lfhh09vdumveuh0ywsx0269ur774nvzkyhma37d,pool1cmdq8atcy8x7lfhh09vdumveuh0ywsx0269ur774nvzkyhma37d,https://www.balanceanalytics.io/api/groupdata.json,2026-05-18T17:17:32+00:00
pool1cmqpzlsrrjup8zg6qaperz868u64dlt7uvvdszsr658mvzz9qq0,pool1cmqpzlsrrjup8zg6qaperz868u64dlt7uvvdszsr658mvzz9qq0,https://www.balanceanalytics.io/api/groupdata.json,2026-05-18T17:17:32+00:00
pool1cn0dqtplwf67fds40hgkf0u5rm4q4azev5qutmgkw5hdyvue2ue,NEDS,https://www.balanceanalytics.io/api/groupdata.json,2026-05-18T17:17:32+00:00
pool1cnfdwkjgjd84jtd9sgajhf8wp7ak45j5uj7wydzjpy927fj86xf,pool1cnfdwkjgjd84jtd9sgajhf8wp7ak45j5uj7wydzjpy927fj86xf,https://www.balanceanalytics.io/api/groupdata.json,2026-05-18T17:17:32+00:00
pool1cp4q7w2jvlthul9mlskj6xutx9rdr7n4vruqqe09pfg5ywmzdzq,UPBIT,https://www.balanceanalytics.io/api/groupdata.json,2026-05-18T17:17:32+00:00
pool1cpqpw923842ple6gnkjl0k2z238uwm4s8xh53ryzxcavu89rp9p,HUSKY,https://www.balanceanalytics.io/api/groupdata.json,2026-05-18T17:17:32+00:00
pool1cpqzd83axxlqxkeyuauwsmyqwud4jekjjvfmr0mp0mrrsnz3dng,pool1cpqzd83axxlqxkeyuauwsmyqwud4jekjjvfmr0mp0mrrsnz3dng,https://www.balanceanalytics.io/api/groupdata.json,2026-05-18T17:17:32+00:00
pool1cpr59c88ps8499gtgegr3muhclr7dln35g9a3rqmv4dkxg9n3h8,pool1cpr59c88ps8499gtgegr3muhclr7dln35g9a3rqmv4dkxg9n3h8,https://www.balanceanalytics.io/api/groupdata.json,2026-05-18T17:17:32+00:00
pool1cpwymxe2fjr20u34f874e2q6za3razk0rttslrxqhc4tu3zxau8,FIGMENT,https://www.balanceanalytics.io/api/groupdata.json,2026-05-18T17:17:32+00:00
pool1cpzz6aqljgk97ks728xa76wqg96kj79ndc3gasx7kdnr74wrk70,pool1cpzz6aqljgk97ks728xa76wqg96kj79ndc3gasx7kdnr74wrk70,https://www.balanceanalytics.io/api/groupdata.json,2026-05-18T17:17:32+00:00
pool1cq25dmlt5974x8tqg3e4dlzvrxefcce2atpnwlfp7ad5ugec9fp,BEAST,https://www.balanceanalytics.io/api/groupdata.json,2026-05-18T17:17:32+00:00
pool1crprz3rdcwvfxmc0s4gxquh3qeqmscww2qfvpl93q52yyn7agsc,pool1crprz3rdcwvfxmc0s4gxquh3qeqmscww2qfvpl93q52yyn7agsc,https://www.balanceanalytics.io/api/groupdata.json,2026-05-18T17:17:32+00:00
pool1crts5gmqr34gsrn6wvrhfs9yqp0ynu8t2t4r350xp80s6pc56ue,pool1crts5gmqr34gsrn6wvrhfs9yqp0ynu8t2t4r350xp80s6pc56ue,https://www.balanceanalytics.io/api/groupdata.json,2026-05-18T17:17:32+00:00
pool1crtytpgtaph34d69rnpdgycw7glk9pee9at542h7053g2hldt3l,pool1crtytpgtaph34d69rnpdgycw7glk9pee9at542h7053g2hldt3l,https://www.balanceanalytics.io/api/groupdata.json,2026-05-18T17:17:32+00:00
pool1cshuf0jy40a83glgwakert9czfnqrpyq6zwqly2705mrwkajuhu,pool1cshuf0jy40a83glgwakert9czfnqrpyq6zwqly2705mrwkajuhu,https://www.balanceanalytics.io/api/groupdata.json,2026-05-18T17:17:32+00:00
pool1cspe7naf0mtntwyysqxk6czah3jlh6v4cja8pdfju932yxsehnm,pool1cspe7naf0mtntwyysqxk6czah3jlh6v4cja8pdfju932yxsehnm,https://www.balanceanalytics.io/api/groupdata.json,2026-05-18T17:17:32+00:00
pool1csrtagrya4hc5pectc20s8s7am3e6vpdjj6antqzvn2lgmm5afs,KOPI,https://www.balanceanalytics.io/api/groupdata.json,2026-05-18T17:17:32+00:00
pool1ct59zfxfvtv74k3mmukq5faq7kc48wuxrstyxtd02pxluwf6mkh,pool1ct59zfxfvtv74k3mmukq5faq7kc48wuxrstyxtd02pxluwf6mkh,https://www.balanceanalytics.io/api/groupdata.json,2026-05-18T17:17:32+00:00
pool1ctcsgxrmasyv3p7mzwrfuywy7t3nw9zk8pls8px529avg2rvqvj,pool1ctcsgxrmasyv3p7mzwrfuywy7t3nw9zk8pls8px529avg2rvqvj,https://www.balanceanalytics.io/api/groupdata.json,2026-05-18T17:17:32+00:00
pool1ctfxzwgqakxujmn95dfvprcm0h3dtzjh408apk0cewl0c4r6gg3,pool1ctfxzwgqakxujmn95dfvprcm0h3dtzjh408apk0cewl0c4r6gg3,https://www.balanceanalytics.io/api/groupdata.json,2026-05-18T17:17:32+00:00
pool1ctzja2cdwyeqnvehmrlclc5wrn9w9acwklk3acn73jrx56d66vs,OCEAN,https://www.balanceanalytics.io/api/groupdata.json,2026-05-18T17:17:32+00:00
pool1cuccvs6vdlrxw67kwvzdx3gcl3ha0402mkhhseqmre7u7vdkwev,pool1cuccvs6vdlrxw67kwvzdx3gcl3ha0402mkhhseqmre7u7vdkwev,https://www.balanceanalytics.io/api/groupdata.json,2026-05-18T17:17:32+00:00
pool1cug26u25eedxe03m887l65d2mt5h0lv5nwrkflq8q2rsjud3jqz,pool1cug26u25eedxe03m887l65d2mt5h0lv5nwrkflq8q2rsjud3jqz,https://www.balanceanalytics.io/api/groupdata.json,2026-05-18T17:17:32+00:00
pool1cuhcw4dhj577rzz847q5swfvrnthj2vn62hry6ljzp6g6v3ag77,pool1cuhcw4dhj577rzz847q5swfvrnthj2vn62hry6ljzp6g6v3ag77,https://www.balanceanalytics.io/api/groupdata.json,2026-05-18T17:17:32+00:00
pool1cunvnkjkzh2lna593sjmkylcr3r5rmxdpr8r9u6pfuer72p24x4,FIGMENT,https://www.balanceanalytics.io/api/groupdata.json,2026-05-18T17:17:32+00:00
pool1cuqnuz57puz2qd3enr9vtkcp7z92ge4h2ks6j8zzknztx3283q7,pool1cuqnuz57puz2qd3enr9vtkcp7z92ge4h2ks6j8zzknztx3283q7,https://www.balanceanalytics.io/api/groupdata.json,2026-05-18T17:17:32+00:00
pool1cuufgqx2wymaavuuuuewrcywksqql299ugjxcw5hf8gux3ed3lc,pool1cuufgqx2wymaavuuuuewrcywksqql299ugjxcw5hf8gux3ed3lc,https://www.balanceanalytics.io/api/groupdata.json,2026-05-18T17:17:32+00:00
pool1cuxntl7ppq6g9992cphc7t7xt6hghmevgu3u2d0tczps5hu6070,pool1cuxntl7ppq6g9992cphc7t7xt6hghmevgu3u2d0tczps5hu6070,https://www.balanceanalytics.io/api/groupdata.json,2026-05-18T17:17:32+00:00
pool1cuzhrcpp676p4u9yk2vrtj7utmq2dy4ey56uw6znml2f5hrpgpw,pool1cuzhrcpp676p4u9yk2vrtj7utmq2dy4ey56uw6znml2f5hrpgpw,https://www.balanceanalytics.io/api/groupdata.json,2026-05-18T17:17:32+00:00
pool1cvekct2pwhypvwrfw5e936vkk2kqhwsjxzkpf63xsc87klnsxqv,pool1cvekct2pwhypvwrfw5e936vkk2kqhwsjxzkpf63xsc87klnsxqv,https://www.balanceanalytics.io/api/groupdata.json,2026-05-18T17:17:32+00:00
pool1cvj2g2e6ynk6ygdgmdhmxmhd4crpum0yy209dh4ac2xzvey9rhh,pool1cvj2g2e6ynk6ygdgmdhmxmhd4crpum0yy209dh4ac2xzvey9rhh,https://www.balanceanalytics.io/api/groupdata.json,2026-05-18T17:17:32+00:00
pool1cvmk7ftz7v5u2pd944e0xvalgchtxgsnnhryzqmqfavgxwgxmcy,pool1cvmk7ftz7v5u2pd944e0xvalgchtxgsnnhryzqmqfavgxwgxmcy,https://www.balanceanalytics.io/api/groupdata.json,2026-05-18T17:17:32+00:00
pool1cwc8jnc89xnd0qlyl4tp9gu2uf6jxhc2xay9xqdwt88s66a5yzx,pool1cwc8jnc89xnd0qlyl4tp9gu2uf6jxhc2xay9xqdwt88s66a5yzx,https://www.balanceanalytics.io/api/groupdata.json,2026-05-18T17:17:32+00:00
pool1cx3clsl5r0f6u9hw23u7mtn4fuazkjqh3aq9as7jm7f5uf2l059,pool1cx3clsl5r0f6u9hw23u7mtn4fuazkjqh3aq9as7jm7f5uf2l059,https://www.balanceanalytics.io/api/groupdata.json,2026-05-18T17:17:32+00:00
pool1cx8njhvw34weqykla5fz38ngt3dr4d0ltv0srqjqa8ugzap937l,IOG,https://www.balanceanalytics.io/api/groupdata.json,2026-05-18T17:17:32+00:00
pool1cxduaaaqpk8g3xr5yksg8urfemexxyjf42evekrmmg9a2f7gmn7,pool1cxduaaaqpk8g3xr5yksg8urfemexxyjf42evekrmmg9a2f7gmn7,https://www.balanceanalytics.io/api/groupdata.json,2026-05-18T17:17:32+00:00
pool1cxjqg6nn588ura2rx4uptwprgzw82j89j2gjguwhtun4ypw2sh4,CHUCK BUX,https://www.balanceanalytics.io/api/groupdata.json,2026-05-18T17:17:32+00:00
pool1cxl0gk32hwe6sckdmy2zydkl7wrk8npjay0u3u5zsglwvkqmjen,BINANCE,https://www.balanceanalytics.io/api/groupdata.json,2026-05-18T17:17:32+00:00
pool1cy77h3wzf5z9ea0z66wr8luczcp2u4wchhkejkndjvyrvyvqauj,pool1cy77h3wzf5z9ea0z66wr8luczcp2u4wchhkejkndjvyrvyvqauj,https://www.balanceanalytics.io/api/groupdata.json,2026-05-18T17:17:32+00:00
pool1cyha5jsy6g06w699tw4awy2jw7gxj0azm38yzetr7zls7rkl0t0,ORACL,https://www.balanceanalytics.io/api/groupdata.json,2026-05-18T17:17:32+00:00
pool1cyq3v3v43hu7spwlfxdm6vq9djpsjjueerhlu5qr2rvd57vqk84,WAVE,https://www.balanceanalytics.io/api/groupdata.json,2026-05-18T17:17:32+00:00
pool1czlxfj2dyc2lt2gcrhhxyqhgzcpza845yjr6k262e2vqsysrylu,pool1czlxfj2dyc2lt2gcrhhxyqhgzcpza845yjr6k262e2vqsysrylu,https://www.balanceanalytics.io/api/groupdata.json,2026-05-18T17:17:32+00:00
pool1czuxqfhx2fs6q6vw0z0u9c93eumvs45nm0cu65tqvaqq65zu9yq,pool1czuxqfhx2fs6q6vw0z0u9c93eumvs45nm0cu65tqvaqq65zu9yq,https://www.balanceanalytics.io/api/groupdata.json,2026-05-18T17:17:32+00:00
pool1d0329t36ac7udkqe9k5w4g4jpn8xrqfjh2u5jrrm4h4d50wkz2c,pool1d0329t36ac7udkqe9k5w4g4jpn8xrqfjh2u5jrrm4h4d50wkz2c,https://www.balanceanalytics.io/api/groupdata.json,2026-05-18T17:17:32+00:00
pool1d04sakv5um2c8yrp3lm9ncncupgl7f7zw0lz2yuz3jrzsxvf42n,pool1d04sakv5um2c8yrp3lm9ncncupgl7f7zw0lz2yuz3jrzsxvf42n,https://www.balanceanalytics.io/api/groupdata.json,2026-05-18T17:17:32+00:00
pool1d054kj5nmzn0vmcsy3feyn56ehesn0hjaanucaep2n7qzyz0pv3,pool1d054kj5nmzn0vmcsy3feyn56ehesn0hjaanucaep2n7qzyz0pv3,https://www.balanceanalytics.io/api/groupdata.json,2026-05-18T17:17:32+00:00
pool1d0ld90s42dnypxxp08923d7pezh4xnzht2gfl5c6xm2pg6lyyyq,pool1d0ld90s42dnypxxp08923d7pezh4xnzht2gfl5c6xm2pg6lyyyq,https://www.balanceanalytics.io/api/groupdata.json,2026-05-18T17:17:32+00:00
pool1d0vm9y545l3y2g9pamx45k4e498nllhd8wy4289vw8mt70am2r8,pool1d0vm9y545l3y2g9pamx45k4e498nllhd8wy4289vw8mt70am2r8,https://www.balanceanalytics.io/api/groupdata.json,2026-05-18T17:17:32+00:00
pool1d0ze7l6t8gjng564zsfyd7uw7snenpsjh9dacawdpr9g27djq8f,pool1d0ze7l6t8gjng564zsfyd7uw7snenpsjh9dacawdpr9g27djq8f,https://www.balanceanalytics.io/api/groupdata.json,2026-05-18T17:17:32+00:00
pool1d25d0c06al8geglarw7yd4nqh65nws82d7v04yrv2eec7rwcjlk,pool1d25d0c06al8geglarw7yd4nqh65nws82d7v04yrv2eec7rwcjlk,https://www.balanceanalytics.io/api/groupdata.json,2026-05-18T17:17:32+00:00
pool1d2cl6yayuxp0wv0v7dtvu0s52vglg0x4z2lz27d6x4ewj72nk2a,CRDNS,https://www.balanceanalytics.io/api/groupdata.json,2026-05-18T17:17:32+00:00
pool1d2lw7azxlktnjhyl8qpl0rcyc9hffnzwt3pugq6h88waugq22zj,pool1d2lw7azxlktnjhyl8qpl0rcyc9hffnzwt3pugq6h88waugq22zj,https://www.balanceanalytics.io/api/groupdata.json,2026-05-18T17:17:32+00:00
pool1d344pwef7yphfhjn097gy3kgemvl8ldkdad83cv42eusvj7kqsl,BINANCE,https://www.balanceanalytics.io/api/groupdata.json,2026-05-18T17:17:32+00:00
pool1d3gckjrphwytzw2uavgkxskwe08msumzsfj4lxnpcnpks3zjml3,pool1d3gckjrphwytzw2uavgkxskwe08msumzsfj4lxnpcnpks3zjml3,https://www.balanceanalytics.io/api/groupdata.json,2026-05-18T17:17:32+00:00
pool1d42r0zln3kvvc54w4945735gnrm635as8hj8zy38tjprw2l49rd,pool1d42r0zln3kvvc54w4945735gnrm635as8hj8zy38tjprw2l49rd,https://www.balanceanalytics.io/api/groupdata.json,2026-05-18T17:17:32+00:00
pool1d4387s7mszjkeg5w0xppzxdtzsj7aahfqdgeef24emyh70mccmw,pool1d4387s7mszjkeg5w0xppzxdtzsj7aahfqdgeef24emyh70mccmw,https://www.balanceanalytics.io/api/groupdata.json,2026-05-18T17:17:32+00:00
pool1d4tuk5ln88x5s9xcck4lfz8u4svdvxzsh2ue9rnmqrxm6a486uv,pool1d4tuk5ln88x5s9xcck4lfz8u4svdvxzsh2ue9rnmqrxm6a486uv,https://www.balanceanalytics.io/api/groupdata.json,2026-05-18T17:17:32+00:00
pool1d5lk27jlkaj6dx7ndexjzmdqtt5hnnpx5224awz83ye0v28ve42,pool1d5lk27jlkaj6dx7ndexjzmdqtt5hnnpx5224awz83ye0v28ve42,https://www.balanceanalytics.io/api/groupdata.json,2026-05-18T17:17:32+00:00
pool1d5zrmzgskqzse485j7p5cly2290xyffr2tyq9d8ngkzyxjjxwtm,KID,https://www.balanceanalytics.io/api/groupdata.json,2026-05-18T17:17:32+00:00
pool1d63tmq02tgtk7yd6g62p9h44w4xqdgz9y8jkmcrztfmmqga540m,pool1d63tmq02tgtk7yd6g62p9h44w4xqdgz9y8jkmcrztfmmqga540m,https://www.balanceanalytics.io/api/groupdata.json,2026-05-18T17:17:32+00:00
pool1d66wvltjn768rm2ywdzpetzx034z7vanrlz8mrpn9us8zjcyjaf,pool1d66wvltjn768rm2ywdzpetzx034z7vanrlz8mrpn9us8zjcyjaf,https://www.balanceanalytics.io/api/groupdata.json,2026-05-18T17:17:32+00:00
pool1d6k8r2hhczhfvfgddx72j0jzp4e823r9lknqpec4tux3ymlyeye,EMURGO,https://www.balanceanalytics.io/api/groupdata.json,2026-05-18T17:17:32+00:00
pool1d6pllmk509pp69pc4y9y0y8h0asardkr73vhn634wnv4wrr0zyr,pool1d6pllmk509pp69pc4y9y0y8h0asardkr73vhn634wnv4wrr0zyr,https://www.balanceanalytics.io/api/groupdata.json,2026-05-18T17:17:32+00:00
pool1d6vlqqqde97vte0k3qfqrxcxdx5g0j623swvu3dmtpfzjwyc8kl,pool1d6vlqqqde97vte0k3qfqrxcxdx5g0j623swvu3dmtpfzjwyc8kl,https://www.balanceanalytics.io/api/groupdata.json,2026-05-18T17:17:32+00:00
pool1d70vllztcsgx3ku8h5vnukzz2a7lpzjxfjmuqqvxtj9kq27hygs,pool1d70vllztcsgx3ku8h5vnukzz2a7lpzjxfjmuqqvxtj9kq27hygs,https://www.balanceanalytics.io/api/groupdata.json,2026-05-18T17:17:32+00:00
pool1d76p7zfn2ydq577z4wsvmnl2lx4cxa3s5vplfuhvr8qfw8hd05j,KYSN,https://www.balanceanalytics.io/api/groupdata.json,2026-05-18T17:17:32+00:00
pool1d85unpsumsxmq4kfvy0prju3n983vp3ajuavmt2r5tyzw2jtpcw,pool1d85unpsumsxmq4kfvy0prju3n983vp3ajuavmt2r5tyzw2jtpcw,https://www.balanceanalytics.io/api/groupdata.json,2026-05-18T17:17:32+00:00
pool1d8g436mpewl07wh9v3mgammupdft4z7n8v3sr6k0v23y6gsqq4x,pool1d8g436mpewl07wh9v3mgammupdft4z7n8v3sr6k0v23y6gsqq4x,https://www.balanceanalytics.io/api/groupdata.json,2026-05-18T17:17:32+00:00
pool1d9g45764jtjzagrmy5ndtrx4pua7l9sr4nh08l3mqs43xe6wnh9,pool1d9g45764jtjzagrmy5ndtrx4pua7l9sr4nh08l3mqs43xe6wnh9,https://www.balanceanalytics.io/api/groupdata.json,2026-05-18T17:17:32+00:00
pool1dadfsnjauzhgcvz5hkrulwevpe9mk2a9rsxt24pawcy7zndhll3,FOOBAR,https://www.balanceanalytics.io/api/groupdata.json,2026-05-18T17:17:32+00:00
pool1dadzh387unlwu37ek693hy9a7w49r22mrmrl9y0fjfhhqe4qtpe,pool1dadzh387unlwu37ek693hy9a7w49r22mrmrl9y0fjfhhqe4qtpe,https://www.balanceanalytics.io/api/groupdata.json,2026-05-18T17:17:32+00:00
pool1dcjycc5mvj9svh9ys482078mnqutu48k3zj7uqzswj7m54a7hzr,pool1dcjycc5mvj9svh9ys482078mnqutu48k3zj7uqzswj7m54a7hzr,https://www.balanceanalytics.io/api/groupdata.json,2026-05-18T17:17:32+00:00
pool1dd9a2hsle4jsc97vnuhxqhfea7a3pwwygtctzxdy7jnlca7j2e7,pool1dd9a2hsle4jsc97vnuhxqhfea7a3pwwygtctzxdy7jnlca7j2e7,https://www.balanceanalytics.io/api/groupdata.json,2026-05-18T17:17:32+00:00
pool1dde9jvej6nr4yqfnnlx5ydn036zv7yr098y4p2qs7cvn2l3kuj8,pool1dde9jvej6nr4yqfnnlx5ydn036zv7yr098y4p2qs7cvn2l3kuj8,https://www.balanceanalytics.io/api/groupdata.json,2026-05-18T17:17:32+00:00
pool1ddg6t2h9kj6lqlec4ncjs945lzj43m3ggrgdhf5sgzhtygpkznz,pool1ddg6t2h9kj6lqlec4ncjs945lzj43m3ggrgdhf5sgzhtygpkznz,https://www.balanceanalytics.io/api/groupdata.json,2026-05-18T17:17:32+00:00
pool1ddgcpgjcyawxw95se9x8qnc8gxgwjr4fqrk4vk6v9x47s0ggpjp,1PCT,https://www.balanceanalytics.io/api/groupdata.json,2026-05-18T17:17:32+00:00
pool1ddghnthymd3duklvx5pfunymqg29xe4vlmy89u2efyjdktn33kz,pool1ddghnthymd3duklvx5pfunymqg29xe4vlmy89u2efyjdktn33kz,https://www.balanceanalytics.io/api/groupdata.json,2026-05-18T17:17:32+00:00
pool1ddheaqwfuxwqe89lyd9wla222uhzvp8zstmvc30mrzy4zc5yevs,pool1ddheaqwfuxwqe89lyd9wla222uhzvp8zstmvc30mrzy4zc5yevs,https://www.balanceanalytics.io/api/groupdata.json,2026-05-18T17:17:32+00:00
pool1ddskftmsscw92d7vnj89pldwx5feegkgcmamgt5t0e4lkd7mdp8,pool1ddskftmsscw92d7vnj89pldwx5feegkgcmamgt5t0e4lkd7mdp8,https://www.balanceanalytics.io/api/groupdata.json,2026-05-18T17:17:32+00:00
pool1ddywudgudfaphp8txj9qf7alj3uk6wzyd22u7cd2myhyv3lyxxx,pool1ddywudgudfaphp8txj9qf7alj3uk6wzyd22u7cd2myhyv3lyxxx,https://www.balanceanalytics.io/api/groupdata.json,2026-05-18T17:17:32+00:00
pool1de64gn0cm6uz73s48vs0t4chvm02efcppzwf89uy2ejny2nwgsq,pool1de64gn0cm6uz73s48vs0t4chvm02efcppzwf89uy2ejny2nwgsq,https://www.balanceanalytics.io/api/groupdata.json,2026-05-18T17:17:32+00:00
pool1det0jsa8huncdzmlxh4rtcn23vc4eks93544wla86shxq8yl99m,SPIRE,https://www.balanceanalytics.io/api/groupdata.json,2026-05-18T17:17:32+00:00
pool1devkrwcez409eqm07mr224qqm4a5t3efx3x7u046kct7yk4fxa9,pool1devkrwcez409eqm07mr224qqm4a5t3efx3x7u046kct7yk4fxa9,https://www.balanceanalytics.io/api/groupdata.json,2026-05-18T17:17:32+00:00
pool1deyqx90qa2hhrr9aqs4n3v2fd54decjsmlntnq4zdegsvx2l4z0,pool1deyqx90qa2hhrr9aqs4n3v2fd54decjsmlntnq4zdegsvx2l4z0,https://www.balanceanalytics.io/api/groupdata.json,2026-05-18T17:17:32+00:00
pool1df9rj4n0t3zlpak7xnh4ue6t3yh9zlw7a02w4l8askp77up25rt,pool1df9rj4n0t3zlpak7xnh4ue6t3yh9zlw7a02w4l8askp77up25rt,https://www.balanceanalytics.io/api/groupdata.json,2026-05-18T17:17:32+00:00
pool1dg80xj5qfgu2caursxwk67cm34esh03kzmu63qu89vdv2vk3x4u,pool1dg80xj5qfgu2caursxwk67cm34esh03kzmu63qu89vdv2vk3x4u,https://www.balanceanalytics.io/api/groupdata.json,2026-05-18T17:17:32+00:00
pool1dghwejqptsjtf9k8paspg9rhl8humxx0nh7sk37j0ada2dr9mqh,EMURGO,https://www.balanceanalytics.io/api/groupdata.json,2026-05-18T17:17:32+00:00
pool1dgmuwu0txducah4pes4e2avlcv98wedml33kdz7ujtrrxk8xv9y,pool1dgmuwu0txducah4pes4e2avlcv98wedml33kdz7ujtrrxk8xv9y,https://www.balanceanalytics.io/api/groupdata.json,2026-05-18T17:17:32+00:00
pool1dhf4dt395f0c0ujnscazvzvw73ynzgwvtf5k4y9c907hwjdyaq4,JSP,https://www.balanceanalytics.io/api/groupdata.json,2026-05-18T17:17:32+00:00
pool1dhfz7yak8wqmpvm5luf8ey44aewa9hcrldz0ea3rhh97jmrru5j,pool1dhfz7yak8wqmpvm5luf8ey44aewa9hcrldz0ea3rhh97jmrru5j,https://www.balanceanalytics.io/api/groupdata.json,2026-05-18T17:17:32+00:00
pool1dhxeyc86s34zly5nsgylra8xc5tajdch59tg2dkzc5782qpmhv3,pool1dhxeyc86s34zly5nsgylra8xc5tajdch59tg2dkzc5782qpmhv3,https://www.balanceanalytics.io/api/groupdata.json,2026-05-18T17:17:32+00:00
pool1dhzv896pw40c4tw23w4h2ux5yzm47r59h8qaqhu89shwkugqygj,pool1dhzv896pw40c4tw23w4h2ux5yzm47r59h8qaqhu89shwkugqygj,https://www.balanceanalytics.io/api/groupdata.json,2026-05-18T17:17:32+00:00
pool1dj4l8qma9zzqqzhsawdkvxrs7qyqyv70kn56ywdqqazscvcqvva,pool1dj4l8qma9zzqqzhsawdkvxrs7qyqyv70kn56ywdqqazscvcqvva,https://www.balanceanalytics.io/api/groupdata.json,2026-05-18T17:17:32+00:00
pool1djg8jsygtculv3q2qdrxtnpxfq003pdxcvlw2pvfupq7jm5xpgp,pool1djg8jsygtculv3q2qdrxtnpxfq003pdxcvlw2pvfupq7jm5xpgp,https://www.balanceanalytics.io/api/groupdata.json,2026-05-18T17:17:32+00:00
pool1djhpgl90vjen6tdlhhugkg6ue5yslep6xecq662p5q6cva8zd92,pool1djhpgl90vjen6tdlhhugkg6ue5yslep6xecq662p5q6cva8zd92,https://www.balanceanalytics.io/api/groupdata.json,2026-05-18T17:17:32+00:00
pool1dkt4rqtjs6j6d8snna60s2g002ddcj5h62nee59mvsznk20q300,pool1dkt4rqtjs6j6d8snna60s2g002ddcj5h62nee59mvsznk20q300,https://www.balanceanalytics.io/api/groupdata.json,2026-05-18T17:17:32+00:00
pool1dkww2vlysa8lsnuf5rca979zdsyr3zvt59hu7e420yxfunkka2z,pool1dkww2vlysa8lsnuf5rca979zdsyr3zvt59hu7e420yxfunkka2z,https://www.balanceanalytics.io/api/groupdata.json,2026-05-18T17:17:32+00:00
pool1dl4695wfl79k7gtzt87gsf8gsqeq97yzuvaq0d4zxhz6c0nlf4g,BD,https://www.balanceanalytics.io/api/groupdata.json,2026-05-18T17:17:32+00:00
pool1dlzpcfmnn727lfsav0x8jmdwjz70sy429xfxjwnzk7r9wm6stws,pool1dlzpcfmnn727lfsav0x8jmdwjz70sy429xfxjwnzk7r9wm6stws,https://www.balanceanalytics.io/api/groupdata.json,2026-05-18T17:17:32+00:00
pool1dm79803lhmu9h32vsg3cup5djkme9c3vjlngjx220tmkg78c305,pool1dm79803lhmu9h32vsg3cup5djkme9c3vjlngjx220tmkg78c305,https://www.balanceanalytics.io/api/groupdata.json,2026-05-18T17:17:32+00:00
pool1dmnyhw9uthknzcq4q6pwdc4vtfxz5zzrvd9eg432u60lzl959tw,pool1dmnyhw9uthknzcq4q6pwdc4vtfxz5zzrvd9eg432u60lzl959tw,https://www.balanceanalytics.io/api/groupdata.json,2026-05-18T17:17:32+00:00
pool1dmqzwuql5mylffvn7ln3pr9j7kh4gdsssrmma5wgx56f6rtyf42,pool1dmqzwuql5mylffvn7ln3pr9j7kh4gdsssrmma5wgx56f6rtyf42,https://www.balanceanalytics.io/api/groupdata.json,2026-05-18T17:17:32+00:00
pool1dmuaa0wmqrwwx467p48fu83y5w7wdkxf8xlgymmfc73kjy3vxg7,pool1dmuaa0wmqrwwx467p48fu83y5w7wdkxf8xlgymmfc73kjy3vxg7,https://www.balanceanalytics.io/api/groupdata.json,2026-05-18T17:17:32+00:00
pool1dmugaarr3nq0679fa02kqunlfmcyxdxfy3quc9x9s69zquty478,BINANCE,https://www.balanceanalytics.io/api/groupdata.json,2026-05-18T17:17:32+00:00
pool1dnszy9spu7m4u9s8jqh95myuqapujwcju593eqczgl56khllyuc,pool1dnszy9spu7m4u9s8jqh95myuqapujwcju593eqczgl56khllyuc,https://www.balanceanalytics.io/api/groupdata.json,2026-05-18T17:17:32+00:00
pool1dntg2qvnf6sgr0fkjpqjfq5gckkmydqmjhctszgqx6fsv0gcufs,pool1dntg2qvnf6sgr0fkjpqjfq5gckkmydqmjhctszgqx6fsv0gcufs,https://www.balanceanalytics.io/api/groupdata.json,2026-05-18T17:17:32+00:00
pool1dpu6kslgxlg3ccrwxldl8e6r7ylnq0yalafmucp0yc7k6qegtt0,pool1dpu6kslgxlg3ccrwxldl8e6r7ylnq0yalafmucp0yc7k6qegtt0,https://www.balanceanalytics.io/api/groupdata.json,2026-05-18T17:17:32+00:00
pool1dqhaw0h2f4ehpdhh57quszcj22qhkglhg6yvaf39w3clxdl2kpy,pool1dqhaw0h2f4ehpdhh57quszcj22qhkglhg6yvaf39w3clxdl2kpy,https://www.balanceanalytics.io/api/groupdata.json,2026-05-18T17:17:32+00:00
pool1dqlgn7smehsnj5ztz8almy2036lfhrdjv79nmg9tmje0zzt620h,pool1dqlgn7smehsnj5ztz8almy2036lfhrdjv79nmg9tmje0zzt620h,https://www.balanceanalytics.io/api/groupdata.json,2026-05-18T17:17:32+00:00
pool1dqq4ugkrkpwhray2z8jvk8nvnpnq3gm3g2stz4wmusap6tkuclw,pool1dqq4ugkrkpwhray2z8jvk8nvnpnq3gm3g2stz4wmusap6tkuclw,https://www.balanceanalytics.io/api/groupdata.json,2026-05-18T17:17:32+00:00
pool1dqzprrl8305mlysnh85znqpe22lg0q2d9zest7jjhugajuf46kv,COINBASE,https://www.balanceanalytics.io/api/groupdata.json,2026-05-18T17:17:32+00:00
pool1dr5gdwep6msp6qxe00fycuvx2z854md9slf490fv974nsaqmgxx,pool1dr5gdwep6msp6qxe00fycuvx2z854md9slf490fv974nsaqmgxx,https://www.balanceanalytics.io/api/groupdata.json,2026-05-18T17:17:32+00:00
pool1drkls8s0zzjydyv3qpjsdj58w3sw02w9wg0pckrsnuazyef2hca,pool1drkls8s0zzjydyv3qpjsdj58w3sw02w9wg0pckrsnuazyef2hca,https://www.balanceanalytics.io/api/groupdata.json,2026-05-18T17:17:32+00:00
pool1druxd2syfrvqvepxh60fz0qhralcesruphh5atujuh0jktjy0ma,BSSP,https://www.balanceanalytics.io/api/groupdata.json,2026-05-18T17:17:32+00:00
pool1drv9qkh2tgqqucc0jp8cwswpmmkfzdd898ja7ac0uwm9j5d44tq,pool1drv9qkh2tgqqucc0jp8cwswpmmkfzdd898ja7ac0uwm9j5d44tq,https://www.balanceanalytics.io/api/groupdata.json,2026-05-18T17:17:32+00:00
pool1dsqcnwp40t0wc8cd2efp8mfsa9055g09wl5mnzs7kxmfze6mfgf,pool1dsqcnwp40t0wc8cd2efp8mfsa9055g09wl5mnzs7kxmfze6mfgf,https://www.balanceanalytics.io/api/groupdata.json,2026-05-18T17:17:32+00:00
pool1dsqxx4ehzudlaygj5p75eptkdz3kzwcck9qrft4aq02a5vf8agf,pool1dsqxx4ehzudlaygj5p75eptkdz3kzwcck9qrft4aq02a5vf8agf,https://www.balanceanalytics.io/api/groupdata.json,2026-05-18T17:17:32+00:00
pool1dsvkdd2t3wnn3mrm27q0572zl2z36lkw3cl2cf4z0c24vad28v2,pool1dsvkdd2t3wnn3mrm27q0572zl2z36lkw3cl2cf4z0c24vad28v2,https://www.balanceanalytics.io/api/groupdata.json,2026-05-18T17:17:32+00:00
pool1dswpls43u0s6cpt0dh2d6npm0rnxh5qcjm9xax9y6fp3uq880xm,pool1dswpls43u0s6cpt0dh2d6npm0rnxh5qcjm9xax9y6fp3uq880xm,https://www.balanceanalytics.io/api/groupdata.json,2026-05-18T17:17:32+00:00
pool1dts0h87pntgmsffp6mjtnahfht2dz5zjjeeujhzmtn6wgctcuzd,pool1dts0h87pntgmsffp6mjtnahfht2dz5zjjeeujhzmtn6wgctcuzd,https://www.balanceanalytics.io/api/groupdata.json,2026-05-18T17:17:32+00:00
pool1du3r4a7xq60hg2x0wcz7lw5ya3qs74rk258c8kanp93rsqdqu45,pool1du3r4a7xq60hg2x0wcz7lw5ya3qs74rk258c8kanp93rsqdqu45,https://www.balanceanalytics.io/api/groupdata.json,2026-05-18T17:17:32+00:00
pool1duc76uxej6d97gjgdwxqy8lan2k9dxa5x5dqgrjwncfyj5p24ar,pool1duc76uxej6d97gjgdwxqy8lan2k9dxa5x5dqgrjwncfyj5p24ar,https://www.balanceanalytics.io/api/groupdata.json,2026-05-18T17:17:32+00:00
pool1dv4yvcrl2kefasd4qxf8pzu695npqqfdzvlyauh2xqfhgf6ng8d,pool1dv4yvcrl2kefasd4qxf8pzu695npqqfdzvlyauh2xqfhgf6ng8d,https://www.balanceanalytics.io/api/groupdata.json,2026-05-18T17:17:32+00:00
pool1dv7s5fn4m9dee8ncvx5hktfmsnx6agydhn798rfdqjazuwr84gc,pool1dv7s5fn4m9dee8ncvx5hktfmsnx6agydhn798rfdqjazuwr84gc,https://www.balanceanalytics.io/api/groupdata.json,2026-05-18T17:17:32+00:00
pool1dvp46zdtmzwkt6x74g6dzq7cyygp5armhrzh2t5hm8scwtxvsnt,pool1dvp46zdtmzwkt6x74g6dzq7cyygp5armhrzh2t5hm8scwtxvsnt,https://www.balanceanalytics.io/api/groupdata.json,2026-05-18T17:17:32+00:00
pool1dwlkpwakps05gelgwdml2d44al2xfsv8k9jgrkwsevlxxpcelqa,pool1dwlkpwakps05gelgwdml2d44al2xfsv8k9jgrkwsevlxxpcelqa,https://www.balanceanalytics.io/api/groupdata.json,2026-05-18T17:17:32+00:00
pool1dwthjmzrkm5q42yqa3x50jaye6pg57n7t569c44an6hzsg8qake,pool1dwthjmzrkm5q42yqa3x50jaye6pg57n7t569c44an6hzsg8qake,https://www.balanceanalytics.io/api/groupdata.json,2026-05-18T17:17:32+00:00
pool1dwvtdk76v5vg99d8h2a28h5f94hy2zwcxnj576g6w90ezapqjyn,pool1dwvtdk76v5vg99d8h2a28h5f94hy2zwcxnj576g6w90ezapqjyn,https://www.balanceanalytics.io/api/groupdata.json,2026-05-18T17:17:32+00:00
pool1dww6s8stvm7dl2n8740s3v5rnxmsuqcl8jcnu64g7cds5w29pft,1PCT,https://www.balanceanalytics.io/api/groupdata.json,2026-05-18T17:17:32+00:00
pool1dx5t3yqhzh3v5ch7add7836tg0ey255tjz87spjvws4j2gjp9yg,pool1dx5t3yqhzh3v5ch7add7836tg0ey255tjz87spjvws4j2gjp9yg,https://www.balanceanalytics.io/api/groupdata.json,2026-05-18T17:17:32+00:00
pool1dx64gmgsq75ezwfuvam6wmgds0j9a8w22tjjza0c6xg8y8eeu97,pool1dx64gmgsq75ezwfuvam6wmgds0j9a8w22tjjza0c6xg8y8eeu97,https://www.balanceanalytics.io/api/groupdata.json,2026-05-18T17:17:32+00:00
pool1dxkf7k3qwnpgpxqfye8y9jvk7lver3fk8dq7c4dpzezyyx8cf5c,pool1dxkf7k3qwnpgpxqfye8y9jvk7lver3fk8dq7c4dpzezyyx8cf5c,https://www.balanceanalytics.io/api/groupdata.json,2026-05-18T17:17:32+00:00
pool1dxwgzj66pual956mnv9delkelg873yvgr2dd8s279m0hxqvr475,pool1dxwgzj66pual956mnv9delkelg873yvgr2dd8s279m0hxqvr475,https://www.balanceanalytics.io/api/groupdata.json,2026-05-18T17:17:32+00:00
pool1dxyj26fptj4muj6r2xp8h6lsp3s9ycgup6ssc0e62arxw6gc2xz,pool1dxyj26fptj4muj6r2xp8h6lsp3s9ycgup6ssc0e62arxw6gc2xz,https://www.balanceanalytics.io/api/groupdata.json,2026-05-18T17:17:32+00:00
pool1dy3dc9kjne74s6fms0w08ulfafjn62zmkxpcdpy76f3dqee4dtt,pool1dy3dc9kjne74s6fms0w08ulfafjn62zmkxpcdpy76f3dqee4dtt,https://www.balanceanalytics.io/api/groupdata.json,2026-05-18T17:17:32+00:00
pool1dy7tz7eyf2qal2jcns4qwm4xqn34gc4rj9dz34kfs6zuju477k7,pool1dy7tz7eyf2qal2jcns4qwm4xqn34gc4rj9dz34kfs6zuju477k7,https://www.balanceanalytics.io/api/groupdata.json,2026-05-18T17:17:32+00:00
pool1dye0sw6hv4jee7wemgc6dnxhaquuz7sxkktz2tpm2ekcsqyyj9l,pool1dye0sw6hv4jee7wemgc6dnxhaquuz7sxkktz2tpm2ekcsqyyj9l,https://www.balanceanalytics.io/api/groupdata.json,2026-05-18T17:17:32+00:00
pool1dzdxps32uqhva9q9urx4lm7m0nhlczjjccwy9kv4t2d3krsn4m7,ETORO,https://www.balanceanalytics.io/api/groupdata.json,2026-05-18T17:17:32+00:00
pool1dzk2hrh2vtfcc6wk5n69ml6a08jc8d8s3lpg7jsaydcdwrerlq2,pool1dzk2hrh2vtfcc6wk5n69ml6a08jc8d8s3lpg7jsaydcdwrerlq2,https://www.balanceanalytics.io/api/groupdata.json,2026-05-18T17:17:32+00:00
pool1dzkrcxlqgamf3dwgyh89nrx2xkwm7cfju9mp54eyqwulku73jxs,NEW GUY,https://www.balanceanalytics.io/api/groupdata.json,2026-05-18T17:17:32+00:00
pool1dzq7728vsl8alh46l7vdz7wa5pxt2kx58glwnteymaz7c6jmv4t,pool1dzq7728vsl8alh46l7vdz7wa5pxt2kx58glwnteymaz7c6jmv4t,https://www.balanceanalytics.io/api/groupdata.json,2026-05-18T17:17:32+00:00
pool1dzz5se25fp696axykcw6wwp3yl4fk44jc62yeflrquvfxlktldq,ACP,https://www.balanceanalytics.io/api/groupdata.json,2026-05-18T17:17:32+00:00
pool1e0jyj79d3ady680wajgcd4vgndqjdlf65777pz5939ehseqaem3,pool1e0jyj79d3ady680wajgcd4vgndqjdlf65777pz5939ehseqaem3,https://www.balanceanalytics.io/api/groupdata.json,2026-05-18T17:17:32+00:00
pool1e0shheqzrlrkzfhz9shnw562tg6ma3qqyytupk2edua56a9r2yd,pool1e0shheqzrlrkzfhz9shnw562tg6ma3qqyytupk2edua56a9r2yd,https://www.balanceanalytics.io/api/groupdata.json,2026-05-18T17:17:32+00:00
pool1e2a7hrepdkn0anf65djlmz8jpycujcg4nmfzs8w2ftvcvlnrw0g,EMURGO,https://www.balanceanalytics.io/api/groupdata.json,2026-05-18T17:17:32+00:00
pool1e2msrpcpa74t637jwtu37paxarq2da2tm2ttwg7fh2auc5vcl39,BINANCE,https://www.balanceanalytics.io/api/groupdata.json,2026-05-18T17:17:32+00:00
pool1e2tl2w0x4puw0f7c04mznq4qz6kxjkwhvuvusgf2fgu7q4d6ghv,pool1e2tl2w0x4puw0f7c04mznq4qz6kxjkwhvuvusgf2fgu7q4d6ghv,https://www.balanceanalytics.io/api/groupdata.json,2026-05-18T17:17:32+00:00
pool1e2w8t3hucc5hfhw8k6r69er3y5kqs9dj9um65l5qe3a82nl25zn,pool1e2w8t3hucc5hfhw8k6r69er3y5kqs9dj9um65l5qe3a82nl25zn,https://www.balanceanalytics.io/api/groupdata.json,2026-05-18T17:17:32+00:00
pool1e3tsasq5uc66hq99j82s0vz5tcrn7h5v3sqjul0fnszjc642vna,pool1e3tsasq5uc66hq99j82s0vz5tcrn7h5v3sqjul0fnszjc642vna,https://www.balanceanalytics.io/api/groupdata.json,2026-05-18T17:17:32+00:00
pool1e3y7u0rtq2zskc7ansvtrd4p3vtv9hglyztzcvsvlk22w9t40v0,pool1e3y7u0rtq2zskc7ansvtrd4p3vtv9hglyztzcvsvlk22w9t40v0,https://www.balanceanalytics.io/api/groupdata.json,2026-05-18T17:17:32+00:00
pool1e4tjrl3ve7dcqwa70pexds6f8llk0txx09gm3r4m472ej4p6473,1PCT,https://www.balanceanalytics.io/api/groupdata.json,2026-05-18T17:17:32+00:00
pool1e556526sqwugxwnmeumt9lhj5jukklg8vv3ynk75xt9vs7adr5y,CHEAP,https://www.balanceanalytics.io/api/groupdata.json,2026-05-18T17:17:32+00:00
pool1e59h5m5vyggszyafel7zvcnsayt2de7wyxyezlrsmm4a679q3zr,IAGON,https://www.balanceanalytics.io/api/groupdata.json,2026-05-18T17:17:32+00:00
pool1e5dxsm5ckaq0k9fg9hkclcrdj740757w4tqf9sk35wt22swypdu,pool1e5dxsm5ckaq0k9fg9hkclcrdj740757w4tqf9sk35wt22swypdu,https://www.balanceanalytics.io/api/groupdata.json,2026-05-18T17:17:32+00:00
pool1e5efe78z67djz6juekzw2hqpu3tn9eaqmekdnqn2am6j25kmrt8,pool1e5efe78z67djz6juekzw2hqpu3tn9eaqmekdnqn2am6j25kmrt8,https://www.balanceanalytics.io/api/groupdata.json,2026-05-18T17:17:32+00:00
pool1e603j2p4q346w8knqt2a8c96n8t9l5u4qdrv4kk50qvpgvh8hax,pool1e603j2p4q346w8knqt2a8c96n8t9l5u4qdrv4kk50qvpgvh8hax,https://www.balanceanalytics.io/api/groupdata.json,2026-05-18T17:17:32+00:00
pool1e68hwymvfqxss0v29tgu95j0q8rv79z76l54wm4s0625klfq6y6,pool1e68hwymvfqxss0v29tgu95j0q8rv79z76l54wm4s0625klfq6y6,https://www.balanceanalytics.io/api/groupdata.json,2026-05-18T17:17:32+00:00
pool1e6rjpsl42hsc52zc9s2awhv2df50yzw43xtc7d0vranpc9ej8uj,RAY,https://www.balanceanalytics.io/api/groupdata.json,2026-05-18T17:17:32+00:00
pool1e6z3jnnvu9zqxlk60hkfjym2vj3mvgysy6h8l2xxyj5j220vlsd,pool1e6z3jnnvu9zqxlk60hkfjym2vj3mvgysy6h8l2xxyj5j220vlsd,https://www.balanceanalytics.io/api/groupdata.json,2026-05-18T17:17:32+00:00
pool1e7mwu80pmsjqdf8lu7rsfdj5sldashslll0hpj7rhx3w6xpwkq7,pool1e7mwu80pmsjqdf8lu7rsfdj5sldashslll0hpj7rhx3w6xpwkq7,https://www.balanceanalytics.io/api/groupdata.json,2026-05-18T17:17:32+00:00
pool1e827fy8efd7n9zacdknhtr2n5rqmry5up05mqgqsjkmmzjmzrf3,IOG,https://www.balanceanalytics.io/api/groupdata.json,2026-05-18T17:17:32+00:00
pool1e837lddlxe9k8wd7czkx6wmf9qrsesz6y6qg8gj5fudmv9yg7h6,pool1e837lddlxe9k8wd7czkx6wmf9qrsesz6y6qg8gj5fudmv9yg7h6,https://www.balanceanalytics.io/api/groupdata.json,2026-05-18T17:17:32+00:00
pool1e8vr85ank99g6fx2r7tjel2mh2jyfppnqy6nmp8vr0arys65n05,pool1e8vr85ank99g6fx2r7tjel2mh2jyfppnqy6nmp8vr0arys65n05,https://www.balanceanalytics.io/api/groupdata.json,2026-05-18T17:17:32+00:00
pool1e96dkrs5msjuycwz4mf0kq6fytlz0x48mnrur5ggufqkzs2a4kp,BINANCE,https://www.balanceanalytics.io/api/groupdata.json,2026-05-18T17:17:32+00:00
pool1e984zjl55jxym2v57f4axfss0geg0qundlhcmmwlj8ekqrk5e62,pool1e984zjl55jxym2v57f4axfss0geg0qundlhcmmwlj8ekqrk5e62,https://www.balanceanalytics.io/api/groupdata.json,2026-05-18T17:17:32+00:00
pool1e98xlcgj80c3rdmm27v5hnvrdtut52e65uk0ema7ctfag596vr2,pool1e98xlcgj80c3rdmm27v5hnvrdtut52e65uk0ema7ctfag596vr2,https://www.balanceanalytics.io/api/groupdata.json,2026-05-18T17:17:32+00:00
pool1e9dpszsu2qhjxxx06eshvg5xtyfhtmqug66zcayde7ph2a8t7d9,pool1e9dpszsu2qhjxxx06eshvg5xtyfhtmqug66zcayde7ph2a8t7d9,https://www.balanceanalytics.io/api/groupdata.json,2026-05-18T17:17:32+00:00
pool1e9tp0emvvg9sc4ds9h4nhwk8qpn6869qwnas2qywu9ep2reaaxe,pool1e9tp0emvvg9sc4ds9h4nhwk8qpn6869qwnas2qywu9ep2reaaxe,https://www.balanceanalytics.io/api/groupdata.json,2026-05-18T17:17:32+00:00
pool1e9wmzv9r2pkvhwddc3ay42axm9aggheae6u4e52tgx6326krg03,pool1e9wmzv9r2pkvhwddc3ay42axm9aggheae6u4e52tgx6326krg03,https://www.balanceanalytics.io/api/groupdata.json,2026-05-18T17:17:32+00:00
pool1ea34czsr90yc63fmv4gj4tetp7ds7c4jhpj6vqg4yw40wvygdl3,pool1ea34czsr90yc63fmv4gj4tetp7ds7c4jhpj6vqg4yw40wvygdl3,https://www.balanceanalytics.io/api/groupdata.json,2026-05-18T17:17:32+00:00
pool1ea568m9q882n0tx5d4vxff2dmz2n7rq5h62hx5ystq625m4tcfu,ADALITE,https://www.balanceanalytics.io/api/groupdata.json,2026-05-18T17:17:32+00:00
pool1eaetnqdddl6pw3my4urw4nlcy004pjpgnt3fpypr36qt2v8c6ck,pool1eaetnqdddl6pw3my4urw4nlcy004pjpgnt3fpypr36qt2v8c6ck,https://www.balanceanalytics.io/api/groupdata.json,2026-05-18T17:17:32+00:00
pool1eaeynp2hs06v4x8q65jfm2xqcd3dc80rv220gmxvwg8m5sd6e7a,HODLR,https://www.balanceanalytics.io/api/groupdata.json,2026-05-18T17:17:32+00:00
pool1eal2z34ugj8a0ckykd6xx45dz6jwdgz4cuvutk320cp4w8t2sm4,pool1eal2z34ugj8a0ckykd6xx45dz6jwdgz4cuvutk320cp4w8t2sm4,https://www.balanceanalytics.io/api/groupdata.json,2026-05-18T17:17:32+00:00
pool1eapprh7uyz8f90maft8r2k2v3a6jyv58eatgyz3lsfrqggkc8fq,THC,https://www.balanceanalytics.io/api/groupdata.json,2026-05-18T17:17:32+00:00
pool1ec5lvdyd9dghpezzeqfzn48yvw34ff6u6m9tlh08kjjaxx4nxmk,RAID,https://www.balanceanalytics.io/api/groupdata.json,2026-05-18T17:17:32+00:00
pool1eccm33ewu0jnl6ksct64wphz305k8zql6t0th8eaqchu7z7254t,pool1eccm33ewu0jnl6ksct64wphz305k8zql6t0th8eaqchu7z7254t,https://www.balanceanalytics.io/api/groupdata.json,2026-05-18T17:17:32+00:00
pool1ech9hwhqe2j3gecdv08a45cj8fwn9nmuxl0c0tw45rm47hluyng,pool1ech9hwhqe2j3gecdv08a45cj8fwn9nmuxl0c0tw45rm47hluyng,https://www.balanceanalytics.io/api/groupdata.json,2026-05-18T17:17:32+00:00
pool1echarnqqg75u2e4xsxl80nr0s0tdas0jxrqudcaqt67h2l8vs7a,pool1echarnqqg75u2e4xsxl80nr0s0tdas0jxrqudcaqt67h2l8vs7a,https://www.balanceanalytics.io/api/groupdata.json,2026-05-18T17:17:32+00:00
pool1ecqt8vmkmu2mteqlkcxl4v6hp0ngzmgpx6k6wp2hp8tguq88u4l,pool1ecqt8vmkmu2mteqlkcxl4v6hp0ngzmgpx6k6wp2hp8tguq88u4l,https://www.balanceanalytics.io/api/groupdata.json,2026-05-18T17:17:32+00:00
pool1ecvcst7k9eul4ggnljh0jw2s5nc2tyfmyzsx3xg3kmmz6ptgfwj,ADALITE,https://www.balanceanalytics.io/api/groupdata.json,2026-05-18T17:17:32+00:00
pool1ed2usjswfh2hfyvatwuwl959y5g4fkf63uxtadcuez0l2rjn747,pool1ed2usjswfh2hfyvatwuwl959y5g4fkf63uxtadcuez0l2rjn747,https://www.balanceanalytics.io/api/groupdata.json,2026-05-18T17:17:32+00:00
pool1edm3pa2da0dz2sq9mgfqgf8nr2tjtnplhnvkdwuwd6j0ylmfxpp,pool1edm3pa2da0dz2sq9mgfqgf8nr2tjtnplhnvkdwuwd6j0ylmfxpp,https://www.balanceanalytics.io/api/groupdata.json,2026-05-18T17:17:32+00:00
pool1edqwpnln3zr9gj9sfsmyl72pen6hdwev07xgqj7uz5mkjrgfj6h,COINBASE,https://www.balanceanalytics.io/api/groupdata.json,2026-05-18T17:17:32+00:00
pool1ee5wnnx5cknsdhm9dcrrkq0veaadhsvcavvxw3tnnfavz6z60q8,pool1ee5wnnx5cknsdhm9dcrrkq0veaadhsvcavvxw3tnnfavz6z60q8,https://www.balanceanalytics.io/api/groupdata.json,2026-05-18T17:17:32+00:00
pool1eeflu4eaztffgd33enpsfh4nkta6t5qk662nddqqhjyrgdgmkc5,pool1eeflu4eaztffgd33enpsfh4nkta6t5qk662nddqqhjyrgdgmkc5,https://www.balanceanalytics.io/api/groupdata.json,2026-05-18T17:17:32+00:00
pool1eesa3kdfavq33kd3f3ajwh4mg9sal76fp348en5u37435g4h4ca,pool1eesa3kdfavq33kd3f3ajwh4mg9sal76fp348en5u37435g4h4ca,https://www.balanceanalytics.io/api/groupdata.json,2026-05-18T17:17:32+00:00
pool1efacpnedlfrhe9sa6s4jzq839s5q4qdrl70em0za57xg6t38d3s,pool1efacpnedlfrhe9sa6s4jzq839s5q4qdrl70em0za57xg6t38d3s,https://www.balanceanalytics.io/api/groupdata.json,2026-05-18T17:17:32+00:00
pool1efj8td645z33mr8h0ww5y5s0lz6jwj7e54cj4mv44s2269r7d4f,pool1efj8td645z33mr8h0ww5y5s0lz6jwj7e54cj4mv44s2269r7d4f,https://www.balanceanalytics.io/api/groupdata.json,2026-05-18T17:17:32+00:00
pool1efxh54fk0dj5uu2e4eu08klxl5ys3saphv3kec33kw3xv8738sc,KAIZN,https://www.balanceanalytics.io/api/groupdata.json,2026-05-18T17:17:32+00:00
pool1efy92dh3zsmgu8xsm6t6vsg63ca2da634w0aa9vynrx2k83988u,pool1efy92dh3zsmgu8xsm6t6vsg63ca2da634w0aa9vynrx2k83988u,https://www.balanceanalytics.io/api/groupdata.json,2026-05-18T17:17:32+00:00
pool1efzgjuzzfvzrhhc6kwy3qwsagq0w9wddwk7rd6gyyjqykqlrjlx,pool1efzgjuzzfvzrhhc6kwy3qwsagq0w9wddwk7rd6gyyjqykqlrjlx,https://www.balanceanalytics.io/api/groupdata.json,2026-05-18T17:17:32+00:00
pool1efzvmtxl4n9z8ylegk9jhctclu44z7k0qg82mp2kp2ytqa9xgf0,pool1efzvmtxl4n9z8ylegk9jhctclu44z7k0qg82mp2kp2ytqa9xgf0,https://www.balanceanalytics.io/api/groupdata.json,2026-05-18T17:17:32+00:00
pool1eg6k5zz4ndk6a3sa3z7ug97y84ghj0zljs26zkhthzzkw3p82ew,pool1eg6k5zz4ndk6a3sa3z7ug97y84ghj0zljs26zkhthzzkw3p82ew,https://www.balanceanalytics.io/api/groupdata.json,2026-05-18T17:17:32+00:00
pool1egentg2usje0r8ez3khaz7v4v5gzhptnajasaa3pkvj8zqang5d,pool1egentg2usje0r8ez3khaz7v4v5gzhptnajasaa3pkvj8zqang5d,https://www.balanceanalytics.io/api/groupdata.json,2026-05-18T17:17:32+00:00
pool1eggah53ghqwlsm2u4upwnm3s9et8m5yd4p56shaqtm7vql6zm4h,pool1eggah53ghqwlsm2u4upwnm3s9et8m5yd4p56shaqtm7vql6zm4h,https://www.balanceanalytics.io/api/groupdata.json,2026-05-18T17:17:32+00:00
pool1egunxfppwtglyu3t864uq76y0zu05s7pjda3e9g95nwlwc5ye2h,pool1egunxfppwtglyu3t864uq76y0zu05s7pjda3e9g95nwlwc5ye2h,https://www.balanceanalytics.io/api/groupdata.json,2026-05-18T17:17:32+00:00
pool1eh6msmm3v7fs90lapzem3lkpl4sn2dgtz4hfvnfmqqtxya3k8yh,pool1eh6msmm3v7fs90lapzem3lkpl4sn2dgtz4hfvnfmqqtxya3k8yh,https://www.balanceanalytics.io/api/groupdata.json,2026-05-18T17:17:32+00:00
pool1ehfmxk64lnl90rmy66zt7nfjlsvzhqkxlzsml348z4ptss529mw,pool1ehfmxk64lnl90rmy66zt7nfjlsvzhqkxlzsml348z4ptss529mw,https://www.balanceanalytics.io/api/groupdata.json,2026-05-18T17:17:32+00:00
pool1ejdd4vtnth6d7g3rsmxrm88xh39g2u0gx6jdps57k28rv7j9kup,pool1ejdd4vtnth6d7g3rsmxrm88xh39g2u0gx6jdps57k28rv7j9kup,https://www.balanceanalytics.io/api/groupdata.json,2026-05-18T17:17:32+00:00
pool1ek2m5zuydqcgqv3s5mlh55tr8gp76yuxe4hj4s7xtxajyc94rx3,pool1ek2m5zuydqcgqv3s5mlh55tr8gp76yuxe4hj4s7xtxajyc94rx3,https://www.balanceanalytics.io/api/groupdata.json,2026-05-18T17:17:32+00:00
pool1ek4yc2mvmettdmkl7wjfpcjkp60xssq2urr9hc8ffx5ss73wdm0,pool1ek4yc2mvmettdmkl7wjfpcjkp60xssq2urr9hc8ffx5ss73wdm0,https://www.balanceanalytics.io/api/groupdata.json,2026-05-18T17:17:32+00:00
pool1ek9pyk0xwjelrw7uqktvjwqj8wlcqqftjxqeq3t2vffw7qm8efs,UPBIT,https://www.balanceanalytics.io/api/groupdata.json,2026-05-18T17:17:32+00:00
pool1ekcsyzwexl7p2kwxxh34hy28l6772vrmff7jwmuxsa6u6fzty9z,NOTE,https://www.balanceanalytics.io/api/groupdata.json,2026-05-18T17:17:32+00:00
pool1ekyuhd48h9nnymqpx0c00taz6ygnsge4502r7e67clp7zy9cegv,SIMBA,https://www.balanceanalytics.io/api/groupdata.json,2026-05-18T17:17:32+00:00
pool1el5rysxar6ujhtpawwdj2597xd85hdlylsga0a06awrkjyzuzvv,pool1el5rysxar6ujhtpawwdj2597xd85hdlylsga0a06awrkjyzuzvv,https://www.balanceanalytics.io/api/groupdata.json,2026-05-18T17:17:32+00:00
pool1el5wl4twd389vnclz84wp4q5rh4cgvljnyk5uny6nta5qqf62ce,pool1el5wl4twd389vnclz84wp4q5rh4cgvljnyk5uny6nta5qqf62ce,https://www.balanceanalytics.io/api/groupdata.json,2026-05-18T17:17:32+00:00
pool1el6ze57482qzf830l6h2y9uj0l9fr5g7xzur89d4d806y896vgf,pool1el6ze57482qzf830l6h2y9uj0l9fr5g7xzur89d4d806y896vgf,https://www.balanceanalytics.io/api/groupdata.json,2026-05-18T17:17:32+00:00
pool1el7u5mszlngu9saepaamk0hmvaj2t6enfhxy5lwldz7nusg54f3,pool1el7u5mszlngu9saepaamk0hmvaj2t6enfhxy5lwldz7nusg54f3,https://www.balanceanalytics.io/api/groupdata.json,2026-05-18T17:17:32+00:00
pool1el9z347208wda3t5cqz65dmwal7r0e0eeq7xfzl6whdwvy80twn,pool1el9z347208wda3t5cqz65dmwal7r0e0eeq7xfzl6whdwvy80twn,https://www.balanceanalytics.io/api/groupdata.json,2026-05-18T17:17:32+00:00
pool1ell3xjtspzzz4vtsatscan6rheltf7j3hh2s8qsam2h3jvcxzm9,OCEAN,https://www.balanceanalytics.io/api/groupdata.json,2026-05-18T17:17:32+00:00
pool1elvz3kppg3peep0dcclju3gwf9m37vzyxetuf03we37sqlnsjxr,pool1elvz3kppg3peep0dcclju3gwf9m37vzyxetuf03we37sqlnsjxr,https://www.balanceanalytics.io/api/groupdata.json,2026-05-18T17:17:32+00:00
pool1em9u4sf0lzkz4ammtcmakymunpf0l7445ayh3e7fpvryw640fc6,pool1em9u4sf0lzkz4ammtcmakymunpf0l7445ayh3e7fpvryw640fc6,https://www.balanceanalytics.io/api/groupdata.json,2026-05-18T17:17:32+00:00
pool1emrndzcjd2jps0jzgkd66ephzqauarp95upat87fw7n7vnknwu2,pool1emrndzcjd2jps0jzgkd66ephzqauarp95upat87fw7n7vnknwu2,https://www.balanceanalytics.io/api/groupdata.json,2026-05-18T17:17:32+00:00
pool1en2f7un7v3rjyhqkeg87d27nvsk5arnnva5tzx38t0lpv7hercz,pool1en2f7un7v3rjyhqkeg87d27nvsk5arnnva5tzx38t0lpv7hercz,https://www.balanceanalytics.io/api/groupdata.json,2026-05-18T17:17:32+00:00
pool1enc9l2nealzp9sr7n77032rc593879faj6hqeny6f6h052eaaxh,pool1enc9l2nealzp9sr7n77032rc593879faj6hqeny6f6h052eaaxh,https://www.balanceanalytics.io/api/groupdata.json,2026-05-18T17:17:32+00:00
pool1enul577he3e0s500lv8z98m6k936uecz2rpckxxmmk8c7k0n2rd,pool1enul577he3e0s500lv8z98m6k936uecz2rpckxxmmk8c7k0n2rd,https://www.balanceanalytics.io/api/groupdata.json,2026-05-18T17:17:32+00:00
pool1epqdygzumryx7w9kk5l76gfjsvzuesmeh3u3tfjmmdsw65ja7k3,pool1epqdygzumryx7w9kk5l76gfjsvzuesmeh3u3tfjmmdsw65ja7k3,https://www.balanceanalytics.io/api/groupdata.json,2026-05-18T17:17:32+00:00
pool1eq96x3rdmq0dxdyx0wwwy064p2jzrlg6dp37r5uwhehnja29fxq,pool1eq96x3rdmq0dxdyx0wwwy064p2jzrlg6dp37r5uwhehnja29fxq,https://www.balanceanalytics.io/api/groupdata.json,2026-05-18T17:17:32+00:00
pool1eqa7kxx4xg35cu4rqj4exkvzhenscgh8wxez0gl7hsagygp79kr,PILOT,https://www.balanceanalytics.io/api/groupdata.json,2026-05-18T17:17:32+00:00
pool1eqc4jwuez8yyerwlyjwenh99dlvmn6t6n3qjym70ulf5u8xr6lq,pool1eqc4jwuez8yyerwlyjwenh99dlvmn6t6n3qjym70ulf5u8xr6lq,https://www.balanceanalytics.io/api/groupdata.json,2026-05-18T17:17:32+00:00
pool1eqj3dzpkcklc2r0v8pt8adrhrshq8m4zsev072ga7a52uj5wv5c,pool1eqj3dzpkcklc2r0v8pt8adrhrshq8m4zsev072ga7a52uj5wv5c,https://www.balanceanalytics.io/api/groupdata.json,2026-05-18T17:17:32+00:00
pool1erd30yrzqx4nvevnqu3cxmgv5nh6reau5ycxdulde7vq68zcrlz,pool1erd30yrzqx4nvevnqu3cxmgv5nh6reau5ycxdulde7vq68zcrlz,https://www.balanceanalytics.io/api/groupdata.json,2026-05-18T17:17:32+00:00
pool1es67mveksd22l9alfh5cht6w2krc7lcrq3zvxcpaj5hwxgmhg3m,pool1es67mveksd22l9alfh5cht6w2krc7lcrq3zvxcpaj5hwxgmhg3m,https://www.balanceanalytics.io/api/groupdata.json,2026-05-18T17:17:32+00:00
pool1es7867e973f59y07uwn04sylwd7myrv49q76e3jqp4a5ktvzpeg,pool1es7867e973f59y07uwn04sylwd7myrv49q76e3jqp4a5ktvzpeg,https://www.balanceanalytics.io/api/groupdata.json,2026-05-18T17:17:32+00:00
pool1es94p2rp672w2lmv538ecnv9tf368kje7tmg7vca75z3vazs34z,pool1es94p2rp672w2lmv538ecnv9tf368kje7tmg7vca75z3vazs34z,https://www.balanceanalytics.io/api/groupdata.json,2026-05-18T17:17:32+00:00
pool1esd3cqme3zzvvdnsx3p6ywudn6p86mqyz7fpvqpegxv2qzmtes0,pool1esd3cqme3zzvvdnsx3p6ywudn6p86mqyz7fpvqpegxv2qzmtes0,https://www.balanceanalytics.io/api/groupdata.json,2026-05-18T17:17:32+00:00
pool1esvefse6m77u5nwetxjz82rh77062htxmdcfa4h98cx65gjg8zg,pool1esvefse6m77u5nwetxjz82rh77062htxmdcfa4h98cx65gjg8zg,https://www.balanceanalytics.io/api/groupdata.json,2026-05-18T17:17:32+00:00
pool1et46lk40ef6c2yvqdquedpymag59t97ux88jpg7jp5wmgkdydhs,pool1et46lk40ef6c2yvqdquedpymag59t97ux88jpg7jp5wmgkdydhs,https://www.balanceanalytics.io/api/groupdata.json,2026-05-18T17:17:32+00:00
pool1et8qw5ejgl5qqq8v4gdfset78gjcphh88cc2xajykggau8vps0j,pool1et8qw5ejgl5qqq8v4gdfset78gjcphh88cc2xajykggau8vps0j,https://www.balanceanalytics.io/api/groupdata.json,2026-05-18T17:17:32+00:00
pool1etfar35l4tf6vam3gvqf5dnaq7levz32vgw4p00jzk7q7twg2te,YUTA,https://www.balanceanalytics.io/api/groupdata.json,2026-05-18T17:17:32+00:00
pool1etfxpqw7456eh337p7x5jsvxxa67fsduvnmucevrqweckex3nhl,pool1etfxpqw7456eh337p7x5jsvxxa67fsduvnmucevrqweckex3nhl,https://www.balanceanalytics.io/api/groupdata.json,2026-05-18T17:17:32+00:00
pool1etgtwnwu4lmtw0dwdtmjvp9fh7wx2fk4e6jt725ysp5f7sjd5vy,pool1etgtwnwu4lmtw0dwdtmjvp9fh7wx2fk4e6jt725ysp5f7sjd5vy,https://www.balanceanalytics.io/api/groupdata.json,2026-05-18T17:17:32+00:00
pool1etu9qtmx2dhf2yu0hu3uzj4au8gnpyx54m6jhy5876pwsulrcmc,BINANCE,https://www.balanceanalytics.io/api/groupdata.json,2026-05-18T17:17:32+00:00
pool1etwkskpk7smvppts3d0wryqyxkm2udk2a4qy6eek56g8w6auw38,pool1etwkskpk7smvppts3d0wryqyxkm2udk2a4qy6eek56g8w6auw38,https://www.balanceanalytics.io/api/groupdata.json,2026-05-18T17:17:32+00:00
pool1eu4s4jmjam94dgzm56mejgk5k3l7m7unk95296c7t73xqgp6kfr,BINANCE,https://www.balanceanalytics.io/api/groupdata.json,2026-05-18T17:17:32+00:00
pool1eu8knr403p82ythegskwmf8w6v8l2w858d8jz7qvvqzj7ryech4,pool1eu8knr403p82ythegskwmf8w6v8l2w858d8jz7qvvqzj7ryech4,https://www.balanceanalytics.io/api/groupdata.json,2026-05-18T17:17:32+00:00
pool1euzg0c7npjm9dld4f7n5kj7as6n5d8ts8q6qt4rer50p5p9nr6g,pool1euzg0c7npjm9dld4f7n5kj7as6n5d8ts8q6qt4rer50p5p9nr6g,https://www.balanceanalytics.io/api/groupdata.json,2026-05-18T17:17:32+00:00
pool1ev37zcm73e2t7ahtjgerv4ztknn7jc33qwp84a3rwg38v32atuy,pool1ev37zcm73e2t7ahtjgerv4ztknn7jc33qwp84a3rwg38v32atuy,https://www.balanceanalytics.io/api/groupdata.json,2026-05-18T17:17:32+00:00
pool1ev8fwfccn8gr0zcz3uyps0t0mcrefc6s95wjc6aed3ngc86y5rk,pool1ev8fwfccn8gr0zcz3uyps0t0mcrefc6s95wjc6aed3ngc86y5rk,https://www.balanceanalytics.io/api/groupdata.json,2026-05-18T17:17:32+00:00
pool1evg78egp8gfqae273kvmmdee2dnt6vty60dpwdespg4hujznh3a,pool1evg78egp8gfqae273kvmmdee2dnt6vty60dpwdespg4hujznh3a,https://www.balanceanalytics.io/api/groupdata.json,2026-05-18T17:17:32+00:00
pool1evun4ps8xa0dfpj2r0cw9p94t2pctcvusccsm458enajuw2mftw,pool1evun4ps8xa0dfpj2r0cw9p94t2pctcvusccsm458enajuw2mftw,https://www.balanceanalytics.io/api/groupdata.json,2026-05-18T17:17:32+00:00
pool1ew3heaxhwgseza42s9pzwk97efqp9q6n6ra9j334uu5zggdzrsm,pool1ew3heaxhwgseza42s9pzwk97efqp9q6n6ra9j334uu5zggdzrsm,https://www.balanceanalytics.io/api/groupdata.json,2026-05-18T17:17:32+00:00
pool1ew5543rzgp7vs5qvmc0c42zucz9v6d3vct2zsa74erjfjen2p2d,pool1ew5543rzgp7vs5qvmc0c42zucz9v6d3vct2zsa74erjfjen2p2d,https://www.balanceanalytics.io/api/groupdata.json,2026-05-18T17:17:32+00:00
pool1ewd9g9zcz6tvlytk0plfj3e8jq645l0xr4n62epa49dgv9h43an,BINANCE,https://www.balanceanalytics.io/api/groupdata.json,2026-05-18T17:17:32+00:00
pool1ewgnsmk42ljf00wytawfcl3dcash9f852u5fr92e37wqxutyksl,BINANCE,https://www.balanceanalytics.io/api/groupdata.json,2026-05-18T17:17:32+00:00
pool1ewrm7y47s9hv6hxku9n5gfnsuspymp0qqpwgvgm9rvm37cek2h6,pool1ewrm7y47s9hv6hxku9n5gfnsuspymp0qqpwgvgm9rvm37cek2h6,https://www.balanceanalytics.io/api/groupdata.json,2026-05-18T17:17:32+00:00
pool1eww2f6gu0g65v5l6xvqhuqq32qg3jeyadzz3jxlfn0e3739337k,pool1eww2f6gu0g65v5l6xvqhuqq32qg3jeyadzz3jxlfn0e3739337k,https://www.balanceanalytics.io/api/groupdata.json,2026-05-18T17:17:32+00:00
pool1ex7p88tnq3d6d3dsqtlc3632tp2t8eurc352mwf9phu3w8n3vz7,pool1ex7p88tnq3d6d3dsqtlc3632tp2t8eurc352mwf9phu3w8n3vz7,https://www.balanceanalytics.io/api/groupdata.json,2026-05-18T17:17:32+00:00
pool1ey0gxeyesszrsshc6zjlzamr7z0f2d29e3ut0ppg4j4gxduyn5r,pool1ey0gxeyesszrsshc6zjlzamr7z0f2d29e3ut0ppg4j4gxduyn5r,https://www.balanceanalytics.io/api/groupdata.json,2026-05-18T17:17:32+00:00
pool1ey97shazvk483tzqsvda6hvh8z0kld4g5ssxanrgetddgcf2mns,pool1ey97shazvk483tzqsvda6hvh8z0kld4g5ssxanrgetddgcf2mns,https://www.balanceanalytics.io/api/groupdata.json,2026-05-18T17:17:32+00:00
pool1eyccsl45l8f7sdplfs770460l2uqe9xfne4l64xvwewd22fcl9a,pool1eyccsl45l8f7sdplfs770460l2uqe9xfne4l64xvwewd22fcl9a,https://www.balanceanalytics.io/api/groupdata.json,2026-05-18T17:17:32+00:00
pool1ezh8sewqgzy7267yvy0jssz8q7amce37x3dhmfl22j8lwz6wjrd,DAN,https://www.balanceanalytics.io/api/groupdata.json,2026-05-18T17:17:32+00:00
pool1ezs46e9nftk46w723zg4e66n2vaytms5slrmywvd7fx5y65zkru,BTCS,https://www.balanceanalytics.io/api/groupdata.json,2026-05-18T17:17:32+00:00
pool1f07py0a7k4fphkxf3epa45k9us9sqvkejq8ldgpzjm5c7j5wyva,pool1f07py0a7k4fphkxf3epa45k9us9sqvkejq8ldgpzjm5c7j5wyva,https://www.balanceanalytics.io/api/groupdata.json,2026-05-18T17:17:32+00:00
pool1f297l6rl99h5v56x48j4pgza70ya3lm37yzu0njpcnsljqdd4dl,pool1f297l6rl99h5v56x48j4pgza70ya3lm37yzu0njpcnsljqdd4dl,https://www.balanceanalytics.io/api/groupdata.json,2026-05-18T17:17:32+00:00
pool1f2ehgwdn0fsq040gefzy8ccfxfjzwwljp3urmufxvw0mvg08598,pool1f2ehgwdn0fsq040gefzy8ccfxfjzwwljp3urmufxvw0mvg08598,https://www.balanceanalytics.io/api/groupdata.json,2026-05-18T17:17:32+00:00
pool1f2pqecfn9x8kzgjeecyjk7cnqj0nyu84uaj2ptr0xdjr5w9qepc,pool1f2pqecfn9x8kzgjeecyjk7cnqj0nyu84uaj2ptr0xdjr5w9qepc,https://www.balanceanalytics.io/api/groupdata.json,2026-05-18T17:17:32+00:00
pool1f2uwt68neknpyk8pw2rh68gmpc6czndekl5ym22n5zf4vy8ecct,pool1f2uwt68neknpyk8pw2rh68gmpc6czndekl5ym22n5zf4vy8ecct,https://www.balanceanalytics.io/api/groupdata.json,2026-05-18T17:17:32+00:00
pool1f2wfjqkf2wx6jq93pdck6hgmy9zgw32lmvrq9zejl7scqxjqfze,FIGMENT,https://www.balanceanalytics.io/api/groupdata.json,2026-05-18T17:17:32+00:00
pool1f3ptnevzpgwjx32az75u7nth59gkqxe5h5qld86a8vm0j5jrms3,pool1f3ptnevzpgwjx32az75u7nth59gkqxe5h5qld86a8vm0j5jrms3,https://www.balanceanalytics.io/api/groupdata.json,2026-05-18T17:17:32+00:00
pool1f3qeehc4htjqpwv248kf5lfaumd0e84jtze379ev3ywa2w69aam,EMP,https://www.balanceanalytics.io/api/groupdata.json,2026-05-18T17:17:32+00:00
pool1f4az76g35zjs0wpttdpy2ecs5f4xq9zdp0egxn7djg6pk4y664h,pool1f4az76g35zjs0wpttdpy2ecs5f4xq9zdp0egxn7djg6pk4y664h,https://www.balanceanalytics.io/api/groupdata.json,2026-05-18T17:17:32+00:00
pool1f4n4mdsv5ydxuc3y4tzgumqvfa8xxlyr8jl70qquama0ug2pmhf,BINANCE,https://www.balanceanalytics.io/api/groupdata.json,2026-05-18T17:17:32+00:00
pool1f4pxpxcee0mhwd2knwqkwquaj35enlstssc6crsmt2tvv0pwymt,pool1f4pxpxcee0mhwd2knwqkwquaj35enlstssc6crsmt2tvv0pwymt,https://www.balanceanalytics.io/api/groupdata.json,2026-05-18T17:17:32+00:00
pool1f5ml07llzd2ndk5mrdl0gvtkkaq72v2hxusla795ksnms4tae66,pool1f5ml07llzd2ndk5mrdl0gvtkkaq72v2hxusla795ksnms4tae66,https://www.balanceanalytics.io/api/groupdata.json,2026-05-18T17:17:32+00:00
pool1f5qqm7029znkuzl84s9qjr4rctr4mrfsnlnl5yvcsspd6fec4tk,pool1f5qqm7029znkuzl84s9qjr4rctr4mrfsnlnl5yvcsspd6fec4tk,https://www.balanceanalytics.io/api/groupdata.json,2026-05-18T17:17:32+00:00
pool1f5s5lqe7e3x7wxscsawaj0ddjz42y4ckcfqcxrd3nxg7wwvsysn,pool1f5s5lqe7e3x7wxscsawaj0ddjz42y4ckcfqcxrd3nxg7wwvsysn,https://www.balanceanalytics.io/api/groupdata.json,2026-05-18T17:17:32+00:00
pool1f5zye57nw6nsrczkkzkpd8avayar7j48zjw5pu2e5k38ssm2yhd,pool1f5zye57nw6nsrczkkzkpd8avayar7j48zjw5pu2e5k38ssm2yhd,https://www.balanceanalytics.io/api/groupdata.json,2026-05-18T17:17:32+00:00
pool1f6lnuxzw90mmd399nxqjvzyyxgmf4h3cp7j6pp5s7xmps86arct,pool1f6lnuxzw90mmd399nxqjvzyyxgmf4h3cp7j6pp5s7xmps86arct,https://www.balanceanalytics.io/api/groupdata.json,2026-05-18T17:17:32+00:00
pool1f6ltd3rd3e69klr32r0xw7h59lc76lhc9l705d380lj76d926du,pool1f6ltd3rd3e69klr32r0xw7h59lc76lhc9l705d380lj76d926du,https://www.balanceanalytics.io/api/groupdata.json,2026-05-18T17:17:32+00:00
pool1f89cpnym44rfv52jj88f3g20axraw4g9g7aglnqsgjl220lpdd8,BINANCE,https://www.balanceanalytics.io/api/groupdata.json,2026-05-18T17:17:32+00:00
pool1f8erepj5w5nth5xfxgxnwpz59jzywt6zdwfr50jzjwfwksmg9ek,ADALITE,https://www.balanceanalytics.io/api/groupdata.json,2026-05-18T17:17:32+00:00
pool1f8selx8g7gwdy3htr0u2crc6zmvn0sytjd8rglxsj37as8y60gt,pool1f8selx8g7gwdy3htr0u2crc6zmvn0sytjd8rglxsj37as8y60gt,https://www.balanceanalytics.io/api/groupdata.json,2026-05-18T17:17:32+00:00
pool1f9934hk9awd25mmxl0dd2haqvda9nlquwnh5pv64hs42znl07zj,BD,https://www.balanceanalytics.io/api/groupdata.json,2026-05-18T17:17:32+00:00
pool1fa0ydxjq23eq3nucw6ek46dj8p6vxq4t32ex822jhwhx5fyvzze,pool1fa0ydxjq23eq3nucw6ek46dj8p6vxq4t32ex822jhwhx5fyvzze,https://www.balanceanalytics.io/api/groupdata.json,2026-05-18T17:17:32+00:00
pool1fagx52jnyh3dz0d722c2fedjvstc3mmwt4a2mlkgvszvqgkvt2g,pool1fagx52jnyh3dz0d722c2fedjvstc3mmwt4a2mlkgvszvqgkvt2g,https://www.balanceanalytics.io/api/groupdata.json,2026-05-18T17:17:32+00:00
pool1fc3m8hdjj76n6llxextpc60tt63w5ygwgvf2ekzr3k222kxxdkg,pool1fc3m8hdjj76n6llxextpc60tt63w5ygwgvf2ekzr3k222kxxdkg,https://www.balanceanalytics.io/api/groupdata.json,2026-05-18T17:17:32+00:00
pool1fcgm2ae0j3rmvghwa2064rfxcvugwa2qt89cc4jwtj0ecgh8na8,pool1fcgm2ae0j3rmvghwa2064rfxcvugwa2qt89cc4jwtj0ecgh8na8,https://www.balanceanalytics.io/api/groupdata.json,2026-05-18T17:17:32+00:00
pool1fcp4d2pxh0e7q5ju63sjqcdpxpr3pvxg6ykl23t6c97d7dnvjvw,ADALITE,https://www.balanceanalytics.io/api/groupdata.json,2026-05-18T17:17:32+00:00
pool1fd0q9h8974y6psejmzczlywy8fgxxy07rn2ynrwu734aqwq540p,BINANCE,https://www.balanceanalytics.io/api/groupdata.json,2026-05-18T17:17:32+00:00
pool1fd6geyevpsg26s7q58fvuv2eh559n5p9vv3ctxjs74v6g7lkew4,pool1fd6geyevpsg26s7q58fvuv2eh559n5p9vv3ctxjs74v6g7lkew4,https://www.balanceanalytics.io/api/groupdata.json,2026-05-18T17:17:32+00:00
pool1fd8qnudvhz2hanlccdsfrwdxmmwwfryalrmy6a6y62cgqfx3ujz,pool1fd8qnudvhz2hanlccdsfrwdxmmwwfryalrmy6a6y62cgqfx3ujz,https://www.balanceanalytics.io/api/groupdata.json,2026-05-18T17:17:32+00:00
pool1fdffujslx04rz3aas4rxcednlq59ducq7rp0t56yjsxp589ylkw,pool1fdffujslx04rz3aas4rxcednlq59ducq7rp0t56yjsxp589ylkw,https://www.balanceanalytics.io/api/groupdata.json,2026-05-18T17:17:32+00:00
pool1fdgzsd07tq6t7zd44na0a72kz6gpedp9avny02z7qsx9ywr3le7,OPTIM,https://www.balanceanalytics.io/api/groupdata.json,2026-05-18T17:17:32+00:00
pool1fe2jaesv4elw6f9dhu8mlqy5fxpldq873d079ymec4u5yux8p40,pool1fe2jaesv4elw6f9dhu8mlqy5fxpldq873d079ymec4u5yux8p40,https://www.balanceanalytics.io/api/groupdata.json,2026-05-18T17:17:32+00:00
pool1fe49nfwktu8rhn3ysqz4he594nh8a9gkgg8hy3mtwrq4558rptz,EMURGO,https://www.balanceanalytics.io/api/groupdata.json,2026-05-18T17:17:32+00:00
pool1ferfwtmcjm9rxc00ugtdwrm9m042jf4xjvse6a8u5smxqt0pwnx,pool1ferfwtmcjm9rxc00ugtdwrm9m042jf4xjvse6a8u5smxqt0pwnx,https://www.balanceanalytics.io/api/groupdata.json,2026-05-18T17:17:32+00:00
pool1ff2hr0sukqqd75jr2rh3wrmnesxqgpq42dgd6rm3ungnqp904ue,BD,https://www.balanceanalytics.io/api/groupdata.json,2026-05-18T17:17:32+00:00
pool1ff9rrcn2qdvv754al6d8qx8f3mecyeez3hp2nunm9uj2k7tj4pf,pool1ff9rrcn2qdvv754al6d8qx8f3mecyeez3hp2nunm9uj2k7tj4pf,https://www.balanceanalytics.io/api/groupdata.json,2026-05-18T17:17:32+00:00
pool1fffe3u59tqruqt835mry4x43zkl77dwe5lfr73hgnckzxh8rhz0,pool1fffe3u59tqruqt835mry4x43zkl77dwe5lfr73hgnckzxh8rhz0,https://www.balanceanalytics.io/api/groupdata.json,2026-05-18T17:17:32+00:00
pool1ffhg5vdmjzv9pc2syjwxkrj85qg7xsnxsmmsrnag5r7wsggv4ac,pool1ffhg5vdmjzv9pc2syjwxkrj85qg7xsnxsmmsrnag5r7wsggv4ac,https://www.balanceanalytics.io/api/groupdata.json,2026-05-18T17:17:32+00:00
pool1ffk864w0jyhzxls03utk3mpd7ckzgrum5s29a0zmnd32u6jfp4t,pool1ffk864w0jyhzxls03utk3mpd7ckzgrum5s29a0zmnd32u6jfp4t,https://www.balanceanalytics.io/api/groupdata.json,2026-05-18T17:17:32+00:00
pool1ffrre548h22n68ln29xph3qezrag3z8ad0kg8yzu6epds3qr58k,OCEAN,https://www.balanceanalytics.io/api/groupdata.json,2026-05-18T17:17:32+00:00
pool1fftlhn68f3lejs2u39pcd5q33zgwnlumrp20dr6cqqkxwyuft2r,pool1fftlhn68f3lejs2u39pcd5q33zgwnlumrp20dr6cqqkxwyuft2r,https://www.balanceanalytics.io/api/groupdata.json,2026-05-18T17:17:32+00:00
pool1ffukqpcl7z2akyzdl0e6aq9ds9yf5rm5dm6n00u0pkunqgw27wn,pool1ffukqpcl7z2akyzdl0e6aq9ds9yf5rm5dm6n00u0pkunqgw27wn,https://www.balanceanalytics.io/api/groupdata.json,2026-05-18T17:17:32+00:00
pool1ffuv59d0rdp0jsgxa9x5r8pvmaexvuufeu43kpxl3u2qut3ljq4,LEO,https://www.balanceanalytics.io/api/groupdata.json,2026-05-18T17:17:32+00:00
pool1fg42yz0qpu5jd0gd3g5xty4mm6jdxkje8szag8h798nyyxw6zd3,CCJ,https://www.balanceanalytics.io/api/groupdata.json,2026-05-18T17:17:32+00:00
pool1fgj2ua0rz4dkq0hmmkv7syuccda96slh40wex2w7vsnxujuvjtv,pool1fgj2ua0rz4dkq0hmmkv7syuccda96slh40wex2w7vsnxujuvjtv,https://www.balanceanalytics.io/api/groupdata.json,2026-05-18T17:17:32+00:00
pool1fgp4f4afdrq26axqlnm80fz49hdkyq4am3ca3r33w0w8sw2x8ap,UPBIT,https://www.balanceanalytics.io/api/groupdata.json,2026-05-18T17:17:32+00:00
pool1fh4sh2telea0tfdy39h0drx6uq566yt9gf24edpz7335sclx39z,CANUK,https://www.balanceanalytics.io/api/groupdata.json,2026-05-18T17:17:32+00:00
pool1fjdsl4zajjt5rv8panvnp89g6pnvt2t3e6za8hcf8yw2zncnl07,pool1fjdsl4zajjt5rv8panvnp89g6pnvt2t3e6za8hcf8yw2zncnl07,https://www.balanceanalytics.io/api/groupdata.json,2026-05-18T17:17:32+00:00
pool1fjr37r8npjd4gfq8v3rujnly7l763nj8shz5tywjysxpjmhm8c9,pool1fjr37r8npjd4gfq8v3rujnly7l763nj8shz5tywjysxpjmhm8c9,https://www.balanceanalytics.io/api/groupdata.json,2026-05-18T17:17:32+00:00
pool1fjxud865hvsg3us4t5ndv6jhjcssj5rg2eq783664wpn720deqr,pool1fjxud865hvsg3us4t5ndv6jhjcssj5rg2eq783664wpn720deqr,https://www.balanceanalytics.io/api/groupdata.json,2026-05-18T17:17:32+00:00
pool1fk7lk6x7j6jkxuvl0het8nmunra4g7370mw29f286dv9ylegutq,pool1fk7lk6x7j6jkxuvl0het8nmunra4g7370mw29f286dv9ylegutq,https://www.balanceanalytics.io/api/groupdata.json,2026-05-18T17:17:32+00:00
pool1fkfn8l8t09mplwpxkg3et39llpr5p7l63ter94hkj38tw6fnh3g,pool1fkfn8l8t09mplwpxkg3et39llpr5p7l63ter94hkj38tw6fnh3g,https://www.balanceanalytics.io/api/groupdata.json,2026-05-18T17:17:32+00:00
pool1fkg3cr9en57ccsmnde20eevkaeu3elp0h4yyqk3udkkxzhl70ju,pool1fkg3cr9en57ccsmnde20eevkaeu3elp0h4yyqk3udkkxzhl70ju,https://www.balanceanalytics.io/api/groupdata.json,2026-05-18T17:17:32+00:00
pool1fl0gdfcmzg4jf3hw839epdteuazm23nff44vddap00r0sm5gvvk,pool1fl0gdfcmzg4jf3hw839epdteuazm23nff44vddap00r0sm5gvvk,https://www.balanceanalytics.io/api/groupdata.json,2026-05-18T17:17:32+00:00
pool1fl20ddkpvnstlx63fal6e3ku46r76nk2s4mqtk5jnyxn2vt7hg6,COINBASE,https://www.balanceanalytics.io/api/groupdata.json,2026-05-18T17:17:32+00:00
pool1flkcdxj7cq6sfgl4fujx50p20ylqgj02kgwvfj4g5w24s6th8vz,pool1flkcdxj7cq6sfgl4fujx50p20ylqgj02kgwvfj4g5w24s6th8vz,https://www.balanceanalytics.io/api/groupdata.json,2026-05-18T17:17:32+00:00
pool1fm57fshvdlrgs5pnpk78tnxha0me28equyy96vj0xm85gy5chv0,pool1fm57fshvdlrgs5pnpk78tnxha0me28equyy96vj0xm85gy5chv0,https://www.balanceanalytics.io/api/groupdata.json,2026-05-18T17:17:32+00:00
pool1fmcv9p7vv754rwc0p6ud2mgm76vnn0gq0gngrk7rq400vsvhsvs,YUTA,https://www.balanceanalytics.io/api/groupdata.json,2026-05-18T17:17:32+00:00
pool1fmf707pca09wmv6dc7ap4kxf0j648374ruu6ahazhpywcngt780,pool1fmf707pca09wmv6dc7ap4kxf0j648374ruu6ahazhpywcngt780,https://www.balanceanalytics.io/api/groupdata.json,2026-05-18T17:17:32+00:00
pool1fmgus36uc0jf0wlspfvzwfn04mz34kwrensmqgfzkv7t58dejw4,FIMI,https://www.balanceanalytics.io/api/groupdata.json,2026-05-18T17:17:32+00:00
pool1fmrd4ds793ja4c5muy7hwj6q7kssuhtx22em4udmvx6957z9m0u,pool1fmrd4ds793ja4c5muy7hwj6q7kssuhtx22em4udmvx6957z9m0u,https://www.balanceanalytics.io/api/groupdata.json,2026-05-18T17:17:32+00:00
pool1fmykj5jqxtpxu0285209ar37taw52p68q87nmg6vpckhwrtje5w,pool1fmykj5jqxtpxu0285209ar37taw52p68q87nmg6vpckhwrtje5w,https://www.balanceanalytics.io/api/groupdata.json,2026-05-18T17:17:32+00:00
pool1fn2e64q388nustgn7ca0tangxa29ta5z908cq2c5nztj6sntdsk,pool1fn2e64q388nustgn7ca0tangxa29ta5z908cq2c5nztj6sntdsk,https://www.balanceanalytics.io/api/groupdata.json,2026-05-18T17:17:32+00:00
pool1fn5fq6r68hsxv5yqa2xjxmrchcwrmylmyluqvsmvfam5jr36nnx,pool1fn5fq6r68hsxv5yqa2xjxmrchcwrmylmyluqvsmvfam5jr36nnx,https://www.balanceanalytics.io/api/groupdata.json,2026-05-18T17:17:32+00:00
pool1fn8mfqp4jt6097ygqrze5rjzg3y5s8fktxszqgs9mg22jvr42dx,pool1fn8mfqp4jt6097ygqrze5rjzg3y5s8fktxszqgs9mg22jvr42dx,https://www.balanceanalytics.io/api/groupdata.json,2026-05-18T17:17:32+00:00
pool1fn9qvckxd53hsuyv6ve0r88rtaw9xguvaamhsa3snyak7n34lyn,pool1fn9qvckxd53hsuyv6ve0r88rtaw9xguvaamhsa3snyak7n34lyn,https://www.balanceanalytics.io/api/groupdata.json,2026-05-18T17:17:32+00:00
pool1fndvmevsjh5a0hkt5me9mrtlk4ugu4n8yns0dwk4jyhdqcq3ayy,pool1fndvmevsjh5a0hkt5me9mrtlk4ugu4n8yns0dwk4jyhdqcq3ayy,https://www.balanceanalytics.io/api/groupdata.json,2026-05-18T17:17:32+00:00
pool1fnvj5za9k5ev88l8tw0nh3n4tn582gvf3d6vmuv7nh4ustqecn5,pool1fnvj5za9k5ev88l8tw0nh3n4tn582gvf3d6vmuv7nh4ustqecn5,https://www.balanceanalytics.io/api/groupdata.json,2026-05-18T17:17:32+00:00
pool1fp9z85qx2k6jgnn4f4taxlgn0xw0w9k3t47q32t83ymexz5ymwd,pool1fp9z85qx2k6jgnn4f4taxlgn0xw0w9k3t47q32t83ymexz5ymwd,https://www.balanceanalytics.io/api/groupdata.json,2026-05-18T17:17:32+00:00
pool1fpkjz7j77m5ukhjx5xvspfttrs0578kyxa9hgn0458hk55wp784,NEW GUY,https://www.balanceanalytics.io/api/groupdata.json,2026-05-18T17:17:32+00:00
pool1fpsp2ayycsvpj2k43jnctdp306murzt7nzrlg0fuyyr9y8vx3pp,pool1fpsp2ayycsvpj2k43jnctdp306murzt7nzrlg0fuyyr9y8vx3pp,https://www.balanceanalytics.io/api/groupdata.json,2026-05-18T17:17:32+00:00
pool1fpu5xurq3jx5rn626ejcx0dzzzk5lmtvdl2qkj9l4kw2sjp50dz,MS,https://www.balanceanalytics.io/api/groupdata.json,2026-05-18T17:17:32+00:00
pool1fpvs8h5q5kwpz4k2yd0vw90dgdxacr3ef508tzzewm0kysdt4eq,STAKEBOWL,https://www.balanceanalytics.io/api/groupdata.json,2026-05-18T17:17:32+00:00
pool1fqas6yd8n3fdpz8e869qjvyensdmzletqjexcut8mxasu2sk72r,COINBASE,https://www.balanceanalytics.io/api/groupdata.json,2026-05-18T17:17:32+00:00
pool1fqnluegrkns2jj49vgvn8vvn5u8y4m2m3xptx4wngvf4cnwa2fk,pool1fqnluegrkns2jj49vgvn8vvn5u8y4m2m3xptx4wngvf4cnwa2fk,https://www.balanceanalytics.io/api/groupdata.json,2026-05-18T17:17:32+00:00
pool1fqwnqk3phwa2s5thgym8dw34pv0z67m526uqprnjh93cvzxymef,ADALITE,https://www.balanceanalytics.io/api/groupdata.json,2026-05-18T17:17:32+00:00
pool1fqz8zaqraqe3eyv9lqhldezftljshsnr0g580ykjprjaw0h9lmu,pool1fqz8zaqraqe3eyv9lqhldezftljshsnr0g580ykjprjaw0h9lmu,https://www.balanceanalytics.io/api/groupdata.json,2026-05-18T17:17:32+00:00
pool1fr3ws5vwm7l5y2ywau2jrlaan0xmfqv68h5g3g3sum2ywthurt2,pool1fr3ws5vwm7l5y2ywau2jrlaan0xmfqv68h5g3g3sum2ywthurt2,https://www.balanceanalytics.io/api/groupdata.json,2026-05-18T17:17:32+00:00
pool1fr8ug253hlv0pt4sxu3w20r03pnpkh2wpedegp55t8nsx28rkma,pool1fr8ug253hlv0pt4sxu3w20r03pnpkh2wpedegp55t8nsx28rkma,https://www.balanceanalytics.io/api/groupdata.json,2026-05-18T17:17:32+00:00
pool1fr95farr6sjlucycplvth8saqx6h07g638mnlt8cex0kg353wr4,pool1fr95farr6sjlucycplvth8saqx6h07g638mnlt8cex0kg353wr4,https://www.balanceanalytics.io/api/groupdata.json,2026-05-18T17:17:32+00:00
pool1frxut5ury0r2clgpvr0dewlsvc233ft7g6v7vx8msepy5068evn,pool1frxut5ury0r2clgpvr0dewlsvc233ft7g6v7vx8msepy5068evn,https://www.balanceanalytics.io/api/groupdata.json,2026-05-18T17:17:32+00:00
pool1frz0ds4nhg4t0e30jadc5kwx35kzj2vfp9eak9ehh2727m4dqnv,pool1frz0ds4nhg4t0e30jadc5kwx35kzj2vfp9eak9ehh2727m4dqnv,https://www.balanceanalytics.io/api/groupdata.json,2026-05-18T17:17:32+00:00
pool1fs2m5rmlx66crcwwrrsf2pcxjhvk7kzdurcqusd3v5gm65cufnj,VS,https://www.balanceanalytics.io/api/groupdata.json,2026-05-18T17:17:32+00:00
pool1fsck5keruz5n4qyes46s9rvrnxcrn8hukemgxazzlxpp6g66fzh,BINANCE,https://www.balanceanalytics.io/api/groupdata.json,2026-05-18T17:17:32+00:00
pool1fspfv7z8l8755une5vt8drk7aufenxlucnl0p09sy8vxjw5kz3y,pool1fspfv7z8l8755une5vt8drk7aufenxlucnl0p09sy8vxjw5kz3y,https://www.balanceanalytics.io/api/groupdata.json,2026-05-18T17:17:32+00:00
pool1ft4xjlz9uw0r0ewcgtkgeakqrfc5azxmxwsm5pt94dv67mw4rgd,pool1ft4xjlz9uw0r0ewcgtkgeakqrfc5azxmxwsm5pt94dv67mw4rgd,https://www.balanceanalytics.io/api/groupdata.json,2026-05-18T17:17:32+00:00
pool1ft4z335t0eclqwlxdktam5wphf47swfpzgxe4fslnjz5y70hq2p,pool1ft4z335t0eclqwlxdktam5wphf47swfpzgxe4fslnjz5y70hq2p,https://www.balanceanalytics.io/api/groupdata.json,2026-05-18T17:17:32+00:00
pool1ft6jvmft8tg3lwzg6wfsprlex3ncuq5cnckwycavqk5q63jhrhv,pool1ft6jvmft8tg3lwzg6wfsprlex3ncuq5cnckwycavqk5q63jhrhv,https://www.balanceanalytics.io/api/groupdata.json,2026-05-18T17:17:32+00:00
pool1ftfgs9lp0l4l07glvemrzu86pqvxrvzsn85lc3hathlq5ddsw49,RAID,https://www.balanceanalytics.io/api/groupdata.json,2026-05-18T17:17:32+00:00
pool1ftr2y8uhfghp7qd3u7n98e7c69yjqqpwj90zw767x7klgf67fmw,pool1ftr2y8uhfghp7qd3u7n98e7c69yjqqpwj90zw767x7klgf67fmw,https://www.balanceanalytics.io/api/groupdata.json,2026-05-18T17:17:32+00:00
pool1fts0a4clzu7wyhdqw48cpg2kwvstzeqddtwj34pxfw9jgvznu0q,NEW GUY,https://www.balanceanalytics.io/api/groupdata.json,2026-05-18T17:17:32+00:00
pool1fttmappcugymuqxvayq2uew72cd8qej2gc5c9ajexsckswj3qza,pool1fttmappcugymuqxvayq2uew72cd8qej2gc5c9ajexsckswj3qza,https://www.balanceanalytics.io/api/groupdata.json,2026-05-18T17:17:32+00:00
pool1fu567g42mlv9f7enek7zeh94c0aht98w44du7s29t0elzd9yazz,pool1fu567g42mlv9f7enek7zeh94c0aht98w44du7s29t0elzd9yazz,https://www.balanceanalytics.io/api/groupdata.json,2026-05-18T17:17:32+00:00
pool1fu64mttm7d8ljndu4hz68df5fkpsuuz3uj233wz3qpj0vfk9k4d,EMURGO,https://www.balanceanalytics.io/api/groupdata.json,2026-05-18T17:17:32+00:00
pool1fu69ry8k9qxfque9hng3lxcq7g30pykg38mtahah8x4mzpgls3k,pool1fu69ry8k9qxfque9hng3lxcq7g30pykg38mtahah8x4mzpgls3k,https://www.balanceanalytics.io/api/groupdata.json,2026-05-18T17:17:32+00:00
pool1fu6cvwqamrfxkzc0pjsmd7mqazfqh558sckequqj3ckvgyyg5ta,pool1fu6cvwqamrfxkzc0pjsmd7mqazfqh558sckequqj3ckvgyyg5ta,https://www.balanceanalytics.io/api/groupdata.json,2026-05-18T17:17:32+00:00
pool1fu6ppur5uumrpydpeswzrvfg4epr68xw39aar9rcu56tk5ukat3,pool1fu6ppur5uumrpydpeswzrvfg4epr68xw39aar9rcu56tk5ukat3,https://www.balanceanalytics.io/api/groupdata.json,2026-05-18T17:17:32+00:00
pool1fu86pxxs3c9sgjkmpwx8d2udckt5y9ycg7ampdf894l0cuv787y,pool1fu86pxxs3c9sgjkmpwx8d2udckt5y9ycg7ampdf894l0cuv787y,https://www.balanceanalytics.io/api/groupdata.json,2026-05-18T17:17:32+00:00
pool1futpazj04ukh0754m6wexrr9gdezmrl6e0pksyhpc9gjql44l0y,pool1futpazj04ukh0754m6wexrr9gdezmrl6e0pksyhpc9gjql44l0y,https://www.balanceanalytics.io/api/groupdata.json,2026-05-18T17:17:32+00:00
pool1fuu0vcmzc28lqm09m4j3llg64ghf9j36tcsp9vcy3kpnz9pg9hn,QUARASHI,https://www.balanceanalytics.io/api/groupdata.json,2026-05-18T17:17:32+00:00
pool1fuzqy5r9x98826zv6wp40tr27uplemmstkd57cuw8jh5v5m90vn,pool1fuzqy5r9x98826zv6wp40tr27uplemmstkd57cuw8jh5v5m90vn,https://www.balanceanalytics.io/api/groupdata.json,2026-05-18T17:17:32+00:00
pool1fv9f8phzn7hp623ypw6ctf73a98hd7nrh8wm7glpcuhf64856g2,pool1fv9f8phzn7hp623ypw6ctf73a98hd7nrh8wm7glpcuhf64856g2,https://www.balanceanalytics.io/api/groupdata.json,2026-05-18T17:17:32+00:00
pool1fveclhv3w9q3nl02j0rwpu8rwgsk4vrxwk27mpdsa8stx27n93q,COPPER,https://www.balanceanalytics.io/api/groupdata.json,2026-05-18T17:17:32+00:00
pool1fvgmxt3688a5zl6amhvaqk9tmvk3lhxkgdsta6yj3czuy5hjwfy,ETORO,https://www.balanceanalytics.io/api/groupdata.json,2026-05-18T17:17:32+00:00
pool1fvuy9r4ndp432yuh059q4fekh42t4d42qjhgz5qxlr8jctrp5l2,pool1fvuy9r4ndp432yuh059q4fekh42t4d42qjhgz5qxlr8jctrp5l2,https://www.balanceanalytics.io/api/groupdata.json,2026-05-18T17:17:32+00:00
pool1fwg2x8pwwxverf0wqtk3pnqtywlah9em3ywyvhskafvm5z3e7kr,pool1fwg2x8pwwxverf0wqtk3pnqtywlah9em3ywyvhskafvm5z3e7kr,https://www.balanceanalytics.io/api/groupdata.json,2026-05-18T17:17:32+00:00
pool1fwh9zp2hw7ppkna86n7m7ycgz66dnkdhhyqqahhv362agxj2u7g,AADA,https://www.balanceanalytics.io/api/groupdata.json,2026-05-18T17:17:32+00:00
pool1fwhu9w2z82n5r7hdeu8ayl9tywraursthd78mxxekr6zzdjgpkm,pool1fwhu9w2z82n5r7hdeu8ayl9tywraursthd78mxxekr6zzdjgpkm,https://www.balanceanalytics.io/api/groupdata.json,2026-05-18T17:17:32+00:00
pool1fwkr02cg2z4er0gcwhqgkxw7er36v3plz9w9ydzguc8jwgsx3yg,pool1fwkr02cg2z4er0gcwhqgkxw7er36v3plz9w9ydzguc8jwgsx3yg,https://www.balanceanalytics.io/api/groupdata.json,2026-05-18T17:17:32+00:00
pool1fxlf6mqxeuptm7ztwdpp2zdwm7tsfcy3fweu7euyf6aduuh6u42,pool1fxlf6mqxeuptm7ztwdpp2zdwm7tsfcy3fweu7euyf6aduuh6u42,https://www.balanceanalytics.io/api/groupdata.json,2026-05-18T17:17:32+00:00
pool1fxm9hx6n5lahvlp3rrkvz30j2e3x4a08q3cu78678g32zqfmv4a,pool1fxm9hx6n5lahvlp3rrkvz30j2e3x4a08q3cu78678g32zqfmv4a,https://www.balanceanalytics.io/api/groupdata.json,2026-05-18T17:17:32+00:00
pool1fxmancs3dmc9l0s7u7zrj8334m9nvzam5t5hnuuf4c7cjr6867m,CONGE,https://www.balanceanalytics.io/api/groupdata.json,2026-05-18T17:17:32+00:00
pool1fxra32qureulvqrhrdpnrl5yechhqreg2khrghv3tkl4z66t0rm,COINBASE,https://www.balanceanalytics.io/api/groupdata.json,2026-05-18T17:17:32+00:00
pool1fy57yj7fq4n640h0r7yzchgytvx747nl85lkct7pc8faywwsyy2,pool1fy57yj7fq4n640h0r7yzchgytvx747nl85lkct7pc8faywwsyy2,https://www.balanceanalytics.io/api/groupdata.json,2026-05-18T17:17:32+00:00
pool1fy5aaf5gz2646dghhm8u899mj6hyznn428sqhdx3tmqmsdy6rcz,pool1fy5aaf5gz2646dghhm8u899mj6hyznn428sqhdx3tmqmsdy6rcz,https://www.balanceanalytics.io/api/groupdata.json,2026-05-18T17:17:32+00:00
pool1fyp482ntshhm9zfz4nv7pmsaeakscf5mnuzcxuvtqf6t56fc7l0,KYSN,https://www.balanceanalytics.io/api/groupdata.json,2026-05-18T17:17:32+00:00
pool1fza7ms33y7mnq63etrgz0caqhaw2tsxme0gp52ltv9wwgwurged,WAVE,https://www.balanceanalytics.io/api/groupdata.json,2026-05-18T17:17:32+00:00
pool1fzyyw44hv3me9xya55cnhsfntrx97vz2evz97x4gx88wwx64q6q,KTO,https://www.balanceanalytics.io/api/groupdata.json,2026-05-18T17:17:32+00:00
pool1g04psph8yjpqrgvtltqxrgh6vtl3uklvl46ng6ttrdhwjuvelna,pool1g04psph8yjpqrgvtltqxrgh6vtl3uklvl46ng6ttrdhwjuvelna,https://www.balanceanalytics.io/api/groupdata.json,2026-05-18T17:17:32+00:00
pool1g0fvxf4ewt0j3hplp09dv4ak2uv5ay3ftw8upk80d8kx2ca5syn,pool1g0fvxf4ewt0j3hplp09dv4ak2uv5ay3ftw8upk80d8kx2ca5syn,https://www.balanceanalytics.io/api/groupdata.json,2026-05-18T17:17:32+00:00
pool1g0hsnjnt0du3kp33gjua3npncngr3yg4ak2zfdhd4zvmy6r8hyd,pool1g0hsnjnt0du3kp33gjua3npncngr3yg4ak2zfdhd4zvmy6r8hyd,https://www.balanceanalytics.io/api/groupdata.json,2026-05-18T17:17:32+00:00
pool1g0kz4tgejenj72j8m6dpvtds4l4w4ynk2rpx5lrz2q3ev835kru,pool1g0kz4tgejenj72j8m6dpvtds4l4w4ynk2rpx5lrz2q3ev835kru,https://www.balanceanalytics.io/api/groupdata.json,2026-05-18T17:17:32+00:00
pool1g0nq3m3fnvd245k4favcvutn09vce0yshg535f68d2xa54vy0cc,1PCT,https://www.balanceanalytics.io/api/groupdata.json,2026-05-18T17:17:32+00:00
pool1g0t2a93g5e2j7wj0clmk73fhd8cjcj4xn383yt7xvdyhq37m0kk,BINANCE,https://www.balanceanalytics.io/api/groupdata.json,2026-05-18T17:17:32+00:00
pool1g206nprdtmyad978rtnjtjvwx287mg7ss79u83vfplk72k3elsa,pool1g206nprdtmyad978rtnjtjvwx287mg7ss79u83vfplk72k3elsa,https://www.balanceanalytics.io/api/groupdata.json,2026-05-18T17:17:32+00:00
pool1g27ut4c2jf7dq87hu5ne7ra9p8mc9wwv9pc4fu9pegvju62lvgc,pool1g27ut4c2jf7dq87hu5ne7ra9p8mc9wwv9pc4fu9pegvju62lvgc,https://www.balanceanalytics.io/api/groupdata.json,2026-05-18T17:17:32+00:00
pool1g2htk67ngtrw5mz6npgu3tugmcuqfgu0lxm8m26d7x79w75xupn,pool1g2htk67ngtrw5mz6npgu3tugmcuqfgu0lxm8m26d7x79w75xupn,https://www.balanceanalytics.io/api/groupdata.json,2026-05-18T17:17:32+00:00
pool1g2y0j7rsv7dpu8p6jt2dva3rxfqjl2zu0ag9dd0cfm8guzg0lh0,SOCIOUS,https://www.balanceanalytics.io/api/groupdata.json,2026-05-18T17:17:32+00:00
pool1g2zsavkscwrzz0tqqwwykkyganyedlzgqc63fneq6nvzc7rwdzp,pool1g2zsavkscwrzz0tqqwwykkyganyedlzgqc63fneq6nvzc7rwdzp,https://www.balanceanalytics.io/api/groupdata.json,2026-05-18T17:17:32+00:00
pool1g3ssnndd8e7lcmstkjl9ane9mup0eshv3aklg63u5tznwl4ch87,EVE,https://www.balanceanalytics.io/api/groupdata.json,2026-05-18T17:17:32+00:00
pool1g3t0g0nhlzpaxnv405w6hs8qjv5ta2xjr8waqfa8q2h95vddz8j,pool1g3t0g0nhlzpaxnv405w6hs8qjv5ta2xjr8waqfa8q2h95vddz8j,https://www.balanceanalytics.io/api/groupdata.json,2026-05-18T17:17:32+00:00
pool1g43yqk4yuflm07faedr9qsgwdvjuw4welxae2vcv7ymyj27q8mg,pool1g43yqk4yuflm07faedr9qsgwdvjuw4welxae2vcv7ymyj27q8mg,https://www.balanceanalytics.io/api/groupdata.json,2026-05-18T17:17:32+00:00
pool1g4kugh3wm9xsye2ld7hnzhpcsgcdv9p0ekerpp2ldhg4v0xzxjq,pool1g4kugh3wm9xsye2ld7hnzhpcsgcdv9p0ekerpp2ldhg4v0xzxjq,https://www.balanceanalytics.io/api/groupdata.json,2026-05-18T17:17:32+00:00
pool1g4th3pqfzh4zajzrhlh8y6wpuztrkzxwt5wd7q578894j06gwfc,pool1g4th3pqfzh4zajzrhlh8y6wpuztrkzxwt5wd7q578894j06gwfc,https://www.balanceanalytics.io/api/groupdata.json,2026-05-18T17:17:32+00:00
pool1g50v6e6e0dpmt35lllufjnpqmdklsm3nrshzw4z4advqqjxfcpx,pool1g50v6e6e0dpmt35lllufjnpqmdklsm3nrshzw4z4advqqjxfcpx,https://www.balanceanalytics.io/api/groupdata.json,2026-05-18T17:17:32+00:00
pool1g5gcxs48ur9y6kvycy44e9n8wn254fltvjklcf29jxfp23x2wjx,pool1g5gcxs48ur9y6kvycy44e9n8wn254fltvjklcf29jxfp23x2wjx,https://www.balanceanalytics.io/api/groupdata.json,2026-05-18T17:17:32+00:00
pool1g5gmej3cj67td4pmvmacnls8nuq0gjld2pwfeg3jwpxujdx6lmu,WAVE,https://www.balanceanalytics.io/api/groupdata.json,2026-05-18T17:17:32+00:00
pool1g5k0fks847av9zdayg05htnj8wx0ah7jmnwwqlt63rjdzyjr93n,ARCADIA,https://www.balanceanalytics.io/api/groupdata.json,2026-05-18T17:17:32+00:00
pool1g60m45m23f5vta30x5z7e0n2gc02yc4wyz6darfeluy2kgu65fa,pool1g60m45m23f5vta30x5z7e0n2gc02yc4wyz6darfeluy2kgu65fa,https://www.balanceanalytics.io/api/groupdata.json,2026-05-18T17:17:32+00:00
pool1g637quu9s4v8e30s8y2jg8zfejsne9s8mg985q62y8jfu4khtqg,pool1g637quu9s4v8e30s8y2jg8zfejsne9s8mg985q62y8jfu4khtqg,https://www.balanceanalytics.io/api/groupdata.json,2026-05-18T17:17:32+00:00
pool1g6czdusgxwskqy8evsnxvqkg2a70rpjtv0maauldl5uusmhm94a,NVETECH,https://www.balanceanalytics.io/api/groupdata.json,2026-05-18T17:17:32+00:00
pool1g6g2d09le8hd6nv9jhyavewdnw8tu0ndst4lqysd00ru24cav0a,ONYX,https://www.balanceanalytics.io/api/groupdata.json,2026-05-18T17:17:32+00:00
pool1g6rm3p7695z7xfhp629hcsj09njun2fnsz03pjrshw8rgs7pluc,pool1g6rm3p7695z7xfhp629hcsj09njun2fnsz03pjrshw8rgs7pluc,https://www.balanceanalytics.io/api/groupdata.json,2026-05-18T17:17:32+00:00
pool1g6rugsgxrl7ylqnuw2qvma0kuk63wc4yv43a4tmw3qaawgu87c0,UP,https://www.balanceanalytics.io/api/groupdata.json,2026-05-18T17:17:32+00:00
pool1g7757qwvwzpqn35xfxqmhmw3nz8xe8rcptuqqwkv3cfzk38gedd,pool1g7757qwvwzpqn35xfxqmhmw3nz8xe8rcptuqqwkv3cfzk38gedd,https://www.balanceanalytics.io/api/groupdata.json,2026-05-18T17:17:32+00:00
pool1g79uyzvt9mm3z7jdcxnp36n4egm4z6l8c6n9l2mk8ae2yf5zman,pool1g79uyzvt9mm3z7jdcxnp36n4egm4z6l8c6n9l2mk8ae2yf5zman,https://www.balanceanalytics.io/api/groupdata.json,2026-05-18T17:17:32+00:00
pool1g7axcymry0dz86usn9np76gm2tankhh478k2x3uc7v0pugcv2xp,pool1g7axcymry0dz86usn9np76gm2tankhh478k2x3uc7v0pugcv2xp,https://www.balanceanalytics.io/api/groupdata.json,2026-05-18T17:17:32+00:00
pool1g8w64u3sx9mrvhwrdfvysw4g4wnffkjfp5zds3ur6svwzdhwhx9,pool1g8w64u3sx9mrvhwrdfvysw4g4wnffkjfp5zds3ur6svwzdhwhx9,https://www.balanceanalytics.io/api/groupdata.json,2026-05-18T17:17:32+00:00
pool1g8y2gz4sk7xhyaj469jlj3njyu5dlvqa7t7v9c2gk0yc69879z8,1PCT,https://www.balanceanalytics.io/api/groupdata.json,2026-05-18T17:17:32+00:00
pool1g90xrq0qrgn7z9xdfpx6xlgxwedf7unrcmh2drj7j70hxr35jxk,pool1g90xrq0qrgn7z9xdfpx6xlgxwedf7unrcmh2drj7j70hxr35jxk,https://www.balanceanalytics.io/api/groupdata.json,2026-05-18T17:17:32+00:00
pool1g9dq4q05spsaxm0u3cqxyszycjyukzvdufc72etgtc875el0key,KID,https://www.balanceanalytics.io/api/groupdata.json,2026-05-18T17:17:32+00:00
pool1g9v6nnrn8x7jcj26mqernsh3h97g6gyhamttzg8q39yvjr60g7k,pool1g9v6nnrn8x7jcj26mqernsh3h97g6gyhamttzg8q39yvjr60g7k,https://www.balanceanalytics.io/api/groupdata.json,2026-05-18T17:17:32+00:00
pool1ga0h4pv0psju8z3j7l852elq92c7xshuspt27jklnx665r4l2q8,pool1ga0h4pv0psju8z3j7l852elq92c7xshuspt27jklnx665r4l2q8,https://www.balanceanalytics.io/api/groupdata.json,2026-05-18T17:17:32+00:00
pool1ga8rg7snafqj5t24zf4xr8cz7tl576ett05qf93qhcamgmkqmj3,pool1ga8rg7snafqj5t24zf4xr8cz7tl576ett05qf93qhcamgmkqmj3,https://www.balanceanalytics.io/api/groupdata.json,2026-05-18T17:17:32+00:00
pool1gaq7x3ejv47cykw2wrcyt99f3gcy3ayyuxsf6gqvd8j2jf90w4h,pool1gaq7x3ejv47cykw2wrcyt99f3gcy3ayyuxsf6gqvd8j2jf90w4h,https://www.balanceanalytics.io/api/groupdata.json,2026-05-18T17:17:32+00:00
pool1gas95lqlch5pj5e4lwg78gxlq7km9xfurfd557x4tgwk5kktd04,NEDS,https://www.balanceanalytics.io/api/groupdata.json,2026-05-18T17:17:32+00:00
pool1gavc60d7mz7vvhsh7grcrc8pmcy0zugrnxh3dklwx0sjsdva6sj,pool1gavc60d7mz7vvhsh7grcrc8pmcy0zugrnxh3dklwx0sjsdva6sj,https://www.balanceanalytics.io/api/groupdata.json,2026-05-18T17:17:32+00:00
pool1gaztx97t53k47fr7282d70tje8323vvzx8pshgts30t9krw62tm,ADALITE,https://www.balanceanalytics.io/api/groupdata.json,2026-05-18T17:17:32+00:00
pool1gclysx2h7fndj0jdajlmwvqr8q9tzu3rurjknacu0ff954fsg9a,1PCT,https://www.balanceanalytics.io/api/groupdata.json,2026-05-18T17:17:32+00:00
pool1gcqq0gt4hmgvq942x0s57lf3f4mhtexuuzgjrsmtj0kmsmqz32z,pool1gcqq0gt4hmgvq942x0s57lf3f4mhtexuuzgjrsmtj0kmsmqz32z,https://www.balanceanalytics.io/api/groupdata.json,2026-05-18T17:17:32+00:00
pool1gctelcfktanxhqfjw88vjp9v0ayumd6lr3re38pjw3kvvc8tanq,IOG,https://www.balanceanalytics.io/api/groupdata.json,2026-05-18T17:17:32+00:00
pool1gd3nuzly536f20e4kpm4ctkgv0ywes37qms6g7cy2f0xxf56nh7,pool1gd3nuzly536f20e4kpm4ctkgv0ywes37qms6g7cy2f0xxf56nh7,https://www.balanceanalytics.io/api/groupdata.json,2026-05-18T17:17:32+00:00
pool1gdgjzmp96kk0d0sj482655wqlq8jtc4t9xw8xzfwfx4tjyq73hw,pool1gdgjzmp96kk0d0sj482655wqlq8jtc4t9xw8xzfwfx4tjyq73hw,https://www.balanceanalytics.io/api/groupdata.json,2026-05-18T17:17:32+00:00
pool1gduk8s5stt3uej5nl9vs7marx8jjyeadwz3505gzvuqey2lch35,pool1gduk8s5stt3uej5nl9vs7marx8jjyeadwz3505gzvuqey2lch35,https://www.balanceanalytics.io/api/groupdata.json,2026-05-18T17:17:32+00:00
pool1gdyn4dggh5c9yn5cjve3dlljjkpwzdt2g4au8aszgwd6y97wde8,pool1gdyn4dggh5c9yn5cjve3dlljjkpwzdt2g4au8aszgwd6y97wde8,https://www.balanceanalytics.io/api/groupdata.json,2026-05-18T17:17:32+00:00
pool1ge06eu8lvdj6jakxw8zuwj3yxtpmeek8j8rgwqfshj7vg390fj0,IOG,https://www.balanceanalytics.io/api/groupdata.json,2026-05-18T17:17:32+00:00
pool1ge9c0gw40pzkcuj0xx6kevxz0hvwce7ac207lw2dtd58y957f74,pool1ge9c0gw40pzkcuj0xx6kevxz0hvwce7ac207lw2dtd58y957f74,https://www.balanceanalytics.io/api/groupdata.json,2026-05-18T17:17:32+00:00
pool1geay3px8pzv074thkg8p9t25d04nmxfpr3tqmlj3hvxqzsjygp3,pool1geay3px8pzv074thkg8p9t25d04nmxfpr3tqmlj3hvxqzsjygp3,https://www.balanceanalytics.io/api/groupdata.json,2026-05-18T17:17:32+00:00
pool1gecx8vya3f8lyre2gn9w53547p0rhkmq0x78zrw956lkcvn8uyp,LIQWID,https://www.balanceanalytics.io/api/groupdata.json,2026-05-18T17:17:32+00:00
pool1gerlsm26qanj8wv9xc48rmmx0e7gvu3k5sp9tvy8l67lw3l3w3p,pool1gerlsm26qanj8wv9xc48rmmx0e7gvu3k5sp9tvy8l67lw3l3w3p,https://www.balanceanalytics.io/api/groupdata.json,2026-05-18T17:17:32+00:00
pool1gf8a46j6hvhad8e48hez4084x34snpua8k7t3kzy9w42q6w60z8,pool1gf8a46j6hvhad8e48hez4084x34snpua8k7t3kzy9w42q6w60z8,https://www.balanceanalytics.io/api/groupdata.json,2026-05-18T17:17:32+00:00
pool1gg4vec4zld4fxyxxzg4ztz35wurgnwftyqrhgs8zslmh7e09laf,pool1gg4vec4zld4fxyxxzg4ztz35wurgnwftyqrhgs8zslmh7e09laf,https://www.balanceanalytics.io/api/groupdata.json,2026-05-18T17:17:32+00:00
pool1gglca5t7h2tky6jrhp08sxsf3mecvh0xk6sc4v3mcpfzc8jwu2w,pool1gglca5t7h2tky6jrhp08sxsf3mecvh0xk6sc4v3mcpfzc8jwu2w,https://www.balanceanalytics.io/api/groupdata.json,2026-05-18T17:17:32+00:00
pool1gh9fwg4cuz7whuthecj2ztj7deqhtgkn7avjgedn8jajw073vpj,pool1gh9fwg4cuz7whuthecj2ztj7deqhtgkn7avjgedn8jajw073vpj,https://www.balanceanalytics.io/api/groupdata.json,2026-05-18T17:17:32+00:00
pool1gha260s6hx855p49fc735w78p0kcp4hyxl8glymp5k5muk9jkgm,pool1gha260s6hx855p49fc735w78p0kcp4hyxl8glymp5k5muk9jkgm,https://www.balanceanalytics.io/api/groupdata.json,2026-05-18T17:17:32+00:00
pool1ghfmak7eu4t6f7ep8jkspt586l828z54xnxfw732yxlngtny0uh,pool1ghfmak7eu4t6f7ep8jkspt586l828z54xnxfw732yxlngtny0uh,https://www.balanceanalytics.io/api/groupdata.json,2026-05-18T17:17:32+00:00
pool1ghsq6nqsdmxxep9jrfml0j6jk935uhq7d9l5a0ltllev7nk2fa0,pool1ghsq6nqsdmxxep9jrfml0j6jk935uhq7d9l5a0ltllev7nk2fa0,https://www.balanceanalytics.io/api/groupdata.json,2026-05-18T17:17:32+00:00
pool1gjgayacevj69akdgu92p0eerkuamrwwj5cwnj4wez7yyj4g2jcl,pool1gjgayacevj69akdgu92p0eerkuamrwwj5cwnj4wez7yyj4g2jcl,https://www.balanceanalytics.io/api/groupdata.json,2026-05-18T17:17:32+00:00
pool1gjmerqh4wxl553enqeqgc6m3r3gt6yspdg29jy6nuypa6k2tpdt,pool1gjmerqh4wxl553enqeqgc6m3r3gt6yspdg29jy6nuypa6k2tpdt,https://www.balanceanalytics.io/api/groupdata.json,2026-05-18T17:17:32+00:00
pool1gk20vlqg7qq868avysckjcjtwyphtjurfwlgra45670ny6r4fww,COINBASE,https://www.balanceanalytics.io/api/groupdata.json,2026-05-18T17:17:32+00:00
pool1gkv6unq28836849kqyv9qg2j09t0qx03hevusuh40nzw6wumhxj,pool1gkv6unq28836849kqyv9qg2j09t0qx03hevusuh40nzw6wumhxj,https://www.balanceanalytics.io/api/groupdata.json,2026-05-18T17:17:32+00:00
pool1gl90juvqt674dhvr06f6vtth8uarhglx3q6cj3y3q0vdsy5ujsc,pool1gl90juvqt674dhvr06f6vtth8uarhglx3q6cj3y3q0vdsy5ujsc,https://www.balanceanalytics.io/api/groupdata.json,2026-05-18T17:17:32+00:00
pool1glll6eskvg5f4jcep5trqcgqa8zpekfv8d8a6jrprvcwum6u5jn,pool1glll6eskvg5f4jcep5trqcgqa8zpekfv8d8a6jrprvcwum6u5jn,https://www.balanceanalytics.io/api/groupdata.json,2026-05-18T17:17:32+00:00
pool1glnff4fwpzc6v43kcpu3re7ag2p2l0z4t0x0mg3v83f0qeg58yy,pool1glnff4fwpzc6v43kcpu3re7ag2p2l0z4t0x0mg3v83f0qeg58yy,https://www.balanceanalytics.io/api/groupdata.json,2026-05-18T17:17:32+00:00
pool1gm4mcrf8mytfetsj6ykulrmv4j70y7fhceawgdg2h09t5rtt7cf,pool1gm4mcrf8mytfetsj6ykulrmv4j70y7fhceawgdg2h09t5rtt7cf,https://www.balanceanalytics.io/api/groupdata.json,2026-05-18T17:17:32+00:00
pool1gmwp956mrfn5hcs7rp7nasa7xpwmx84kkkclyx48xwuh5dltmpj,pool1gmwp956mrfn5hcs7rp7nasa7xpwmx84kkkclyx48xwuh5dltmpj,https://www.balanceanalytics.io/api/groupdata.json,2026-05-18T17:17:32+00:00
pool1gn4vygcs9trs7pzzdcwv6djr69eq5ux8dmwy028zk5vhcpgn8ty,pool1gn4vygcs9trs7pzzdcwv6djr69eq5ux8dmwy028zk5vhcpgn8ty,https://www.balanceanalytics.io/api/groupdata.json,2026-05-18T17:17:32+00:00
pool1gnnwyf9vwcgtm3us0w0duuy43r9k7yhnchvyx0xqv9766ysw2a9,pool1gnnwyf9vwcgtm3us0w0duuy43r9k7yhnchvyx0xqv9766ysw2a9,https://www.balanceanalytics.io/api/groupdata.json,2026-05-18T17:17:32+00:00
pool1gntlh2yq89tpsd7kgaeuremj3s60rscqahyl52qzv0x87mt22rq,pool1gntlh2yq89tpsd7kgaeuremj3s60rscqahyl52qzv0x87mt22rq,https://www.balanceanalytics.io/api/groupdata.json,2026-05-18T17:17:32+00:00
pool1gp96eegsljwfqdjejxpx3vmwhr9dmtqrjswqwu23tcll2sq2ga2,pool1gp96eegsljwfqdjejxpx3vmwhr9dmtqrjswqwu23tcll2sq2ga2,https://www.balanceanalytics.io/api/groupdata.json,2026-05-18T17:17:32+00:00
pool1gpc08dtula7mpdzy3rnf9zfw8tp2n6c03ukj2kf5shqzca5ulw2,pool1gpc08dtula7mpdzy3rnf9zfw8tp2n6c03ukj2kf5shqzca5ulw2,https://www.balanceanalytics.io/api/groupdata.json,2026-05-18T17:17:32+00:00
pool1gplusrfxc087ep94rata3m02qpyqa6a6g4wezxf4fwwnczzyg3l,pool1gplusrfxc087ep94rata3m02qpyqa6a6g4wezxf4fwwnczzyg3l,https://www.balanceanalytics.io/api/groupdata.json,2026-05-18T17:17:32+00:00
pool1gppqnqfguctp6gu0q8l5wjhye0ny28yzfx93hkr384cfsezru0f,CAPEX,https://www.balanceanalytics.io/api/groupdata.json,2026-05-18T17:17:32+00:00
pool1gprrm7gehg9wlupqsvyf59l52q8wgr3y46p656r66t7zy7j2z66,pool1gprrm7gehg9wlupqsvyf59l52q8wgr3y46p656r66t7zy7j2z66,https://www.balanceanalytics.io/api/groupdata.json,2026-05-18T17:17:32+00:00
pool1gpz25s2aasmqnh9tg8a2rxmyxuvmj5s779htxk295e9ajnzjflc,pool1gpz25s2aasmqnh9tg8a2rxmyxuvmj5s779htxk295e9ajnzjflc,https://www.balanceanalytics.io/api/groupdata.json,2026-05-18T17:17:32+00:00
pool1gpz97nhqges80ggnefeshg3n4grprrltdvzqr8sz5fvxg3lekqh,pool1gpz97nhqges80ggnefeshg3n4grprrltdvzqr8sz5fvxg3lekqh,https://www.balanceanalytics.io/api/groupdata.json,2026-05-18T17:17:32+00:00
pool1gpzkwf3ntp7ky6yvyky8q6qu4dyup5y6v4pxzn56yut8sqp6k53,IOG,https://www.balanceanalytics.io/api/groupdata.json,2026-05-18T17:17:32+00:00
pool1gq07hfmull6etsr23l36cvwgfkym6jqn4q2dz5vz4y446yat70t,pool1gq07hfmull6etsr23l36cvwgfkym6jqn4q2dz5vz4y446yat70t,https://www.balanceanalytics.io/api/groupdata.json,2026-05-18T17:17:32+00:00
pool1gqf605yxhmyfasdjhf8yxcesztgzuek9gfuvy2dnyj5cyp8zga3,pool1gqf605yxhmyfasdjhf8yxcesztgzuek9gfuvy2dnyj5cyp8zga3,https://www.balanceanalytics.io/api/groupdata.json,2026-05-18T17:17:32+00:00
pool1gqgyta9sku3crjzfl9kj7kxsgfkt98y98yeu09kx22zscrezuj7,pool1gqgyta9sku3crjzfl9kj7kxsgfkt98y98yeu09kx22zscrezuj7,https://www.balanceanalytics.io/api/groupdata.json,2026-05-18T17:17:32+00:00
pool1gqk5pzqmrc9c6030m5sj2s3560ymm5ymq3hqjmz6vfdmx4mw5gs,pool1gqk5pzqmrc9c6030m5sj2s3560ymm5ymq3hqjmz6vfdmx4mw5gs,https://www.balanceanalytics.io/api/groupdata.json,2026-05-18T17:17:32+00:00
pool1gqmjahruyhxvec59g9wh0z67aqxa2k3n4al4lyafv08xk90zl2z,pool1gqmjahruyhxvec59g9wh0z67aqxa2k3n4al4lyafv08xk90zl2z,https://www.balanceanalytics.io/api/groupdata.json,2026-05-18T17:17:32+00:00
pool1gqp9e65nqy0q08dvqst6mk9fyc96sdels5drncsdz5d82dpw5gg,pool1gqp9e65nqy0q08dvqst6mk9fyc96sdels5drncsdz5d82dpw5gg,https://www.balanceanalytics.io/api/groupdata.json,2026-05-18T17:17:32+00:00
pool1gqvmk9a9djc7kpmv5mxuv3895c3p0n52efh79pkgcd5junvfqmr,pool1gqvmk9a9djc7kpmv5mxuv3895c3p0n52efh79pkgcd5junvfqmr,https://www.balanceanalytics.io/api/groupdata.json,2026-05-18T17:17:32+00:00
pool1gqvrgg7zycvf65ydkjeph72t0yx0f5ykzd9f477zh4f3smwk997,pool1gqvrgg7zycvf65ydkjeph72t0yx0f5ykzd9f477zh4f3smwk997,https://www.balanceanalytics.io/api/groupdata.json,2026-05-18T17:17:32+00:00
pool1gr7jlqk9kmhwuztdwcwf6nyr2teeq9r8h4y62ev0xrrvyvwly64,WESTBERG,https://www.balanceanalytics.io/api/groupdata.json,2026-05-18T17:17:32+00:00
pool1grgycym8cf0xmgjjr7gx7udmkpu93hqaygysy5myx6ghx8dvl5r,pool1grgycym8cf0xmgjjr7gx7udmkpu93hqaygysy5myx6ghx8dvl5r,https://www.balanceanalytics.io/api/groupdata.json,2026-05-18T17:17:32+00:00
pool1grhujlggx90ln0jcnrey4adckysxdx6rqfmx9s6fnhtc2g0qym0,GENS,https://www.balanceanalytics.io/api/groupdata.json,2026-05-18T17:17:32+00:00
pool1grlhzfvd93ea4832tm36hwd7y4h8ghnlwnp3awx5heffjttgf0u,BINANCE,https://www.balanceanalytics.io/api/groupdata.json,2026-05-18T17:17:32+00:00
pool1grnz2afeg7st9480vlzqc25gavvs4n34ndtktne8pnp8yutsmfv,pool1grnz2afeg7st9480vlzqc25gavvs4n34ndtktne8pnp8yutsmfv,https://www.balanceanalytics.io/api/groupdata.json,2026-05-18T17:17:32+00:00
pool1grz62pdyyakffeymsjxpkz4x9382y3zhfa8zu28tk2fpqxm6p5l,pool1grz62pdyyakffeymsjxpkz4x9382y3zhfa8zu28tk2fpqxm6p5l,https://www.balanceanalytics.io/api/groupdata.json,2026-05-18T17:17:32+00:00
pool1gseulah8qjuemuuh6wf2a2t2k2na7k8xrewdslcljprmcr2fqeq,ROCKX,https://www.balanceanalytics.io/api/groupdata.json,2026-05-18T17:17:32+00:00
pool1gsfu7c2ac6rh45dn836myms9flp99y0erppqez80nwehk9c70eu,pool1gsfu7c2ac6rh45dn836myms9flp99y0erppqez80nwehk9c70eu,https://www.balanceanalytics.io/api/groupdata.json,2026-05-18T17:17:32+00:00
pool1gslrt6mmljsqkzft6nd0q7w7g2fyhxpxx6sj4ff68x22kwx6unm,pool1gslrt6mmljsqkzft6nd0q7w7g2fyhxpxx6sj4ff68x22kwx6unm,https://www.balanceanalytics.io/api/groupdata.json,2026-05-18T17:17:32+00:00
pool1gsrcrjm6ctkquef6m8jsyvplv0j357hupn92uklqdcm7729ytv6,pool1gsrcrjm6ctkquef6m8jsyvplv0j357hupn92uklqdcm7729ytv6,https://www.balanceanalytics.io/api/groupdata.json,2026-05-18T17:17:32+00:00
pool1gtphgrdj8sluxm9e7ca2spcwcq2p0dxj9zf5v0yv3gsagzq704n,pool1gtphgrdj8sluxm9e7ca2spcwcq2p0dxj9zf5v0yv3gsagzq704n,https://www.balanceanalytics.io/api/groupdata.json,2026-05-18T17:17:32+00:00
pool1gu0jszyrg82ah4qhusx7lm90gsx5n9czsa48ast8tfegg5ztzuc,pool1gu0jszyrg82ah4qhusx7lm90gsx5n9czsa48ast8tfegg5ztzuc,https://www.balanceanalytics.io/api/groupdata.json,2026-05-18T17:17:32+00:00
pool1gu33fszp9ek0w9fkdt2xpnp4vznvvv2vhktc0dypa8fr53lc9pc,ARCADIA,https://www.balanceanalytics.io/api/groupdata.json,2026-05-18T17:17:32+00:00
pool1gu522f03e6azk25v5n6mur9zyl8ghe2ul8223zp3vfnp77fagfa,CHUCK BUX,https://www.balanceanalytics.io/api/groupdata.json,2026-05-18T17:17:32+00:00
pool1guzmpktw0h98ezwgekzcvw2wgmf58a3egcjaecx2yv8esrtv8tw,pool1guzmpktw0h98ezwgekzcvw2wgmf58a3egcjaecx2yv8esrtv8tw,https://www.balanceanalytics.io/api/groupdata.json,2026-05-18T17:17:32+00:00
pool1gvnkmpfu26vncrmhj6hr792kwu32hw553upadcphjwu4qewj7jz,pool1gvnkmpfu26vncrmhj6hr792kwu32hw553upadcphjwu4qewj7jz,https://www.balanceanalytics.io/api/groupdata.json,2026-05-18T17:17:32+00:00
pool1gvydgpt2nt6zchvt6fyc5h3w5g24nrrw54tskm0mkc6hqh4ye5n,pool1gvydgpt2nt6zchvt6fyc5h3w5g24nrrw54tskm0mkc6hqh4ye5n,https://www.balanceanalytics.io/api/groupdata.json,2026-05-18T17:17:32+00:00
pool1gw25vftc9nnqqgld043k2fsjsm76rkkcy2xjzqdm268cvlf698l,pool1gw25vftc9nnqqgld043k2fsjsm76rkkcy2xjzqdm268cvlf698l,https://www.balanceanalytics.io/api/groupdata.json,2026-05-18T17:17:32+00:00
pool1gwljutrkqx7km7ec2e8u93y0tvd8w07mgz2aaeqj75h9q7tntmq,NEW GUY,https://www.balanceanalytics.io/api/groupdata.json,2026-05-18T17:17:32+00:00
pool1gwnu7f7qgaruxph8gn3u28qphvquvnj63elyd3r0nndacj9g9pa,YUTA,https://www.balanceanalytics.io/api/groupdata.json,2026-05-18T17:17:32+00:00
pool1gwyuzpvu9vhe2ge4qmg2qca8y0pzmzmwpu872vwzwse6shlespw,pool1gwyuzpvu9vhe2ge4qmg2qca8y0pzmzmwpu872vwzwse6shlespw,https://www.balanceanalytics.io/api/groupdata.json,2026-05-18T17:17:32+00:00
pool1gx6eawfvnhckevmlzhfz9j3uzj92j2wgww0mdd2fu5d4zd4wvaa,BSSP,https://www.balanceanalytics.io/api/groupdata.json,2026-05-18T17:17:32+00:00
pool1gxvkc0576e75065p5k0csvwme9y2qrefd5ga66nx0z65xxjt8jk,pool1gxvkc0576e75065p5k0csvwme9y2qrefd5ga66nx0z65xxjt8jk,https://www.balanceanalytics.io/api/groupdata.json,2026-05-18T17:17:32+00:00
pool1gztqypddgmycs0fjat62k5f2kt4zjck4l4f2ffrsmagj2w8zkq3,pool1gztqypddgmycs0fjat62k5f2kt4zjck4l4f2ffrsmagj2w8zkq3,https://www.balanceanalytics.io/api/groupdata.json,2026-05-18T17:17:32+00:00
pool1h04mh7qugt09hp8mhjpvfl4t0rutmz703dd003e6qeny5jf9c57,pool1h04mh7qugt09hp8mhjpvfl4t0rutmz703dd003e6qeny5jf9c57,https://www.balanceanalytics.io/api/groupdata.json,2026-05-18T17:17:32+00:00
pool1h0524mtazrjnzqh5e4u060jsfk8lpsqqjfpa5gygjwuhqu34wvt,YUTA,https://www.balanceanalytics.io/api/groupdata.json,2026-05-18T17:17:32+00:00
pool1h08araxldht60j00vp8lzllmwyevjwqd5zwyprc62536gk4s5ge,pool1h08araxldht60j00vp8lzllmwyevjwqd5zwyprc62536gk4s5ge,https://www.balanceanalytics.io/api/groupdata.json,2026-05-18T17:17:32+00:00
pool1h0jfkyfqt729vxhq8ndxffcqn2afjhzzlwqecrvsufgu5sag0sj,RAID,https://www.balanceanalytics.io/api/groupdata.json,2026-05-18T17:17:32+00:00
pool1h0prd5vcdv6uk7hglztdcqfp5czjqxdydxkxkdhg8rrk22mr4ym,pool1h0prd5vcdv6uk7hglztdcqfp5czjqxdydxkxkdhg8rrk22mr4ym,https://www.balanceanalytics.io/api/groupdata.json,2026-05-18T17:17:32+00:00
pool1h26acqctjzuzk04uxc35mt5eavnlr5wyaqavmdqhd3s2zr8v7nm,pool1h26acqctjzuzk04uxc35mt5eavnlr5wyaqavmdqhd3s2zr8v7nm,https://www.balanceanalytics.io/api/groupdata.json,2026-05-18T17:17:32+00:00
pool1h2gdu3lj3tlyh79nhxv6794nrs3n5ccmjchy0w2gx3mlg79jtvr,THC,https://www.balanceanalytics.io/api/groupdata.json,2026-05-18T17:17:32+00:00
pool1h2q3cyle9yrjv4g6qvwqyrm5vk9qj38gtqndvavpqf6lkgpqvj3,pool1h2q3cyle9yrjv4g6qvwqyrm5vk9qj38gtqndvavpqf6lkgpqvj3,https://www.balanceanalytics.io/api/groupdata.json,2026-05-18T17:17:32+00:00
pool1h2vtxz36m93e2dw9mn4luh64372t794qsjcpgt3fqpnycc8qh3z,pool1h2vtxz36m93e2dw9mn4luh64372t794qsjcpgt3fqpnycc8qh3z,https://www.balanceanalytics.io/api/groupdata.json,2026-05-18T17:17:32+00:00
pool1h3aejp7fln74mwaraqjn65ve3j5zwqr7wk0pasct87wpkv0aspm,BEAST,https://www.balanceanalytics.io/api/groupdata.json,2026-05-18T17:17:32+00:00
pool1h40kkf28nr3amhs6nsmqn75aderg6cutmygr47czu2dw2dxzvgm,pool1h40kkf28nr3amhs6nsmqn75aderg6cutmygr47czu2dw2dxzvgm,https://www.balanceanalytics.io/api/groupdata.json,2026-05-18T17:17:32+00:00
pool1h40xjqda9wmw9cff5jss3ww9npujkhlvg6xjy9l5ujsu5rqlw28,pool1h40xjqda9wmw9cff5jss3ww9npujkhlvg6xjy9l5ujsu5rqlw28,https://www.balanceanalytics.io/api/groupdata.json,2026-05-18T17:17:32+00:00
pool1h4g295xugk46jdyxv4m55y9rp9kln0k5hy8fyk2kaef5u3gmt8y,pool1h4g295xugk46jdyxv4m55y9rp9kln0k5hy8fyk2kaef5u3gmt8y,https://www.balanceanalytics.io/api/groupdata.json,2026-05-18T17:17:32+00:00
pool1h4gwh638485yd0xcw0pkrm935nvm4aecqsxjx2yzzz0u6dfj73q,pool1h4gwh638485yd0xcw0pkrm935nvm4aecqsxjx2yzzz0u6dfj73q,https://www.balanceanalytics.io/api/groupdata.json,2026-05-18T17:17:32+00:00
pool1h4kgy087fvprx2gvfpuex92cj2xds5ulwpct25td903qj6sz38h,pool1h4kgy087fvprx2gvfpuex92cj2xds5ulwpct25td903qj6sz38h,https://www.balanceanalytics.io/api/groupdata.json,2026-05-18T17:17:32+00:00
pool1h4n266z2xz0v754qf8uu09cda7q68gpymt5dlf4zxcvlg3hq3r7,pool1h4n266z2xz0v754qf8uu09cda7q68gpymt5dlf4zxcvlg3hq3r7,https://www.balanceanalytics.io/api/groupdata.json,2026-05-18T17:17:32+00:00
pool1h5368szqrqvfy7txc5r2lyay0xx4fvp2w38mswplqknax8l9wl2,pool1h5368szqrqvfy7txc5r2lyay0xx4fvp2w38mswplqknax8l9wl2,https://www.balanceanalytics.io/api/groupdata.json,2026-05-18T17:17:32+00:00
pool1h59405hmvnxz2kyjpll3f65lnqhm7we3u96cws9vzzxzzws9gjc,pool1h59405hmvnxz2kyjpll3f65lnqhm7we3u96cws9vzzxzzws9gjc,https://www.balanceanalytics.io/api/groupdata.json,2026-05-18T17:17:32+00:00
pool1h5jtxde8j86qrnqzj32ugn480u7gw5xw8wqy5d227rl3vfg58qz,pool1h5jtxde8j86qrnqzj32ugn480u7gw5xw8wqy5d227rl3vfg58qz,https://www.balanceanalytics.io/api/groupdata.json,2026-05-18T17:17:32+00:00
pool1h5kewwuh5jh6cuq52nwu5w7g8488qsp8ja7ahs8p2ln8ygde8xf,pool1h5kewwuh5jh6cuq52nwu5w7g8488qsp8ja7ahs8p2ln8ygde8xf,https://www.balanceanalytics.io/api/groupdata.json,2026-05-18T17:17:32+00:00
pool1h5spwddnynn6dt2z3qz9tvkju7sn6s8ptqetyfpltsppwalukyg,pool1h5spwddnynn6dt2z3qz9tvkju7sn6s8ptqetyfpltsppwalukyg,https://www.balanceanalytics.io/api/groupdata.json,2026-05-18T17:17:32+00:00
pool1h5tldkcwftpnnwj4ygtfd8ts6mxkcv0qyes9tum9hxx27zrjzpf,pool1h5tldkcwftpnnwj4ygtfd8ts6mxkcv0qyes9tum9hxx27zrjzpf,https://www.balanceanalytics.io/api/groupdata.json,2026-05-18T17:17:32+00:00
pool1h5uycju7n5puxn2ckfkpza550rf6jk4twr6ef0hsmxft78ajt6q,IOG,https://www.balanceanalytics.io/api/groupdata.json,2026-05-18T17:17:32+00:00
pool1h5xdez7j0ncewgxs4m8fykjt9jzuy86t8e0m7m7m2l79w4jzzk2,pool1h5xdez7j0ncewgxs4m8fykjt9jzuy86t8e0m7m7m2l79w4jzzk2,https://www.balanceanalytics.io/api/groupdata.json,2026-05-18T17:17:32+00:00
pool1h66njz7qg7p3sa9dd8mptfhsy04pyxr9ca0v8zwkcz3eyg3g3au,BINANCE,https://www.balanceanalytics.io/api/groupdata.json,2026-05-18T17:17:32+00:00
pool1h6l7mhtqqvkgq5hyvkrjrrwddulx7zc6mxlrsezsspymckuuext,pool1h6l7mhtqqvkgq5hyvkrjrrwddulx7zc6mxlrsezsspymckuuext,https://www.balanceanalytics.io/api/groupdata.json,2026-05-18T17:17:32+00:00
pool1h6q8jj55dn6727yydlypu0rz4sflf2enxhs0thqydmddgu3shl5,pool1h6q8jj55dn6727yydlypu0rz4sflf2enxhs0thqydmddgu3shl5,https://www.balanceanalytics.io/api/groupdata.json,2026-05-18T17:17:32+00:00
pool1h707wwzd9a3wlsz2x2dwng0rn7vep6mggxlgww9u7szagx8elcn,pool1h707wwzd9a3wlsz2x2dwng0rn7vep6mggxlgww9u7szagx8elcn,https://www.balanceanalytics.io/api/groupdata.json,2026-05-18T17:17:32+00:00
pool1h7eevnu53zdfujqfzldw4jgdjh475u0glvtruwrnmdmycn6jdzs,pool1h7eevnu53zdfujqfzldw4jgdjh475u0glvtruwrnmdmycn6jdzs,https://www.balanceanalytics.io/api/groupdata.json,2026-05-18T17:17:32+00:00
pool1h7nugww5y2q74435nadg6gggsj20nj5v3dq0w2gjwp3qvrpvgzh,pool1h7nugww5y2q74435nadg6gggsj20nj5v3dq0w2gjwp3qvrpvgzh,https://www.balanceanalytics.io/api/groupdata.json,2026-05-18T17:17:32+00:00
pool1h85s0f86k4hsceqdpr906d8e99vn4yqu4ewd236ajlxpwxavz6h,pool1h85s0f86k4hsceqdpr906d8e99vn4yqu4ewd236ajlxpwxavz6h,https://www.balanceanalytics.io/api/groupdata.json,2026-05-18T17:17:32+00:00
pool1h8625k6vszveym92qandxwjv3wmnekc548yzcepr5w88ys824pg,pool1h8625k6vszveym92qandxwjv3wmnekc548yzcepr5w88ys824pg,https://www.balanceanalytics.io/api/groupdata.json,2026-05-18T17:17:32+00:00
pool1h8fnr4vlfcv9l4jlv9epalghy3zgjpye4wv85c4rafpvvfztsk7,pool1h8fnr4vlfcv9l4jlv9epalghy3zgjpye4wv85c4rafpvvfztsk7,https://www.balanceanalytics.io/api/groupdata.json,2026-05-18T17:17:32+00:00
pool1h92eaq3wksa7j3ecd8llyxva9kuyuz5ucm7a8hpwz8vhzj0wtsf,pool1h92eaq3wksa7j3ecd8llyxva9kuyuz5ucm7a8hpwz8vhzj0wtsf,https://www.balanceanalytics.io/api/groupdata.json,2026-05-18T17:17:32+00:00
pool1h9jr0f9evk3raxlljq6mt4gj7ej4v82afvnlc2wh28rwy2d8lsy,pool1h9jr0f9evk3raxlljq6mt4gj7ej4v82afvnlc2wh28rwy2d8lsy,https://www.balanceanalytics.io/api/groupdata.json,2026-05-18T17:17:32+00:00
pool1ha4z9zne9z7he43qf0tzv9pdq8cdj63xfrj8s246u89lkcwmq7w,pool1ha4z9zne9z7he43qf0tzv9pdq8cdj63xfrj8s246u89lkcwmq7w,https://www.balanceanalytics.io/api/groupdata.json,2026-05-18T17:17:32+00:00
pool1ha70qvqwnmnwpa7e575y9tgyx47aw29rvkz73mnf42z5wet5dr3,IOG,https://www.balanceanalytics.io/api/groupdata.json,2026-05-18T17:17:32+00:00
pool1haus36sw7cwyg8jdeg882mentse5txac7fmeew8ketuwky6q602,BD,https://www.balanceanalytics.io/api/groupdata.json,2026-05-18T17:17:32+00:00
pool1hazdxxruhhvgwnw2rac55cg8hm4xgf6ny2zfp0qzersrskv27tf,pool1hazdxxruhhvgwnw2rac55cg8hm4xgf6ny2zfp0qzersrskv27tf,https://www.balanceanalytics.io/api/groupdata.json,2026-05-18T17:17:32+00:00
pool1hc8y5s28zah72qsnnky93zxqcqcrvav7hz2l3sdj5gk5znztcty,pool1hc8y5s28zah72qsnnky93zxqcqcrvav7hz2l3sdj5gk5znztcty,https://www.balanceanalytics.io/api/groupdata.json,2026-05-18T17:17:32+00:00
pool1hcg8sa642l0xeygkzvpgn3sfj5s2yeuzpws7a0gypyy7grrjcje,HRMS,https://www.balanceanalytics.io/api/groupdata.json,2026-05-18T17:17:32+00:00
pool1hd0dnf3w025redyqptz7lyf9ex6m5aq885d9r2uczx04v755mey,pool1hd0dnf3w025redyqptz7lyf9ex6m5aq885d9r2uczx04v755mey,https://www.balanceanalytics.io/api/groupdata.json,2026-05-18T17:17:32+00:00
pool1hd5r62ktu43k53tskpr8xja8pyt5k6vws2fxylqm7hp5ye954ea,pool1hd5r62ktu43k53tskpr8xja8pyt5k6vws2fxylqm7hp5ye954ea,https://www.balanceanalytics.io/api/groupdata.json,2026-05-18T17:17:32+00:00
pool1hdglvd3xn5m0glqx3l8cy73ajdlxzn7ztlvzwuythj95kwnmvwe,pool1hdglvd3xn5m0glqx3l8cy73ajdlxzn7ztlvzwuythj95kwnmvwe,https://www.balanceanalytics.io/api/groupdata.json,2026-05-18T17:17:32+00:00
pool1hdhs8enev8my9cpfjcrdfde3v2zdsvvmlslm98tugj2kx0pcj8v,pool1hdhs8enev8my9cpfjcrdfde3v2zdsvvmlslm98tugj2kx0pcj8v,https://www.balanceanalytics.io/api/groupdata.json,2026-05-18T17:17:32+00:00
pool1hdk2awe7895dd2nzrfqjasckjflwtly6qpmvx4yttpex7ny236e,pool1hdk2awe7895dd2nzrfqjasckjflwtly6qpmvx4yttpex7ny236e,https://www.balanceanalytics.io/api/groupdata.json,2026-05-18T17:17:32+00:00
pool1hdug72ukeepdxqxz0new8e3nhq5cykkn3prky9wgrz5tgyf4ty2,pool1hdug72ukeepdxqxz0new8e3nhq5cykkn3prky9wgrz5tgyf4ty2,https://www.balanceanalytics.io/api/groupdata.json,2026-05-18T17:17:32+00:00
pool1heks0vmxkfka2amg9c8yn8qdsxvgmzelfx6jhpfkj8ht5mn0r2m,pool1heks0vmxkfka2amg9c8yn8qdsxvgmzelfx6jhpfkj8ht5mn0r2m,https://www.balanceanalytics.io/api/groupdata.json,2026-05-18T17:17:32+00:00
pool1helzgcd9sjm9xtyh9mw2wy06gekh6r52s6mx987q0p8lvklwura,pool1helzgcd9sjm9xtyh9mw2wy06gekh6r52s6mx987q0p8lvklwura,https://www.balanceanalytics.io/api/groupdata.json,2026-05-18T17:17:32+00:00
pool1her5uyhxcxeyxws60jrft4kkczc2uxyz3z2sq24582z9kvwsng0,pool1her5uyhxcxeyxws60jrft4kkczc2uxyz3z2sq24582z9kvwsng0,https://www.balanceanalytics.io/api/groupdata.json,2026-05-18T17:17:32+00:00
pool1hezakp5r240dy4fcsm7mfd3qqahcvyrhj8hl770yxmxxzdwvcre,pool1hezakp5r240dy4fcsm7mfd3qqahcvyrhj8hl770yxmxxzdwvcre,https://www.balanceanalytics.io/api/groupdata.json,2026-05-18T17:17:32+00:00
pool1hfn7yuwfyhmmqe4qpaxfewuly7cnemc6kqkv5npytj9vcrskh6j,pool1hfn7yuwfyhmmqe4qpaxfewuly7cnemc6kqkv5npytj9vcrskh6j,https://www.balanceanalytics.io/api/groupdata.json,2026-05-18T17:17:32+00:00
pool1hfxjswx4wnpfmdad660hvzx4knjhf32uwgg6wgsnqp98x9zz927,IOG,https://www.balanceanalytics.io/api/groupdata.json,2026-05-18T17:17:32+00:00
pool1hfzfx33ffjcma9xautgrg4ka0u32s062mmu8gw6fmf2zxftmp66,pool1hfzfx33ffjcma9xautgrg4ka0u32s062mmu8gw6fmf2zxftmp66,https://www.balanceanalytics.io/api/groupdata.json,2026-05-18T17:17:32+00:00
pool1hg8vu74hyaj5qm66ys83c0gmr44j66g2k8s9sns4htw27whsqwf,pool1hg8vu74hyaj5qm66ys83c0gmr44j66g2k8s9sns4htw27whsqwf,https://www.balanceanalytics.io/api/groupdata.json,2026-05-18T17:17:32+00:00
pool1hg9yyezrm6dslw9q767n5tlu0qk2ccvd4k9946vv7ymgvsvnttf,pool1hg9yyezrm6dslw9q767n5tlu0qk2ccvd4k9946vv7ymgvsvnttf,https://www.balanceanalytics.io/api/groupdata.json,2026-05-18T17:17:32+00:00
pool1hgksl8y3637f88zhet6g8j8seq2kzp6v2qt4ct2maxaxzt0pmmj,pool1hgksl8y3637f88zhet6g8j8seq2kzp6v2qt4ct2maxaxzt0pmmj,https://www.balanceanalytics.io/api/groupdata.json,2026-05-18T17:17:32+00:00
pool1hgz6tcl8xjm8zsyp5e53xa4n9mk0ag04tlnnenjge75uxng032f,pool1hgz6tcl8xjm8zsyp5e53xa4n9mk0ag04tlnnenjge75uxng032f,https://www.balanceanalytics.io/api/groupdata.json,2026-05-18T17:17:32+00:00
pool1hhjhc2w06rxchw7xt2eqrrfhwpqklrzpz0vvr3ak69f3kdzsxqq,pool1hhjhc2w06rxchw7xt2eqrrfhwpqklrzpz0vvr3ak69f3kdzsxqq,https://www.balanceanalytics.io/api/groupdata.json,2026-05-18T17:17:32+00:00
pool1hhlzudyzp80xch7r0vamq58hpdnspagutvgqwptsmr0tk2425vf,pool1hhlzudyzp80xch7r0vamq58hpdnspagutvgqwptsmr0tk2425vf,https://www.balanceanalytics.io/api/groupdata.json,2026-05-18T17:17:32+00:00
pool1hht4pctn70tqdsd0zwuxv8d8cz6l5scjzaquty7vamyzy78eqvc,ACL,https://www.balanceanalytics.io/api/groupdata.json,2026-05-18T17:17:32+00:00
pool1hjjj584gq0ynqf06g036a4a0stpm90asrdfskpasqjxf5948ygv,pool1hjjj584gq0ynqf06g036a4a0stpm90asrdfskpasqjxf5948ygv,https://www.balanceanalytics.io/api/groupdata.json,2026-05-18T17:17:32+00:00
pool1hjlkmtquuanfvvumfwsu395gdrmt36kda0x6wwwpz4kqctg5lyy,pool1hjlkmtquuanfvvumfwsu395gdrmt36kda0x6wwwpz4kqctg5lyy,https://www.balanceanalytics.io/api/groupdata.json,2026-05-18T17:17:32+00:00
pool1hjpax8lf2hmct63xxrspe9zzmmywcrzw89yg3nacu0axzy0latu,pool1hjpax8lf2hmct63xxrspe9zzmmywcrzw89yg3nacu0axzy0latu,https://www.balanceanalytics.io/api/groupdata.json,2026-05-18T17:17:32+00:00
pool1hjszxsd493fmr99g2d8evnqlrlurscu00n8jv9mz8qm42f7jvln,pool1hjszxsd493fmr99g2d8evnqlrlurscu00n8jv9mz8qm42f7jvln,https://www.balanceanalytics.io/api/groupdata.json,2026-05-18T17:17:32+00:00
pool1hjz482dskv7vvc3wpmgwy2avx784c26xq8v5pc8dm0ne6shyfzr,pool1hjz482dskv7vvc3wpmgwy2avx784c26xq8v5pc8dm0ne6shyfzr,https://www.balanceanalytics.io/api/groupdata.json,2026-05-18T17:17:32+00:00
pool1hk58eyf4gtm54rx3nl7p236wtm2c68dmg2femcrqg9z6qeajcc9,pool1hk58eyf4gtm54rx3nl7p236wtm2c68dmg2femcrqg9z6qeajcc9,https://www.balanceanalytics.io/api/groupdata.json,2026-05-18T17:17:32+00:00
pool1hkden8jdnfr246809hc5eqv4dylm3gwtvju92ay38yvywfnthcg,pool1hkden8jdnfr246809hc5eqv4dylm3gwtvju92ay38yvywfnthcg,https://www.balanceanalytics.io/api/groupdata.json,2026-05-18T17:17:32+00:00
pool1hkklrx9ac7w57d79mnv76rxlgq4acg5ecwhyep7k3zn0u5cz2k9,AZUR,https://www.balanceanalytics.io/api/groupdata.json,2026-05-18T17:17:32+00:00
pool1hkpgddlnya3pgktj3sxdraa8x8400vhaphcudvym9ye22esak43,WEP,https://www.balanceanalytics.io/api/groupdata.json,2026-05-18T17:17:32+00:00
pool1hkr5zcthjvcn3ffncc4jqk5ctxxfrk37h7uddqnvxd4cu872nrt,pool1hkr5zcthjvcn3ffncc4jqk5ctxxfrk37h7uddqnvxd4cu872nrt,https://www.balanceanalytics.io/api/groupdata.json,2026-05-18T17:17:32+00:00
pool1hl9tn0qpujfss69h6jr3wepc0e7tuczchpfu7nu4ma006u5scfw,pool1hl9tn0qpujfss69h6jr3wepc0e7tuczchpfu7nu4ma006u5scfw,https://www.balanceanalytics.io/api/groupdata.json,2026-05-18T17:17:32+00:00
pool1hlmx2f5jk7swklpvpvw0j4vpxzx7zfx6aes72z9g9ff26ycgpjj,pool1hlmx2f5jk7swklpvpvw0j4vpxzx7zfx6aes72z9g9ff26ycgpjj,https://www.balanceanalytics.io/api/groupdata.json,2026-05-18T17:17:32+00:00
pool1hm44a7vgy9l48ayf3r5klzl3z75we44awpq92feuj8ufyfd5ds6,pool1hm44a7vgy9l48ayf3r5klzl3z75we44awpq92feuj8ufyfd5ds6,https://www.balanceanalytics.io/api/groupdata.json,2026-05-18T17:17:32+00:00
pool1hm55kzfkyll747qqwe5wnlqlu75kt9hm36nj0eruhez7wqyd58p,pool1hm55kzfkyll747qqwe5wnlqlu75kt9hm36nj0eruhez7wqyd58p,https://www.balanceanalytics.io/api/groupdata.json,2026-05-18T17:17:32+00:00
pool1hm7xrx2ghnapcw58wdhj3q56fqs49c7lxqwz9emm4az9xxr5gwq,pool1hm7xrx2ghnapcw58wdhj3q56fqs49c7lxqwz9emm4az9xxr5gwq,https://www.balanceanalytics.io/api/groupdata.json,2026-05-18T17:17:32+00:00
pool1hmgufw0zuwtf5h4nudugkvu9qgk8zefrz70tv4ng4vhq5frzeuf,pool1hmgufw0zuwtf5h4nudugkvu9qgk8zefrz70tv4ng4vhq5frzeuf,https://www.balanceanalytics.io/api/groupdata.json,2026-05-18T17:17:32+00:00
pool1hmmt5a9vyjtkz0tk6ywyyuhumt57hts5m89m9avgyyupveaejfr,FIMI,https://www.balanceanalytics.io/api/groupdata.json,2026-05-18T17:17:32+00:00
pool1hmtm4mukp5gs7fgrp0k997lveh4psq9qpeqa6ldugq9nsfcdxmp,pool1hmtm4mukp5gs7fgrp0k997lveh4psq9qpeqa6ldugq9nsfcdxmp,https://www.balanceanalytics.io/api/groupdata.json,2026-05-18T17:17:32+00:00
pool1hn7hlwrschqykupwwrtdfkvt2u4uaxvsgxyh6z63703p2knj288,pool1hn7hlwrschqykupwwrtdfkvt2u4uaxvsgxyh6z63703p2knj288,https://www.balanceanalytics.io/api/groupdata.json,2026-05-18T17:17:32+00:00
pool1hn84ecxekdpke5tpv6rvnr69sj6rwcrsfj2ctu0jprl6uurdeht,pool1hn84ecxekdpke5tpv6rvnr69sj6rwcrsfj2ctu0jprl6uurdeht,https://www.balanceanalytics.io/api/groupdata.json,2026-05-18T17:17:32+00:00
pool1hnaps49hfe3uljp4cleu4amhes6wvatufyvgt2tjdtj3xjrgknk,UPBIT,https://www.balanceanalytics.io/api/groupdata.json,2026-05-18T17:17:32+00:00
pool1hnnfvsq3xlln6vz7d2xmk6kqekd5z4ctmfpdad8g8kr0yk8kdfd,AZUR,https://www.balanceanalytics.io/api/groupdata.json,2026-05-18T17:17:32+00:00
pool1hnp560z9e5acwux8tjguxq36j9r255zuf02u7z2d46dvcf5zhns,pool1hnp560z9e5acwux8tjguxq36j9r255zuf02u7z2d46dvcf5zhns,https://www.balanceanalytics.io/api/groupdata.json,2026-05-18T17:17:32+00:00
pool1hntu7agmt8u5j9c20ejen7dvq0jfkvkpnul3mrdd8tppqvwfvt2,BLOOM,https://www.balanceanalytics.io/api/groupdata.json,2026-05-18T17:17:32+00:00
pool1hnukelq3ap6pj3wnetj448efj4nalngy756jln9zd2mjsp73etg,UPBIT,https://www.balanceanalytics.io/api/groupdata.json,2026-05-18T17:17:32+00:00
pool1hnxgzyzsyk89gnsnvfuulw63k3r05t4z8yg5lk4gsa0aygj384a,pool1hnxgzyzsyk89gnsnvfuulw63k3r05t4z8yg5lk4gsa0aygj384a,https://www.balanceanalytics.io/api/groupdata.json,2026-05-18T17:17:32+00:00
pool1hqlvn3qndgkne52uhe5347nlysmmec73ys9vduk96rs4jzjjyxm,ETORO,https://www.balanceanalytics.io/api/groupdata.json,2026-05-18T17:17:32+00:00
pool1hqwxta8p0j8ffkyle5mf6yg80tucqzh8q9mszws60xe5ja06nwa,WMOPS,https://www.balanceanalytics.io/api/groupdata.json,2026-05-18T17:17:32+00:00
pool1hr4t5a052rh773vml9pra5planumw2tjn9cg6nsrzq64jdz907s,pool1hr4t5a052rh773vml9pra5planumw2tjn9cg6nsrzq64jdz907s,https://www.balanceanalytics.io/api/groupdata.json,2026-05-18T17:17:32+00:00
pool1hrehmhknpv5j9eeuxtxtys94safytkd6kyayuyyrul2q7gxaljj,pool1hrehmhknpv5j9eeuxtxtys94safytkd6kyayuyyrul2q7gxaljj,https://www.balanceanalytics.io/api/groupdata.json,2026-05-18T17:17:32+00:00
pool1hrfv7z55k4m2q6ghemu56r3zkw7dt5wd5xay5yw7an7p7aw33ac,pool1hrfv7z55k4m2q6ghemu56r3zkw7dt5wd5xay5yw7an7p7aw33ac,https://www.balanceanalytics.io/api/groupdata.json,2026-05-18T17:17:32+00:00
pool1hrn5rm7e02r90hvt5l5fwmujul39y0cpkxn2t7avn6hqwt3m9j3,pool1hrn5rm7e02r90hvt5l5fwmujul39y0cpkxn2t7avn6hqwt3m9j3,https://www.balanceanalytics.io/api/groupdata.json,2026-05-18T17:17:32+00:00
pool1hrv8gtrm0dgjg6zyss5uwa4nkruzfnh5vrdkr2sayj7x2nw6mjc,pool1hrv8gtrm0dgjg6zyss5uwa4nkruzfnh5vrdkr2sayj7x2nw6mjc,https://www.balanceanalytics.io/api/groupdata.json,2026-05-18T17:17:32+00:00
pool1hsq2jrulgj97tna2femdhsfn2wurkkwt8uk9uvs42h9zs0a783p,YUTA,https://www.balanceanalytics.io/api/groupdata.json,2026-05-18T17:17:32+00:00
pool1ht35ft8az9k9u7gnc2yut7usj96he5mqngthunyf2kmnsl2kmed,pool1ht35ft8az9k9u7gnc2yut7usj96he5mqngthunyf2kmnsl2kmed,https://www.balanceanalytics.io/api/groupdata.json,2026-05-18T17:17:32+00:00
pool1ht96rufwrzcuee2xzhayptq5f3qlp693vwjmagj506aex9zkj3v,pool1ht96rufwrzcuee2xzhayptq5f3qlp693vwjmagj506aex9zkj3v,https://www.balanceanalytics.io/api/groupdata.json,2026-05-18T17:17:32+00:00
pool1htw66pdahtg57f0k4zwrx9gn568x5s5n47pgxn0w9dufqu5ckkm,pool1htw66pdahtg57f0k4zwrx9gn568x5s5n47pgxn0w9dufqu5ckkm,https://www.balanceanalytics.io/api/groupdata.json,2026-05-18T17:17:32+00:00
pool1hut596zjmx2eunuwt8vjnh953ezgtvc3cwv3nat8cepsc2jeaxe,pool1hut596zjmx2eunuwt8vjnh953ezgtvc3cwv3nat8cepsc2jeaxe,https://www.balanceanalytics.io/api/groupdata.json,2026-05-18T17:17:32+00:00
pool1huxl069mddvz0n95zg95u6gyx7ycvy0f0z0rh8md9w6kyvur9h6,ASTRL,https://www.balanceanalytics.io/api/groupdata.json,2026-05-18T17:17:32+00:00
pool1huyzkfxwnttj7r4530hv7gc5v6mzk75vuzysc75aemu85mae9vd,pool1huyzkfxwnttj7r4530hv7gc5v6mzk75vuzysc75aemu85mae9vd,https://www.balanceanalytics.io/api/groupdata.json,2026-05-18T17:17:32+00:00
pool1hv3yae6keeeu2y7eusejx4swd2myfkurldt7lasn2qu4xk20j8m,pool1hv3yae6keeeu2y7eusejx4swd2myfkurldt7lasn2qu4xk20j8m,https://www.balanceanalytics.io/api/groupdata.json,2026-05-18T17:17:32+00:00
pool1hv59awqky90plv68xun2k3rd7jqfe5y2c4ry8f7p0x9pxhd7wqr,CHUCK BUX,https://www.balanceanalytics.io/api/groupdata.json,2026-05-18T17:17:32+00:00
pool1hvevy8qu5lwg7ul66xmzvwv8zwdgdradsg9ncvrflm7dvy407e0,pool1hvevy8qu5lwg7ul66xmzvwv8zwdgdradsg9ncvrflm7dvy407e0,https://www.balanceanalytics.io/api/groupdata.json,2026-05-18T17:17:32+00:00
pool1hw3cgyx7tvxh2fpd46k9sqgruu5pfnzt4nxuyv2w7nlmusutda2,pool1hw3cgyx7tvxh2fpd46k9sqgruu5pfnzt4nxuyv2w7nlmusutda2,https://www.balanceanalytics.io/api/groupdata.json,2026-05-18T17:17:32+00:00
pool1hwa8vs4m7urnxpfn9jve8a4papex85ylzjz46v9stkrvuwqakkv,pool1hwa8vs4m7urnxpfn9jve8a4papex85ylzjz46v9stkrvuwqakkv,https://www.balanceanalytics.io/api/groupdata.json,2026-05-18T17:17:32+00:00
pool1hwlghkwnjsjk8370qt3dvp23d7urwm36f95fmxcz3np2kghknj9,pool1hwlghkwnjsjk8370qt3dvp23d7urwm36f95fmxcz3np2kghknj9,https://www.balanceanalytics.io/api/groupdata.json,2026-05-18T17:17:32+00:00
pool1hwnl625swgnlp5w7e8dqz0chlz3kl05tm2lawwy8xq2l5uz5h0y,pool1hwnl625swgnlp5w7e8dqz0chlz3kl05tm2lawwy8xq2l5uz5h0y,https://www.balanceanalytics.io/api/groupdata.json,2026-05-18T17:17:32+00:00
pool1hx4wc45qhhychdvquhem0q3madcs2mp4r0wllk70zkpxz7jhyf4,CHUCK BUX,https://www.balanceanalytics.io/api/groupdata.json,2026-05-18T17:17:32+00:00
pool1hxdcr4u22lytge79hr5hds39e90jsdmhafphdgnn4hlqvl4qlt7,pool1hxdcr4u22lytge79hr5hds39e90jsdmhafphdgnn4hlqvl4qlt7,https://www.balanceanalytics.io/api/groupdata.json,2026-05-18T17:17:32+00:00
pool1hxlu84r3xhce4gcc4rdqzlwdprqjptd2jqky572g35jfsjrnzww,ROCKX,https://www.balanceanalytics.io/api/groupdata.json,2026-05-18T17:17:32+00:00
pool1hy08gpvzkutxkg3ccxwmkzqaun9cd0styl4dtpqp2yxq2rjxehj,NEW GUY,https://www.balanceanalytics.io/api/groupdata.json,2026-05-18T17:17:32+00:00
pool1hyqdlnuff3rnvg9lx70ccca2xqxcezzz4998tp6chhxnx2st257,COINBASE,https://www.balanceanalytics.io/api/groupdata.json,2026-05-18T17:17:32+00:00
pool1j045vdrzmj3hl36p50c6mhhpwtu2q7cmecnrqjuqq0khja02sr0,pool1j045vdrzmj3hl36p50c6mhhpwtu2q7cmecnrqjuqq0khja02sr0,https://www.balanceanalytics.io/api/groupdata.json,2026-05-18T17:17:32+00:00
pool1j099ctc7kcc9fa78dz5qwsy2g0n96lrgletwxvxmyzh4zd7ck0j,pool1j099ctc7kcc9fa78dz5qwsy2g0n96lrgletwxvxmyzh4zd7ck0j,https://www.balanceanalytics.io/api/groupdata.json,2026-05-18T17:17:32+00:00
pool1j0j39t2dfmkflfnvresds8vlfhwg75qwufa95u55nw376ky29r8,IOG,https://www.balanceanalytics.io/api/groupdata.json,2026-05-18T17:17:32+00:00
pool1j0tvk2j7x5las9s3sp3vd8aqvg28nupyhdt3p9qxke3r2avw9dj,pool1j0tvk2j7x5las9s3sp3vd8aqvg28nupyhdt3p9qxke3r2avw9dj,https://www.balanceanalytics.io/api/groupdata.json,2026-05-18T17:17:32+00:00
pool1j0ys5378p896epefs0q2ehx3h9rrd4gupd33adkza7g3q02f6np,pool1j0ys5378p896epefs0q2ehx3h9rrd4gupd33adkza7g3q02f6np,https://www.balanceanalytics.io/api/groupdata.json,2026-05-18T17:17:32+00:00
pool1j276s043qh2knv3ukmap6sra6sk7p5khuetzwx9h43wqydzsx8c,COINBASE,https://www.balanceanalytics.io/api/groupdata.json,2026-05-18T17:17:32+00:00
pool1j2fvu8gh25ctsx7fkyvkxpjfllzukcvu9nlsc92uj4sjwy4qzdf,pool1j2fvu8gh25ctsx7fkyvkxpjfllzukcvu9nlsc92uj4sjwy4qzdf,https://www.balanceanalytics.io/api/groupdata.json,2026-05-18T17:17:32+00:00
pool1j2g7nwksj60fszcz6pxsf2hyzny9ch673en08xjlx05jwxeh2uz,pool1j2g7nwksj60fszcz6pxsf2hyzny9ch673en08xjlx05jwxeh2uz,https://www.balanceanalytics.io/api/groupdata.json,2026-05-18T17:17:32+00:00
pool1j2lzgkv7lpjd727tq5efty2aqemphw32vx02ldu3jnuxuyvwvyx,pool1j2lzgkv7lpjd727tq5efty2aqemphw32vx02ldu3jnuxuyvwvyx,https://www.balanceanalytics.io/api/groupdata.json,2026-05-18T17:17:32+00:00
pool1j3660wj8q4ur8lhfm9ja9grc88eqfkd57gxsqsrwheefk3pv4rr,pool1j3660wj8q4ur8lhfm9ja9grc88eqfkd57gxsqsrwheefk3pv4rr,https://www.balanceanalytics.io/api/groupdata.json,2026-05-18T17:17:32+00:00
pool1j3azwphh66wk6efre3ezjjw8mqljqmnxe5qr9tyfmjdq6eqe5fc,pool1j3azwphh66wk6efre3ezjjw8mqljqmnxe5qr9tyfmjdq6eqe5fc,https://www.balanceanalytics.io/api/groupdata.json,2026-05-18T17:17:32+00:00
pool1j3dcwqjtu632kcvu2lfcjdxc0cl8cyec7ejk2nrnmj23qx78ghu,pool1j3dcwqjtu632kcvu2lfcjdxc0cl8cyec7ejk2nrnmj23qx78ghu,https://www.balanceanalytics.io/api/groupdata.json,2026-05-18T17:17:32+00:00
pool1j3kzujz0m07detlksr26sx7smft8xn280695zgu60zjhge9566f,pool1j3kzujz0m07detlksr26sx7smft8xn280695zgu60zjhge9566f,https://www.balanceanalytics.io/api/groupdata.json,2026-05-18T17:17:32+00:00
pool1j3t6mhgndeuzqkpcj6csyxfhsr2fkgwknk6e4tjeeqhnc52fjc9,pool1j3t6mhgndeuzqkpcj6csyxfhsr2fkgwknk6e4tjeeqhnc52fjc9,https://www.balanceanalytics.io/api/groupdata.json,2026-05-18T17:17:32+00:00
pool1j3umdcuxcewcxz98wm3sx5xqwgxx0v7z376xyjfq4jgejpvv8fz,MASTR,https://www.balanceanalytics.io/api/groupdata.json,2026-05-18T17:17:32+00:00
pool1j4nkshfytq8tww99ttfwvrmv8n7yq2tvuw0xlphelzzw6vfghwq,pool1j4nkshfytq8tww99ttfwvrmv8n7yq2tvuw0xlphelzzw6vfghwq,https://www.balanceanalytics.io/api/groupdata.json,2026-05-18T17:17:32+00:00
pool1j55hm5wkgcegrpn25nnfl0rgjdje26fhw9uxmgxf8dez2uups3y,pool1j55hm5wkgcegrpn25nnfl0rgjdje26fhw9uxmgxf8dez2uups3y,https://www.balanceanalytics.io/api/groupdata.json,2026-05-18T17:17:32+00:00
pool1j5kx7rp08axydqevxhmujs5vthfv5kjzq2h40edpychlxg5twqw,pool1j5kx7rp08axydqevxhmujs5vthfv5kjzq2h40edpychlxg5twqw,https://www.balanceanalytics.io/api/groupdata.json,2026-05-18T17:17:32+00:00
pool1j5tw5wwfvk2zllqycg0cunu8emtd5g9tgymp0uayc6nzujunrhq,pool1j5tw5wwfvk2zllqycg0cunu8emtd5g9tgymp0uayc6nzujunrhq,https://www.balanceanalytics.io/api/groupdata.json,2026-05-18T17:17:32+00:00
pool1j5ukjmhn96jslmcd6k3ymj3vnjf3wpjn9sarhk7m7vtkv7ll2w3,pool1j5ukjmhn96jslmcd6k3ymj3vnjf3wpjn9sarhk7m7vtkv7ll2w3,https://www.balanceanalytics.io/api/groupdata.json,2026-05-18T17:17:32+00:00
pool1j6490a90qefvsqxdurf99z9ld50rtthaz9ms6c8xh78s52veuq2,pool1j6490a90qefvsqxdurf99z9ld50rtthaz9ms6c8xh78s52veuq2,https://www.balanceanalytics.io/api/groupdata.json,2026-05-18T17:17:32+00:00
pool1j6dh3ynys827j38976q0q3s3c9hpzgx40kjcq4472h6m7d3t0hm,pool1j6dh3ynys827j38976q0q3s3c9hpzgx40kjcq4472h6m7d3t0hm,https://www.balanceanalytics.io/api/groupdata.json,2026-05-18T17:17:32+00:00
pool1j6jx6knedgcysdyjcdchlq9hcmhc062jttck9lav7a8aklta6mk,BINANCE,https://www.balanceanalytics.io/api/groupdata.json,2026-05-18T17:17:32+00:00
pool1j6uz7hz3mzd5hncsnvdw04q7785kpxx4vfze686zekdly7jz7gl,pool1j6uz7hz3mzd5hncsnvdw04q7785kpxx4vfze686zekdly7jz7gl,https://www.balanceanalytics.io/api/groupdata.json,2026-05-18T17:17:32+00:00
pool1j6xfryctrxm4aplw3vnrtgfsvqdr35exenxqse5kzxmfue7qqmr,COINBASE,https://www.balanceanalytics.io/api/groupdata.json,2026-05-18T17:17:32+00:00
pool1j6zqawj6f58lp4p00t26eqe58gxx4pa3cudlzpkv23y92nlxjzd,pool1j6zqawj6f58lp4p00t26eqe58gxx4pa3cudlzpkv23y92nlxjzd,https://www.balanceanalytics.io/api/groupdata.json,2026-05-18T17:17:32+00:00
pool1j742gcsul7u8c05rsqmkgpkvj5qadj0pew69nctu6crqy9wjjn4,pool1j742gcsul7u8c05rsqmkgpkvj5qadj0pew69nctu6crqy9wjjn4,https://www.balanceanalytics.io/api/groupdata.json,2026-05-18T17:17:32+00:00
pool1j7cypyjzhcfuy0gsuc2vtd48cpsc0utmqkq09fjlp5dgsjrs7pg,pool1j7cypyjzhcfuy0gsuc2vtd48cpsc0utmqkq09fjlp5dgsjrs7pg,https://www.balanceanalytics.io/api/groupdata.json,2026-05-18T17:17:32+00:00
pool1j7ge435yx9wwwmfae6lqmapjxzrucclrhpvr6d4amldh56gncp0,pool1j7ge435yx9wwwmfae6lqmapjxzrucclrhpvr6d4amldh56gncp0,https://www.balanceanalytics.io/api/groupdata.json,2026-05-18T17:17:32+00:00
pool1j8355yxxpfuhqyda4lrj8c9cdghaang3wvwge8jq8nlxurvfqv7,pool1j8355yxxpfuhqyda4lrj8c9cdghaang3wvwge8jq8nlxurvfqv7,https://www.balanceanalytics.io/api/groupdata.json,2026-05-18T17:17:32+00:00
pool1j8grqucdwwcr0cwzxrtw30vqcptg0jdlrmauq5w7ytvqx6nf5np,VINCE,https://www.balanceanalytics.io/api/groupdata.json,2026-05-18T17:17:32+00:00
pool1j8hdpr3vhzvn4pa0cvtwjzz2ujcukk8uqdvnlnkvp6xvvfxg7vh,pool1j8hdpr3vhzvn4pa0cvtwjzz2ujcukk8uqdvnlnkvp6xvvfxg7vh,https://www.balanceanalytics.io/api/groupdata.json,2026-05-18T17:17:32+00:00
pool1j8r3q09v0tx48f78u4kxldmakryd384uk6cg9rrlzjhtu93027r,pool1j8r3q09v0tx48f78u4kxldmakryd384uk6cg9rrlzjhtu93027r,https://www.balanceanalytics.io/api/groupdata.json,2026-05-18T17:17:32+00:00
pool1j9fa2lrwgdp84ca2je90jf5u3r097cmwds7pzferqauk57lthmu,pool1j9fa2lrwgdp84ca2je90jf5u3r097cmwds7pzferqauk57lthmu,https://www.balanceanalytics.io/api/groupdata.json,2026-05-18T17:17:32+00:00
pool1j9qrcwg28mgsu38p5jkrwpthff5pmm5wdpprghg2xrvfyfcm5ls,pool1j9qrcwg28mgsu38p5jkrwpthff5pmm5wdpprghg2xrvfyfcm5ls,https://www.balanceanalytics.io/api/groupdata.json,2026-05-18T17:17:32+00:00
pool1j9ze7q33a349acqgqrzu9ypn38qjcp8fwajwhacgsdulgp2cn3r,pool1j9ze7q33a349acqgqrzu9ypn38qjcp8fwajwhacgsdulgp2cn3r,https://www.balanceanalytics.io/api/groupdata.json,2026-05-18T17:17:32+00:00
pool1jajk60l7cxswawl3359d92n8e86fgzcre4skwhjynhj42srxvvy,pool1jajk60l7cxswawl3359d92n8e86fgzcre4skwhjynhj42srxvvy,https://www.balanceanalytics.io/api/groupdata.json,2026-05-18T17:17:32+00:00
pool1jakl9kqhx87ywc7fcxweaxvna9khxhzyh6v8j70u6zpaxa45ghh,pool1jakl9kqhx87ywc7fcxweaxvna9khxhzyh6v8j70u6zpaxa45ghh,https://www.balanceanalytics.io/api/groupdata.json,2026-05-18T17:17:32+00:00
pool1jayej3rwf5ynfmmu7583x3w2j73dcedtflgnazdezfn3kl6062x,pool1jayej3rwf5ynfmmu7583x3w2j73dcedtflgnazdezfn3kl6062x,https://www.balanceanalytics.io/api/groupdata.json,2026-05-18T17:17:32+00:00
pool1jc24u7v5xsaw9dw6s0vftjat8ssc8ru4c0uhrj8zpm3usnrp03t,pool1jc24u7v5xsaw9dw6s0vftjat8ssc8ru4c0uhrj8zpm3usnrp03t,https://www.balanceanalytics.io/api/groupdata.json,2026-05-18T17:17:32+00:00
pool1jcetszf3sh39hc8nezj5pzj3ukg4fhfjwdqkmwg8ern8u3c4y7v,BD,https://www.balanceanalytics.io/api/groupdata.json,2026-05-18T17:17:32+00:00
pool1jcpwtg5ce6xr42v37nk3xahmduwrs87mvd6pkm92v7tj2ux8v5j,pool1jcpwtg5ce6xr42v37nk3xahmduwrs87mvd6pkm92v7tj2ux8v5j,https://www.balanceanalytics.io/api/groupdata.json,2026-05-18T17:17:32+00:00
pool1jd33dsshcmepweqwmrgn9jc0lqfnammnua8yc2qq9w0txxkawt6,BINANCE,https://www.balanceanalytics.io/api/groupdata.json,2026-05-18T17:17:32+00:00
pool1jdhjfcu34lq88rypdtslzwyf27uh0h3apcr9mjd68zhc69r29fy,ADALITE,https://www.balanceanalytics.io/api/groupdata.json,2026-05-18T17:17:32+00:00
pool1je2n5smmnyn3lh92xrp8nepjyfp596ypga6pmdecwtcrcj9uvec,pool1je2n5smmnyn3lh92xrp8nepjyfp596ypga6pmdecwtcrcj9uvec,https://www.balanceanalytics.io/api/groupdata.json,2026-05-18T17:17:32+00:00
pool1je5j68dcgm0hynv4fd2t2xsplmad40adneu68vp3h4nlcdaznwc,ASTRL,https://www.balanceanalytics.io/api/groupdata.json,2026-05-18T17:17:32+00:00
pool1jepxzmqljthtfvcx9dhcp7rysg9n40z6jxr9cw7963h0qv8mz60,pool1jepxzmqljthtfvcx9dhcp7rysg9n40z6jxr9cw7963h0qv8mz60,https://www.balanceanalytics.io/api/groupdata.json,2026-05-18T17:17:32+00:00
pool1jeu6mkn43sc8y0yf5jwtfy6g5yc7lmyt3psm2tlue7pfg8deygg,pool1jeu6mkn43sc8y0yf5jwtfy6g5yc7lmyt3psm2tlue7pfg8deygg,https://www.balanceanalytics.io/api/groupdata.json,2026-05-18T17:17:32+00:00
pool1jeu74g86ys4fekhykqcww99kdsq3nlym8a6kfw8s8ff3vskad70,KAIZN,https://www.balanceanalytics.io/api/groupdata.json,2026-05-18T17:17:32+00:00
pool1jezf7dcx26edfpxmpuh05yen64a9cj44xm2ggsapcxrtqewfek2,pool1jezf7dcx26edfpxmpuh05yen64a9cj44xm2ggsapcxrtqewfek2,https://www.balanceanalytics.io/api/groupdata.json,2026-05-18T17:17:32+00:00
pool1jf32ru0d9mcre5pp7yundjdfcz8qlhmw4f5cftgh8vkqy8scj09,pool1jf32ru0d9mcre5pp7yundjdfcz8qlhmw4f5cftgh8vkqy8scj09,https://www.balanceanalytics.io/api/groupdata.json,2026-05-18T17:17:32+00:00
pool1jf4kt5qvyx4plvv7gna2y2f7xsjh3mt2szk2ff23ryd8qg826hj,WESTBERG,https://www.balanceanalytics.io/api/groupdata.json,2026-05-18T17:17:32+00:00
pool1jg3fmnmc9n52sgzslhhvhye5e3xeqmrwkekdhh82sma47r47zg0,ADALITE,https://www.balanceanalytics.io/api/groupdata.json,2026-05-18T17:17:32+00:00
pool1jg3utnyfpjlnudaz5575hrfvwe3rqw0kj7775qjexa595asvsqy,pool1jg3utnyfpjlnudaz5575hrfvwe3rqw0kj7775qjexa595asvsqy,https://www.balanceanalytics.io/api/groupdata.json,2026-05-18T17:17:32+00:00
pool1jgcqnvptqaktjyz48jfw6mywtk86e32w0t37zampt4utvuxp7ut,pool1jgcqnvptqaktjyz48jfw6mywtk86e32w0t37zampt4utvuxp7ut,https://www.balanceanalytics.io/api/groupdata.json,2026-05-18T17:17:32+00:00
pool1jgwu8lq3dqddnnx7prymcgcyrqy0fdlghg33he2hmw9t2gma3zd,KIWI,https://www.balanceanalytics.io/api/groupdata.json,2026-05-18T17:17:32+00:00
pool1jh4caf4afnjdgne8m95addh93e7zf6zlnx0pk5flcvylsps7nsp,pool1jh4caf4afnjdgne8m95addh93e7zf6zlnx0pk5flcvylsps7nsp,https://www.balanceanalytics.io/api/groupdata.json,2026-05-18T17:17:32+00:00
pool1jh5p5627hzqxdzjutfenz83qs7p2qtha4kvst3hs0829sdc0ksm,pool1jh5p5627hzqxdzjutfenz83qs7p2qtha4kvst3hs0829sdc0ksm,https://www.balanceanalytics.io/api/groupdata.json,2026-05-18T17:17:32+00:00
pool1jhca0ycgclhc3ae860llt8fwtgvkw4p44m0khs2df5xawk4kx8t,pool1jhca0ycgclhc3ae860llt8fwtgvkw4p44m0khs2df5xawk4kx8t,https://www.balanceanalytics.io/api/groupdata.json,2026-05-18T17:17:32+00:00
pool1jhzf2mm6zdlhl6w89uhgx8nq8p6ykcc86qq58vjy0ejyxrrksfj,LOVE,https://www.balanceanalytics.io/api/groupdata.json,2026-05-18T17:17:32+00:00
pool1jj2hvts3ryffy5txm7w0am3zt7s7sehdf8rrwfesjmr7shv0mgl,FIMI,https://www.balanceanalytics.io/api/groupdata.json,2026-05-18T17:17:32+00:00
pool1jjry6f6q0swaq457ft9eclaxaskvrxnpj0v3w8edsyfryml3vj6,STACK,https://www.balanceanalytics.io/api/groupdata.json,2026-05-18T17:17:32+00:00
pool1jk25l2pejpdzq8vdjlxrr05th49v9tgd78fqrtxvuw3rumpfc6t,pool1jk25l2pejpdzq8vdjlxrr05th49v9tgd78fqrtxvuw3rumpfc6t,https://www.balanceanalytics.io/api/groupdata.json,2026-05-18T17:17:32+00:00
pool1jk9na2mu29wwap6pprs0c98j3rvh4jva95f5m3hxnwq86tk9c0l,pool1jk9na2mu29wwap6pprs0c98j3rvh4jva95f5m3hxnwq86tk9c0l,https://www.balanceanalytics.io/api/groupdata.json,2026-05-18T17:17:32+00:00
pool1jkmxntr970uy6t0lr8qlpezr5lcymha5z4jymv3hvy2xkngf89q,pool1jkmxntr970uy6t0lr8qlpezr5lcymha5z4jymv3hvy2xkngf89q,https://www.balanceanalytics.io/api/groupdata.json,2026-05-18T17:17:32+00:00
pool1jldj0znj8rltkuj4sumqq5z6p8sdt3yk4qde90q42daru5kgfl6,UPBIT,https://www.balanceanalytics.io/api/groupdata.json,2026-05-18T17:17:32+00:00
pool1jm8s3r3xq4kpawavy096rqle964exle3lxwnpvx62wjnwadwd5l,pool1jm8s3r3xq4kpawavy096rqle964exle3lxwnpvx62wjnwadwd5l,https://www.balanceanalytics.io/api/groupdata.json,2026-05-18T17:17:32+00:00
pool1jmw0strgchxurvgamymrexjn2lypxslexaz0q7la3078vnple57,pool1jmw0strgchxurvgamymrexjn2lypxslexaz0q7la3078vnple57,https://www.balanceanalytics.io/api/groupdata.json,2026-05-18T17:17:32+00:00
pool1jmx55w5ydjkn4xd58gmr9xgt5t46ngs48aek779t92e7zcqfw97,pool1jmx55w5ydjkn4xd58gmr9xgt5t46ngs48aek779t92e7zcqfw97,https://www.balanceanalytics.io/api/groupdata.json,2026-05-18T17:17:32+00:00
pool1jp3wtdhgpeu6qf53upw5rupaqwtl7pzvcuuyyn0f8u3xgx5755y,pool1jp3wtdhgpeu6qf53upw5rupaqwtl7pzvcuuyyn0f8u3xgx5755y,https://www.balanceanalytics.io/api/groupdata.json,2026-05-18T17:17:32+00:00
pool1jp67hct7n86tdkr7qxrfh3q0xl973rl6986aawxkrqz6wq4ymc9,pool1jp67hct7n86tdkr7qxrfh3q0xl973rl6986aawxkrqz6wq4ymc9,https://www.balanceanalytics.io/api/groupdata.json,2026-05-18T17:17:32+00:00
pool1jp9plcy9uqq0y832sj90r40sed03ft9pjczwy4zgy25hx9cj79e,pool1jp9plcy9uqq0y832sj90r40sed03ft9pjczwy4zgy25hx9cj79e,https://www.balanceanalytics.io/api/groupdata.json,2026-05-18T17:17:32+00:00
pool1jpezycd8q3l6a255dv8wt7vpt4aay8llqakdn7vkum5swes4hu3,pool1jpezycd8q3l6a255dv8wt7vpt4aay8llqakdn7vkum5swes4hu3,https://www.balanceanalytics.io/api/groupdata.json,2026-05-18T17:17:32+00:00
pool1jphnr6n8v7hg4rhsmel2s6yunjalthar07vv7rwvgsky5q8k49h,pool1jphnr6n8v7hg4rhsmel2s6yunjalthar07vv7rwvgsky5q8k49h,https://www.balanceanalytics.io/api/groupdata.json,2026-05-18T17:17:32+00:00
pool1jpz5m45ff4r6tnq7n5tw63fkhpmw3cyv8sn569w24x8lj3kl68c,pool1jpz5m45ff4r6tnq7n5tw63fkhpmw3cyv8sn569w24x8lj3kl68c,https://www.balanceanalytics.io/api/groupdata.json,2026-05-18T17:17:32+00:00
pool1jq3s8emkm332n7vd3n57amjzspvt3hygh4wqsyp33psugvw7zc0,pool1jq3s8emkm332n7vd3n57amjzspvt3hygh4wqsyp33psugvw7zc0,https://www.balanceanalytics.io/api/groupdata.json,2026-05-18T17:17:32+00:00
pool1jq4r0fq8ntr2flwv7kcv2n0zcdumqrc8n2dn7rcf44pv6ljfl99,pool1jq4r0fq8ntr2flwv7kcv2n0zcdumqrc8n2dn7rcf44pv6ljfl99,https://www.balanceanalytics.io/api/groupdata.json,2026-05-18T17:17:32+00:00
pool1jq7083uth03spzhg5ag6gfgg24ux6fjuhng8vj2wdz8jkukqvcl,pool1jq7083uth03spzhg5ag6gfgg24ux6fjuhng8vj2wdz8jkukqvcl,https://www.balanceanalytics.io/api/groupdata.json,2026-05-18T17:17:32+00:00
pool1jq7r3evstu2c040vlry8tgvpwf0mfvft86cxecwjpwcuvvqfu2r,CCV,https://www.balanceanalytics.io/api/groupdata.json,2026-05-18T17:17:32+00:00
pool1jqdvgk0csfnwftkzn6vyz7fq8s3606uu6k7wa9xrn0jpzg4r304,pool1jqdvgk0csfnwftkzn6vyz7fq8s3606uu6k7wa9xrn0jpzg4r304,https://www.balanceanalytics.io/api/groupdata.json,2026-05-18T17:17:32+00:00
pool1jqfk2y5wked4sjpx9sqxn6dmut8hq2n9qlreymqtpxuc5l38fl0,pool1jqfk2y5wked4sjpx9sqxn6dmut8hq2n9qlreymqtpxuc5l38fl0,https://www.balanceanalytics.io/api/groupdata.json,2026-05-18T17:17:32+00:00
pool1jql92je87mrx5gpjhmwr6a8a766cktcf5p0p8wd0wxq87nu80yf,DIGI,https://www.balanceanalytics.io/api/groupdata.json,2026-05-18T17:17:32+00:00
pool1jqnja8k6400l2q5twjtqn650ms6erzz5hxxdpahk5ne2s5v0ajz,pool1jqnja8k6400l2q5twjtqn650ms6erzz5hxxdpahk5ne2s5v0ajz,https://www.balanceanalytics.io/api/groupdata.json,2026-05-18T17:17:32+00:00
pool1jqnywskl2n92fx65thtew8zlj3vqfrqxz7zyj70tt7d3qmn0m9t,BINANCE,https://www.balanceanalytics.io/api/groupdata.json,2026-05-18T17:17:32+00:00
pool1jqssxka8hu94aj6f4w3s8l5m6juqmx0hk3ges48jfac6zngmkh8,pool1jqssxka8hu94aj6f4w3s8l5m6juqmx0hk3ges48jfac6zngmkh8,https://www.balanceanalytics.io/api/groupdata.json,2026-05-18T17:17:32+00:00
pool1jqw9cv37w0eewvdr36w2kacd2w9wh5uwm2y3vmc0fmdfc0ax26l,pool1jqw9cv37w0eewvdr36w2kacd2w9wh5uwm2y3vmc0fmdfc0ax26l,https://www.balanceanalytics.io/api/groupdata.json,2026-05-18T17:17:32+00:00
pool1jqxp8hn0ywdrg3clzha9c2u7qh3zsh68u55wh50vdmecupc5rxs,pool1jqxp8hn0ywdrg3clzha9c2u7qh3zsh68u55wh50vdmecupc5rxs,https://www.balanceanalytics.io/api/groupdata.json,2026-05-18T17:17:32+00:00
pool1jrsmda62uar63wrndmdg3jupdtmmtsxmnqt66r3mm33wj2fd2yh,pool1jrsmda62uar63wrndmdg3jupdtmmtsxmnqt66r3mm33wj2fd2yh,https://www.balanceanalytics.io/api/groupdata.json,2026-05-18T17:17:32+00:00
pool1jrst9acplgqk95469zu68xv5xj802lqxe682jjsd39z26ddj8ur,pool1jrst9acplgqk95469zu68xv5xj802lqxe682jjsd39z26ddj8ur,https://www.balanceanalytics.io/api/groupdata.json,2026-05-18T17:17:32+00:00
pool1jrws5cpc6nydu0yxrexf5vflgga0fr4qlduz8cs3pgqmye3xurt,pool1jrws5cpc6nydu0yxrexf5vflgga0fr4qlduz8cs3pgqmye3xurt,https://www.balanceanalytics.io/api/groupdata.json,2026-05-18T17:17:32+00:00
pool1js3l2kgut64prz0q0a8px7qtyduclfm3h2kuvrl5gfzmy0waxyt,pool1js3l2kgut64prz0q0a8px7qtyduclfm3h2kuvrl5gfzmy0waxyt,https://www.balanceanalytics.io/api/groupdata.json,2026-05-18T17:17:32+00:00
pool1js570lkcs6t3pwsj3eda0zz43mc5gm922ae5rdxcfn84gu5uyrg,pool1js570lkcs6t3pwsj3eda0zz43mc5gm922ae5rdxcfn84gu5uyrg,https://www.balanceanalytics.io/api/groupdata.json,2026-05-18T17:17:32+00:00
pool1js763t3yw63ffsxqpume8974z03hdlm4nddnezhfla6dskln37v,pool1js763t3yw63ffsxqpume8974z03hdlm4nddnezhfla6dskln37v,https://www.balanceanalytics.io/api/groupdata.json,2026-05-18T17:17:32+00:00
pool1jsala5rdc0hjewcvu9dujcz8jpfxp7hadqr3r3hzs63skhhtpqs,BINANCE,https://www.balanceanalytics.io/api/groupdata.json,2026-05-18T17:17:32+00:00
pool1jslaut45plz6ek7grjyzxz6kzgerr7p5204h9sprh3msw6d8yht,pool1jslaut45plz6ek7grjyzxz6kzgerr7p5204h9sprh3msw6d8yht,https://www.balanceanalytics.io/api/groupdata.json,2026-05-18T17:17:32+00:00
pool1jssdknzgsg4fm3v70uvhrtfjtakwpr5q6x0dwc0fcff8wtd05f6,pool1jssdknzgsg4fm3v70uvhrtfjtakwpr5q6x0dwc0fcff8wtd05f6,https://www.balanceanalytics.io/api/groupdata.json,2026-05-18T17:17:32+00:00
pool1jst7rrhucnp93hepezv5yqy6fx982xs2v0udwfc5ea6my3kfak7,EVE,https://www.balanceanalytics.io/api/groupdata.json,2026-05-18T17:17:32+00:00
pool1jsv2hveu0n6sw7zesdcmc8cfle2xp5w7ma6qlt4xvh62cxly5wc,BINANCE,https://www.balanceanalytics.io/api/groupdata.json,2026-05-18T17:17:32+00:00
pool1jsxk3ymqv2gdc6mhqk52544g2aun4zhq5wgx6n32l5s3jlne70n,pool1jsxk3ymqv2gdc6mhqk52544g2aun4zhq5wgx6n32l5s3jlne70n,https://www.balanceanalytics.io/api/groupdata.json,2026-05-18T17:17:32+00:00
pool1jt7d6ak3m8gnjyxtuxfswe258xzwda80ndl0a57vv5m2zv8h6at,pool1jt7d6ak3m8gnjyxtuxfswe258xzwda80ndl0a57vv5m2zv8h6at,https://www.balanceanalytics.io/api/groupdata.json,2026-05-18T17:17:32+00:00
pool1ju00mkurj9t920staddyd3ln9r98kktx38jrer0zp82eg8x36jf,pool1ju00mkurj9t920staddyd3ln9r98kktx38jrer0zp82eg8x36jf,https://www.balanceanalytics.io/api/groupdata.json,2026-05-18T17:17:32+00:00
pool1ju8f57hyvaa32tp85r468kuedvmjmcy56f8u9968drea57p50l5,AICHI,https://www.balanceanalytics.io/api/groupdata.json,2026-05-18T17:17:32+00:00
pool1jufp9k6gmyusvch65ra8yk2s7wu6cx5fsgnltl83p93ejg6h3xg,CNODE,https://www.balanceanalytics.io/api/groupdata.json,2026-05-18T17:17:32+00:00
pool1jv4yvr5edp7qp690hk3qfudwmw28n2wygjxyhaecqkzeqh0wlem,pool1jv4yvr5edp7qp690hk3qfudwmw28n2wygjxyhaecqkzeqh0wlem,https://www.balanceanalytics.io/api/groupdata.json,2026-05-18T17:17:32+00:00
pool1jv9pf6w2fmjqpaekyt74tjkmjxhma8wsqs8ur3dte45tqdxe3t0,pool1jv9pf6w2fmjqpaekyt74tjkmjxhma8wsqs8ur3dte45tqdxe3t0,https://www.balanceanalytics.io/api/groupdata.json,2026-05-18T17:17:32+00:00
pool1jvknf3dwtnqln5hcjrh5m7s979revuj5dlxr0337nwmm6p7250q,pool1jvknf3dwtnqln5hcjrh5m7s979revuj5dlxr0337nwmm6p7250q,https://www.balanceanalytics.io/api/groupdata.json,2026-05-18T17:17:32+00:00
pool1jwfj798wxytm5jkpr8ulwu30z9paqfmqe4fj392cqn4rv2ksxra,pool1jwfj798wxytm5jkpr8ulwu30z9paqfmqe4fj392cqn4rv2ksxra,https://www.balanceanalytics.io/api/groupdata.json,2026-05-18T17:17:32+00:00
pool1jwgt6tydz6f4kw7la2hxxqwzq0m8spj3reyju08nm07xjnlg3d0,NEW GUY,https://www.balanceanalytics.io/api/groupdata.json,2026-05-18T17:17:32+00:00
pool1jwnwfayw3gq3wpn76n9vc6v4pmu8jdwtjdqz5zrf0aljcmd4pl9,pool1jwnwfayw3gq3wpn76n9vc6v4pmu8jdwtjdqz5zrf0aljcmd4pl9,https://www.balanceanalytics.io/api/groupdata.json,2026-05-18T17:17:32+00:00
pool1jwpt6qmmkvfusvwan4f9pfhn7pljsm33lcqf7ftya3mtc0fs2nz,pool1jwpt6qmmkvfusvwan4f9pfhn7pljsm33lcqf7ftya3mtc0fs2nz,https://www.balanceanalytics.io/api/groupdata.json,2026-05-18T17:17:32+00:00
pool1jx4ss2zjage3cw0wht3450328y82yeprmq4fr3e2qtac2rhezkv,YUTA,https://www.balanceanalytics.io/api/groupdata.json,2026-05-18T17:17:32+00:00
pool1jxv3my3c70e8pfr0cgm6esatehey2ml3v0qk8x236aw32eu0fcy,pool1jxv3my3c70e8pfr0cgm6esatehey2ml3v0qk8x236aw32eu0fcy,https://www.balanceanalytics.io/api/groupdata.json,2026-05-18T17:17:32+00:00
pool1jyn6ynmz6qcpr48et0rkdk9j4vuyn6d0qdlsahc0jls8jrs708g,pool1jyn6ynmz6qcpr48et0rkdk9j4vuyn6d0qdlsahc0jls8jrs708g,https://www.balanceanalytics.io/api/groupdata.json,2026-05-18T17:17:32+00:00
pool1jyutduy73e5u9877uns3k9rm0tf4r24j8lrn4xtkjpl3q5sn5mw,pool1jyutduy73e5u9877uns3k9rm0tf4r24j8lrn4xtkjpl3q5sn5mw,https://www.balanceanalytics.io/api/groupdata.json,2026-05-18T17:17:32+00:00
pool1jz4vmzq5zkedem6wep8c99fxatxgvymlvdzs9qxxn7xsuv4m8um,pool1jz4vmzq5zkedem6wep8c99fxatxgvymlvdzs9qxxn7xsuv4m8um,https://www.balanceanalytics.io/api/groupdata.json,2026-05-18T17:17:32+00:00
pool1jz5ljsnj4fzmk84j0wcw9ldy866dn07nzqg2ktyuyjvfvr3jgtq,DIGI,https://www.balanceanalytics.io/api/groupdata.json,2026-05-18T17:17:32+00:00
pool1jzk8rwf2fs5l02dmm6pm5tnw9stmd8jpmvsy54085vu2u2656re,ETORO,https://www.balanceanalytics.io/api/groupdata.json,2026-05-18T17:17:32+00:00
pool1jzvjnmsquaw4psvjudkehqp8lmz77lf28h4ldqr6n72us3plkpl,pool1jzvjnmsquaw4psvjudkehqp8lmz77lf28h4ldqr6n72us3plkpl,https://www.balanceanalytics.io/api/groupdata.json,2026-05-18T17:17:32+00:00
pool1jzzacpnd5zu5ys29v4qjntf50vvdhn69wt2rpdquweclzayyrkt,pool1jzzacpnd5zu5ys29v4qjntf50vvdhn69wt2rpdquweclzayyrkt,https://www.balanceanalytics.io/api/groupdata.json,2026-05-18T17:17:32+00:00
pool1k0d5szkmzsw6035ytsm8dv75d4ewu5gkm7c7dhsjug9uvkaunz3,pool1k0d5szkmzsw6035ytsm8dv75d4ewu5gkm7c7dhsjug9uvkaunz3,https://www.balanceanalytics.io/api/groupdata.json,2026-05-18T17:17:32+00:00
pool1k0h45kcsfynjfyplgn6qpaw40n3cvlcrdryez04x40ayq6w9dgh,pool1k0h45kcsfynjfyplgn6qpaw40n3cvlcrdryez04x40ayq6w9dgh,https://www.balanceanalytics.io/api/groupdata.json,2026-05-18T17:17:32+00:00
pool1k0nj2ry97x2t4hh3cmj887s4cux8gywgc6gp3s6mq9lp6m2e9w6,pool1k0nj2ry97x2t4hh3cmj887s4cux8gywgc6gp3s6mq9lp6m2e9w6,https://www.balanceanalytics.io/api/groupdata.json,2026-05-18T17:17:32+00:00
pool1k0sdhxunrkpv6dqdhhn3wkul8ytxhskt9erw94h66xe46nsqp0c,pool1k0sdhxunrkpv6dqdhhn3wkul8ytxhskt9erw94h66xe46nsqp0c,https://www.balanceanalytics.io/api/groupdata.json,2026-05-18T17:17:32+00:00
pool1k0ucs0fau2vhr3p7qh7mnpfgrllwwda7petxjz2gzzaxkyp8f88,pool1k0ucs0fau2vhr3p7qh7mnpfgrllwwda7petxjz2gzzaxkyp8f88,https://www.balanceanalytics.io/api/groupdata.json,2026-05-18T17:17:32+00:00
pool1k0uv5fhsr74we0w7gfkv6m7r9rfpvgz2u7v66ppe0vxsvj0pzvt,pool1k0uv5fhsr74we0w7gfkv6m7r9rfpvgz2u7v66ppe0vxsvj0pzvt,https://www.balanceanalytics.io/api/groupdata.json,2026-05-18T17:17:32+00:00
pool1k0w7n5rfxdzgfxpy8x6t7zfy6pfwrp54se7ezhxxed2x7mfmszy,pool1k0w7n5rfxdzgfxpy8x6t7zfy6pfwrp54se7ezhxxed2x7mfmszy,https://www.balanceanalytics.io/api/groupdata.json,2026-05-18T17:17:32+00:00
pool1k0xa8wlsntmjhtw2shj3tspqd4kjyquw9tuyx5s7zz5jsyw4y2p,WMOPS,https://www.balanceanalytics.io/api/groupdata.json,2026-05-18T17:17:32+00:00
pool1k0xrqp03mn9u3q3sadndd6vu9udl5v38xpzyw0shm8sskuxw2av,YUTA,https://www.balanceanalytics.io/api/groupdata.json,2026-05-18T17:17:32+00:00
pool1k2224hj6uhdgkflj6ncqvmfhqvhlhj0t8crhqux5mphwwumupec,UPBIT,https://www.balanceanalytics.io/api/groupdata.json,2026-05-18T17:17:32+00:00
pool1k26f25u5uqvhxuj20x3p72kx5gx4lc658f55kr328y5xzh0x4et,pool1k26f25u5uqvhxuj20x3p72kx5gx4lc658f55kr328y5xzh0x4et,https://www.balanceanalytics.io/api/groupdata.json,2026-05-18T17:17:32+00:00
pool1k2cj852umvq5f527x9u7p58mnletdzx29gr4e4npv4nc6m3hch9,pool1k2cj852umvq5f527x9u7p58mnletdzx29gr4e4npv4nc6m3hch9,https://www.balanceanalytics.io/api/groupdata.json,2026-05-18T17:17:32+00:00
pool1k2qhlrrweu8fecd4hx4hn22lv00nrd3rjdxj6durax7m78q7ynu,5BINARIES,https://www.balanceanalytics.io/api/groupdata.json,2026-05-18T17:17:32+00:00
pool1k2rhjxppp87k488zfeu9t24hl4jgjrjcqxwfg4q7jcu6wvkfwpn,pool1k2rhjxppp87k488zfeu9t24hl4jgjrjcqxwfg4q7jcu6wvkfwpn,https://www.balanceanalytics.io/api/groupdata.json,2026-05-18T17:17:32+00:00
pool1k2yfr7tapqzfgdn7vq2u44225rtqxctelr6dp0xjqggrwnx9hnw,pool1k2yfr7tapqzfgdn7vq2u44225rtqxctelr6dp0xjqggrwnx9hnw,https://www.balanceanalytics.io/api/groupdata.json,2026-05-18T17:17:32+00:00
pool1k3mtxd2duy4848gx8knvlsas7w77f3k2cplwk6hjul72646fjte,pool1k3mtxd2duy4848gx8knvlsas7w77f3k2cplwk6hjul72646fjte,https://www.balanceanalytics.io/api/groupdata.json,2026-05-18T17:17:32+00:00
pool1k3qcz2ruwtgv0vduu6jhzu7d7uu6ca7sxz7lc3sxzwxay98k842,BINANCE,https://www.balanceanalytics.io/api/groupdata.json,2026-05-18T17:17:32+00:00
pool1k3wpsc8q8za2qeptx5kv73r76hs5gvp59gga6ad6u5hnj3scy3q,CPU,https://www.balanceanalytics.io/api/groupdata.json,2026-05-18T17:17:32+00:00
pool1k468tmpfxqexnwyf3y7e3syglyxzmuqggmjm3cc4gy3skmm557a,pool1k468tmpfxqexnwyf3y7e3syglyxzmuqggmjm3cc4gy3skmm557a,https://www.balanceanalytics.io/api/groupdata.json,2026-05-18T17:17:32+00:00
pool1k53pf4wzn263c08e3wr3gttndfecm9f4uzekgctcx947vt7fh2p,pool1k53pf4wzn263c08e3wr3gttndfecm9f4uzekgctcx947vt7fh2p,https://www.balanceanalytics.io/api/groupdata.json,2026-05-18T17:17:32+00:00
pool1k5a5e3ylva34qpmwdywv7fn75wt3gzv423e9uw2vmw5rqjc2q7t,pool1k5a5e3ylva34qpmwdywv7fn75wt3gzv423e9uw2vmw5rqjc2q7t,https://www.balanceanalytics.io/api/groupdata.json,2026-05-18T17:17:32+00:00
pool1k633phcvz2hjhj45evwwau4w576jpq83acg5h84w23jauqu56cw,NORTH,https://www.balanceanalytics.io/api/groupdata.json,2026-05-18T17:17:32+00:00
pool1k65vmd0uyy0k5eylunwakd99m9j0n2hfynkxzd9472276m32p50,pool1k65vmd0uyy0k5eylunwakd99m9j0n2hfynkxzd9472276m32p50,https://www.balanceanalytics.io/api/groupdata.json,2026-05-18T17:17:32+00:00
pool1k6altfangsst2mmxg8a9wvg3dppyszu8ckfzd3uv6azgw3z2txy,ELITE,https://www.balanceanalytics.io/api/groupdata.json,2026-05-18T17:17:32+00:00
pool1k6knum588fm9fe5tmljeytyx65rv6h5jn8au824t86zt62nyd9e,pool1k6knum588fm9fe5tmljeytyx65rv6h5jn8au824t86zt62nyd9e,https://www.balanceanalytics.io/api/groupdata.json,2026-05-18T17:17:32+00:00
pool1k6u3rdl30ruf85q3jpzcfyq4ta0umrxdlt30rcpxqqasumcnkgu,pool1k6u3rdl30ruf85q3jpzcfyq4ta0umrxdlt30rcpxqqasumcnkgu,https://www.balanceanalytics.io/api/groupdata.json,2026-05-18T17:17:32+00:00
pool1k7asvr2vd28jxw25fsh9pxckt5ykadhn8ua4x88vu39dzquvqvh,pool1k7asvr2vd28jxw25fsh9pxckt5ykadhn8ua4x88vu39dzquvqvh,https://www.balanceanalytics.io/api/groupdata.json,2026-05-18T17:17:32+00:00
pool1k7gvq974d55yqcs4g6xyx4wy2fdlf97pffwgesjfqgprg99z409,pool1k7gvq974d55yqcs4g6xyx4wy2fdlf97pffwgesjfqgprg99z409,https://www.balanceanalytics.io/api/groupdata.json,2026-05-18T17:17:32+00:00
pool1k7ku4sqvepztwqfvqj7wjadcsw96mancwyf8spty9tm0jfnwls9,pool1k7ku4sqvepztwqfvqj7wjadcsw96mancwyf8spty9tm0jfnwls9,https://www.balanceanalytics.io/api/groupdata.json,2026-05-18T17:17:32+00:00
pool1k7mczy6zuwaen62s7gzh0ct3uh3y6qf7nqcpzk29thcqq73gfqd,pool1k7mczy6zuwaen62s7gzh0ct3uh3y6qf7nqcpzk29thcqq73gfqd,https://www.balanceanalytics.io/api/groupdata.json,2026-05-18T17:17:32+00:00
pool1k7zrx5rw6cvef9m5qtp9sy4e53u93kwqx73ykz7md9gmwgf56yk,pool1k7zrx5rw6cvef9m5qtp9sy4e53u93kwqx73ykz7md9gmwgf56yk,https://www.balanceanalytics.io/api/groupdata.json,2026-05-18T17:17:32+00:00
pool1k8l84smxjczp2mpqmn7qsd23j7h4vd7rwagdscsrjecvgplkmw8,pool1k8l84smxjczp2mpqmn7qsd23j7h4vd7rwagdscsrjecvgplkmw8,https://www.balanceanalytics.io/api/groupdata.json,2026-05-18T17:17:32+00:00
pool1k8mxlherc4vmfk9pmxs0rk27qmu3sqy0gsdck4gwduz57xsepak,pool1k8mxlherc4vmfk9pmxs0rk27qmu3sqy0gsdck4gwduz57xsepak,https://www.balanceanalytics.io/api/groupdata.json,2026-05-18T17:17:32+00:00
pool1k8s63hvxl5un403f0lwqm87f7svwn2j7vpeflgupvkhqkjpknut,BD,https://www.balanceanalytics.io/api/groupdata.json,2026-05-18T17:17:32+00:00
pool1k8u78xutc6kvf2f7pme7e2s08r2wt9evketewje9x9kf6c2mp8w,pool1k8u78xutc6kvf2f7pme7e2s08r2wt9evketewje9x9kf6c2mp8w,https://www.balanceanalytics.io/api/groupdata.json,2026-05-18T17:17:32+00:00
pool1k8w7ylxa542hwymnwmuumpnudz7j9ae582wqecxv9n24zu8fptq,pool1k8w7ylxa542hwymnwmuumpnudz7j9ae582wqecxv9n24zu8fptq,https://www.balanceanalytics.io/api/groupdata.json,2026-05-18T17:17:32+00:00
pool1k93a7tazk6uhy0pe26pau9hthyn9kmtdcdl9er5kw9w82fl5j2w,pool1k93a7tazk6uhy0pe26pau9hthyn9kmtdcdl9er5kw9w82fl5j2w,https://www.balanceanalytics.io/api/groupdata.json,2026-05-18T17:17:32+00:00
pool1k99yncea8tq9pfeks3yymyj6fwjf4apx0s490j09m4y66vtyufr,pool1k99yncea8tq9pfeks3yymyj6fwjf4apx0s490j09m4y66vtyufr,https://www.balanceanalytics.io/api/groupdata.json,2026-05-18T17:17:32+00:00
pool1k9xjmvud972vng83669mkveaedteaprnfflqv047y66ugtqjyyq,pool1k9xjmvud972vng83669mkveaedteaprnfflqv047y66ugtqjyyq,https://www.balanceanalytics.io/api/groupdata.json,2026-05-18T17:17:32+00:00
pool1ka8q6my2a5fennpr2nmrj5yzma27d2fkev8lmpfq90kxzjszwgm,pool1ka8q6my2a5fennpr2nmrj5yzma27d2fkev8lmpfq90kxzjszwgm,https://www.balanceanalytics.io/api/groupdata.json,2026-05-18T17:17:32+00:00
pool1kccqxg032r6dcqqpvmv87azttcug5ug6cur9pa7qkuwc5ze4pxa,KID,https://www.balanceanalytics.io/api/groupdata.json,2026-05-18T17:17:32+00:00
pool1kcfe6evpfmh5rh40yta3qrrudsy956scuwfl7wgts0z926z6kuw,COPPER,https://www.balanceanalytics.io/api/groupdata.json,2026-05-18T17:17:32+00:00
pool1kchver88u3kygsak8wgll7htr8uxn5v35lfrsyy842nkscrzyvj,pool1kchver88u3kygsak8wgll7htr8uxn5v35lfrsyy842nkscrzyvj,https://www.balanceanalytics.io/api/groupdata.json,2026-05-18T17:17:32+00:00
pool1kcrr7re05pwesye0zh00a4xxnsrw5c29rd82fn4qecdcqu5rue3,pool1kcrr7re05pwesye0zh00a4xxnsrw5c29rd82fn4qecdcqu5rue3,https://www.balanceanalytics.io/api/groupdata.json,2026-05-18T17:17:32+00:00
pool1kcvaxe4q4npwt28qlr3h84htjf4qrqglqk3cr2484ptycr0ldut,COINBASE,https://www.balanceanalytics.io/api/groupdata.json,2026-05-18T17:17:32+00:00
pool1kcw2kqj27qe7ntsz9fhvyvyvpf7prclwc5jq4cw0qydh7cygcek,IOG,https://www.balanceanalytics.io/api/groupdata.json,2026-05-18T17:17:32+00:00
pool1kcwfpv65agclgu9p6eetn6x4q0zexzgr5v2cl9255qlwjjqr56v,pool1kcwfpv65agclgu9p6eetn6x4q0zexzgr5v2cl9255qlwjjqr56v,https://www.balanceanalytics.io/api/groupdata.json,2026-05-18T17:17:32+00:00
pool1kdfznpenxa9wwcz8tweump45k5h78h8hl4slv78fdypsug9ypc6,pool1kdfznpenxa9wwcz8tweump45k5h78h8hl4slv78fdypsug9ypc6,https://www.balanceanalytics.io/api/groupdata.json,2026-05-18T17:17:32+00:00
pool1kdhhrsl8av6gzr7vrf5q06pwlrsr8646wkjkg0h550tw6vxf8mv,pool1kdhhrsl8av6gzr7vrf5q06pwlrsr8646wkjkg0h550tw6vxf8mv,https://www.balanceanalytics.io/api/groupdata.json,2026-05-18T17:17:32+00:00
pool1kdr3lv2e7h5tx3gp3fwrpxhaj8cxh7v422uwj84enqxf6j5flj7,pool1kdr3lv2e7h5tx3gp3fwrpxhaj8cxh7v422uwj84enqxf6j5flj7,https://www.balanceanalytics.io/api/groupdata.json,2026-05-18T17:17:32+00:00
pool1ke7faeddsw3fnx8e0knykrgj2rry8ufxg6j844c73wc4gw4rcet,pool1ke7faeddsw3fnx8e0knykrgj2rry8ufxg6j844c73wc4gw4rcet,https://www.balanceanalytics.io/api/groupdata.json,2026-05-18T17:17:32+00:00
pool1keasvddt9vndl8jyhg204s6kqusv5zgzg3kk3l3g949ew402ahe,pool1keasvddt9vndl8jyhg204s6kqusv5zgzg3kk3l3g949ew402ahe,https://www.balanceanalytics.io/api/groupdata.json,2026-05-18T17:17:32+00:00
pool1kez2gdqpwq2d3xd5k5q4enea59sp8tmgqsyt0rtmgxvuyykz8qg,pool1kez2gdqpwq2d3xd5k5q4enea59sp8tmgqsyt0rtmgxvuyykz8qg,https://www.balanceanalytics.io/api/groupdata.json,2026-05-18T17:17:32+00:00
pool1kffetqjt06qvk4995tz3e3q9h3c8cdq9eedrz8qr3ynnc63qckz,pool1kffetqjt06qvk4995tz3e3q9h3c8cdq9eedrz8qr3ynnc63qckz,https://www.balanceanalytics.io/api/groupdata.json,2026-05-18T17:17:32+00:00
pool1kftku3r6truhvjm75gsh9pm33zfv7nuwas88m5sxqqknyyj82gf,pool1kftku3r6truhvjm75gsh9pm33zfv7nuwas88m5sxqqknyyj82gf,https://www.balanceanalytics.io/api/groupdata.json,2026-05-18T17:17:32+00:00
pool1kfu02878dsz2l2pml9r42fvh32l4zn3msjvgfx077q3yx2xgul8,pool1kfu02878dsz2l2pml9r42fvh32l4zn3msjvgfx077q3yx2xgul8,https://www.balanceanalytics.io/api/groupdata.json,2026-05-18T17:17:32+00:00
pool1kgwaa6fhpaqu8v4hrk35lzjhjsa6typ55ammszhd2q7zkxv5v40,BINANCE,https://www.balanceanalytics.io/api/groupdata.json,2026-05-18T17:17:32+00:00
pool1khwvcz8jz9auk53k698ywgr6ams27hrz20vnwqx2d4xggscp93f,pool1khwvcz8jz9auk53k698ywgr6ams27hrz20vnwqx2d4xggscp93f,https://www.balanceanalytics.io/api/groupdata.json,2026-05-18T17:17:32+00:00
pool1khyv2zj3asyhz76a4r2ky42sdxn3gqu3lcyw3sj74trmwhlc5ud,pool1khyv2zj3asyhz76a4r2ky42sdxn3gqu3lcyw3sj74trmwhlc5ud,https://www.balanceanalytics.io/api/groupdata.json,2026-05-18T17:17:32+00:00
pool1kj7p7tfqta37jx0d6vadp8uq0y4jl7uffg7nkjhascp0uu8yxj0,pool1kj7p7tfqta37jx0d6vadp8uq0y4jl7uffg7nkjhascp0uu8yxj0,https://www.balanceanalytics.io/api/groupdata.json,2026-05-18T17:17:32+00:00
pool1kjd9ff9u5ytq4atavv2dfsg3pvxqw8d50642pzmpn386zel0ka8,pool1kjd9ff9u5ytq4atavv2dfsg3pvxqw8d50642pzmpn386zel0ka8,https://www.balanceanalytics.io/api/groupdata.json,2026-05-18T17:17:32+00:00
pool1kjhpg98jhm08usqg4sh5x9esa595apyw75qczyjp3z24g0cdate,BD,https://www.balanceanalytics.io/api/groupdata.json,2026-05-18T17:17:32+00:00
pool1kkfkdces5mdcyc9dn2hgg3463jggjvw3h89nejjarkz25uavaqu,1PCT,https://www.balanceanalytics.io/api/groupdata.json,2026-05-18T17:17:32+00:00
pool1kkmk9dnzrrjtnsejttydecmq63x4dpkln70yfledaednj7mf7rk,pool1kkmk9dnzrrjtnsejttydecmq63x4dpkln70yfledaednj7mf7rk,https://www.balanceanalytics.io/api/groupdata.json,2026-05-18T17:17:32+00:00
pool1kkn6404j7q7lyfp6h9euth7vkuchj2tq86w8m9dxp6697xj3k4v,pool1kkn6404j7q7lyfp6h9euth7vkuchj2tq86w8m9dxp6697xj3k4v,https://www.balanceanalytics.io/api/groupdata.json,2026-05-18T17:17:32+00:00
pool1kks6sgxvx7p6fe3hhnne68xzwa9jg8qgy50yt3w3lrelvns7390,pool1kks6sgxvx7p6fe3hhnne68xzwa9jg8qgy50yt3w3lrelvns7390,https://www.balanceanalytics.io/api/groupdata.json,2026-05-18T17:17:32+00:00
pool1kkwd6say8twq3z9e36v57adw02j2x52ascd6eumxy5zd66qm4fa,NDE,https://www.balanceanalytics.io/api/groupdata.json,2026-05-18T17:17:32+00:00
pool1kl2dyq8kf7tgzfr4np4j6axdp3c4wsyp30g5rkkyxzctul2h7fd,pool1kl2dyq8kf7tgzfr4np4j6axdp3c4wsyp30g5rkkyxzctul2h7fd,https://www.balanceanalytics.io/api/groupdata.json,2026-05-18T17:17:32+00:00
pool1kl7qlqtzxamrj8qwutn6ww0ksw3m7chwuewztqr6uu6yz0nuqtn,pool1kl7qlqtzxamrj8qwutn6ww0ksw3m7chwuewztqr6uu6yz0nuqtn,https://www.balanceanalytics.io/api/groupdata.json,2026-05-18T17:17:32+00:00
pool1kllc67fn00yqpffw8e9dqnlcaa733h9u5nwx97vhtjlw2t5e56j,pool1kllc67fn00yqpffw8e9dqnlcaa733h9u5nwx97vhtjlw2t5e56j,https://www.balanceanalytics.io/api/groupdata.json,2026-05-18T17:17:32+00:00
pool1klq8yy3rr6k4ez7uwkzz5ku3yuym3eeg6g2ne3p9f4hnzfycfkl,NEW GUY,https://www.balanceanalytics.io/api/groupdata.json,2026-05-18T17:17:32+00:00
pool1km88m74x0l6gax9whuw9v86ftejwztxyg4arfh5cartjv8eqsze,pool1km88m74x0l6gax9whuw9v86ftejwztxyg4arfh5cartjv8eqsze,https://www.balanceanalytics.io/api/groupdata.json,2026-05-18T17:17:32+00:00
pool1kmmahq4upmm5j8fkh3xa9vd7gdffkp8pd4axucfh4w4dw549yqe,ADALITE,https://www.balanceanalytics.io/api/groupdata.json,2026-05-18T17:17:32+00:00
pool1kms0jl9ur23qp8fu7hvcnnx9y5aqjsuu49cgndhgk00tcpr0zd7,pool1kms0jl9ur23qp8fu7hvcnnx9y5aqjsuu49cgndhgk00tcpr0zd7,https://www.balanceanalytics.io/api/groupdata.json,2026-05-18T17:17:32+00:00
pool1kmsr376syqkluhxvv8k2axugqw7unjmlkwhfxjxtj7cw7qcn0jn,CRDNS,https://www.balanceanalytics.io/api/groupdata.json,2026-05-18T17:17:32+00:00
pool1kn059wyuuff0srprtvufv327th542l4c25e5hhcmwlsjymwr32d,pool1kn059wyuuff0srprtvufv327th542l4c25e5hhcmwlsjymwr32d,https://www.balanceanalytics.io/api/groupdata.json,2026-05-18T17:17:32+00:00
pool1kntdmfas8khdxyx4g63xrdl6c6m049ukuzmy8rh8cx5rwjes8zg,pool1kntdmfas8khdxyx4g63xrdl6c6m049ukuzmy8rh8cx5rwjes8zg,https://www.balanceanalytics.io/api/groupdata.json,2026-05-18T17:17:32+00:00
pool1knwd92dnngrypyvj3egguuxtl8g8elxarlvaqsyjewvh7sjla2g,pool1knwd92dnngrypyvj3egguuxtl8g8elxarlvaqsyjewvh7sjla2g,https://www.balanceanalytics.io/api/groupdata.json,2026-05-18T17:17:32+00:00
pool1kp0wl7kxn0zt5xtmld72s98rv6ejpufvl39qk26h99nqshmkmge,IOG,https://www.balanceanalytics.io/api/groupdata.json,2026-05-18T17:17:32+00:00
pool1kphkk90f2mculhcndpdd3a7ukvptzqrgyr9jtuvw6c5z2dptuph,CHUCK BUX,https://www.balanceanalytics.io/api/groupdata.json,2026-05-18T17:17:32+00:00
pool1kprt6l4quz03dhqx8jw22spdjvp5dkshdnn567vlexqkj35hd8a,pool1kprt6l4quz03dhqx8jw22spdjvp5dkshdnn567vlexqkj35hd8a,https://www.balanceanalytics.io/api/groupdata.json,2026-05-18T17:17:32+00:00
pool1kq9kqs09499g83vlnkwusy45jrw8vnf4yeq0t30jwcvuqgd8zlg,pool1kq9kqs09499g83vlnkwusy45jrw8vnf4yeq0t30jwcvuqgd8zlg,https://www.balanceanalytics.io/api/groupdata.json,2026-05-18T17:17:32+00:00
pool1kqgccwtkhw7p0pk86v9ua9ag3q9kpkytwpmf3jruqlaq62pwwc9,pool1kqgccwtkhw7p0pk86v9ua9ag3q9kpkytwpmf3jruqlaq62pwwc9,https://www.balanceanalytics.io/api/groupdata.json,2026-05-18T17:17:32+00:00
pool1kqpy3de52m07versalrkqd57w2qh5cze3wupwrgx39m5gvtkjct,pool1kqpy3de52m07versalrkqd57w2qh5cze3wupwrgx39m5gvtkjct,https://www.balanceanalytics.io/api/groupdata.json,2026-05-18T17:17:32+00:00
pool1kqrsr700m267q9tz4pw4rjeg69nkahk5wuy3kkw479y56fqfy9t,pool1kqrsr700m267q9tz4pw4rjeg69nkahk5wuy3kkw479y56fqfy9t,https://www.balanceanalytics.io/api/groupdata.json,2026-05-18T17:17:32+00:00
pool1kqthennwuuc2l2h6qy9u8jzcn0akh5fssut5lr2769xjuj2m5zl,pool1kqthennwuuc2l2h6qy9u8jzcn0akh5fssut5lr2769xjuj2m5zl,https://www.balanceanalytics.io/api/groupdata.json,2026-05-18T17:17:32+00:00
pool1kqxgjf0zl60g88fxl3l8tpwu52pq78es33kqyaahgr2a7xh9g9t,pool1kqxgjf0zl60g88fxl3l8tpwu52pq78es33kqyaahgr2a7xh9g9t,https://www.balanceanalytics.io/api/groupdata.json,2026-05-18T17:17:32+00:00
pool1krznhwu3h5pu2stuslr53z5rme50t6384macsmylcnljwc7yjky,pool1krznhwu3h5pu2stuslr53z5rme50t6384macsmylcnljwc7yjky,https://www.balanceanalytics.io/api/groupdata.json,2026-05-18T17:17:32+00:00
pool1ks49mpnl7mhh4eqa7ff3krhqa8nnx7gx04cawe46qnjeufawr5z,pool1ks49mpnl7mhh4eqa7ff3krhqa8nnx7gx04cawe46qnjeufawr5z,https://www.balanceanalytics.io/api/groupdata.json,2026-05-18T17:17:32+00:00
pool1ksazs9mzcuyr3mfrvw48dc5wkgsjceztakymmv7jpxle7l2nfs0,pool1ksazs9mzcuyr3mfrvw48dc5wkgsjceztakymmv7jpxle7l2nfs0,https://www.balanceanalytics.io/api/groupdata.json,2026-05-18T17:17:32+00:00
pool1ksfzungz56vxa9sy6hr54v5hf6qx8rmcu6734gqm3qlxucveed6,pool1ksfzungz56vxa9sy6hr54v5hf6qx8rmcu6734gqm3qlxucveed6,https://www.balanceanalytics.io/api/groupdata.json,2026-05-18T17:17:32+00:00
pool1ksg2m4vwaj3x0awl2wr6cutvejf743xxrz0su7wpmlx86a2eacl,pool1ksg2m4vwaj3x0awl2wr6cutvejf743xxrz0su7wpmlx86a2eacl,https://www.balanceanalytics.io/api/groupdata.json,2026-05-18T17:17:32+00:00
pool1ksh2u6kktx74ugv8jadrdqttwyjz9074ke82xt6j0qgfvdn43a5,DIVY,https://www.balanceanalytics.io/api/groupdata.json,2026-05-18T17:17:32+00:00
pool1ksh2zpeeqe0rpcug63up5l66g3kr5vf58jraeun82rur6m4g6xz,pool1ksh2zpeeqe0rpcug63up5l66g3kr5vf58jraeun82rur6m4g6xz,https://www.balanceanalytics.io/api/groupdata.json,2026-05-18T17:17:32+00:00
pool1ksrg8a964464las0ymw88slrwxkychjz9lh09lqltu5m7nw3pq0,pool1ksrg8a964464las0ymw88slrwxkychjz9lh09lqltu5m7nw3pq0,https://www.balanceanalytics.io/api/groupdata.json,2026-05-18T17:17:32+00:00
pool1ksye6zwlzaytspldngc3966aj79zkjvmkykydu2txay75c0krfp,pool1ksye6zwlzaytspldngc3966aj79zkjvmkykydu2txay75c0krfp,https://www.balanceanalytics.io/api/groupdata.json,2026-05-18T17:17:32+00:00
pool1ksz6vfc4xqdxyhp06h4n7kckh60370cy2t6m3wfgdxtug7ph4x0,WAVE,https://www.balanceanalytics.io/api/groupdata.json,2026-05-18T17:17:32+00:00
pool1kterawv22xya864tqjy9pq2ftmuptlggywtqt3p7adexg7qyl6u,pool1kterawv22xya864tqjy9pq2ftmuptlggywtqt3p7adexg7qyl6u,https://www.balanceanalytics.io/api/groupdata.json,2026-05-18T17:17:32+00:00
pool1ktg9hvae8kluwnr29khma3mxd7ffjj9k5l0yjdqlmazjclv4j3d,pool1ktg9hvae8kluwnr29khma3mxd7ffjj9k5l0yjdqlmazjclv4j3d,https://www.balanceanalytics.io/api/groupdata.json,2026-05-18T17:17:32+00:00
pool1ktgug7wwf9k4hcsuk68ftkh8xs5n0333fzxyw9sagz8njhlskgm,pool1ktgug7wwf9k4hcsuk68ftkh8xs5n0333fzxyw9sagz8njhlskgm,https://www.balanceanalytics.io/api/groupdata.json,2026-05-18T17:17:32+00:00
pool1ktkhv4sw2y68d4xgfg9sjw829kejnvnh5zajq6g7jycry6cd7h5,pool1ktkhv4sw2y68d4xgfg9sjw829kejnvnh5zajq6g7jycry6cd7h5,https://www.balanceanalytics.io/api/groupdata.json,2026-05-18T17:17:32+00:00
pool1ktmkc46nvn5m4uxt94jm3pq9y9mxzytkjcjjkk6887tnjf7atqy,pool1ktmkc46nvn5m4uxt94jm3pq9y9mxzytkjcjjkk6887tnjf7atqy,https://www.balanceanalytics.io/api/groupdata.json,2026-05-18T17:17:32+00:00
pool1kttdj98xlssts4kzwyvsuj905f30q096ptzcses2ze25ca9uerx,COPPER,https://www.balanceanalytics.io/api/groupdata.json,2026-05-18T17:17:32+00:00
pool1kukrafmktm54fzezpzs49p2e7v5tas8szgtf7dq6xvw37srmutj,pool1kukrafmktm54fzezpzs49p2e7v5tas8szgtf7dq6xvw37srmutj,https://www.balanceanalytics.io/api/groupdata.json,2026-05-18T17:17:32+00:00
pool1kv53mzjwqjp4aw48rczj8vm6hejwfnfwa634czyx5tw5qq3tata,pool1kv53mzjwqjp4aw48rczj8vm6hejwfnfwa634czyx5tw5qq3tata,https://www.balanceanalytics.io/api/groupdata.json,2026-05-18T17:17:32+00:00
pool1kvd03hq8kp0hnxq9lq598a5amrvauj9m386rwx7ydawvjdskwnh,pool1kvd03hq8kp0hnxq9lq598a5amrvauj9m386rwx7ydawvjdskwnh,https://www.balanceanalytics.io/api/groupdata.json,2026-05-18T17:17:32+00:00
pool1kveecu8hx4dk8pe9rmv4q4tjwr9xmq30nacu2pafeljhypcn4wt,pool1kveecu8hx4dk8pe9rmv4q4tjwr9xmq30nacu2pafeljhypcn4wt,https://www.balanceanalytics.io/api/groupdata.json,2026-05-18T17:17:32+00:00
pool1kx0jm9ycs3t99tnwafw6w72jkdlzhj5ltxe2nrzkd9x2u5x343h,EMURGO,https://www.balanceanalytics.io/api/groupdata.json,2026-05-18T17:17:32+00:00
pool1kxedw6c34730h344lz0s0z6848005qrs096l8l2whcwly3rcl27,pool1kxedw6c34730h344lz0s0z6848005qrs096l8l2whcwly3rcl27,https://www.balanceanalytics.io/api/groupdata.json,2026-05-18T17:17:32+00:00
pool1kxfg47ms0mlszthp5j8uqpmqp6575j0nfusqne5sd7ggy3ntlsz,pool1kxfg47ms0mlszthp5j8uqpmqp6575j0nfusqne5sd7ggy3ntlsz,https://www.balanceanalytics.io/api/groupdata.json,2026-05-18T17:17:32+00:00
pool1kxfvv8e8u9crfgy3fp89hlchehutrjq9wv7hax7dxs3lsjuw9kc,pool1kxfvv8e8u9crfgy3fp89hlchehutrjq9wv7hax7dxs3lsjuw9kc,https://www.balanceanalytics.io/api/groupdata.json,2026-05-18T17:17:32+00:00
pool1kxtzkv3ylyc48hgjqkwe93q2vkx67vgzag9tvqfalhwsjs43w9u,pool1kxtzkv3ylyc48hgjqkwe93q2vkx67vgzag9tvqfalhwsjs43w9u,https://www.balanceanalytics.io/api/groupdata.json,2026-05-18T17:17:32+00:00
pool1kxzfswkhgcmyahh6lfjpy5uxh75qzsnlyprh3450av9jghsda89,pool1kxzfswkhgcmyahh6lfjpy5uxh75qzsnlyprh3450av9jghsda89,https://www.balanceanalytics.io/api/groupdata.json,2026-05-18T17:17:32+00:00
pool1kyn4xguhrd600j4y9kvksptzjk8k4hz5rdcrxx3qw3jksuwjnwz,pool1kyn4xguhrd600j4y9kvksptzjk8k4hz5rdcrxx3qw3jksuwjnwz,https://www.balanceanalytics.io/api/groupdata.json,2026-05-18T17:17:32+00:00
pool1kz0gh586tn9fh77fgc7em9tl6d82e3ly5quwsvvfevvszt64g8d,pool1kz0gh586tn9fh77fgc7em9tl6d82e3ly5quwsvvfevvszt64g8d,https://www.balanceanalytics.io/api/groupdata.json,2026-05-18T17:17:32+00:00
pool1kzf7zw2y05e7lyd7ht0nluh39fzmurm2wuvshvut6l6twu0el44,pool1kzf7zw2y05e7lyd7ht0nluh39fzmurm2wuvshvut6l6twu0el44,https://www.balanceanalytics.io/api/groupdata.json,2026-05-18T17:17:32+00:00
pool1l0f7d56gwgdyct6vev88mnuf4ankx2fpm53plr8g6rd6zxz6del,pool1l0f7d56gwgdyct6vev88mnuf4ankx2fpm53plr8g6rd6zxz6del,https://www.balanceanalytics.io/api/groupdata.json,2026-05-18T17:17:32+00:00
pool1l0m820vyqh5pp2yzpw973qzz23neqqd977u0uczh9fs9zqvg0je,WAVE,https://www.balanceanalytics.io/api/groupdata.json,2026-05-18T17:17:32+00:00
pool1l0pmgdsymmdntuyan4snj88q8nm9axemwefu5ymkuq2s6gr90cn,EMURGO,https://www.balanceanalytics.io/api/groupdata.json,2026-05-18T17:17:32+00:00
pool1l29evaq9jz5k8r5t2jx2q7vjcamwlk3754h4p7xen0mn6f3le20,pool1l29evaq9jz5k8r5t2jx2q7vjcamwlk3754h4p7xen0mn6f3le20,https://www.balanceanalytics.io/api/groupdata.json,2026-05-18T17:17:32+00:00
pool1l2eyll8qvywzjrssyyw2cqymzdn2u88vujsu2lg3ph06zem2ykv,pool1l2eyll8qvywzjrssyyw2cqymzdn2u88vujsu2lg3ph06zem2ykv,https://www.balanceanalytics.io/api/groupdata.json,2026-05-18T17:17:32+00:00
pool1l2z734tugnn4tue9sw6e39nr6pcgv7wqynpra4maz4j92wzws8c,pool1l2z734tugnn4tue9sw6e39nr6pcgv7wqynpra4maz4j92wzws8c,https://www.balanceanalytics.io/api/groupdata.json,2026-05-18T17:17:32+00:00
pool1l38lxca7tzp0trqedr97usd0zk89q2x74qrez5xcafxechcw452,pool1l38lxca7tzp0trqedr97usd0zk89q2x74qrez5xcafxechcw452,https://www.balanceanalytics.io/api/groupdata.json,2026-05-18T17:17:32+00:00
pool1l3rf0h8s6fdw8g4vy8qg7fw3wwj8jdm3hg0wwwycnvj8xcl2ps8,pool1l3rf0h8s6fdw8g4vy8qg7fw3wwj8jdm3hg0wwwycnvj8xcl2ps8,https://www.balanceanalytics.io/api/groupdata.json,2026-05-18T17:17:32+00:00
pool1l3u6jww4npkx2e0utcsmkhwjjgnp43w62exrqwzm8wudg0457e5,pool1l3u6jww4npkx2e0utcsmkhwjjgnp43w62exrqwzm8wudg0457e5,https://www.balanceanalytics.io/api/groupdata.json,2026-05-18T17:17:32+00:00
pool1l3wdq3cec23jadkt2cx384vtgd75ncau33smrptwj87n2wedc0d,pool1l3wdq3cec23jadkt2cx384vtgd75ncau33smrptwj87n2wedc0d,https://www.balanceanalytics.io/api/groupdata.json,2026-05-18T17:17:32+00:00
pool1l40jtd7he9dv272md7jxp9yctj5glc598r6d3f5xv93qkx3e5z5,pool1l40jtd7he9dv272md7jxp9yctj5glc598r6d3f5xv93qkx3e5z5,https://www.balanceanalytics.io/api/groupdata.json,2026-05-18T17:17:32+00:00
pool1l464qrnwsfjwgrx9x7uh7qavaygdkwntl468lyddddx7zyz8jpj,pool1l464qrnwsfjwgrx9x7uh7qavaygdkwntl468lyddddx7zyz8jpj,https://www.balanceanalytics.io/api/groupdata.json,2026-05-18T17:17:32+00:00
pool1l4gza884cpv5868j2rjfvxmg795u0p4sgsf5cer4nv88k8gu6wv,pool1l4gza884cpv5868j2rjfvxmg795u0p4sgsf5cer4nv88k8gu6wv,https://www.balanceanalytics.io/api/groupdata.json,2026-05-18T17:17:32+00:00
pool1l4synes9s3swlf5r5rsfpede3582r4km2wd94xctceyaudv9zx3,pool1l4synes9s3swlf5r5rsfpede3582r4km2wd94xctceyaudv9zx3,https://www.balanceanalytics.io/api/groupdata.json,2026-05-18T17:17:32+00:00
pool1l54esv8h5xjry9ms3jq4mnf49vwt3yuxl5fdudp7jpdx2swuaah,pool1l54esv8h5xjry9ms3jq4mnf49vwt3yuxl5fdudp7jpdx2swuaah,https://www.balanceanalytics.io/api/groupdata.json,2026-05-18T17:17:32+00:00
pool1l54qvzlg2jfalkcram9kxsa8vcmgy0fz845q5gptjq8k20kzg2r,pool1l54qvzlg2jfalkcram9kxsa8vcmgy0fz845q5gptjq8k20kzg2r,https://www.balanceanalytics.io/api/groupdata.json,2026-05-18T17:17:32+00:00
pool1l5a4689wchd3vrdzck70ysdcn5d390um6ge4x4rzx79vzmgwvf0,pool1l5a4689wchd3vrdzck70ysdcn5d390um6ge4x4rzx79vzmgwvf0,https://www.balanceanalytics.io/api/groupdata.json,2026-05-18T17:17:32+00:00
pool1l5jfc3zv4nue29uqh32fvz9khstd24azmxjltus3s90ckzw37p8,pool1l5jfc3zv4nue29uqh32fvz9khstd24azmxjltus3s90ckzw37p8,https://www.balanceanalytics.io/api/groupdata.json,2026-05-18T17:17:32+00:00
pool1l5ktcfhhsx66ms6ugguusytr0nnsy49t2684avev6dak55jc00t,pool1l5ktcfhhsx66ms6ugguusytr0nnsy49t2684avev6dak55jc00t,https://www.balanceanalytics.io/api/groupdata.json,2026-05-18T17:17:32+00:00
pool1l5kwfudnqrhw3k4lwzcppu36nun9puvvr7xnanuz8a2zx4jaek5,ADOSIA,https://www.balanceanalytics.io/api/groupdata.json,2026-05-18T17:17:32+00:00
pool1l5tmww2aqkhl3lfcrced6xpsd30pzx65p6v4e48v29g4jtlvf3d,pool1l5tmww2aqkhl3lfcrced6xpsd30pzx65p6v4e48v29g4jtlvf3d,https://www.balanceanalytics.io/api/groupdata.json,2026-05-18T17:17:32+00:00
pool1l5wveuysr4uqlt9z8gheydtumhvcn5upu2fg0pu6z4y3gte9dph,pool1l5wveuysr4uqlt9z8gheydtumhvcn5upu2fg0pu6z4y3gte9dph,https://www.balanceanalytics.io/api/groupdata.json,2026-05-18T17:17:32+00:00
pool1l6946mnu54f6v0we4xzra8kwm68ch7fphhxvgytd0m4lzk3pats,pool1l6946mnu54f6v0we4xzra8kwm68ch7fphhxvgytd0m4lzk3pats,https://www.balanceanalytics.io/api/groupdata.json,2026-05-18T17:17:32+00:00
pool1l6aeyn35nkqkn9lqqlwqnpraakdzuukjrqprcrj3sctk6hhe32k,pool1l6aeyn35nkqkn9lqqlwqnpraakdzuukjrqprcrj3sctk6hhe32k,https://www.balanceanalytics.io/api/groupdata.json,2026-05-18T17:17:32+00:00
pool1l6hkustv67tynh66w46mys94wsxhwddgp28k3r5twwlsv80uw0k,pool1l6hkustv67tynh66w46mys94wsxhwddgp28k3r5twwlsv80uw0k,https://www.balanceanalytics.io/api/groupdata.json,2026-05-18T17:17:32+00:00
pool1l6vtae673eltsx86sk4xxr3fnn9tk8e99jkrdvcmjqlc6cca4nk,MUEN,https://www.balanceanalytics.io/api/groupdata.json,2026-05-18T17:17:32+00:00
pool1l7elukrgntsdwrt0hyu6sshw0rk05y82k4sjwse8u79hkhf862z,BINANCE,https://www.balanceanalytics.io/api/groupdata.json,2026-05-18T17:17:32+00:00
pool1l7mpegmvfj4ph5fxkuj7ucnu4w0j50h622lncgwkvtlkvhjfp9n,pool1l7mpegmvfj4ph5fxkuj7ucnu4w0j50h622lncgwkvtlkvhjfp9n,https://www.balanceanalytics.io/api/groupdata.json,2026-05-18T17:17:32+00:00
pool1l7xwy6sswcpxcepf9m43sez4kwgrgxuw5ekhkavj3k2lv6njvec,BINANCE,https://www.balanceanalytics.io/api/groupdata.json,2026-05-18T17:17:32+00:00
pool1l8myd66tqjk75kh7uk9k8nyl20sd4qs33s4tzzn927ujyl7ahyk,pool1l8myd66tqjk75kh7uk9k8nyl20sd4qs33s4tzzn927ujyl7ahyk,https://www.balanceanalytics.io/api/groupdata.json,2026-05-18T17:17:32+00:00
pool1l8pvaam6f2wj2ank46uywp32wwapqga8e8utve3mgzzuxksc3tq,pool1l8pvaam6f2wj2ank46uywp32wwapqga8e8utve3mgzzuxksc3tq,https://www.balanceanalytics.io/api/groupdata.json,2026-05-18T17:17:32+00:00
pool1l92x52u37neuc2w38wrgeu3esu9qzddmzvkvyuf9vfk5gav8nxl,pool1l92x52u37neuc2w38wrgeu3esu9qzddmzvkvyuf9vfk5gav8nxl,https://www.balanceanalytics.io/api/groupdata.json,2026-05-18T17:17:32+00:00
pool1la0t0gsskwejyfca5lchw5aqd5g8hknxdu6tuyqp0ttjxl6zt35,pool1la0t0gsskwejyfca5lchw5aqd5g8hknxdu6tuyqp0ttjxl6zt35,https://www.balanceanalytics.io/api/groupdata.json,2026-05-18T17:17:32+00:00
pool1la6wjq8uaqctd05zw58dczxp6csf2z66wf726kdfyr9l7hnr6jp,pool1la6wjq8uaqctd05zw58dczxp6csf2z66wf726kdfyr9l7hnr6jp,https://www.balanceanalytics.io/api/groupdata.json,2026-05-18T17:17:32+00:00
pool1lakxjm7v0q03xddynffn6m2wfm27pms3z9enztwvu7k0297tcr7,pool1lakxjm7v0q03xddynffn6m2wfm27pms3z9enztwvu7k0297tcr7,https://www.balanceanalytics.io/api/groupdata.json,2026-05-18T17:17:32+00:00
pool1larpvn53yyufaf8fh89nrrpgruqcq8mgxrtdxp5y87cqse3yfg2,YUTA,https://www.balanceanalytics.io/api/groupdata.json,2026-05-18T17:17:32+00:00
pool1lav5pcqxrewgc03h7aky00tmuk4cawwluslkctgmwnczsgnmn9v,pool1lav5pcqxrewgc03h7aky00tmuk4cawwluslkctgmwnczsgnmn9v,https://www.balanceanalytics.io/api/groupdata.json,2026-05-18T17:17:32+00:00
pool1lc4yn2hew7nquk5gfc8k8cs6d7hee4a9hc2hauwj7dv759zzek0,pool1lc4yn2hew7nquk5gfc8k8cs6d7hee4a9hc2hauwj7dv759zzek0,https://www.balanceanalytics.io/api/groupdata.json,2026-05-18T17:17:32+00:00
pool1lcl9j8zzqtcd4g2gf5zgexcqmnmjtvje707hupngymjhq43yk3s,pool1lcl9j8zzqtcd4g2gf5zgexcqmnmjtvje707hupngymjhq43yk3s,https://www.balanceanalytics.io/api/groupdata.json,2026-05-18T17:17:32+00:00
pool1ld9hkah2dkzh73pvh9tf6xr0x28us34msv3zcv2sase5vhvq962,KOPI,https://www.balanceanalytics.io/api/groupdata.json,2026-05-18T17:17:32+00:00
pool1lenhysfdw3w6a37mukd4xfvsfssgvzlrnhk6v882j2kns6uyxd6,pool1lenhysfdw3w6a37mukd4xfvsfssgvzlrnhk6v882j2kns6uyxd6,https://www.balanceanalytics.io/api/groupdata.json,2026-05-18T17:17:32+00:00
pool1les50pm26wpf8gym7cda470xgfswukzhyykvhyfsfl4dcu2ezj4,pool1les50pm26wpf8gym7cda470xgfswukzhyykvhyfsfl4dcu2ezj4,https://www.balanceanalytics.io/api/groupdata.json,2026-05-18T17:17:32+00:00
pool1lev7ygxcqd4aw5em7wf7y64au4hv04yl5cew27lkjmgngj46vqk,COINBASE,https://www.balanceanalytics.io/api/groupdata.json,2026-05-18T17:17:32+00:00
pool1lf2u2m27y9lsu342xvmyxjfvuyzua487whmddt883kmay4mxjeg,COPPER,https://www.balanceanalytics.io/api/groupdata.json,2026-05-18T17:17:32+00:00
pool1lfnlxfxxwvjadesxzm4c7grgs3elj70vfdnpjwjmg0ufsqnq52t,pool1lfnlxfxxwvjadesxzm4c7grgs3elj70vfdnpjwjmg0ufsqnq52t,https://www.balanceanalytics.io/api/groupdata.json,2026-05-18T17:17:32+00:00
pool1lfsslc99da8jhj5apzctsnfm76kjc6ndyc6hnynagcj8xexvjsr,BINANCE,https://www.balanceanalytics.io/api/groupdata.json,2026-05-18T17:17:32+00:00
pool1lfvzgsrghmugvpym868mh29288ez0nncz680mamzjygu2jpuwcd,NORTH,https://www.balanceanalytics.io/api/groupdata.json,2026-05-18T17:17:32+00:00
pool1lfwwrwm3hrrv0s0ttf8t23p65xru35f7lvty8q0dhq90wudsp66,COPPER,https://www.balanceanalytics.io/api/groupdata.json,2026-05-18T17:17:32+00:00
pool1lg4pepngyq03jdkskr3689pv4a4djra9q8nkzu6hwtzezwanhyn,pool1lg4pepngyq03jdkskr3689pv4a4djra9q8nkzu6hwtzezwanhyn,https://www.balanceanalytics.io/api/groupdata.json,2026-05-18T17:17:32+00:00
pool1lg4y9djpazcpaag230mawgx4w43vmld7xcd7rq35lpjvkn333nj,pool1lg4y9djpazcpaag230mawgx4w43vmld7xcd7rq35lpjvkn333nj,https://www.balanceanalytics.io/api/groupdata.json,2026-05-18T17:17:32+00:00
pool1lgpgrxawvu4w0qkusdga9jz7207eqdqc6m8fhdw0heg8gcpu7r9,pool1lgpgrxawvu4w0qkusdga9jz7207eqdqc6m8fhdw0heg8gcpu7r9,https://www.balanceanalytics.io/api/groupdata.json,2026-05-18T17:17:32+00:00
pool1lgves5hhdt5h6jzy7sf57l6gq9x3csf5w05ymv5zq7a9jfwn7kk,pool1lgves5hhdt5h6jzy7sf57l6gq9x3csf5w05ymv5zq7a9jfwn7kk,https://www.balanceanalytics.io/api/groupdata.json,2026-05-18T17:17:32+00:00
pool1lgzryt60tckrjspn7z0gxup6ms6srd2xmtl9y7wvt5fsxnd2qxh,pool1lgzryt60tckrjspn7z0gxup6ms6srd2xmtl9y7wvt5fsxnd2qxh,https://www.balanceanalytics.io/api/groupdata.json,2026-05-18T17:17:32+00:00
pool1lhvpgr8lhsf6h03v9zqxm74pa63rdxx4yuvkqfw4tv9fua8t37a,GIFT,https://www.balanceanalytics.io/api/groupdata.json,2026-05-18T17:17:32+00:00
pool1lhwzsyhh7dmw9wuz7qxnml2z5ef5303lp7jxgss2qnat22sprgx,pool1lhwzsyhh7dmw9wuz7qxnml2z5ef5303lp7jxgss2qnat22sprgx,https://www.balanceanalytics.io/api/groupdata.json,2026-05-18T17:17:32+00:00
pool1lhz4gsk5ezdl5s4mv2kxgrkhzzhad6me2v0xmwuyt845vensdlc,SECUR,https://www.balanceanalytics.io/api/groupdata.json,2026-05-18T17:17:32+00:00
pool1lj9t0saaxejj6drmxefgejwuy47lx4ewwruwvn3uttyuw6f5389,pool1lj9t0saaxejj6drmxefgejwuy47lx4ewwruwvn3uttyuw6f5389,https://www.balanceanalytics.io/api/groupdata.json,2026-05-18T17:17:32+00:00
pool1ljlmfg7p37ysmea9ra5xqwccue203dpj40w6zlzn5r2cvjrf6tw,pool1ljlmfg7p37ysmea9ra5xqwccue203dpj40w6zlzn5r2cvjrf6tw,https://www.balanceanalytics.io/api/groupdata.json,2026-05-18T17:17:32+00:00
pool1ljqjqskd4f4zekzddw204u5xtzhyz2cllq5v5dmn27zdwf9c70f,WAVE,https://www.balanceanalytics.io/api/groupdata.json,2026-05-18T17:17:32+00:00
pool1ljywsch33t7gaf02aeeqkqpuku0ngpwl9fm04t7u5sl5xyunmgp,NGINE,https://www.balanceanalytics.io/api/groupdata.json,2026-05-18T17:17:32+00:00
pool1lk0hu3njxgra3emgfa73268el89qzytecff0fzz982avvjsw3l6,pool1lk0hu3njxgra3emgfa73268el89qzytecff0fzz982avvjsw3l6,https://www.balanceanalytics.io/api/groupdata.json,2026-05-18T17:17:32+00:00
pool1lkcd3w5g6s6v3hf6kwt55dqpalrmq9h9f3ec033nnzhvgjgl860,CNODE,https://www.balanceanalytics.io/api/groupdata.json,2026-05-18T17:17:32+00:00
pool1lkpj6fa4l0sy39qfvyl4pcsnnd22y8np8j98vzwula2kuxgers4,JOY,https://www.balanceanalytics.io/api/groupdata.json,2026-05-18T17:17:32+00:00
pool1ll03hrl9daqeatu47gxl3laguuk8n854w8heecwf4xtlxhg4vxp,pool1ll03hrl9daqeatu47gxl3laguuk8n854w8heecwf4xtlxhg4vxp,https://www.balanceanalytics.io/api/groupdata.json,2026-05-18T17:17:32+00:00
pool1ll5mu4rgne203spelzdgrse0v7yk9rfzkp243rtt60rgu8mh3q8,pool1ll5mu4rgne203spelzdgrse0v7yk9rfzkp243rtt60rgu8mh3q8,https://www.balanceanalytics.io/api/groupdata.json,2026-05-18T17:17:32+00:00
pool1llfrhf0htc528jcmp9dr2tzsjnt93y2gkjfjn5znjh9a79avwv7,pool1llfrhf0htc528jcmp9dr2tzsjnt93y2gkjfjn5znjh9a79avwv7,https://www.balanceanalytics.io/api/groupdata.json,2026-05-18T17:17:32+00:00
pool1llknxwa7zzugc52mnv3lpxgh7az8wnqylrxxfqhzzm9e2eufug3,pool1llknxwa7zzugc52mnv3lpxgh7az8wnqylrxxfqhzzm9e2eufug3,https://www.balanceanalytics.io/api/groupdata.json,2026-05-18T17:17:32+00:00
pool1lll300yc7lf6v34agp6ctzxdwk6s96cu0lxq3kk0msgvzchq3f4,pool1lll300yc7lf6v34agp6ctzxdwk6s96cu0lxq3kk0msgvzchq3f4,https://www.balanceanalytics.io/api/groupdata.json,2026-05-18T17:17:32+00:00
pool1lllmq2jgcqrag5c77lpc5m34fsqn63leadyx9tzx842n66ly3ql,1PCT,https://www.balanceanalytics.io/api/groupdata.json,2026-05-18T17:17:32+00:00
pool1llwfa6erdh7k87j06y2z9999jcc84cnezwhg9e2sulrgwzrsug4,pool1llwfa6erdh7k87j06y2z9999jcc84cnezwhg9e2sulrgwzrsug4,https://www.balanceanalytics.io/api/groupdata.json,2026-05-18T17:17:32+00:00
pool1llwt52flj60vwd2tv3z4qzynu9p2njvsm95cf603zemlua4f955,HELP,https://www.balanceanalytics.io/api/groupdata.json,2026-05-18T17:17:32+00:00
pool1llxh8l0h8g9ghz3nrzh7ndvev4x43vnk72nsemzm795vxqs6dp8,YUTA,https://www.balanceanalytics.io/api/groupdata.json,2026-05-18T17:17:32+00:00
pool1lm3mahzpzxzzdxnftcamjc9zkqs37z46lq49c0fmtpyj5cy3rsj,pool1lm3mahzpzxzzdxnftcamjc9zkqs37z46lq49c0fmtpyj5cy3rsj,https://www.balanceanalytics.io/api/groupdata.json,2026-05-18T17:17:32+00:00
pool1lm89trd8cl36k8njlhgsemavry2jymnhddpvtk7fk7r7g4e3fep,BINANCE,https://www.balanceanalytics.io/api/groupdata.json,2026-05-18T17:17:32+00:00
pool1lmzhzkdvkh67a8hjcexlhajkk8f7kz2tf35frjut6creqs2kedg,pool1lmzhzkdvkh67a8hjcexlhajkk8f7kz2tf35frjut6creqs2kedg,https://www.balanceanalytics.io/api/groupdata.json,2026-05-18T17:17:32+00:00
pool1ln2899n8knvks7j6qh5j7852hn4850p5kucj5cgtj767s86gd7d,pool1ln2899n8knvks7j6qh5j7852hn4850p5kucj5cgtj767s86gd7d,https://www.balanceanalytics.io/api/groupdata.json,2026-05-18T17:17:32+00:00
pool1lnk67xp7jsc2e3yyun3fpaqvkx0f3c8q0ml29ge85udeghn2gvn,pool1lnk67xp7jsc2e3yyun3fpaqvkx0f3c8q0ml29ge85udeghn2gvn,https://www.balanceanalytics.io/api/groupdata.json,2026-05-18T17:17:32+00:00
pool1lnr8t7pxvq3vfg8c5lc7yjcq39haws4ntu28xpxzx4zyya9ntny,BINANCE,https://www.balanceanalytics.io/api/groupdata.json,2026-05-18T17:17:32+00:00
pool1lp4gmrkawmnfd0rcelgjltdwt0zpqypmry4jwfccxakuxz4rtsk,pool1lp4gmrkawmnfd0rcelgjltdwt0zpqypmry4jwfccxakuxz4rtsk,https://www.balanceanalytics.io/api/groupdata.json,2026-05-18T17:17:32+00:00
pool1lp9pugfvyrjt8rqj5v02yvucchzj27tlru9kwl7nj0fh2mjc5d3,pool1lp9pugfvyrjt8rqj5v02yvucchzj27tlru9kwl7nj0fh2mjc5d3,https://www.balanceanalytics.io/api/groupdata.json,2026-05-18T17:17:32+00:00
pool1lp9wmr8dkcceta5we999nvlfh9um06cd6sggtt5523eawf7mtg4,pool1lp9wmr8dkcceta5we999nvlfh9um06cd6sggtt5523eawf7mtg4,https://www.balanceanalytics.io/api/groupdata.json,2026-05-18T17:17:32+00:00
pool1lptznmldt230m0ugku9ygx0jucm74y7sgmac4mu5x2x9jznr84r,pool1lptznmldt230m0ugku9ygx0jucm74y7sgmac4mu5x2x9jznr84r,https://www.balanceanalytics.io/api/groupdata.json,2026-05-18T17:17:32+00:00
pool1lpw2wnj2vrc75fv7f4jnfzgkqvlrxlampz5nmduwve47xgnckns,BINANCE,https://www.balanceanalytics.io/api/groupdata.json,2026-05-18T17:17:32+00:00
pool1lq60ecvs6ake3ntq45sv38v0xq3traf3tvc60vx7263n5c37df7,ROCKX,https://www.balanceanalytics.io/api/groupdata.json,2026-05-18T17:17:32+00:00
pool1lq78uw50ple5j3ruk6rx3np3u5ya0hcgq2k47yfmpuj46mahwnl,pool1lq78uw50ple5j3ruk6rx3np3u5ya0hcgq2k47yfmpuj46mahwnl,https://www.balanceanalytics.io/api/groupdata.json,2026-05-18T17:17:32+00:00
pool1lq7t0qg273vp8t2wzmeyj7sdq2vhu2v87jjplgurpfxcs9afnr3,LEO,https://www.balanceanalytics.io/api/groupdata.json,2026-05-18T17:17:32+00:00
pool1lqeg5d3jpwr3nvra568nk28sr8lttyr6cf4yyssdx6qtxea9nmr,LEO,https://www.balanceanalytics.io/api/groupdata.json,2026-05-18T17:17:32+00:00
pool1lqpymyzg9glc88r7urptuv0d8t2tu9ty7xtshvxmgpu0j4lp8p3,VINCE,https://www.balanceanalytics.io/api/groupdata.json,2026-05-18T17:17:32+00:00
pool1lqucyxuvjktfmpf7fd28j54cfgamyrxed344vnwlm9wqkwjeqwk,SPS,https://www.balanceanalytics.io/api/groupdata.json,2026-05-18T17:17:32+00:00
pool1lr02c9krwmtzr29e9h2w5e7crr9elss7qfflkr42j0ke6de4vh7,pool1lr02c9krwmtzr29e9h2w5e7crr9elss7qfflkr42j0ke6de4vh7,https://www.balanceanalytics.io/api/groupdata.json,2026-05-18T17:17:32+00:00
pool1lr54356svvdz4yeqrq69wn6la2025l9r65pm26xxl466gxqqs83,pool1lr54356svvdz4yeqrq69wn6la2025l9r65pm26xxl466gxqqs83,https://www.balanceanalytics.io/api/groupdata.json,2026-05-18T17:17:32+00:00
pool1lr5ku0p3jhykdf3a2kcr0tyra30qvzrtl02dr6uyv98rxdsy3k9,PS,https://www.balanceanalytics.io/api/groupdata.json,2026-05-18T17:17:32+00:00
pool1lr7pglmne4pgl4nynz398cuyjdfwhg0xxad83eqy2s6hv0cx3cc,pool1lr7pglmne4pgl4nynz398cuyjdfwhg0xxad83eqy2s6hv0cx3cc,https://www.balanceanalytics.io/api/groupdata.json,2026-05-18T17:17:32+00:00
pool1lr9vvcf5r5jgkgv5ly7z2lh068ymzg4xmqk5f8pu2k23vt25x7a,pool1lr9vvcf5r5jgkgv5ly7z2lh068ymzg4xmqk5f8pu2k23vt25x7a,https://www.balanceanalytics.io/api/groupdata.json,2026-05-18T17:17:32+00:00
pool1lraqs7kh85s95en82jxk2lh659dhhgl3x494mgc5swkp5y7e8d9,pool1lraqs7kh85s95en82jxk2lh659dhhgl3x494mgc5swkp5y7e8d9,https://www.balanceanalytics.io/api/groupdata.json,2026-05-18T17:17:32+00:00
pool1lrd3lza7r2a3uf4z9y52zf792kmmgqpxgl8suaz88g7fg7sdw3g,pool1lrd3lza7r2a3uf4z9y52zf792kmmgqpxgl8suaz88g7fg7sdw3g,https://www.balanceanalytics.io/api/groupdata.json,2026-05-18T17:17:32+00:00
pool1lrgpe8s7yskeqwvgu4t6tmkmh8eqwu0xj56yvufpxcn2kjgn7ss,pool1lrgpe8s7yskeqwvgu4t6tmkmh8eqwu0xj56yvufpxcn2kjgn7ss,https://www.balanceanalytics.io/api/groupdata.json,2026-05-18T17:17:32+00:00
pool1lrnyqdlrj97d0ju5j6d9xa8prw0xeyumfd53rz5wk3gf7czqzjz,pool1lrnyqdlrj97d0ju5j6d9xa8prw0xeyumfd53rz5wk3gf7czqzjz,https://www.balanceanalytics.io/api/groupdata.json,2026-05-18T17:17:32+00:00
pool1lrqr8t2dhmsme3kmatn2va54lz2995vdf3heeg5xrpgp6ady0jy,pool1lrqr8t2dhmsme3kmatn2va54lz2995vdf3heeg5xrpgp6ady0jy,https://www.balanceanalytics.io/api/groupdata.json,2026-05-18T17:17:32+00:00
pool1ls5kdncky55up83lyh6430c56w9scdnnq8nu8a8ncmtd6txcz3y,pool1ls5kdncky55up83lyh6430c56w9scdnnq8nu8a8ncmtd6txcz3y,https://www.balanceanalytics.io/api/groupdata.json,2026-05-18T17:17:32+00:00
pool1ls80gx9sen3qc7s6c7u2ajw6hk8faqanljugcg5tfukp6qscetv,pool1ls80gx9sen3qc7s6c7u2ajw6hk8faqanljugcg5tfukp6qscetv,https://www.balanceanalytics.io/api/groupdata.json,2026-05-18T17:17:32+00:00
pool1lskcfz80qg2kr2p6776kl9emjn8ulkqsqse7um7skz4y2lwa0cu,pool1lskcfz80qg2kr2p6776kl9emjn8ulkqsqse7um7skz4y2lwa0cu,https://www.balanceanalytics.io/api/groupdata.json,2026-05-18T17:17:32+00:00
pool1lssudmnyy4vlzrvpmw4539xwklnx0lm2murc9t7n25u9sg2ce3n,pool1lssudmnyy4vlzrvpmw4539xwklnx0lm2murc9t7n25u9sg2ce3n,https://www.balanceanalytics.io/api/groupdata.json,2026-05-18T17:17:32+00:00
pool1lugxr82p89qm35spzwccle405t5dfdznhrasyrtr2cyv2vyfud6,pool1lugxr82p89qm35spzwccle405t5dfdznhrasyrtr2cyv2vyfud6,https://www.balanceanalytics.io/api/groupdata.json,2026-05-18T17:17:32+00:00
pool1lum6jezln4dtxsvjgagnd06uavwps9ntks9rk93h7spzkgyzu9w,pool1lum6jezln4dtxsvjgagnd06uavwps9ntks9rk93h7spzkgyzu9w,https://www.balanceanalytics.io/api/groupdata.json,2026-05-18T17:17:32+00:00
pool1lunsvxzwgxjqf622gq72n6jhclq5juy0mqh9v4ktufdrzulfncr,pool1lunsvxzwgxjqf622gq72n6jhclq5juy0mqh9v4ktufdrzulfncr,https://www.balanceanalytics.io/api/groupdata.json,2026-05-18T17:17:32+00:00
pool1lurfk0k0wwx54hlg8a7zp3jtstu57u59aeq7aketl55hknmmtu0,TANTUM,https://www.balanceanalytics.io/api/groupdata.json,2026-05-18T17:17:32+00:00
pool1luwt2c73ng94v20qv75dcyduml727s39w3yr8xvx6eue6ae58h2,pool1luwt2c73ng94v20qv75dcyduml727s39w3yr8xvx6eue6ae58h2,https://www.balanceanalytics.io/api/groupdata.json,2026-05-18T17:17:32+00:00
pool1luyjjta9jja0nvh4wzqt4jvtesrlt893dj4c7x533dvfq9zshvp,ROCKX,https://www.balanceanalytics.io/api/groupdata.json,2026-05-18T17:17:32+00:00
pool1lv7v8r8ge22agkuv2astu503d42v749p6rp3sg8l6twuwqm525c,pool1lv7v8r8ge22agkuv2astu503d42v749p6rp3sg8l6twuwqm525c,https://www.balanceanalytics.io/api/groupdata.json,2026-05-18T17:17:32+00:00
pool1lvgs6gdcgl3lgcc77wxmuyst8x4h9gxcth07pzry0rfsv5ntl3r,BINANCE,https://www.balanceanalytics.io/api/groupdata.json,2026-05-18T17:17:32+00:00
pool1lvsa8e0dw6z8g2fkw7prnfa7627wuy5jjexaadck6w5sxw5xkvm,DIGI,https://www.balanceanalytics.io/api/groupdata.json,2026-05-18T17:17:32+00:00
pool1lwp52dj9762g7uk2jk3czwywxqaa4753v7x2v56qr5l2znkky4h,pool1lwp52dj9762g7uk2jk3czwywxqaa4753v7x2v56qr5l2znkky4h,https://www.balanceanalytics.io/api/groupdata.json,2026-05-18T17:17:32+00:00
pool1lx7hdfz430vmrwhkrdgxu8c0xclffltavmkejpqzzz4ax0lnfvd,IOG,https://www.balanceanalytics.io/api/groupdata.json,2026-05-18T17:17:32+00:00
pool1lxg4rf0aqqachwft52hs9mtwlmpfyw6jqxyulz0pcfj25d4uaqd,BINANCE,https://www.balanceanalytics.io/api/groupdata.json,2026-05-18T17:17:32+00:00
pool1lxhlu48gq0606mj6k20mh56zz804zf7narxvmty4pd3mgee65e5,pool1lxhlu48gq0606mj6k20mh56zz804zf7narxvmty4pd3mgee65e5,https://www.balanceanalytics.io/api/groupdata.json,2026-05-18T17:17:32+00:00
pool1lxqewhueg4hzyad766zhdwsjet5348ww8mzejf6fprxaw8wfq5s,pool1lxqewhueg4hzyad766zhdwsjet5348ww8mzejf6fprxaw8wfq5s,https://www.balanceanalytics.io/api/groupdata.json,2026-05-18T17:17:32+00:00
pool1lyh8e725vttnkr5eylgfap7pmnmkrk0wznpkfl8qxahyqe2agcu,ETORO,https://www.balanceanalytics.io/api/groupdata.json,2026-05-18T17:17:32+00:00
pool1lyvg6ukqpumsr6wz0jvh7xutcgdtcyyde4wkvptzyl8rql4n3c6,FLAIR,https://www.balanceanalytics.io/api/groupdata.json,2026-05-18T17:17:32+00:00
pool1lyvtenf7325hsrtdgeqsv7yau6hyq7ztpdwwdeqcueh8s83h34l,pool1lyvtenf7325hsrtdgeqsv7yau6hyq7ztpdwwdeqcueh8s83h34l,https://www.balanceanalytics.io/api/groupdata.json,2026-05-18T17:17:32+00:00
pool1lyxxsvl8tulypzj6rql4yaw9rsh6q6237fmfmj76a4mfsrz40gk,pool1lyxxsvl8tulypzj6rql4yaw9rsh6q6237fmfmj76a4mfsrz40gk,https://www.balanceanalytics.io/api/groupdata.json,2026-05-18T17:17:32+00:00
pool1lz20wqv0u3y3klddcx0ag09p4ejrj747ycnw44s902q4zy4257y,pool1lz20wqv0u3y3klddcx0ag09p4ejrj747ycnw44s902q4zy4257y,https://www.balanceanalytics.io/api/groupdata.json,2026-05-18T17:17:32+00:00
pool1lz95nzjjmr6449lk0avhplw9678m6kxghvxzg2yfcmy3vl0k6jl,pool1lz95nzjjmr6449lk0avhplw9678m6kxghvxzg2yfcmy3vl0k6jl,https://www.balanceanalytics.io/api/groupdata.json,2026-05-18T17:17:32+00:00
pool1lzg07gaddygem6f5ch60yv0l0g2529af87hqgw6gkqdmsfs39z9,ASTRL,https://www.balanceanalytics.io/api/groupdata.json,2026-05-18T17:17:32+00:00
pool1lzupr43772kfux007sdt02vlx7uzmfcplrwmxntdztxmwv9myrj,pool1lzupr43772kfux007sdt02vlx7uzmfcplrwmxntdztxmwv9myrj,https://www.balanceanalytics.io/api/groupdata.json,2026-05-18T17:17:32+00:00
pool1m06dl8dfcy6d0475fanf0mtnnp2tzhw8rarums042q3jux23q0j,pool1m06dl8dfcy6d0475fanf0mtnnp2tzhw8rarums042q3jux23q0j,https://www.balanceanalytics.io/api/groupdata.json,2026-05-18T17:17:32+00:00
pool1m06tlj2ykawzvweacgmhxj43hykczgfuynk2lqzxvshm5lq2lyq,pool1m06tlj2ykawzvweacgmhxj43hykczgfuynk2lqzxvshm5lq2lyq,https://www.balanceanalytics.io/api/groupdata.json,2026-05-18T17:17:32+00:00
pool1m0drnjxsvnlesq0rwmur2rh6lenuql57jfzd6cf6aegj2cv7ugy,EMURGO,https://www.balanceanalytics.io/api/groupdata.json,2026-05-18T17:17:32+00:00
pool1m2tgjxn880a3v6w4v3uf3kz9kduhvtr97slmpwnppd6r63230sm,pool1m2tgjxn880a3v6w4v3uf3kz9kduhvtr97slmpwnppd6r63230sm,https://www.balanceanalytics.io/api/groupdata.json,2026-05-18T17:17:32+00:00
pool1m2v9pcquh60ykask2efnsuw4crztcq95ejzcwy3dzakccrtzc8c,pool1m2v9pcquh60ykask2efnsuw4crztcq95ejzcwy3dzakccrtzc8c,https://www.balanceanalytics.io/api/groupdata.json,2026-05-18T17:17:32+00:00
pool1m37r49mpy4tzhger3kysn0fhx9akgplax56xs6r39p43xfpffwm,pool1m37r49mpy4tzhger3kysn0fhx9akgplax56xs6r39p43xfpffwm,https://www.balanceanalytics.io/api/groupdata.json,2026-05-18T17:17:32+00:00
pool1m3gg43uhtetn4hmw79u8836dyq8qe4cex8qnn6mks5egza7n6tp,pool1m3gg43uhtetn4hmw79u8836dyq8qe4cex8qnn6mks5egza7n6tp,https://www.balanceanalytics.io/api/groupdata.json,2026-05-18T17:17:32+00:00
pool1m3h5p82m6v99nda37rmed8vrkqt43e2a8d89k76gw5ets0gdyag,pool1m3h5p82m6v99nda37rmed8vrkqt43e2a8d89k76gw5ets0gdyag,https://www.balanceanalytics.io/api/groupdata.json,2026-05-18T17:17:32+00:00
pool1m3tqw6s5dphrlkxyr97faxk4cm3gwejv54mtyfd6w34dsx429eu,pool1m3tqw6s5dphrlkxyr97faxk4cm3gwejv54mtyfd6w34dsx429eu,https://www.balanceanalytics.io/api/groupdata.json,2026-05-18T17:17:32+00:00
pool1m3wam7j8xjahp5mq03rfkcfcy45kevzfyekmdy74x8ghgpm5cdz,pool1m3wam7j8xjahp5mq03rfkcfcy45kevzfyekmdy74x8ghgpm5cdz,https://www.balanceanalytics.io/api/groupdata.json,2026-05-18T17:17:32+00:00
pool1m4enp55hp80tf6xl7k6f6593wnyu3pr83xfvef9x3ktdw9m0em5,AZUR,https://www.balanceanalytics.io/api/groupdata.json,2026-05-18T17:17:32+00:00
pool1m4nc6ea8htk9t58yx43sqluln7cp2a6qmzq257uudrvtkue8vw3,pool1m4nc6ea8htk9t58yx43sqluln7cp2a6qmzq257uudrvtkue8vw3,https://www.balanceanalytics.io/api/groupdata.json,2026-05-18T17:17:32+00:00
pool1m4njkh73pdj90xxkgaz9dnh7gffweeupft8nfurlntg6cgqfmy8,PIERTWO,https://www.balanceanalytics.io/api/groupdata.json,2026-05-18T17:17:32+00:00
pool1m4r66650ugw2xshz3gtred6wdxcn65v48r0r6p4vy64dy276q8h,NEW GUY,https://www.balanceanalytics.io/api/groupdata.json,2026-05-18T17:17:32+00:00
pool1m5chjwkxs3w5l43uf4y9ys2pprqxv86ffdm0fr4n38np2c7mhg6,pool1m5chjwkxs3w5l43uf4y9ys2pprqxv86ffdm0fr4n38np2c7mhg6,https://www.balanceanalytics.io/api/groupdata.json,2026-05-18T17:17:32+00:00
pool1m62sl6rauje9cknrkhwl39tc4hujudkd7gp478dpz7tagmjr8wm,pool1m62sl6rauje9cknrkhwl39tc4hujudkd7gp478dpz7tagmjr8wm,https://www.balanceanalytics.io/api/groupdata.json,2026-05-18T17:17:32+00:00
pool1m7eljcrzd593cawzwpts00mmnxnj52kr9da8r264r7c4kfd4m0h,pool1m7eljcrzd593cawzwpts00mmnxnj52kr9da8r264r7c4kfd4m0h,https://www.balanceanalytics.io/api/groupdata.json,2026-05-18T17:17:32+00:00
pool1m7mmef85qylqdqa3skut8a7akklp5myaanrn0gqzsfg37j3vms8,pool1m7mmef85qylqdqa3skut8a7akklp5myaanrn0gqzsfg37j3vms8,https://www.balanceanalytics.io/api/groupdata.json,2026-05-18T17:17:32+00:00
pool1m7nt2fdv50gr67fn4feezdtnypzpfdx2vcd6v9qdjr59zvw9pvs,pool1m7nt2fdv50gr67fn4feezdtnypzpfdx2vcd6v9qdjr59zvw9pvs,https://www.balanceanalytics.io/api/groupdata.json,2026-05-18T17:17:32+00:00
pool1m80jrruqnynpuqvmm5cyhxjqy2q8pnnpyu40sd02z0gkzehqxua,pool1m80jrruqnynpuqvmm5cyhxjqy2q8pnnpyu40sd02z0gkzehqxua,https://www.balanceanalytics.io/api/groupdata.json,2026-05-18T17:17:32+00:00
pool1m83drqwlugdt9jn7jkz8hx3pne53acfkd539d9cj8yr92dr4k9y,pool1m83drqwlugdt9jn7jkz8hx3pne53acfkd539d9cj8yr92dr4k9y,https://www.balanceanalytics.io/api/groupdata.json,2026-05-18T17:17:32+00:00
pool1m90qdgknvwdewy6n7dz9ufkfqtscvdaqnw3q2vaphp20z27w706,pool1m90qdgknvwdewy6n7dz9ufkfqtscvdaqnw3q2vaphp20z27w706,https://www.balanceanalytics.io/api/groupdata.json,2026-05-18T17:17:32+00:00
pool1m9anzeagnnwhhtwh3vlkv83yhy64pkz24djvrjgcecjnyzwfk30,pool1m9anzeagnnwhhtwh3vlkv83yhy64pkz24djvrjgcecjnyzwfk30,https://www.balanceanalytics.io/api/groupdata.json,2026-05-18T17:17:32+00:00
pool1m9h0ndgxlgxa63wsszv7a6l4x8lur35wktlnrycme6t852xrq76,pool1m9h0ndgxlgxa63wsszv7a6l4x8lur35wktlnrycme6t852xrq76,https://www.balanceanalytics.io/api/groupdata.json,2026-05-18T17:17:32+00:00
pool1ma9vrewvklfmvw9wwrwcxhe7pdalrdmt9cwuhv6vn49pylkyccl,pool1ma9vrewvklfmvw9wwrwcxhe7pdalrdmt9cwuhv6vn49pylkyccl,https://www.balanceanalytics.io/api/groupdata.json,2026-05-18T17:17:32+00:00
pool1madkc465h6e9887ctj2adnky2t46km277wt3rs97hlzukzl4rx9,pool1madkc465h6e9887ctj2adnky2t46km277wt3rs97hlzukzl4rx9,https://www.balanceanalytics.io/api/groupdata.json,2026-05-18T17:17:32+00:00
pool1mayjfth7yz6mpd4hhtcwl974ut8hld8hls2f07rrdul3ypqt9rm,pool1mayjfth7yz6mpd4hhtcwl974ut8hld8hls2f07rrdul3ypqt9rm,https://www.balanceanalytics.io/api/groupdata.json,2026-05-18T17:17:32+00:00
pool1mc4h5pk0juqfd5lj08d09d9tfeyd86v7se4kq2jyu9j0jy8ey4y,pool1mc4h5pk0juqfd5lj08d09d9tfeyd86v7se4kq2jyu9j0jy8ey4y,https://www.balanceanalytics.io/api/groupdata.json,2026-05-18T17:17:32+00:00
pool1mctfqjen6qflfk65vz2hm8zse0a6e3g289hc0rgvrml777g85yq,pool1mctfqjen6qflfk65vz2hm8zse0a6e3g289hc0rgvrml777g85yq,https://www.balanceanalytics.io/api/groupdata.json,2026-05-18T17:17:32+00:00
pool1mcvq2z34f9cfdmkd97famsh20ekqtndw246ny5e8ug3mxfdf4zq,pool1mcvq2z34f9cfdmkd97famsh20ekqtndw246ny5e8ug3mxfdf4zq,https://www.balanceanalytics.io/api/groupdata.json,2026-05-18T17:17:32+00:00
pool1mcwcfl96ew79rmj4zxehr33p55e4e62dt4whyr2vqesswp9mmvz,pool1mcwcfl96ew79rmj4zxehr33p55e4e62dt4whyr2vqesswp9mmvz,https://www.balanceanalytics.io/api/groupdata.json,2026-05-18T17:17:32+00:00
pool1md2zw92j6ye2m2dl34x6pvp8phdpjcknay72tzrz4vcq523druq,pool1md2zw92j6ye2m2dl34x6pvp8phdpjcknay72tzrz4vcq523druq,https://www.balanceanalytics.io/api/groupdata.json,2026-05-18T17:17:32+00:00
pool1mdyuct0kgd0hcjjnea999me5dxqpepr4y8du4smegfm3vlr37w5,pool1mdyuct0kgd0hcjjnea999me5dxqpepr4y8du4smegfm3vlr37w5,https://www.balanceanalytics.io/api/groupdata.json,2026-05-18T17:17:32+00:00
pool1me68mzk9kephj0yqya6xu9jefjvtg0dvmly3m9sy67cezrexalx,BINANCE,https://www.balanceanalytics.io/api/groupdata.json,2026-05-18T17:17:32+00:00
pool1meljzszklf23y97ka5sjqwasnel50xe5ar68gz70slm0jmt2wxs,pool1meljzszklf23y97ka5sjqwasnel50xe5ar68gz70slm0jmt2wxs,https://www.balanceanalytics.io/api/groupdata.json,2026-05-18T17:17:32+00:00
pool1mfgqn8n658vjdcvg3xgtr3qyet64fht0dzsukqeznxw36z8g2k6,CSN,https://www.balanceanalytics.io/api/groupdata.json,2026-05-18T17:17:32+00:00
pool1mfm9nf0fc2wknc94dxyedny3vxtmv4t05arq7czyxsmg7qcy76n,pool1mfm9nf0fc2wknc94dxyedny3vxtmv4t05arq7czyxsmg7qcy76n,https://www.balanceanalytics.io/api/groupdata.json,2026-05-18T17:17:32+00:00
pool1mfyzxyggryp0jhgghvzas7qjdyz2rcfnm5rfq8s9uefvukrlps5,BD,https://www.balanceanalytics.io/api/groupdata.json,2026-05-18T17:17:32+00:00
pool1mg37s4w4uzsmw27nsnz2mwfll8sdawngvy3n657t7nd0yjcd77e,pool1mg37s4w4uzsmw27nsnz2mwfll8sdawngvy3n657t7nd0yjcd77e,https://www.balanceanalytics.io/api/groupdata.json,2026-05-18T17:17:32+00:00
pool1mgkn6k5esursgcwyvhxy7guhnx8cdwjjcfmz2t5hve5n7shtphl,IOG,https://www.balanceanalytics.io/api/groupdata.json,2026-05-18T17:17:32+00:00
pool1mgpcx225587y9uf2zcwrputd3kj70jfpf654ca86dehuw5qk5pf,pool1mgpcx225587y9uf2zcwrputd3kj70jfpf654ca86dehuw5qk5pf,https://www.balanceanalytics.io/api/groupdata.json,2026-05-18T17:17:32+00:00
pool1mgpzhdjucv0hyyndzq08la7m5h645wmsat35gxy9fv6au9k7eg4,pool1mgpzhdjucv0hyyndzq08la7m5h645wmsat35gxy9fv6au9k7eg4,https://www.balanceanalytics.io/api/groupdata.json,2026-05-18T17:17:32+00:00
pool1mh4ng2ldxk4sqfppzu6r4knxrk6e87e9c4wgrred84uy7xauzlh,CCV,https://www.balanceanalytics.io/api/groupdata.json,2026-05-18T17:17:32+00:00
pool1mh5qagd86gndurjs44k9dwurktdr7rra9prm5wwf09c77cwwaqw,pool1mh5qagd86gndurjs44k9dwurktdr7rra9prm5wwf09c77cwwaqw,https://www.balanceanalytics.io/api/groupdata.json,2026-05-18T17:17:32+00:00
pool1mhrvkx5vfv7ygd55wsknycz2a8d6gd6y8m8rgdnqwa7jcy34g05,pool1mhrvkx5vfv7ygd55wsknycz2a8d6gd6y8m8rgdnqwa7jcy34g05,https://www.balanceanalytics.io/api/groupdata.json,2026-05-18T17:17:32+00:00
pool1mhww3q6d7qssj5j2add05r7cyr7znyswe2g6vd23anpx5sh6z8d,pool1mhww3q6d7qssj5j2add05r7cyr7znyswe2g6vd23anpx5sh6z8d,https://www.balanceanalytics.io/api/groupdata.json,2026-05-18T17:17:32+00:00
pool1mjehcx2qu7trxuzugdywuvdyqs8zx8kph23y6c7hhx69z50acun,pool1mjehcx2qu7trxuzugdywuvdyqs8zx8kph23y6c7hhx69z50acun,https://www.balanceanalytics.io/api/groupdata.json,2026-05-18T17:17:32+00:00
pool1mk9k389xy5szdzyc0fpty66fu93rhwnar3202vy0d7w9ue2rycu,pool1mk9k389xy5szdzyc0fpty66fu93rhwnar3202vy0d7w9ue2rycu,https://www.balanceanalytics.io/api/groupdata.json,2026-05-18T17:17:32+00:00
pool1mkjtce8r8yeku0mmc9vpwl0scuwuwc8lz89ckpj3k0kwgvlunv5,pool1mkjtce8r8yeku0mmc9vpwl0scuwuwc8lz89ckpj3k0kwgvlunv5,https://www.balanceanalytics.io/api/groupdata.json,2026-05-18T17:17:32+00:00
pool1mkprng8gaw4uzkd0x9ppjw5y52gv2qnwuet9dtvmdy6fkjuv9u3,ETORO,https://www.balanceanalytics.io/api/groupdata.json,2026-05-18T17:17:32+00:00
pool1mkw6psku0jvaw60uqleul9jxlmyt2xet3urjrgu6735ryxtga60,pool1mkw6psku0jvaw60uqleul9jxlmyt2xet3urjrgu6735ryxtga60,https://www.balanceanalytics.io/api/groupdata.json,2026-05-18T17:17:32+00:00
pool1ml8hj9zhv5esld4dwuxrkda0ktclw4g5xfggg86nw3majud2uf6,pool1ml8hj9zhv5esld4dwuxrkda0ktclw4g5xfggg86nw3majud2uf6,https://www.balanceanalytics.io/api/groupdata.json,2026-05-18T17:17:32+00:00
pool1mleknpqvaf283fyvzlx62jw9g40288vwwyjnf9yqq6c6vc5d9lc,pool1mleknpqvaf283fyvzlx62jw9g40288vwwyjnf9yqq6c6vc5d9lc,https://www.balanceanalytics.io/api/groupdata.json,2026-05-18T17:17:32+00:00
pool1mltwh4elef39dkuuz058lgfuvx79c5wcnz3szau3arhsyq22ace,pool1mltwh4elef39dkuuz058lgfuvx79c5wcnz3szau3arhsyq22ace,https://www.balanceanalytics.io/api/groupdata.json,2026-05-18T17:17:32+00:00
pool1mlw3uh4m8qy0jlc8x0amx58gwt5xz277ya60xk6xv5daxjzt2gs,ASTRL,https://www.balanceanalytics.io/api/groupdata.json,2026-05-18T17:17:32+00:00
pool1mmjqs5tvq24hy2zhgrwgc2smrrpnvhxelvma93nuy5nzuzwsmmd,pool1mmjqs5tvq24hy2zhgrwgc2smrrpnvhxelvma93nuy5nzuzwsmmd,https://www.balanceanalytics.io/api/groupdata.json,2026-05-18T17:17:32+00:00
pool1mmpcruumps75an6yeg3w5220gke4r749l5fqc4c0v8shwjg2y2k,pool1mmpcruumps75an6yeg3w5220gke4r749l5fqc4c0v8shwjg2y2k,https://www.balanceanalytics.io/api/groupdata.json,2026-05-18T17:17:32+00:00
pool1mmrh2l3t5r7w5l7e82ven0e595vhgvu0hyf4ttrgcyejq8gwqcm,NEW GUY,https://www.balanceanalytics.io/api/groupdata.json,2026-05-18T17:17:32+00:00
pool1mn0ydnu5tt4w80y3dxdsajddhdz03p6mudk8vlh55r5exqywxhh,pool1mn0ydnu5tt4w80y3dxdsajddhdz03p6mudk8vlh55r5exqywxhh,https://www.balanceanalytics.io/api/groupdata.json,2026-05-18T17:17:32+00:00
pool1mn6relcs7dn2fqzfq5yjlwxa49d900p5sdpw62jlx45k2djgwe4,pool1mn6relcs7dn2fqzfq5yjlwxa49d900p5sdpw62jlx45k2djgwe4,https://www.balanceanalytics.io/api/groupdata.json,2026-05-18T17:17:32+00:00
pool1mnfvexj5rxp72gt5nwqucqpclcsjnt0ly3dzfvggxckdu5n48ps,pool1mnfvexj5rxp72gt5nwqucqpclcsjnt0ly3dzfvggxckdu5n48ps,https://www.balanceanalytics.io/api/groupdata.json,2026-05-18T17:17:32+00:00
pool1mnghpud4rypv76fgq5urhzaujlevp94tjxug6556e9qyua43ktl,pool1mnghpud4rypv76fgq5urhzaujlevp94tjxug6556e9qyua43ktl,https://www.balanceanalytics.io/api/groupdata.json,2026-05-18T17:17:32+00:00
pool1mnhywmx87p5dlsk86szshumnn5pljdnacr0e8zsq2v32ckh5wyf,pool1mnhywmx87p5dlsk86szshumnn5pljdnacr0e8zsq2v32ckh5wyf,https://www.balanceanalytics.io/api/groupdata.json,2026-05-18T17:17:32+00:00
pool1mnw5ulc8uwy64hgjgav8daamuqjw7wv0ppt3e0fu8x8pvjnpyfp,pool1mnw5ulc8uwy64hgjgav8daamuqjw7wv0ppt3e0fu8x8pvjnpyfp,https://www.balanceanalytics.io/api/groupdata.json,2026-05-18T17:17:32+00:00
pool1mq2q0fjekk5lt8j2krryf5rvwx5z4l5l0r6afhhj0mtg23ylyuk,pool1mq2q0fjekk5lt8j2krryf5rvwx5z4l5l0r6afhhj0mtg23ylyuk,https://www.balanceanalytics.io/api/groupdata.json,2026-05-18T17:17:32+00:00
pool1mqez65p7fvq29qrf8skwxjw0zlq0mar62c6v0m5kn95tgzeh7rv,pool1mqez65p7fvq29qrf8skwxjw0zlq0mar62c6v0m5kn95tgzeh7rv,https://www.balanceanalytics.io/api/groupdata.json,2026-05-18T17:17:32+00:00
pool1mqrktsr2lcn9yy75gm2hg73cejluty4mjum9mpf4lwyhkyldh30,pool1mqrktsr2lcn9yy75gm2hg73cejluty4mjum9mpf4lwyhkyldh30,https://www.balanceanalytics.io/api/groupdata.json,2026-05-18T17:17:32+00:00
pool1mqwmpu2ykr6q52tut4y3fuzd2lufhs7zxkhzzfpunk2y2j9kjdw,pool1mqwmpu2ykr6q52tut4y3fuzd2lufhs7zxkhzzfpunk2y2j9kjdw,https://www.balanceanalytics.io/api/groupdata.json,2026-05-18T17:17:32+00:00
pool1mqy259k253xryf4hvdq0n72n2uvadcgp34r0fxwpqzm0z5n0qp6,SPS,https://www.balanceanalytics.io/api/groupdata.json,2026-05-18T17:17:32+00:00
pool1mrxg6svcug7mc459ce5zum4qd6p0hkfc08jzpphxfnxzz8yf7ll,pool1mrxg6svcug7mc459ce5zum4qd6p0hkfc08jzpphxfnxzz8yf7ll,https://www.balanceanalytics.io/api/groupdata.json,2026-05-18T17:17:32+00:00
pool1mscll7kd2y9c56kv7thv7kv99wjvrr72uwpmuhphaltjz0pkuqa,pool1mscll7kd2y9c56kv7thv7kv99wjvrr72uwpmuhphaltjz0pkuqa,https://www.balanceanalytics.io/api/groupdata.json,2026-05-18T17:17:32+00:00
pool1msfz0v3yrzl3k5njsm92uw59cfs5uepajs4a62rxfm5xke9d2zr,pool1msfz0v3yrzl3k5njsm92uw59cfs5uepajs4a62rxfm5xke9d2zr,https://www.balanceanalytics.io/api/groupdata.json,2026-05-18T17:17:32+00:00
pool1mt8sdg37f2h3rypyuc77k7vxrjshtvjw04zdjlae9vdzyt9uu34,pool1mt8sdg37f2h3rypyuc77k7vxrjshtvjw04zdjlae9vdzyt9uu34,https://www.balanceanalytics.io/api/groupdata.json,2026-05-18T17:17:32+00:00
pool1mtmjss36km0v4qzn4eqvv440ed9flwqtkp4g8lp0ueu8zy6hvpl,pool1mtmjss36km0v4qzn4eqvv440ed9flwqtkp4g8lp0ueu8zy6hvpl,https://www.balanceanalytics.io/api/groupdata.json,2026-05-18T17:17:32+00:00
pool1mtnhc34ylrthfu7vzja3em2j5csaq3ewd5z294hs8xw2w6nupuf,pool1mtnhc34ylrthfu7vzja3em2j5csaq3ewd5z294hs8xw2w6nupuf,https://www.balanceanalytics.io/api/groupdata.json,2026-05-18T17:17:32+00:00
pool1mtuhuh8hkf8am0qzx45y58kll8q83sjh6pwljrflcmw970d82f3,ADALITE,https://www.balanceanalytics.io/api/groupdata.json,2026-05-18T17:17:32+00:00
pool1mtxmk0skqkr5y0wxnxps4n35j6wn9q8dfr82y423vvlp53vccux,ADALITE,https://www.balanceanalytics.io/api/groupdata.json,2026-05-18T17:17:32+00:00
pool1mu55cjeex6ft2pvppurt62gf5uxcx767ktkpj66696hpx6zhsed,pool1mu55cjeex6ft2pvppurt62gf5uxcx767ktkpj66696hpx6zhsed,https://www.balanceanalytics.io/api/groupdata.json,2026-05-18T17:17:32+00:00
pool1mugxe86p0p6fzeesthdzkuk3h9xtndf4my9cznmxtmpvujzlw4f,pool1mugxe86p0p6fzeesthdzkuk3h9xtndf4my9cznmxtmpvujzlw4f,https://www.balanceanalytics.io/api/groupdata.json,2026-05-18T17:17:32+00:00
pool1munms54eag8ul80zm9gprjjachydm0ex52vjfzsrcjwpcdavcdd,pool1munms54eag8ul80zm9gprjjachydm0ex52vjfzsrcjwpcdavcdd,https://www.balanceanalytics.io/api/groupdata.json,2026-05-18T17:17:32+00:00
pool1mv3umnru8hv59peuhxmc8lcqrs3gr3nhvn65nca472592a77jda,pool1mv3umnru8hv59peuhxmc8lcqrs3gr3nhvn65nca472592a77jda,https://www.balanceanalytics.io/api/groupdata.json,2026-05-18T17:17:32+00:00
pool1mv7z7jzats0g3s36rd6sk08ew6wg4pf7ulu9uvd6grpdc0mh7e0,pool1mv7z7jzats0g3s36rd6sk08ew6wg4pf7ulu9uvd6grpdc0mh7e0,https://www.balanceanalytics.io/api/groupdata.json,2026-05-18T17:17:32+00:00
pool1mvk6eup390pja32f2r9fgeus5sr5u8l6x9ver65tf7q76t6309z,pool1mvk6eup390pja32f2r9fgeus5sr5u8l6x9ver65tf7q76t6309z,https://www.balanceanalytics.io/api/groupdata.json,2026-05-18T17:17:32+00:00
pool1mvl09pgsejrudghjhq79qurugrvqy3pceznp7f9vz63n7ku7jqx,FIMI,https://www.balanceanalytics.io/api/groupdata.json,2026-05-18T17:17:32+00:00
pool1mvyggldycatkpaa26gp5lwwh48k360nvv46z493rdrq7jt60e3z,pool1mvyggldycatkpaa26gp5lwwh48k360nvv46z493rdrq7jt60e3z,https://www.balanceanalytics.io/api/groupdata.json,2026-05-18T17:17:32+00:00
pool1mw8jpnmxd22vw4h68uqw70nx24vfju4aav9rznesc4vnjnt68g4,pool1mw8jpnmxd22vw4h68uqw70nx24vfju4aav9rznesc4vnjnt68g4,https://www.balanceanalytics.io/api/groupdata.json,2026-05-18T17:17:32+00:00
pool1mwp8ewtzmun0426v9z0h9um2amswgfzn78rckfl2fc3t5sy0m5g,pool1mwp8ewtzmun0426v9z0h9um2amswgfzn78rckfl2fc3t5sy0m5g,https://www.balanceanalytics.io/api/groupdata.json,2026-05-18T17:17:32+00:00
pool1mwv76cr0znehqxe23xk4ylhr0j6gwsjxf2cvwjxm0ewdgcjzw3e,pool1mwv76cr0znehqxe23xk4ylhr0j6gwsjxf2cvwjxm0ewdgcjzw3e,https://www.balanceanalytics.io/api/groupdata.json,2026-05-18T17:17:32+00:00
pool1mxhq6etmemv3pdyycz2kxth3a8gdqnjewxgne67fqwlfgz6f7xa,EMURGO,https://www.balanceanalytics.io/api/groupdata.json,2026-05-18T17:17:32+00:00
pool1mxqjlrfskhd5kql9kak06fpdh8xjwc76gec76p3taqy2qmfzs5z,IOG,https://www.balanceanalytics.io/api/groupdata.json,2026-05-18T17:17:32+00:00
pool1mxv85lq4lvuqx8r83lmwlvqhtnu3qjy0lldhsv83rfnj5ed7vyg,pool1mxv85lq4lvuqx8r83lmwlvqhtnu3qjy0lldhsv83rfnj5ed7vyg,https://www.balanceanalytics.io/api/groupdata.json,2026-05-18T17:17:32+00:00
pool1my7sevxtc4dfvj626q0ujqqukntfa2v0uuydq6wd8x8hvml03rn,POWER,https://www.balanceanalytics.io/api/groupdata.json,2026-05-18T17:17:32+00:00
pool1myvgx4ef424e6nw2strqq7dxcepav52plyyhxrk0avaw7y098l2,COOL,https://www.balanceanalytics.io/api/groupdata.json,2026-05-18T17:17:32+00:00
pool1myw0304x7q2zuk24pzmf2rwwcwlh9p29pnj257zzjcd9j29s4xl,pool1myw0304x7q2zuk24pzmf2rwwcwlh9p29pnj257zzjcd9j29s4xl,https://www.balanceanalytics.io/api/groupdata.json,2026-05-18T17:17:32+00:00
pool1mzf0vc58p7ktgs5gqzqrcwtrs4xnlpd5v9thzl7gahqj7f7aqye,pool1mzf0vc58p7ktgs5gqzqrcwtrs4xnlpd5v9thzl7gahqj7f7aqye,https://www.balanceanalytics.io/api/groupdata.json,2026-05-18T17:17:32+00:00
pool1mzn7a7h4ghv35d7hm7lepzcc8vkwq38qajnnuqalc60mkl0recn,pool1mzn7a7h4ghv35d7hm7lepzcc8vkwq38qajnnuqalc60mkl0recn,https://www.balanceanalytics.io/api/groupdata.json,2026-05-18T17:17:32+00:00
pool1mzry5s8pkfy42ul2xevaq7dk6qae8247hqd8serm3ms06glvny0,pool1mzry5s8pkfy42ul2xevaq7dk6qae8247hqd8serm3ms06glvny0,https://www.balanceanalytics.io/api/groupdata.json,2026-05-18T17:17:32+00:00
pool1n0tqrkw62zmr20h9jz5ev2ph428ym49wt2z0mq4vlylf5u0sv7y,pool1n0tqrkw62zmr20h9jz5ev2ph428ym49wt2z0mq4vlylf5u0sv7y,https://www.balanceanalytics.io/api/groupdata.json,2026-05-18T17:17:32+00:00
pool1n20x3spgcj72k0azl85gxt72qzr2eq7sr53tlmwdg8wrz60ynzn,pool1n20x3spgcj72k0azl85gxt72qzr2eq7sr53tlmwdg8wrz60ynzn,https://www.balanceanalytics.io/api/groupdata.json,2026-05-18T17:17:32+00:00
pool1n2frucxzmppz6vaagt30wnqn4m64qu96ruaset67nlgwscxrtlu,pool1n2frucxzmppz6vaagt30wnqn4m64qu96ruaset67nlgwscxrtlu,https://www.balanceanalytics.io/api/groupdata.json,2026-05-18T17:17:32+00:00
pool1n2j7zmw69gf3weqp3wae234p3lykjks49c84mleqgmnmg4jht3y,pool1n2j7zmw69gf3weqp3wae234p3lykjks49c84mleqgmnmg4jht3y,https://www.balanceanalytics.io/api/groupdata.json,2026-05-18T17:17:32+00:00
pool1n2yp66zk6m33sg8k20hsvmk9tw7xeeswzdcfxhnx9hm9jkxv5k4,pool1n2yp66zk6m33sg8k20hsvmk9tw7xeeswzdcfxhnx9hm9jkxv5k4,https://www.balanceanalytics.io/api/groupdata.json,2026-05-18T17:17:32+00:00
pool1n353xqapcq8wtyskm8cj4g04t8rv03lteyl30c42zug7kzv8vqz,pool1n353xqapcq8wtyskm8cj4g04t8rv03lteyl30c42zug7kzv8vqz,https://www.balanceanalytics.io/api/groupdata.json,2026-05-18T17:17:32+00:00
pool1n3agd6rep8jw3gff684mja56ns6wqmshayu0av7hxcgx7f4pnwy,pool1n3agd6rep8jw3gff684mja56ns6wqmshayu0av7hxcgx7f4pnwy,https://www.balanceanalytics.io/api/groupdata.json,2026-05-18T17:17:32+00:00
pool1n3sjq3qvu5vvcd6aud6ndcwq7r3ghmkafcg60gznlwfrk2ucxku,pool1n3sjq3qvu5vvcd6aud6ndcwq7r3ghmkafcg60gznlwfrk2ucxku,https://www.balanceanalytics.io/api/groupdata.json,2026-05-18T17:17:32+00:00
pool1n4fq4gw6snzqjep3pylj8dc6aaa4xgn78gl58k360dqdw6a58g8,pool1n4fq4gw6snzqjep3pylj8dc6aaa4xgn78gl58k360dqdw6a58g8,https://www.balanceanalytics.io/api/groupdata.json,2026-05-18T17:17:32+00:00
pool1n500map6vvxwkxnrw5m9vgmjqrmtaxuuxkgqvzz7699c7qc550v,pool1n500map6vvxwkxnrw5m9vgmjqrmtaxuuxkgqvzz7699c7qc550v,https://www.balanceanalytics.io/api/groupdata.json,2026-05-18T17:17:32+00:00
pool1n5kljtvdhg29vrhr6uefqk76dpepzfwuvsw8zd0z5yqfuqj7x8a,pool1n5kljtvdhg29vrhr6uefqk76dpepzfwuvsw8zd0z5yqfuqj7x8a,https://www.balanceanalytics.io/api/groupdata.json,2026-05-18T17:17:32+00:00
pool1n5lqfxsq3uv6k63ac3lg3tmr4u9rcyhjtdewramyzngtkskmc4u,pool1n5lqfxsq3uv6k63ac3lg3tmr4u9rcyhjtdewramyzngtkskmc4u,https://www.balanceanalytics.io/api/groupdata.json,2026-05-18T17:17:32+00:00
pool1n5shd9xdt4s2gm27fxcnuejaqhhmpepn6chw2c82kqnuzdtpsem,pool1n5shd9xdt4s2gm27fxcnuejaqhhmpepn6chw2c82kqnuzdtpsem,https://www.balanceanalytics.io/api/groupdata.json,2026-05-18T17:17:32+00:00
pool1n5ytegzw3enscfw4t8wsjytrz228agvm9c3xaarce7pgjzftdtx,MANGO,https://www.balanceanalytics.io/api/groupdata.json,2026-05-18T17:17:32+00:00
pool1n62v2xsrnpyyaav2mgauwzn40u8hfzavt520vsaehz252v2tf7u,pool1n62v2xsrnpyyaav2mgauwzn40u8hfzavt520vsaehz252v2tf7u,https://www.balanceanalytics.io/api/groupdata.json,2026-05-18T17:17:32+00:00
pool1n6w5q9hw3gj6574uts75mkyrqcm702n240fxlk5df4sf7a7vlvk,pool1n6w5q9hw3gj6574uts75mkyrqcm702n240fxlk5df4sf7a7vlvk,https://www.balanceanalytics.io/api/groupdata.json,2026-05-18T17:17:32+00:00
pool1n6z7rf722heq35v2dxvstfwezgdt8cv0mftpv4r9jay3wjk2kkt,pool1n6z7rf722heq35v2dxvstfwezgdt8cv0mftpv4r9jay3wjk2kkt,https://www.balanceanalytics.io/api/groupdata.json,2026-05-18T17:17:32+00:00
pool1n75mtv5qwzquyq2cprnu7yqpnyg4ppagpzvcw6gk2un5vadg48a,pool1n75mtv5qwzquyq2cprnu7yqpnyg4ppagpzvcw6gk2un5vadg48a,https://www.balanceanalytics.io/api/groupdata.json,2026-05-18T17:17:32+00:00
pool1n7s5kpymwd0zsld8q23tpf7z5esjaqwmnnzzssee5630zpx5ww0,pool1n7s5kpymwd0zsld8q23tpf7z5esjaqwmnnzzssee5630zpx5ww0,https://www.balanceanalytics.io/api/groupdata.json,2026-05-18T17:17:32+00:00
pool1n7zh6hu89v9lz6d8ggjr9xll8q8jqr5aa4qxkfnlfh2uj39802c,pool1n7zh6hu89v9lz6d8ggjr9xll8q8jqr5aa4qxkfnlfh2uj39802c,https://www.balanceanalytics.io/api/groupdata.json,2026-05-18T17:17:32+00:00
pool1n7zhzk2zyvqywfj476s4xk9h0xzncsq37469d8cyg37lsngvvqp,pool1n7zhzk2zyvqywfj476s4xk9h0xzncsq37469d8cyg37lsngvvqp,https://www.balanceanalytics.io/api/groupdata.json,2026-05-18T17:17:32+00:00
pool1n8nq690antqxcekkekzk07yp7y7psmm3v6ad6tmkm4v3ulyhz0w,pool1n8nq690antqxcekkekzk07yp7y7psmm3v6ad6tmkm4v3ulyhz0w,https://www.balanceanalytics.io/api/groupdata.json,2026-05-18T17:17:32+00:00
pool1n8xmcjuadnkn8kk9axtjt3ahx5amj4nc8446grdjzfdrzl77xh6,pool1n8xmcjuadnkn8kk9axtjt3ahx5amj4nc8446grdjzfdrzl77xh6,https://www.balanceanalytics.io/api/groupdata.json,2026-05-18T17:17:32+00:00
pool1n940lfxkd7z73qzj5y554yrletrmgg5x2eya9tpglh3uwcqfnud,pool1n940lfxkd7z73qzj5y554yrletrmgg5x2eya9tpglh3uwcqfnud,https://www.balanceanalytics.io/api/groupdata.json,2026-05-18T17:17:32+00:00
pool1n96ql32ct37n8w0l9ddhnc2t8tv0uyd6kuhzua8uxy63xs35wgl,pool1n96ql32ct37n8w0l9ddhnc2t8tv0uyd6kuhzua8uxy63xs35wgl,https://www.balanceanalytics.io/api/groupdata.json,2026-05-18T17:17:32+00:00
pool1n9sygh53tantskvg6fadljx95tt6s57y5d9wuahcke0lgkguyeq,pool1n9sygh53tantskvg6fadljx95tt6s57y5d9wuahcke0lgkguyeq,https://www.balanceanalytics.io/api/groupdata.json,2026-05-18T17:17:32+00:00
pool1n9vs3ye3939ae8x6jfkf0unksj7q05zgsk2fnm8lhve95w3j0rs,pool1n9vs3ye3939ae8x6jfkf0unksj7q05zgsk2fnm8lhve95w3j0rs,https://www.balanceanalytics.io/api/groupdata.json,2026-05-18T17:17:32+00:00
pool1nad4u2vhlwpjd2f52dpgf5rh36ntvdsm38mxmztndtmcscpy82u,pool1nad4u2vhlwpjd2f52dpgf5rh36ntvdsm38mxmztndtmcscpy82u,https://www.balanceanalytics.io/api/groupdata.json,2026-05-18T17:17:32+00:00
pool1nc8vcafsgemc2jx7mmze3sppakahrl4z5qqauw6znr93jfyqv6j,pool1nc8vcafsgemc2jx7mmze3sppakahrl4z5qqauw6znr93jfyqv6j,https://www.balanceanalytics.io/api/groupdata.json,2026-05-18T17:17:32+00:00
pool1ncg357pkgx29g6jrwunk94pwxe409ktxyrw8s0k66vwkc4qdgnu,pool1ncg357pkgx29g6jrwunk94pwxe409ktxyrw8s0k66vwkc4qdgnu,https://www.balanceanalytics.io/api/groupdata.json,2026-05-18T17:17:32+00:00
pool1nchr83fc0hrykvhlnh64n3wlt5vkdu727xjep59znrwzs589jdd,pool1nchr83fc0hrykvhlnh64n3wlt5vkdu727xjep59znrwzs589jdd,https://www.balanceanalytics.io/api/groupdata.json,2026-05-18T17:17:32+00:00
pool1ncnx4w3mrz2g70fun9t5c87h2rwl789n3x6cxjugzx8scfd95t9,pool1ncnx4w3mrz2g70fun9t5c87h2rwl789n3x6cxjugzx8scfd95t9,https://www.balanceanalytics.io/api/groupdata.json,2026-05-18T17:17:32+00:00
pool1ncst8jldzmwa4s874u3x4q7seqjyq3njc89a2w2056m2ywktd6w,pool1ncst8jldzmwa4s874u3x4q7seqjyq3njc89a2w2056m2ywktd6w,https://www.balanceanalytics.io/api/groupdata.json,2026-05-18T17:17:32+00:00
pool1ndtsklata6rphamr6jw2p3ltnzayq3pezhg0djvn7n5js8rqlzh,pool1ndtsklata6rphamr6jw2p3ltnzayq3pezhg0djvn7n5js8rqlzh,https://www.balanceanalytics.io/api/groupdata.json,2026-05-18T17:17:32+00:00
pool1ndu9fpv7prmp6r6k23lzx6fcpjlvh6upl3w8ghldys467u6vvrl,pool1ndu9fpv7prmp6r6k23lzx6fcpjlvh6upl3w8ghldys467u6vvrl,https://www.balanceanalytics.io/api/groupdata.json,2026-05-18T17:17:32+00:00
pool1nee5kmpzv0qfz7lu258fe9ylgxh68lsqqdmjgw7jnheej3usn35,IOG,https://www.balanceanalytics.io/api/groupdata.json,2026-05-18T17:17:32+00:00
pool1newmccddazerzanrdeeelvzk6vzh9stxn5n8ravshqa05n0t83u,WESTBERG,https://www.balanceanalytics.io/api/groupdata.json,2026-05-18T17:17:32+00:00
pool1neyw9udmkujktu47dp3u958xfmka207exzrxe0le79ulxhvtf3l,pool1neyw9udmkujktu47dp3u958xfmka207exzrxe0le79ulxhvtf3l,https://www.balanceanalytics.io/api/groupdata.json,2026-05-18T17:17:32+00:00
pool1nf8990yn76kp9csnfrrl9aar7z8l7pas0jlfu637us5n6sgycem,pool1nf8990yn76kp9csnfrrl9aar7z8l7pas0jlfu637us5n6sgycem,https://www.balanceanalytics.io/api/groupdata.json,2026-05-18T17:17:32+00:00
pool1nffpy6r7l4ueeedzvvzsta2vty9g6mtet6huuhfzyvndkwd35dl,THC,https://www.balanceanalytics.io/api/groupdata.json,2026-05-18T17:17:32+00:00
pool1nfv6hdwqw7agtv939275vtpp4r0d7d4ct4fuwv896metsgl2jx6,pool1nfv6hdwqw7agtv939275vtpp4r0d7d4ct4fuwv896metsgl2jx6,https://www.balanceanalytics.io/api/groupdata.json,2026-05-18T17:17:32+00:00
pool1ng0wg25mkdkcmryzh5dcw70p0462z7svegxr9c7d2k5cqf9tt2k,pool1ng0wg25mkdkcmryzh5dcw70p0462z7svegxr9c7d2k5cqf9tt2k,https://www.balanceanalytics.io/api/groupdata.json,2026-05-18T17:17:32+00:00
pool1ng3vqzrhn3z45yjdscv3q37n26g2pj3vp99rfkgv6225y8lqg8j,EVE,https://www.balanceanalytics.io/api/groupdata.json,2026-05-18T17:17:32+00:00
pool1nh9j5qucsddxkzn3m4dm4gxkhwtpya4wm4e0ye2u0puaqgkcm65,pool1nh9j5qucsddxkzn3m4dm4gxkhwtpya4wm4e0ye2u0puaqgkcm65,https://www.balanceanalytics.io/api/groupdata.json,2026-05-18T17:17:32+00:00
pool1nhd907krga9dh69kf0jg4tl0764rravepy337gptvsknxyyx94k,pool1nhd907krga9dh69kf0jg4tl0764rravepy337gptvsknxyyx94k,https://www.balanceanalytics.io/api/groupdata.json,2026-05-18T17:17:32+00:00
pool1nhhsh9yhlrvj9e3nce0zpx0xm2xlt6tx7gqakhr6hjc8wy84sat,5BINARIES,https://www.balanceanalytics.io/api/groupdata.json,2026-05-18T17:17:32+00:00
pool1nhls8e9swnyshldgjknku4npreax075nw0ltrkmrarh4w3skxt9,DAN,https://www.balanceanalytics.io/api/groupdata.json,2026-05-18T17:17:32+00:00
pool1nhlv5z2lsptzgcp9ype0mppc7zyndm66ypm4sw5hy27ewdchqx0,P2P,https://www.balanceanalytics.io/api/groupdata.json,2026-05-18T17:17:32+00:00
pool1nhr06ggy43l7mhekvazlrdywl0udvf5f03drz8t4649zwzndc43,pool1nhr06ggy43l7mhekvazlrdywl0udvf5f03drz8t4649zwzndc43,https://www.balanceanalytics.io/api/groupdata.json,2026-05-18T17:17:32+00:00
pool1nhstzc6dk7d04k83yfccyrylzewhpd422kall4u6a5ck5c0pw3q,pool1nhstzc6dk7d04k83yfccyrylzewhpd422kall4u6a5ck5c0pw3q,https://www.balanceanalytics.io/api/groupdata.json,2026-05-18T17:17:32+00:00
pool1nj89n6nsqjj3l9fkgfjn6u9ff5rxxkdem4hxg949gv8lx8cftz2,pool1nj89n6nsqjj3l9fkgfjn6u9ff5rxxkdem4hxg949gv8lx8cftz2,https://www.balanceanalytics.io/api/groupdata.json,2026-05-18T17:17:32+00:00
pool1njgax5g706nhknujnntnrx0gyu8zqvrhexwmmp7qrfhjvaumfq4,pool1njgax5g706nhknujnntnrx0gyu8zqvrhexwmmp7qrfhjvaumfq4,https://www.balanceanalytics.io/api/groupdata.json,2026-05-18T17:17:32+00:00
pool1njjr0zn7uvydjy8067nprgwlyxqnznp9wgllfnag24nycgkda25,COINBASE,https://www.balanceanalytics.io/api/groupdata.json,2026-05-18T17:17:32+00:00
pool1njs6ejpvdkt3cee7u8ekqyunmufm82jjrehtg42xd28m7zhzn5v,pool1njs6ejpvdkt3cee7u8ekqyunmufm82jjrehtg42xd28m7zhzn5v,https://www.balanceanalytics.io/api/groupdata.json,2026-05-18T17:17:32+00:00
pool1njzry7kcm6p0skyqr5hkn8j454c5mjjyeavfwxxytzz5za8v6ud,pool1njzry7kcm6p0skyqr5hkn8j454c5mjjyeavfwxxytzz5za8v6ud,https://www.balanceanalytics.io/api/groupdata.json,2026-05-18T17:17:32+00:00
pool1nkldjqr5pml3tsg8wxr7ss88gguyjez945vpwda797jdj6zxghj,pool1nkldjqr5pml3tsg8wxr7ss88gguyjez945vpwda797jdj6zxghj,https://www.balanceanalytics.io/api/groupdata.json,2026-05-18T17:17:32+00:00
pool1nl74emh67vuyt8cgv6gwhjnrctxgrpqlrdzznj4l3lh5j8lj3ah,YUTA,https://www.balanceanalytics.io/api/groupdata.json,2026-05-18T17:17:32+00:00
pool1nll5ghr8cdkl6ppnxpuk6c6vrg9d5kq3tp8d6xjdds5pct6pxj9,BINANCE,https://www.balanceanalytics.io/api/groupdata.json,2026-05-18T17:17:32+00:00
pool1nlv8mxyx5juqe5aua9tplr5j9ar4wy950zlya3ul94wkgqmf9z0,pool1nlv8mxyx5juqe5aua9tplr5j9ar4wy950zlya3ul94wkgqmf9z0,https://www.balanceanalytics.io/api/groupdata.json,2026-05-18T17:17:32+00:00
pool1nmnauud7ghvm3l9tyw9fwhgus6vcymqyksynlwjxxjeyx4rrsvx,pool1nmnauud7ghvm3l9tyw9fwhgus6vcymqyksynlwjxxjeyx4rrsvx,https://www.balanceanalytics.io/api/groupdata.json,2026-05-18T17:17:32+00:00
pool1nms3yppslynx2etssx3sslg0mzpc345wzynf64lzjmfyg6ghj9t,pool1nms3yppslynx2etssx3sslg0mzpc345wzynf64lzjmfyg6ghj9t,https://www.balanceanalytics.io/api/groupdata.json,2026-05-18T17:17:32+00:00
pool1nnfwte5lhr8rxjye4a8m8krt5fsu6fs2g39g6ccq09nqqf8sekw,pool1nnfwte5lhr8rxjye4a8m8krt5fsu6fs2g39g6ccq09nqqf8sekw,https://www.balanceanalytics.io/api/groupdata.json,2026-05-18T17:17:32+00:00
pool1npdsmx25352qzj33rk2mtvc6u7c339qs0vv7gy43t7kpcapw95d,pool1npdsmx25352qzj33rk2mtvc6u7c339qs0vv7gy43t7kpcapw95d,https://www.balanceanalytics.io/api/groupdata.json,2026-05-18T17:17:32+00:00
pool1npx8wwtj8knlavx6h7spcj7sk6n6dd5qa0npk9fcdefd542y9vx,pool1npx8wwtj8knlavx6h7spcj7sk6n6dd5qa0npk9fcdefd542y9vx,https://www.balanceanalytics.io/api/groupdata.json,2026-05-18T17:17:32+00:00
pool1nq0jx33p0sfa2fux33yklkzssck4kfgaqlgnlc0a7a9ggqzhgnt,pool1nq0jx33p0sfa2fux33yklkzssck4kfgaqlgnlc0a7a9ggqzhgnt,https://www.balanceanalytics.io/api/groupdata.json,2026-05-18T17:17:32+00:00
pool1nqheyct9a0mxn80cwp9pd5guncfu3rzwqtmru0l94accz7gjcgl,pool1nqheyct9a0mxn80cwp9pd5guncfu3rzwqtmru0l94accz7gjcgl,https://www.balanceanalytics.io/api/groupdata.json,2026-05-18T17:17:32+00:00
pool1nqm7rm98j5z027kdfcf09kunacz2w672xzx2ucdxacs954r5dul,pool1nqm7rm98j5z027kdfcf09kunacz2w672xzx2ucdxacs954r5dul,https://www.balanceanalytics.io/api/groupdata.json,2026-05-18T17:17:32+00:00
pool1nqveuw4q2yw9u9x6yzy260skdwc309krsx32hmgvpyp962mu996,pool1nqveuw4q2yw9u9x6yzy260skdwc309krsx32hmgvpyp962mu996,https://www.balanceanalytics.io/api/groupdata.json,2026-05-18T17:17:32+00:00
pool1nqvlnshuc27zfnjm2jjn3e9g7c6nv92qe95r30rpgvlqqemyup6,pool1nqvlnshuc27zfnjm2jjn3e9g7c6nv92qe95r30rpgvlqqemyup6,https://www.balanceanalytics.io/api/groupdata.json,2026-05-18T17:17:32+00:00
pool1ns6veetewra0zqlljq36rwt4g3d5s0lnvxmzmx82epph50weacy,pool1ns6veetewra0zqlljq36rwt4g3d5s0lnvxmzmx82epph50weacy,https://www.balanceanalytics.io/api/groupdata.json,2026-05-18T17:17:32+00:00
pool1nsaul82z7ytu73q96w2wgj8wrardmrzjkuzaankzn0xuqkj70qm,pool1nsaul82z7ytu73q96w2wgj8wrardmrzjkuzaankzn0xuqkj70qm,https://www.balanceanalytics.io/api/groupdata.json,2026-05-18T17:17:32+00:00
pool1nss40t2xhh7ntgp8ca73u2xd8kzyn3dgtf9jfh0y57kxul9zt82,pool1nss40t2xhh7ntgp8ca73u2xd8kzyn3dgtf9jfh0y57kxul9zt82,https://www.balanceanalytics.io/api/groupdata.json,2026-05-18T17:17:32+00:00
pool1nt00f6p0frek3f0jza4u9ka5rey76752j5zkrpldkpqvjspytm3,pool1nt00f6p0frek3f0jza4u9ka5rey76752j5zkrpldkpqvjspytm3,https://www.balanceanalytics.io/api/groupdata.json,2026-05-18T17:17:32+00:00
pool1nt65pu06tlggjeaer8862fdju98ddrrxa9wnw3k4lhfvgrrgt85,pool1nt65pu06tlggjeaer8862fdju98ddrrxa9wnw3k4lhfvgrrgt85,https://www.balanceanalytics.io/api/groupdata.json,2026-05-18T17:17:32+00:00
pool1ntfxj2jgvhzen8e86ed679ctukar3vj538ywyyq8ryld66jj4sx,RAY,https://www.balanceanalytics.io/api/groupdata.json,2026-05-18T17:17:32+00:00
pool1ntlyr9hrrdg3gpdkmr267hq46ys2rlj5y25dzx3reuecgd7p5sh,CHUCK BUX,https://www.balanceanalytics.io/api/groupdata.json,2026-05-18T17:17:32+00:00
pool1ntwurms3f0j4kqe5wfpg9chlasylp0lmuw72m4fn66vnuyrvs8v,MANGO,https://www.balanceanalytics.io/api/groupdata.json,2026-05-18T17:17:32+00:00
pool1ntyzyya7yde0yrna4q9n4g7m0gttpy35jzld9mckmtz0zfm28nq,pool1ntyzyya7yde0yrna4q9n4g7m0gttpy35jzld9mckmtz0zfm28nq,https://www.balanceanalytics.io/api/groupdata.json,2026-05-18T17:17:32+00:00
pool1nudasuv0lljpe0tswcverqvlh0v4226vgnpsuxn0e9nkvnvcvne,STI,https://www.balanceanalytics.io/api/groupdata.json,2026-05-18T17:17:32+00:00
pool1nuhdrn8v7jrqpqtyrjhqqd2jtjff2pks6sz7qfsurp96vqdswz5,pool1nuhdrn8v7jrqpqtyrjhqqd2jtjff2pks6sz7qfsurp96vqdswz5,https://www.balanceanalytics.io/api/groupdata.json,2026-05-18T17:17:32+00:00
pool1nw0cj8zd2m6uu73msp7a5sjnht7ap3pe73kuqd7cjwsmzyhflex,EMURGO,https://www.balanceanalytics.io/api/groupdata.json,2026-05-18T17:17:32+00:00
pool1nw42xqnaplxsx3fq4ytl4x4qqvhs7g5uymnm906pfvx5636fglw,pool1nw42xqnaplxsx3fq4ytl4x4qqvhs7g5uymnm906pfvx5636fglw,https://www.balanceanalytics.io/api/groupdata.json,2026-05-18T17:17:32+00:00
pool1nwcu3al5vfm7t3dtvyuu4hlmlvezd05c5v386q90hlptks4mqw3,pool1nwcu3al5vfm7t3dtvyuu4hlmlvezd05c5v386q90hlptks4mqw3,https://www.balanceanalytics.io/api/groupdata.json,2026-05-18T17:17:32+00:00
pool1nwddjgvjrke3e2gu6m0a7y04alhgcx4egec6dd9gahr5sz0p5u9,pool1nwddjgvjrke3e2gu6m0a7y04alhgcx4egec6dd9gahr5sz0p5u9,https://www.balanceanalytics.io/api/groupdata.json,2026-05-18T17:17:32+00:00
pool1nwfzutmm6et5yt6mdk6d3ls57qfmwje0hwcepr3dn68mu9wl0pd,pool1nwfzutmm6et5yt6mdk6d3ls57qfmwje0hwcepr3dn68mu9wl0pd,https://www.balanceanalytics.io/api/groupdata.json,2026-05-18T17:17:32+00:00
pool1nwljjun9hsly0vkuq2kuxzleteyl35j9s8ap4x9yh4lpuglxmu3,pool1nwljjun9hsly0vkuq2kuxzleteyl35j9s8ap4x9yh4lpuglxmu3,https://www.balanceanalytics.io/api/groupdata.json,2026-05-18T17:17:32+00:00
pool1nwt6mxqus3tpzrshky5h5kykz9rjpxmacrvw0z6yak9uk5p5045,DNEWS,https://www.balanceanalytics.io/api/groupdata.json,2026-05-18T17:17:32+00:00
pool1nwv3c3q62lqcdgp7s0jtl4xldgfnjnt0szkdclk4tzjqzv6kv7n,BINANCE,https://www.balanceanalytics.io/api/groupdata.json,2026-05-18T17:17:32+00:00
pool1nwvfpwq36ea6ne5czpvpun7pr89qcg654kmu6ml4vjc2xzwlx4u,BINANCE,https://www.balanceanalytics.io/api/groupdata.json,2026-05-18T17:17:32+00:00
pool1nx2g7dzc90uu47e8kp057r59g8z5sz6v0x76wsph8xpcqzqycv7,pool1nx2g7dzc90uu47e8kp057r59g8z5sz6v0x76wsph8xpcqzqycv7,https://www.balanceanalytics.io/api/groupdata.json,2026-05-18T17:17:32+00:00
pool1nxjn62rdwqwefyaeq2mrz8r5vrekh6y43qn6nqsl3f0fzx4jpxf,pool1nxjn62rdwqwefyaeq2mrz8r5vrekh6y43qn6nqsl3f0fzx4jpxf,https://www.balanceanalytics.io/api/groupdata.json,2026-05-18T17:17:32+00:00
pool1ny7wcf5gwhqcdx4g9ujm3wtula9w8fm58stfe7pkxjg9cp9h3g0,pool1ny7wcf5gwhqcdx4g9ujm3wtula9w8fm58stfe7pkxjg9cp9h3g0,https://www.balanceanalytics.io/api/groupdata.json,2026-05-18T17:17:32+00:00
pool1nydxffhrmpn0ft6wpg4l6cwp2jr2glxvx5hxr69xknl0s5p603w,pool1nydxffhrmpn0ft6wpg4l6cwp2jr2glxvx5hxr69xknl0s5p603w,https://www.balanceanalytics.io/api/groupdata.json,2026-05-18T17:17:32+00:00
pool1nyf8x2xrlmfqwy9shqrlx2csentnzyjmxr0r3w0ljuaqz5ek7qz,1PCT,https://www.balanceanalytics.io/api/groupdata.json,2026-05-18T17:17:32+00:00
pool1nyh6jcznks8wvlek7r7rlvg9hfchfqqyvup39ugkmr6kghrl0as,pool1nyh6jcznks8wvlek7r7rlvg9hfchfqqyvup39ugkmr6kghrl0as,https://www.balanceanalytics.io/api/groupdata.json,2026-05-18T17:17:32+00:00
pool1nyj2wwps0nk9kn48rtqck5876la35k3j4talj24gpvnauxqsfh3,pool1nyj2wwps0nk9kn48rtqck5876la35k3j4talj24gpvnauxqsfh3,https://www.balanceanalytics.io/api/groupdata.json,2026-05-18T17:17:32+00:00
pool1nyjw0460ww5qjtpukexuywxdz4lzhy6tm7yygn74lnlcc62hnc8,ETORO,https://www.balanceanalytics.io/api/groupdata.json,2026-05-18T17:17:32+00:00
pool1nyq3fcx438ydyprzfnpg8y8nkekmjqe2gp3mh04e9hv22ljaavj,pool1nyq3fcx438ydyprzfnpg8y8nkekmjqe2gp3mh04e9hv22ljaavj,https://www.balanceanalytics.io/api/groupdata.json,2026-05-18T17:17:32+00:00
pool1nz9h4raywm6mu2v8l7htuaqvmn06l3mepuaxynpzlwljsf8txhy,NORTH,https://www.balanceanalytics.io/api/groupdata.json,2026-05-18T17:17:32+00:00
pool1nzsjg3cuam3uj39qusn44cs2uj7h30lppqsrqsllwxs2c8fx4xs,pool1nzsjg3cuam3uj39qusn44cs2uj7h30lppqsrqsllwxs2c8fx4xs,https://www.balanceanalytics.io/api/groupdata.json,2026-05-18T17:17:32+00:00
pool1p00qq8zftf8m2ll0r9d24fx6tq7yzxzy5teltpswl7zew5m7nqp,pool1p00qq8zftf8m2ll0r9d24fx6tq7yzxzy5teltpswl7zew5m7nqp,https://www.balanceanalytics.io/api/groupdata.json,2026-05-18T17:17:32+00:00
pool1p09vyzyuukzfhwc79y5nckhzkrkzjqzfwhxttemj7t0kx00fucf,pool1p09vyzyuukzfhwc79y5nckhzkrkzjqzfwhxttemj7t0kx00fucf,https://www.balanceanalytics.io/api/groupdata.json,2026-05-18T17:17:32+00:00
pool1p0jc0n0sqhj7fhm8sng8086akyyrsl085cvd6ewskhhly9tn3d0,pool1p0jc0n0sqhj7fhm8sng8086akyyrsl085cvd6ewskhhly9tn3d0,https://www.balanceanalytics.io/api/groupdata.json,2026-05-18T17:17:32+00:00
pool1p2aax6cfztk6cc02cfhg0pa7432em8a59wdyjatxcd997n7knjs,pool1p2aax6cfztk6cc02cfhg0pa7432em8a59wdyjatxcd997n7knjs,https://www.balanceanalytics.io/api/groupdata.json,2026-05-18T17:17:32+00:00
pool1p2ldp00jsl5l9xpg9m77zavhqmw7amtg5nlf0jwudlu2zaq389s,pool1p2ldp00jsl5l9xpg9m77zavhqmw7amtg5nlf0jwudlu2zaq389s,https://www.balanceanalytics.io/api/groupdata.json,2026-05-18T17:17:32+00:00
pool1p2vgec7gamn3zq0pgevauvu5m7gzhzwal48sutz4hc5tk54vnxn,pool1p2vgec7gamn3zq0pgevauvu5m7gzhzwal48sutz4hc5tk54vnxn,https://www.balanceanalytics.io/api/groupdata.json,2026-05-18T17:17:32+00:00
pool1p39fgnpatsmyln2nyhr64elqfzxxk8q25xtkny97qgnlkllaxry,pool1p39fgnpatsmyln2nyhr64elqfzxxk8q25xtkny97qgnlkllaxry,https://www.balanceanalytics.io/api/groupdata.json,2026-05-18T17:17:32+00:00
pool1p3chxyfv5cfk95hwq5zqjuljrpyk3uk5ua5alpn8rjgkkvvy8ne,IAMX,https://www.balanceanalytics.io/api/groupdata.json,2026-05-18T17:17:32+00:00
pool1p3f5paefq8jzgzdwuk5sw0pql4azfc07jg38pfldp9quuxfd6zk,pool1p3f5paefq8jzgzdwuk5sw0pql4azfc07jg38pfldp9quuxfd6zk,https://www.balanceanalytics.io/api/groupdata.json,2026-05-18T17:17:32+00:00
pool1p42f6kw9lkgw5tn77kqyrc22zrs4uq298p468gacwzw6gq0ckq2,pool1p42f6kw9lkgw5tn77kqyrc22zrs4uq298p468gacwzw6gq0ckq2,https://www.balanceanalytics.io/api/groupdata.json,2026-05-18T17:17:32+00:00
pool1p4a0vuantvzu9ysk3w430vgxjjfa95g0uz2sw8e4tltjg4jhkwz,pool1p4a0vuantvzu9ysk3w430vgxjjfa95g0uz2sw8e4tltjg4jhkwz,https://www.balanceanalytics.io/api/groupdata.json,2026-05-18T17:17:32+00:00
pool1p4s6gafaqd2w2dft5c5j2zj6grudvmpwsyx9gumzunak688x5tj,pool1p4s6gafaqd2w2dft5c5j2zj6grudvmpwsyx9gumzunak688x5tj,https://www.balanceanalytics.io/api/groupdata.json,2026-05-18T17:17:32+00:00
pool1p555cu7d33j4356yz4wr5k5nvw4pshkjtg28z7cky9y7qf9h309,pool1p555cu7d33j4356yz4wr5k5nvw4pshkjtg28z7cky9y7qf9h309,https://www.balanceanalytics.io/api/groupdata.json,2026-05-18T17:17:32+00:00
pool1p5ja48uqc7pjnuqvwu7cgmspvx938qpnf4zqm0x2k0ngkh4lkjx,SIPO,https://www.balanceanalytics.io/api/groupdata.json,2026-05-18T17:17:32+00:00
pool1p627hhec2ha6wu6ql377c3hv4mjd26w7ll0xyw2ezgnu6nyl0a4,pool1p627hhec2ha6wu6ql377c3hv4mjd26w7ll0xyw2ezgnu6nyl0a4,https://www.balanceanalytics.io/api/groupdata.json,2026-05-18T17:17:32+00:00
pool1p693mkpyjphqedgje9sx5k8dzaqsusmw99vh26gd8aszjzkajt4,pool1p693mkpyjphqedgje9sx5k8dzaqsusmw99vh26gd8aszjzkajt4,https://www.balanceanalytics.io/api/groupdata.json,2026-05-18T17:17:32+00:00
pool1p6hcxptwdpepslluq44shkzgk72k5gsszhhllykdcvts6xnrwvg,pool1p6hcxptwdpepslluq44shkzgk72k5gsszhhllykdcvts6xnrwvg,https://www.balanceanalytics.io/api/groupdata.json,2026-05-18T17:17:32+00:00
pool1p70svj9zrg7lgzkdn8udlslry0t27qs8r9tz9lr955v2yfna2rl,FIGMENT,https://www.balanceanalytics.io/api/groupdata.json,2026-05-18T17:17:32+00:00
pool1p7mhtnmcst29u7ws7d70lhugg4udywmhdgggy4km0dnnga0tymr,pool1p7mhtnmcst29u7ws7d70lhugg4udywmhdgggy4km0dnnga0tymr,https://www.balanceanalytics.io/api/groupdata.json,2026-05-18T17:17:32+00:00
pool1p7rhyhffkw7xewl8c2c0dlaa406q7qfztg2hxa3aw4u2uaqlqla,pool1p7rhyhffkw7xewl8c2c0dlaa406q7qfztg2hxa3aw4u2uaqlqla,https://www.balanceanalytics.io/api/groupdata.json,2026-05-18T17:17:32+00:00
pool1p7rnx8zj3xaxknz804dhreeursssge98sqtpzxwlr630ks7axdp,pool1p7rnx8zj3xaxknz804dhreeursssge98sqtpzxwlr630ks7axdp,https://www.balanceanalytics.io/api/groupdata.json,2026-05-18T17:17:32+00:00
pool1p7x98437an7p6c7jf9zdkd0ekmw077q4a3c3r3lazxr0ccgf5vp,pool1p7x98437an7p6c7jf9zdkd0ekmw077q4a3c3r3lazxr0ccgf5vp,https://www.balanceanalytics.io/api/groupdata.json,2026-05-18T17:17:32+00:00
pool1p82vmqednsalje23mpnz9u3qt9ruj79xu83mr6p8t93fw5fcu3y,pool1p82vmqednsalje23mpnz9u3qt9ruj79xu83mr6p8t93fw5fcu3y,https://www.balanceanalytics.io/api/groupdata.json,2026-05-18T17:17:32+00:00
pool1p86vmfhr4xnerm4kjltlhxrpzaeqjg30h7p8f6h279ulcty9n7e,pool1p86vmfhr4xnerm4kjltlhxrpzaeqjg30h7p8f6h279ulcty9n7e,https://www.balanceanalytics.io/api/groupdata.json,2026-05-18T17:17:32+00:00
pool1p8a3jea0k5w749jf0jtr7qeer8xth9r0zr8ktmp75heqx0ewyz7,pool1p8a3jea0k5w749jf0jtr7qeer8xth9r0zr8ktmp75heqx0ewyz7,https://www.balanceanalytics.io/api/groupdata.json,2026-05-18T17:17:32+00:00
pool1p8ap6v2k60kkav3hqcchwltxhuwpfw2qtj8txcw4scp76hdvgmc,pool1p8ap6v2k60kkav3hqcchwltxhuwpfw2qtj8txcw4scp76hdvgmc,https://www.balanceanalytics.io/api/groupdata.json,2026-05-18T17:17:32+00:00
pool1p8cgpwp63e08jsckma4y83x4ehc3ynt0tuameh99hmreg0hf7mx,pool1p8cgpwp63e08jsckma4y83x4ehc3ynt0tuameh99hmreg0hf7mx,https://www.balanceanalytics.io/api/groupdata.json,2026-05-18T17:17:32+00:00
pool1p8fhygz7ga9hghhwmkr64p3ftn77lxu9nyddvsqszattcdyajc0,SUNNY,https://www.balanceanalytics.io/api/groupdata.json,2026-05-18T17:17:32+00:00
pool1p8gda4td9882kcllejstrzfh84n8cxts0j67dyuuamzdg85cf3a,pool1p8gda4td9882kcllejstrzfh84n8cxts0j67dyuuamzdg85cf3a,https://www.balanceanalytics.io/api/groupdata.json,2026-05-18T17:17:32+00:00
pool1p8yn95k4wgznc38ezckler84ufc6kxemmsvptv74r3g4zkxj24q,pool1p8yn95k4wgznc38ezckler84ufc6kxemmsvptv74r3g4zkxj24q,https://www.balanceanalytics.io/api/groupdata.json,2026-05-18T17:17:32+00:00
pool1p90ymkn27wj473ve0leq0u6s935atjspsq77kxttyzzqsekqjh3,pool1p90ymkn27wj473ve0leq0u6s935atjspsq77kxttyzzqsekqjh3,https://www.balanceanalytics.io/api/groupdata.json,2026-05-18T17:17:32+00:00
pool1p98qztq2t77u89vvsratsmsx8hu965w4n7xneg5qu7gtgcdude0,pool1p98qztq2t77u89vvsratsmsx8hu965w4n7xneg5qu7gtgcdude0,https://www.balanceanalytics.io/api/groupdata.json,2026-05-18T17:17:32+00:00
pool1p9njaxdmjd5w4k85ywp9ytw769wtdnfrdagavydxjjrysnaj3gu,pool1p9njaxdmjd5w4k85ywp9ytw769wtdnfrdagavydxjjrysnaj3gu,https://www.balanceanalytics.io/api/groupdata.json,2026-05-18T17:17:32+00:00
pool1p9sda64t6l9802tsu2fj6phvt9xfqgcpjucyr3kek8wzurmn8rz,pool1p9sda64t6l9802tsu2fj6phvt9xfqgcpjucyr3kek8wzurmn8rz,https://www.balanceanalytics.io/api/groupdata.json,2026-05-18T17:17:32+00:00
pool1p9sjhjx0v3k76wvgdqu7jcks2ra48wqlhc6g0mkewd25k3zcymy,YUTA,https://www.balanceanalytics.io/api/groupdata.json,2026-05-18T17:17:32+00:00
pool1pavpy40ahr5w3rfkw63uhm0r8c0jg4shrjlrjfnt8km8jewpjan,BINANCE,https://www.balanceanalytics.io/api/groupdata.json,2026-05-18T17:17:32+00:00
pool1paxzxl23ygch4ad08m8zu477atpfumdeg6uyrvg579eawvsy77z,pool1paxzxl23ygch4ad08m8zu477atpfumdeg6uyrvg579eawvsy77z,https://www.balanceanalytics.io/api/groupdata.json,2026-05-18T17:17:32+00:00
pool1pcsj4zltacqzdjefsqsyysgk3hkrusxdp4uyt0delernwcusn2g,pool1pcsj4zltacqzdjefsqsyysgk3hkrusxdp4uyt0delernwcusn2g,https://www.balanceanalytics.io/api/groupdata.json,2026-05-18T17:17:32+00:00
pool1pcu5nprv9nl9ravx6xm3ywucax7fczkn3gmngyvg33na2pyrf7u,pool1pcu5nprv9nl9ravx6xm3ywucax7fczkn3gmngyvg33na2pyrf7u,https://www.balanceanalytics.io/api/groupdata.json,2026-05-18T17:17:32+00:00
pool1pcyfzn0jdpnk40h90eh7aazw2nru94j5nwma2lg3tz4v7fyvxyp,pool1pcyfzn0jdpnk40h90eh7aazw2nru94j5nwma2lg3tz4v7fyvxyp,https://www.balanceanalytics.io/api/groupdata.json,2026-05-18T17:17:32+00:00
pool1pcyjd40wegzvzkhvmfrylzsg43h962f2zvgcpg9hc26826wefsn,pool1pcyjd40wegzvzkhvmfrylzsg43h962f2zvgcpg9hc26826wefsn,https://www.balanceanalytics.io/api/groupdata.json,2026-05-18T17:17:32+00:00
pool1pd7x30trlcd86h9x8ya5ch3j4729wudgdh4qrmr6fulh5zm24w9,ROCKX,https://www.balanceanalytics.io/api/groupdata.json,2026-05-18T17:17:32+00:00
pool1pdqcefsvu9mqxfalj5dywcfyymtpqpjqhlnxl99ds62pxv5ungm,pool1pdqcefsvu9mqxfalj5dywcfyymtpqpjqhlnxl99ds62pxv5ungm,https://www.balanceanalytics.io/api/groupdata.json,2026-05-18T17:17:32+00:00
pool1pdyf63arupn4gfm836pgu7qjysvuk0wjw5mgkdx7fxlyqs5rkfv,pool1pdyf63arupn4gfm836pgu7qjysvuk0wjw5mgkdx7fxlyqs5rkfv,https://www.balanceanalytics.io/api/groupdata.json,2026-05-18T17:17:32+00:00
pool1peayemzlkmcwn64c455mx8sxdaztq0xuv9hdxlp0kcsxz57up3z,pool1peayemzlkmcwn64c455mx8sxdaztq0xuv9hdxlp0kcsxz57up3z,https://www.balanceanalytics.io/api/groupdata.json,2026-05-18T17:17:32+00:00
pool1pemnlylem2e94xguhd3fytj90848kpv4agvr6rthx2tp58z79ek,ACL,https://www.balanceanalytics.io/api/groupdata.json,2026-05-18T17:17:32+00:00
pool1pemvg3fqh8tl9cs3anxc9hjfx5pgsd5gqtr64fe2z0pl5nk6krq,pool1pemvg3fqh8tl9cs3anxc9hjfx5pgsd5gqtr64fe2z0pl5nk6krq,https://www.balanceanalytics.io/api/groupdata.json,2026-05-18T17:17:32+00:00
pool1pf6yhzdr9vpct5rc3dtwersl4lyuglp80l4jc67kf2qj29xjg2u,pool1pf6yhzdr9vpct5rc3dtwersl4lyuglp80l4jc67kf2qj29xjg2u,https://www.balanceanalytics.io/api/groupdata.json,2026-05-18T17:17:32+00:00
pool1pfdd8d8n7jx0xnk4uev3x36se87c747w6l2d5x7fanh5w9evhw2,BRAVO,https://www.balanceanalytics.io/api/groupdata.json,2026-05-18T17:17:32+00:00
pool1pfl8ssfunf32pe5dyntel7eqc4gutej3f9r70h8ss7v3vesdtks,pool1pfl8ssfunf32pe5dyntel7eqc4gutej3f9r70h8ss7v3vesdtks,https://www.balanceanalytics.io/api/groupdata.json,2026-05-18T17:17:32+00:00
pool1pfnwehsa6a52p3fdyn9pus4weqr27nxatcu2f79dtj686whp3k4,pool1pfnwehsa6a52p3fdyn9pus4weqr27nxatcu2f79dtj686whp3k4,https://www.balanceanalytics.io/api/groupdata.json,2026-05-18T17:17:32+00:00
pool1pfprlfz0ywcnewjegazz05ghgcfkvu40v6edsz6yn8w362sdjr8,pool1pfprlfz0ywcnewjegazz05ghgcfkvu40v6edsz6yn8w362sdjr8,https://www.balanceanalytics.io/api/groupdata.json,2026-05-18T17:17:32+00:00
pool1pfxcaewcrl3uzn5dnnqcnwxmtv8dl3lq6fl27g7jasajjke2zfw,pool1pfxcaewcrl3uzn5dnnqcnwxmtv8dl3lq6fl27g7jasajjke2zfw,https://www.balanceanalytics.io/api/groupdata.json,2026-05-18T17:17:32+00:00
pool1pg2fxvdpl9d8kdsfln3lvmwwk0apwvw6ykc5fyuc9jamgk6yvmt,pool1pg2fxvdpl9d8kdsfln3lvmwwk0apwvw6ykc5fyuc9jamgk6yvmt,https://www.balanceanalytics.io/api/groupdata.json,2026-05-18T17:17:32+00:00
pool1pg2k7lp6w68vlvdycug2ycu3mkrt0z4ftxay4g8zchj87mw6ug8,pool1pg2k7lp6w68vlvdycug2ycu3mkrt0z4ftxay4g8zchj87mw6ug8,https://www.balanceanalytics.io/api/groupdata.json,2026-05-18T17:17:32+00:00
pool1pg9twqvv0e9ds3q4n9dcd9xfuu0x4xu0ra9rttq0yw50yhp4frg,pool1pg9twqvv0e9ds3q4n9dcd9xfuu0x4xu0ra9rttq0yw50yhp4frg,https://www.balanceanalytics.io/api/groupdata.json,2026-05-18T17:17:32+00:00
pool1pgdw8zfuwjkqhkl5fycfkdplkwqkmwvx7gsr2rkvvpnf23wwg8r,pool1pgdw8zfuwjkqhkl5fycfkdplkwqkmwvx7gsr2rkvvpnf23wwg8r,https://www.balanceanalytics.io/api/groupdata.json,2026-05-18T17:17:32+00:00
pool1pgmuramw9waw9ckxsvpxmcn9p6fd4xl5jmavu8jje0x5vuc00l0,pool1pgmuramw9waw9ckxsvpxmcn9p6fd4xl5jmavu8jje0x5vuc00l0,https://www.balanceanalytics.io/api/groupdata.json,2026-05-18T17:17:32+00:00
pool1pgnhp0rwruxw8mz7z2k5273dyqn4aqpujmd6lqgf3dt5z333a9w,pool1pgnhp0rwruxw8mz7z2k5273dyqn4aqpujmd6lqgf3dt5z333a9w,https://www.balanceanalytics.io/api/groupdata.json,2026-05-18T17:17:32+00:00
pool1ph3u549evvr8626xav25vk3sgcwa9llhvcp65q0m0gvz6q2klz3,pool1ph3u549evvr8626xav25vk3sgcwa9llhvcp65q0m0gvz6q2klz3,https://www.balanceanalytics.io/api/groupdata.json,2026-05-18T17:17:32+00:00
pool1phc0dedrry2jp2s2tqngcw87vzx3mychvm7qqe3470etzsf3ph7,pool1phc0dedrry2jp2s2tqngcw87vzx3mychvm7qqe3470etzsf3ph7,https://www.balanceanalytics.io/api/groupdata.json,2026-05-18T17:17:32+00:00
pool1phgu0sftpeantu8smmve8w2pa0n4jhhxekrls8h8mnyuvm8m5t8,pool1phgu0sftpeantu8smmve8w2pa0n4jhhxekrls8h8mnyuvm8m5t8,https://www.balanceanalytics.io/api/groupdata.json,2026-05-18T17:17:32+00:00
pool1pj5jnehwjtt4esfl0325hr338n98v3kcww3sggce59ugyf2f883,pool1pj5jnehwjtt4esfl0325hr338n98v3kcww3sggce59ugyf2f883,https://www.balanceanalytics.io/api/groupdata.json,2026-05-18T17:17:32+00:00
pool1pj5wv8tvu5f5dpmx6w5wthqy4sg3vs4qjvumg439v0plxgnu8a6,pool1pj5wv8tvu5f5dpmx6w5wthqy4sg3vs4qjvumg439v0plxgnu8a6,https://www.balanceanalytics.io/api/groupdata.json,2026-05-18T17:17:32+00:00
pool1pjc7paja05sa5uzukgkc0wn6hfwmx37a50akys5hrhx3j96vf2j,pool1pjc7paja05sa5uzukgkc0wn6hfwmx37a50akys5hrhx3j96vf2j,https://www.balanceanalytics.io/api/groupdata.json,2026-05-18T17:17:32+00:00
pool1pjmqlsyny06w0x60rfd3seul5xc9pluh3t08y55ylhks28jeh7c,pool1pjmqlsyny06w0x60rfd3seul5xc9pluh3t08y55ylhks28jeh7c,https://www.balanceanalytics.io/api/groupdata.json,2026-05-18T17:17:32+00:00
pool1pk6q8vjxu0404jzq0dpt7fceyz9yu57lmx5csne8tmce5nx523m,pool1pk6q8vjxu0404jzq0dpt7fceyz9yu57lmx5csne8tmce5nx523m,https://www.balanceanalytics.io/api/groupdata.json,2026-05-18T17:17:32+00:00
pool1pk7cjkcdsawxf25dwml0ely8vhjx7wp7nqans3jwatanceyqae0,pool1pk7cjkcdsawxf25dwml0ely8vhjx7wp7nqans3jwatanceyqae0,https://www.balanceanalytics.io/api/groupdata.json,2026-05-18T17:17:32+00:00
pool1pkpey8fua58sqvkwr9w4zyxhnvrqhnucnu8g2cupeggsyxee6ke,pool1pkpey8fua58sqvkwr9w4zyxhnvrqhnucnu8g2cupeggsyxee6ke,https://www.balanceanalytics.io/api/groupdata.json,2026-05-18T17:17:32+00:00
pool1pkqtms0pzd2x8phsrxn9kk5gmy4gn79edg9hhldykjd0guv0av9,pool1pkqtms0pzd2x8phsrxn9kk5gmy4gn79edg9hhldykjd0guv0av9,https://www.balanceanalytics.io/api/groupdata.json,2026-05-18T17:17:32+00:00
pool1plgh3y74vhkj7l0wpxtnwtp22czfq004a69y40fptfg4kntvypm,pool1plgh3y74vhkj7l0wpxtnwtp22czfq004a69y40fptfg4kntvypm,https://www.balanceanalytics.io/api/groupdata.json,2026-05-18T17:17:32+00:00
pool1pm635fj8skdkh0lvhtcygateyt4nt4gj5rap28zqpe7rv0wgdhf,pool1pm635fj8skdkh0lvhtcygateyt4nt4gj5rap28zqpe7rv0wgdhf,https://www.balanceanalytics.io/api/groupdata.json,2026-05-18T17:17:32+00:00
pool1pmcgmdd2984nzs2azxmau9umr49sqf3sr0kgphhra6yfg67nt00,pool1pmcgmdd2984nzs2azxmau9umr49sqf3sr0kgphhra6yfg67nt00,https://www.balanceanalytics.io/api/groupdata.json,2026-05-18T17:17:32+00:00
pool1pmknsy9yqh06fpmduf8vzcvkzpllygjj8uzkjccgvewtq9uc53k,IOG,https://www.balanceanalytics.io/api/groupdata.json,2026-05-18T17:17:32+00:00
pool1pmm654jfx088td54ekkkd0j28x6r5gnjdhnutzggursrxjnpk2y,EMURGO,https://www.balanceanalytics.io/api/groupdata.json,2026-05-18T17:17:32+00:00
pool1pmrgd8snhv0nnj97xcg70nqqhg0v9g3d0e93jl8vn23wxtsxz53,COOL,https://www.balanceanalytics.io/api/groupdata.json,2026-05-18T17:17:32+00:00
pool1pmsjsvnd506xqzwlcavexcl86ta046eqz74xzvt97688urmd0qj,pool1pmsjsvnd506xqzwlcavexcl86ta046eqz74xzvt97688urmd0qj,https://www.balanceanalytics.io/api/groupdata.json,2026-05-18T17:17:32+00:00
pool1pmyave37l324x5phh0s7tdy30kx9mdzmqnj829teccun2je37xw,pool1pmyave37l324x5phh0s7tdy30kx9mdzmqnj829teccun2je37xw,https://www.balanceanalytics.io/api/groupdata.json,2026-05-18T17:17:32+00:00
pool1pn36hexudnjg6uwvxc5tld3ay2g6ty99ardzhn7crhkhzshjpte,pool1pn36hexudnjg6uwvxc5tld3ay2g6ty99ardzhn7crhkhzshjpte,https://www.balanceanalytics.io/api/groupdata.json,2026-05-18T17:17:32+00:00
pool1pnpdsl0cungyn362fgp0lk8wt34xh68fywljnvtq9dtkk2sd8qv,pool1pnpdsl0cungyn362fgp0lk8wt34xh68fywljnvtq9dtkk2sd8qv,https://www.balanceanalytics.io/api/groupdata.json,2026-05-18T17:17:32+00:00
pool1pnsk7v8a4eyn9qtqev7k3clazzw2s66cpa850zprqlu5x5eqtuw,pool1pnsk7v8a4eyn9qtqev7k3clazzw2s66cpa850zprqlu5x5eqtuw,https://www.balanceanalytics.io/api/groupdata.json,2026-05-18T17:17:32+00:00
pool1pntqwmkc3yhpgw8q5280chej2dfwevasc88ql08qfvg6cny8s6l,EMURGO,https://www.balanceanalytics.io/api/groupdata.json,2026-05-18T17:17:32+00:00
pool1pnuluy36ukdzv369d4zee8rarpw2k8ukwe5kkdmh06t6y78cyrr,pool1pnuluy36ukdzv369d4zee8rarpw2k8ukwe5kkdmh06t6y78cyrr,https://www.balanceanalytics.io/api/groupdata.json,2026-05-18T17:17:32+00:00
pool1pnvthl5hwnsuulx6fch0885aae0l9fkht35rla46dw9r54d5whr,pool1pnvthl5hwnsuulx6fch0885aae0l9fkht35rla46dw9r54d5whr,https://www.balanceanalytics.io/api/groupdata.json,2026-05-18T17:17:32+00:00
pool1pnzwgsgzd6t4788sfr7dxjyusepyq9xaxnpyfcngewqf29t9ayd,pool1pnzwgsgzd6t4788sfr7dxjyusepyq9xaxnpyfcngewqf29t9ayd,https://www.balanceanalytics.io/api/groupdata.json,2026-05-18T17:17:32+00:00
pool1pp7tn2w6ken4rpfcjwcdup3g4m5gcdhc9lgvrm3mnxz5stmrhq2,pool1pp7tn2w6ken4rpfcjwcdup3g4m5gcdhc9lgvrm3mnxz5stmrhq2,https://www.balanceanalytics.io/api/groupdata.json,2026-05-18T17:17:32+00:00
pool1ppqdq5yfkkllrcj0u47pakg9e4ha568pz3a9kkrr6w2kyw8gxv7,COOL,https://www.balanceanalytics.io/api/groupdata.json,2026-05-18T17:17:32+00:00
pool1ppznyu6qrvlw9uuqa3tslryjd40nh56jyvmaqw6kdf4kzq3y8kh,DIGI,https://www.balanceanalytics.io/api/groupdata.json,2026-05-18T17:17:32+00:00
pool1pq92gz7vnrydu4ae5tadhwkw72svdp9kmefqgl0prd276hftua7,pool1pq92gz7vnrydu4ae5tadhwkw72svdp9kmefqgl0prd276hftua7,https://www.balanceanalytics.io/api/groupdata.json,2026-05-18T17:17:32+00:00
pool1pqdgdhka8xegl8y3lt780n0v4p9yl5z3vdh6qqs4vdlvgaujaxu,pool1pqdgdhka8xegl8y3lt780n0v4p9yl5z3vdh6qqs4vdlvgaujaxu,https://www.balanceanalytics.io/api/groupdata.json,2026-05-18T17:17:32+00:00
pool1pqm2cev326p2mrruzw9xru65uvt3r7f0rdf5gtx54zdskxqhmur,pool1pqm2cev326p2mrruzw9xru65uvt3r7f0rdf5gtx54zdskxqhmur,https://www.balanceanalytics.io/api/groupdata.json,2026-05-18T17:17:32+00:00
pool1pr9sj3ptzgws7zt8pzrypfdnp9vkkcl62md5y6yk9u5usyyadxa,pool1pr9sj3ptzgws7zt8pzrypfdnp9vkkcl62md5y6yk9u5usyyadxa,https://www.balanceanalytics.io/api/groupdata.json,2026-05-18T17:17:32+00:00
pool1prc9hna2mgamtspchrygc66s9n4tlkvh39e3t9zccef4kzc3ns2,pool1prc9hna2mgamtspchrygc66s9n4tlkvh39e3t9zccef4kzc3ns2,https://www.balanceanalytics.io/api/groupdata.json,2026-05-18T17:17:32+00:00
pool1prerctlrtn5e63m0zu5ydr2adaxpsypzj6wx3v8y44dsyj2lcwm,pool1prerctlrtn5e63m0zu5ydr2adaxpsypzj6wx3v8y44dsyj2lcwm,https://www.balanceanalytics.io/api/groupdata.json,2026-05-18T17:17:32+00:00
pool1prn0a3058n4e0evm55gvc5rrawht79p3jxpv42nq7s2ncxhszla,pool1prn0a3058n4e0evm55gvc5rrawht79p3jxpv42nq7s2ncxhszla,https://www.balanceanalytics.io/api/groupdata.json,2026-05-18T17:17:32+00:00
pool1ps39v4j035ejzrga2qt56cfhjuwx38wved8rd0mujtyh6r5mt3c,RAID,https://www.balanceanalytics.io/api/groupdata.json,2026-05-18T17:17:32+00:00
pool1ps3quyamsmn5cvp403tgjzgpfwha5u4dr2zc3wtts5kgqc078se,pool1ps3quyamsmn5cvp403tgjzgpfwha5u4dr2zc3wtts5kgqc078se,https://www.balanceanalytics.io/api/groupdata.json,2026-05-18T17:17:32+00:00
pool1ps7kjkew07y2vufhkx2dexd8dxgf6a0tscf3a95evmg56gjljrv,pool1ps7kjkew07y2vufhkx2dexd8dxgf6a0tscf3a95evmg56gjljrv,https://www.balanceanalytics.io/api/groupdata.json,2026-05-18T17:17:32+00:00
pool1pshqcksxywy68lt04lw6uf35f4yssekh5dx2mxqmyrukke2z5y3,ACL,https://www.balanceanalytics.io/api/groupdata.json,2026-05-18T17:17:32+00:00
pool1psk0c2p7pwactw00nkzjexdw0msn7g8nddc06eyvds6yswr3tjg,ITC,https://www.balanceanalytics.io/api/groupdata.json,2026-05-18T17:17:32+00:00
pool1psr42v6rvv3raeqsg9ru2zy5dp4cchlde8hw9xthrpstx5wz7wk,pool1psr42v6rvv3raeqsg9ru2zy5dp4cchlde8hw9xthrpstx5wz7wk,https://www.balanceanalytics.io/api/groupdata.json,2026-05-18T17:17:32+00:00
pool1ptzl40tt9a6l2kp6fhjmzsg3t2maqdhwv6cnqu8kj6xgz3vw9us,BINANCE,https://www.balanceanalytics.io/api/groupdata.json,2026-05-18T17:17:32+00:00
pool1ptzt9j6y4jefzkq4vj3z7wa4h492ktlkecggseqvc8f060xuved,pool1ptzt9j6y4jefzkq4vj3z7wa4h492ktlkecggseqvc8f060xuved,https://www.balanceanalytics.io/api/groupdata.json,2026-05-18T17:17:32+00:00
pool1pu49urd00qf9zzeghrks03tvszzvrdzecw649ag5dwd07snx69n,pool1pu49urd00qf9zzeghrks03tvszzvrdzecw649ag5dwd07snx69n,https://www.balanceanalytics.io/api/groupdata.json,2026-05-18T17:17:32+00:00
pool1pu5jlj4q9w9jlxeu370a3c9myx47md5j5m2str0naunn2q3lkdy,pool1pu5jlj4q9w9jlxeu370a3c9myx47md5j5m2str0naunn2q3lkdy,https://www.balanceanalytics.io/api/groupdata.json,2026-05-18T17:17:32+00:00
pool1pujegnn8qf7xux6tkx2mj2qdn9jf0y4z0t6nma97wdgqudlc9ww,pool1pujegnn8qf7xux6tkx2mj2qdn9jf0y4z0t6nma97wdgqudlc9ww,https://www.balanceanalytics.io/api/groupdata.json,2026-05-18T17:17:32+00:00
pool1pup39uk3d9hl8vg3v0evn3hxkxygkas0asekng7x9cpx5f2r6d6,pool1pup39uk3d9hl8vg3v0evn3hxkxygkas0asekng7x9cpx5f2r6d6,https://www.balanceanalytics.io/api/groupdata.json,2026-05-18T17:17:32+00:00
pool1pvey0s6en72xqh90t5d2sgzsrn84hpu9euhveenqpjjhgc9s8fh,pool1pvey0s6en72xqh90t5d2sgzsrn84hpu9euhveenqpjjhgc9s8fh,https://www.balanceanalytics.io/api/groupdata.json,2026-05-18T17:17:32+00:00
pool1pvg7uqf9a0ms24xcdfq8f48p72csfslgz3gzwlmfee5szuda0du,pool1pvg7uqf9a0ms24xcdfq8f48p72csfslgz3gzwlmfee5szuda0du,https://www.balanceanalytics.io/api/groupdata.json,2026-05-18T17:17:32+00:00
pool1pvsvhzqlrtmseg2mlk600hzs7zqztuqm4ytxyeupa2dyjzs33nr,pool1pvsvhzqlrtmseg2mlk600hzs7zqztuqm4ytxyeupa2dyjzs33nr,https://www.balanceanalytics.io/api/groupdata.json,2026-05-18T17:17:32+00:00
pool1pvu2zdexh8wr4ggmuz90jvqrua6an43qj9m9urs785p8kwjzqwl,YUTA,https://www.balanceanalytics.io/api/groupdata.json,2026-05-18T17:17:32+00:00
pool1pvxsyzqze90jyyqqewg5spkh6tst0cwyvtvh6qfsn6xx75p2vk9,pool1pvxsyzqze90jyyqqewg5spkh6tst0cwyvtvh6qfsn6xx75p2vk9,https://www.balanceanalytics.io/api/groupdata.json,2026-05-18T17:17:32+00:00
pool1pwfdasxs7ht7878g99fnw86g7u77hqjvv4qgvr9jx6reznfrllj,pool1pwfdasxs7ht7878g99fnw86g7u77hqjvv4qgvr9jx6reznfrllj,https://www.balanceanalytics.io/api/groupdata.json,2026-05-18T17:17:32+00:00
pool1pxhywws8s8h05c69ug3k4rl6jtpxms23eyag7eawwdvxql8spwc,pool1pxhywws8s8h05c69ug3k4rl6jtpxms23eyag7eawwdvxql8spwc,https://www.balanceanalytics.io/api/groupdata.json,2026-05-18T17:17:32+00:00
pool1pxw4z2m0lmw422hr32dwyy3uz9436g8p7qdmg2sl2w0m5pyk3yn,pool1pxw4z2m0lmw422hr32dwyy3uz9436g8p7qdmg2sl2w0m5pyk3yn,https://www.balanceanalytics.io/api/groupdata.json,2026-05-18T17:17:32+00:00
pool1py2uxkvuj926h42s40wxl26dh0ggaq882v4m0hkd99m86vzmwnz,pool1py2uxkvuj926h42s40wxl26dh0ggaq882v4m0hkd99m86vzmwnz,https://www.balanceanalytics.io/api/groupdata.json,2026-05-18T17:17:32+00:00
pool1py5y4uqukj777aj0ax0dpc7tchcl35dax5rxppuwfj0wkg3km82,pool1py5y4uqukj777aj0ax0dpc7tchcl35dax5rxppuwfj0wkg3km82,https://www.balanceanalytics.io/api/groupdata.json,2026-05-18T17:17:32+00:00
pool1py6q7y3f7jz60mt5jhsrdx6lqtuvc02chqgvwzjzayctqhgzzge,pool1py6q7y3f7jz60mt5jhsrdx6lqtuvc02chqgvwzjzayctqhgzzge,https://www.balanceanalytics.io/api/groupdata.json,2026-05-18T17:17:32+00:00
pool1pyegru75d64xgg4jh83904nst8fs8qz6mvtxquatv44rkartevc,IBEX,https://www.balanceanalytics.io/api/groupdata.json,2026-05-18T17:17:32+00:00
pool1pyzhux0l4lhd7ex2mj6dqt4l0r5hymlu4jc8ka6gna305jn4vhm,EMURGO,https://www.balanceanalytics.io/api/groupdata.json,2026-05-18T17:17:32+00:00
pool1pzkgztz8y8tgd9tpfu7umep97x7m0c5ck0dpn2vqtf202fyhfv5,pool1pzkgztz8y8tgd9tpfu7umep97x7m0c5ck0dpn2vqtf202fyhfv5,https://www.balanceanalytics.io/api/groupdata.json,2026-05-18T17:17:32+00:00
pool1pzqdfptvl5f8vh28az37jag2wkfmqz9x8d6eufl8y0z9q34hlr7,pool1pzqdfptvl5f8vh28az37jag2wkfmqz9x8d6eufl8y0z9q34hlr7,https://www.balanceanalytics.io/api/groupdata.json,2026-05-18T17:17:32+00:00
pool1q0a7a94cfk4ph7gugj636tsuhhd98l2sfjv2adhaff2mvs7kmtl,ADALITE,https://www.balanceanalytics.io/api/groupdata.json,2026-05-18T17:17:32+00:00
pool1q0jmr57udknpq8k5qtgt5vgdjq9pzrzevf68966wxn8zgz7qy3w,pool1q0jmr57udknpq8k5qtgt5vgdjq9pzrzevf68966wxn8zgz7qy3w,https://www.balanceanalytics.io/api/groupdata.json,2026-05-18T17:17:32+00:00
pool1q0memmdw4ktr88fkma53tqgkaqeq3wfc476le59rped4cu8tn4h,pool1q0memmdw4ktr88fkma53tqgkaqeq3wfc476le59rped4cu8tn4h,https://www.balanceanalytics.io/api/groupdata.json,2026-05-18T17:17:32+00:00
pool1q23kstu6ute8x43z95ahnwh04n9rpn6k0wzakq663ke75220682,pool1q23kstu6ute8x43z95ahnwh04n9rpn6k0wzakq663ke75220682,https://www.balanceanalytics.io/api/groupdata.json,2026-05-18T17:17:32+00:00
pool1q2fh3cl6rx0wv5gry4qx5l4h65qpjf7x99xmq66nqj2fj5g6u9z,pool1q2fh3cl6rx0wv5gry4qx5l4h65qpjf7x99xmq66nqj2fj5g6u9z,https://www.balanceanalytics.io/api/groupdata.json,2026-05-18T17:17:32+00:00
pool1q34qp4ckh590gt99eadtz8w8ag3watavf5adj8qjs7guxmkgk8g,pool1q34qp4ckh590gt99eadtz8w8ag3watavf5adj8qjs7guxmkgk8g,https://www.balanceanalytics.io/api/groupdata.json,2026-05-18T17:17:32+00:00
pool1q3snnww4ggayr8hd6gd83ypx982yhwlhywlcew7yxq46jzyst2g,IOG,https://www.balanceanalytics.io/api/groupdata.json,2026-05-18T17:17:32+00:00
pool1q3xdrewrldt06rpjx6pzguzm847ujxnmajxrsr7dsthscz4htlv,pool1q3xdrewrldt06rpjx6pzguzm847ujxnmajxrsr7dsthscz4htlv,https://www.balanceanalytics.io/api/groupdata.json,2026-05-18T17:17:32+00:00
pool1q42574l9xer3khqpshk8w2vc6md6zlah7493fp6zzv9mqurmufx,pool1q42574l9xer3khqpshk8w2vc6md6zlah7493fp6zzv9mqurmufx,https://www.balanceanalytics.io/api/groupdata.json,2026-05-18T17:17:32+00:00
pool1q426xdlg94lcpgrnmfs8dkp9hu08my5rvw574mum96jhg8yhd5v,EMURGO,https://www.balanceanalytics.io/api/groupdata.json,2026-05-18T17:17:32+00:00
pool1q4l2wpswlanqszppj4tcvgw4j9wdjmadqky57dq0wqhg5tmhsxn,pool1q4l2wpswlanqszppj4tcvgw4j9wdjmadqky57dq0wqhg5tmhsxn,https://www.balanceanalytics.io/api/groupdata.json,2026-05-18T17:17:32+00:00
pool1q5h54ekx7wwqpfz78y8dppyl6uv7rpyvvr8nhf4es434un4mpx3,pool1q5h54ekx7wwqpfz78y8dppyl6uv7rpyvvr8nhf4es434un4mpx3,https://www.balanceanalytics.io/api/groupdata.json,2026-05-18T17:17:32+00:00
pool1q5q3rld4nll02w8sqhf9582jcf22t99yt27z0pqksvpnv4rdra9,COINBASE,https://www.balanceanalytics.io/api/groupdata.json,2026-05-18T17:17:32+00:00
pool1q5sspejl875flc0z6wh9y9zxkgqnk0y3aaw8jc0pkxs6cpavm4q,ONYX,https://www.balanceanalytics.io/api/groupdata.json,2026-05-18T17:17:32+00:00
pool1q5za50d3sr707xkmjtyrs0v76ezxyj8g8uhggfk0wfl77aufd9k,pool1q5za50d3sr707xkmjtyrs0v76ezxyj8g8uhggfk0wfl77aufd9k,https://www.balanceanalytics.io/api/groupdata.json,2026-05-18T17:17:32+00:00
pool1q66d2n39uvln4hazyzv8fyq977mpqus78sjd2369qfn7cptdeyh,YUTA,https://www.balanceanalytics.io/api/groupdata.json,2026-05-18T17:17:32+00:00
pool1q6lzp5x6tqg04chsxakupgq6x829nsx2dk5w8h043fnajm8d3uj,pool1q6lzp5x6tqg04chsxakupgq6x829nsx2dk5w8h043fnajm8d3uj,https://www.balanceanalytics.io/api/groupdata.json,2026-05-18T17:17:32+00:00
pool1q6ydlweuzytf4wxdnr9h7qxalu7v3kg4c2t6m7uysn0r67jqx62,pool1q6ydlweuzytf4wxdnr9h7qxalu7v3kg4c2t6m7uysn0r67jqx62,https://www.balanceanalytics.io/api/groupdata.json,2026-05-18T17:17:32+00:00
pool1q7k8mmnvsgthp94hpn8jrnacjewplvywq70eef90fv4nu7gedzp,pool1q7k8mmnvsgthp94hpn8jrnacjewplvywq70eef90fv4nu7gedzp,https://www.balanceanalytics.io/api/groupdata.json,2026-05-18T17:17:32+00:00
pool1q7wrwstqkzhrffdzpw8ftfd4epmxywdjnp8384atjcnezchv242,pool1q7wrwstqkzhrffdzpw8ftfd4epmxywdjnp8384atjcnezchv242,https://www.balanceanalytics.io/api/groupdata.json,2026-05-18T17:17:32+00:00
pool1q80jjs53w0fx836n8g38gtdwr8ck5zre3da90peuxn84sj3cu0r,pool1q80jjs53w0fx836n8g38gtdwr8ck5zre3da90peuxn84sj3cu0r,https://www.balanceanalytics.io/api/groupdata.json,2026-05-18T17:17:32+00:00
pool1q86d5lfjtyrq8yzkyc55dy5p4yw0qvgkp5nqgr9ld5fv6ustg8h,pool1q86d5lfjtyrq8yzkyc55dy5p4yw0qvgkp5nqgr9ld5fv6ustg8h,https://www.balanceanalytics.io/api/groupdata.json,2026-05-18T17:17:32+00:00
pool1q8a7ym63gurl72wr32je0tv0lp4p2uh8vzzc6rn6un7ryslvqmu,pool1q8a7ym63gurl72wr32je0tv0lp4p2uh8vzzc6rn6un7ryslvqmu,https://www.balanceanalytics.io/api/groupdata.json,2026-05-18T17:17:32+00:00
pool1q8fqknvzyj9p4ezhxqdghlc7rnmwvwuku9eevgvl25cpjy385gg,pool1q8fqknvzyj9p4ezhxqdghlc7rnmwvwuku9eevgvl25cpjy385gg,https://www.balanceanalytics.io/api/groupdata.json,2026-05-18T17:17:32+00:00
pool1q8sll5g69z98q6mmu5teg7zn4fnlsqjyq898e6cxmec0cj9lk6r,pool1q8sll5g69z98q6mmu5teg7zn4fnlsqjyq898e6cxmec0cj9lk6r,https://www.balanceanalytics.io/api/groupdata.json,2026-05-18T17:17:32+00:00
pool1q8x5k5wq6zsshdjcmyzcgzwaqd9mfg9fypaaew8xs597svmeyk4,CHUCK BUX,https://www.balanceanalytics.io/api/groupdata.json,2026-05-18T17:17:32+00:00
pool1q8xqp4w6yzt3z7wd7359ywn6xfke2qj249gyxtru684ruk8kazv,pool1q8xqp4w6yzt3z7wd7359ywn6xfke2qj249gyxtru684ruk8kazv,https://www.balanceanalytics.io/api/groupdata.json,2026-05-18T17:17:32+00:00
pool1q9049mstrv5czwyylpf3xen08pmvsfsgtru4wf3zvc9uxat2sm0,pool1q9049mstrv5czwyylpf3xen08pmvsfsgtru4wf3zvc9uxat2sm0,https://www.balanceanalytics.io/api/groupdata.json,2026-05-18T17:17:32+00:00
pool1q9kwa675j2z53jecrs6pn3fqsc9ypxrsypu5dgu6hammqkagy22,pool1q9kwa675j2z53jecrs6pn3fqsc9ypxrsypu5dgu6hammqkagy22,https://www.balanceanalytics.io/api/groupdata.json,2026-05-18T17:17:32+00:00
pool1qa0t2lecmzmvzn6z7lzc439wvlgz0x04lvnqcdyzv4gywz3qehp,pool1qa0t2lecmzmvzn6z7lzc439wvlgz0x04lvnqcdyzv4gywz3qehp,https://www.balanceanalytics.io/api/groupdata.json,2026-05-18T17:17:32+00:00
pool1qa2h3hha0m5he0429ym7tqvsn89nsddvn7wgkx3v8g6hsstdzc0,pool1qa2h3hha0m5he0429ym7tqvsn89nsddvn7wgkx3v8g6hsstdzc0,https://www.balanceanalytics.io/api/groupdata.json,2026-05-18T17:17:32+00:00
pool1qa6lqyu67ghpa0evxfu9nzqkj3h82qpfku82ec79zdwru4pd25m,CNODE,https://www.balanceanalytics.io/api/groupdata.json,2026-05-18T17:17:32+00:00
pool1qadgwr92pgx0yz3u9n63f0s9ugryaud6wxers850z6sfu06y3rg,pool1qadgwr92pgx0yz3u9n63f0s9ugryaud6wxers850z6sfu06y3rg,https://www.balanceanalytics.io/api/groupdata.json,2026-05-18T17:17:32+00:00
pool1qakys0fxx5p2fxcnsc2tyjpqa88q7qgtdh5t3a32hplv6fg25r9,DAPP,https://www.balanceanalytics.io/api/groupdata.json,2026-05-18T17:17:32+00:00
pool1qarmuvc39q7ygl2affsuly2hs39mukcag9tunsnu8xudwv8mf00,pool1qarmuvc39q7ygl2affsuly2hs39mukcag9tunsnu8xudwv8mf00,https://www.balanceanalytics.io/api/groupdata.json,2026-05-18T17:17:32+00:00
pool1qatl6qf2zja8a3hyhn42ar5a54h9k0dn3hd2j4uxvz5mqn25zy5,pool1qatl6qf2zja8a3hyhn42ar5a54h9k0dn3hd2j4uxvz5mqn25zy5,https://www.balanceanalytics.io/api/groupdata.json,2026-05-18T17:17:32+00:00
pool1qaxrj6n50naglqmzj5puq5sd0awgy9wnqmykpwmcah4vzhndpve,pool1qaxrj6n50naglqmzj5puq5sd0awgy9wnqmykpwmcah4vzhndpve,https://www.balanceanalytics.io/api/groupdata.json,2026-05-18T17:17:32+00:00
pool1qc05c76autq4235sq20zu4vjwtl5m0xn4mxq9kg6e66uwz95kd4,COINBASE,https://www.balanceanalytics.io/api/groupdata.json,2026-05-18T17:17:32+00:00
pool1qcdw8uk5d9ehldhccy926u886qhr07xa354yrkamdde0qku53nx,pool1qcdw8uk5d9ehldhccy926u886qhr07xa354yrkamdde0qku53nx,https://www.balanceanalytics.io/api/groupdata.json,2026-05-18T17:17:32+00:00
pool1qcra8mg7vaju9cxad4cffye0zq35eag220dxrnje2exzq683u4x,EMURGO,https://www.balanceanalytics.io/api/groupdata.json,2026-05-18T17:17:32+00:00
pool1qcu4r9rw853pyvfznfeujfzxlku4xtvp8cas6c2y79hvuy22vl4,pool1qcu4r9rw853pyvfznfeujfzxlku4xtvp8cas6c2y79hvuy22vl4,https://www.balanceanalytics.io/api/groupdata.json,2026-05-18T17:17:32+00:00
pool1qcw5gq4zsxupu33q4g7d4hqw87tmlzclqut3c9wexczpwfmqfal,pool1qcw5gq4zsxupu33q4g7d4hqw87tmlzclqut3c9wexczpwfmqfal,https://www.balanceanalytics.io/api/groupdata.json,2026-05-18T17:17:32+00:00
pool1qd3hwt2hvkt2jn9lktcjqpdk9cz0mk8qdue35x00p7ud5g0268s,pool1qd3hwt2hvkt2jn9lktcjqpdk9cz0mk8qdue35x00p7ud5g0268s,https://www.balanceanalytics.io/api/groupdata.json,2026-05-18T17:17:32+00:00
pool1qd6mlgr6u0yp2ddxn7gd5jr6pcflu5md3sff4xyu2ngeu503jkd,pool1qd6mlgr6u0yp2ddxn7gd5jr6pcflu5md3sff4xyu2ngeu503jkd,https://www.balanceanalytics.io/api/groupdata.json,2026-05-18T17:17:32+00:00
pool1qd9yemufpf2fctpd2zyx9v2lv3h4fne3v8jplse284gqxk8ketu,pool1qd9yemufpf2fctpd2zyx9v2lv3h4fne3v8jplse284gqxk8ketu,https://www.balanceanalytics.io/api/groupdata.json,2026-05-18T17:17:32+00:00
pool1qdjx5xeeu6288ftmhmdr0c6mazkua7m07cydmr78ymfhz7jj7g4,1PCT,https://www.balanceanalytics.io/api/groupdata.json,2026-05-18T17:17:32+00:00
pool1qdrzlpjyf8qvscu3wyttg6z9s475mfmlkk69ulpmlekgyx73fuy,pool1qdrzlpjyf8qvscu3wyttg6z9s475mfmlkk69ulpmlekgyx73fuy,https://www.balanceanalytics.io/api/groupdata.json,2026-05-18T17:17:32+00:00
pool1qds0ldd626j09nnpn3g3ne2fvn65phr6cz74k6xv8urtgygu9cp,pool1qds0ldd626j09nnpn3g3ne2fvn65phr6cz74k6xv8urtgygu9cp,https://www.balanceanalytics.io/api/groupdata.json,2026-05-18T17:17:32+00:00
pool1qdw8vw3tk20e4lgcd9evd9u4hxj8zekdg2qpmnzdk83dcncavpd,pool1qdw8vw3tk20e4lgcd9evd9u4hxj8zekdg2qpmnzdk83dcncavpd,https://www.balanceanalytics.io/api/groupdata.json,2026-05-18T17:17:32+00:00
pool1qel9h28zarup4g5dx95smeggfruq26k47lc8e6wmdzaaywyj63r,RAID,https://www.balanceanalytics.io/api/groupdata.json,2026-05-18T17:17:32+00:00
pool1qelp62ghdjald2mfsmfd4k82y0rnd2e8udypc8vu58fwkpaceml,pool1qelp62ghdjald2mfsmfd4k82y0rnd2e8udypc8vu58fwkpaceml,https://www.balanceanalytics.io/api/groupdata.json,2026-05-18T17:17:32+00:00
pool1qeqylk3pnenvt3j4mah2dafcnd3h8uc3fqhvfzrxlxf3xuvdvvp,pool1qeqylk3pnenvt3j4mah2dafcnd3h8uc3fqhvfzrxlxf3xuvdvvp,https://www.balanceanalytics.io/api/groupdata.json,2026-05-18T17:17:32+00:00
pool1qetkrhjs9fll3nthuxk6zp0ssanf3rszg5wh8x79mg67gsg7vjv,pool1qetkrhjs9fll3nthuxk6zp0ssanf3rszg5wh8x79mg67gsg7vjv,https://www.balanceanalytics.io/api/groupdata.json,2026-05-18T17:17:32+00:00
pool1qeyjycp9ef0drrzaq3u9ylwclqa56zl5n4yd75txw92csug3mzn,pool1qeyjycp9ef0drrzaq3u9ylwclqa56zl5n4yd75txw92csug3mzn,https://www.balanceanalytics.io/api/groupdata.json,2026-05-18T17:17:32+00:00
pool1qf0wftuxq20v4c0es83qgfunte4uxepx7jesy8nczxz2wv8yld2,pool1qf0wftuxq20v4c0es83qgfunte4uxepx7jesy8nczxz2wv8yld2,https://www.balanceanalytics.io/api/groupdata.json,2026-05-18T17:17:32+00:00
pool1qfdzhvd4kttdew9klp89jtuts46dnecxdj36lwax9j2eyag0v6t,pool1qfdzhvd4kttdew9klp89jtuts46dnecxdj36lwax9j2eyag0v6t,https://www.balanceanalytics.io/api/groupdata.json,2026-05-18T17:17:32+00:00
pool1qfxukshs4fkcrflzdnxa2fdza5lfvew3y6echg8ckaa4q8m5hyf,NEDS,https://www.balanceanalytics.io/api/groupdata.json,2026-05-18T17:17:32+00:00
pool1qfzkp8svc7ah9vfuccmdxfg7npl4zhuf4wkzzschvnq6s03z7jr,pool1qfzkp8svc7ah9vfuccmdxfg7npl4zhuf4wkzzschvnq6s03z7jr,https://www.balanceanalytics.io/api/groupdata.json,2026-05-18T17:17:32+00:00
pool1qg0g6hv2e50wevkqj34g0cya4f9audctayzp8wqwhxtdjnhn3tt,BINANCE,https://www.balanceanalytics.io/api/groupdata.json,2026-05-18T17:17:32+00:00
pool1qg7eu5vz8q3vlfgl65v93zpcy0dsdwkf8ye28yxdjgaa5xtekx3,pool1qg7eu5vz8q3vlfgl65v93zpcy0dsdwkf8ye28yxdjgaa5xtekx3,https://www.balanceanalytics.io/api/groupdata.json,2026-05-18T17:17:32+00:00
pool1qgmwcxs8d8qmr0vtvsqd9u8gugrventh5dcqukmu79e2sgfuu8t,pool1qgmwcxs8d8qmr0vtvsqd9u8gugrventh5dcqukmu79e2sgfuu8t,https://www.balanceanalytics.io/api/groupdata.json,2026-05-18T17:17:32+00:00
pool1qgsylc6kjv29zva4w783fuyf9xxhj78ktgjlxjvppest5ya9pek,pool1qgsylc6kjv29zva4w783fuyf9xxhj78ktgjlxjvppest5ya9pek,https://www.balanceanalytics.io/api/groupdata.json,2026-05-18T17:17:32+00:00
pool1qh4jvncd9chmm5ru3sk3cqxuat83vj8v7rgl4x5lqfepcywvc9g,pool1qh4jvncd9chmm5ru3sk3cqxuat83vj8v7rgl4x5lqfepcywvc9g,https://www.balanceanalytics.io/api/groupdata.json,2026-05-18T17:17:32+00:00
pool1qhnjcmyy9xrf00z4uj66yedje5ue2ukqte2hr6dmty9a2gz7tu5,pool1qhnjcmyy9xrf00z4uj66yedje5ue2ukqte2hr6dmty9a2gz7tu5,https://www.balanceanalytics.io/api/groupdata.json,2026-05-18T17:17:32+00:00
pool1qhs3cf9ymc2nvmrd2j8cs36cj9jdqgnqk6s9ngyvy2lz5s8rak8,pool1qhs3cf9ymc2nvmrd2j8cs36cj9jdqgnqk6s9ngyvy2lz5s8rak8,https://www.balanceanalytics.io/api/groupdata.json,2026-05-18T17:17:32+00:00
pool1qkd5y9azf2xx0gmrj68lrkcn59ldjmnpzd3y2rq3tvjp2vqljan,pool1qkd5y9azf2xx0gmrj68lrkcn59ldjmnpzd3y2rq3tvjp2vqljan,https://www.balanceanalytics.io/api/groupdata.json,2026-05-18T17:17:32+00:00
pool1qku2yhky7sv4dfjfv42uyvauhehuqevk25aw952d7ulzqzx3jcu,pool1qku2yhky7sv4dfjfv42uyvauhehuqevk25aw952d7ulzqzx3jcu,https://www.balanceanalytics.io/api/groupdata.json,2026-05-18T17:17:32+00:00
pool1qkvt06tjvd5mjf3yms9y6hp22uedn5ys6384pn8k3d4tz3d7j2z,pool1qkvt06tjvd5mjf3yms9y6hp22uedn5ys6384pn8k3d4tz3d7j2z,https://www.balanceanalytics.io/api/groupdata.json,2026-05-18T17:17:32+00:00
pool1qkwseukqpnezhh9gjcuhtse7wp7v8m8asgekl34lh3f5xnnl6z2,pool1qkwseukqpnezhh9gjcuhtse7wp7v8m8asgekl34lh3f5xnnl6z2,https://www.balanceanalytics.io/api/groupdata.json,2026-05-18T17:17:32+00:00
pool1qle9cf4ycvz2ervhjsedsq8kkxdey4a9jxyuhhmj8wanx2xjqgn,ROCKX,https://www.balanceanalytics.io/api/groupdata.json,2026-05-18T17:17:32+00:00
pool1qlkr6qu4mm38x77ldp2vnxn0gatgq4ernvvdw4pxze2tuyw5pfh,pool1qlkr6qu4mm38x77ldp2vnxn0gatgq4ernvvdw4pxze2tuyw5pfh,https://www.balanceanalytics.io/api/groupdata.json,2026-05-18T17:17:32+00:00
pool1qlpen2kkw8yc0pjyjjcg4zlswhrahf73f99y3ae85kjy6leqk7l,pool1qlpen2kkw8yc0pjyjjcg4zlswhrahf73f99y3ae85kjy6leqk7l,https://www.balanceanalytics.io/api/groupdata.json,2026-05-18T17:17:32+00:00
pool1qlpjsz5j5vqs59cnu09j90agycj2xvrp45sv0v6euujj60up6dw,pool1qlpjsz5j5vqs59cnu09j90agycj2xvrp45sv0v6euujj60up6dw,https://www.balanceanalytics.io/api/groupdata.json,2026-05-18T17:17:32+00:00
pool1qlps2dwr0qd0a7pjqr47apewf2lq42xv03zgentgwv9mspeh57g,COINBASE,https://www.balanceanalytics.io/api/groupdata.json,2026-05-18T17:17:32+00:00
pool1qlxxw3zlgx0kgv2cel0n6z3a6yjs0w8grwtp5xwna8fm2g5tsda,NEW GUY,https://www.balanceanalytics.io/api/groupdata.json,2026-05-18T17:17:32+00:00
pool1qm06f4n2hwgeqzm9lsc3rdyqcsvtt2d7z76carwxjv0e274mu24,ECO,https://www.balanceanalytics.io/api/groupdata.json,2026-05-18T17:17:32+00:00
pool1qm656ca3pdnu3gfetusmslva555j3m3efaq5u44sgpdsjn7dg4d,pool1qm656ca3pdnu3gfetusmslva555j3m3efaq5u44sgpdsjn7dg4d,https://www.balanceanalytics.io/api/groupdata.json,2026-05-18T17:17:32+00:00
pool1qmsck80ldwm23t4t5elxc857r82ph3urkt7tpyq65ntn2dv2ust,pool1qmsck80ldwm23t4t5elxc857r82ph3urkt7tpyq65ntn2dv2ust,https://www.balanceanalytics.io/api/groupdata.json,2026-05-18T17:17:32+00:00
pool1qn77pnnf6cf22qjjfd2kadudmdc77rw0uxked3m2arnn2ea2f9v,pool1qn77pnnf6cf22qjjfd2kadudmdc77rw0uxked3m2arnn2ea2f9v,https://www.balanceanalytics.io/api/groupdata.json,2026-05-18T17:17:32+00:00
pool1qngadlcclnkqgdwd4l3vp5gmgdc7cpkfek76q7rzscqqk5ak9y8,pool1qngadlcclnkqgdwd4l3vp5gmgdc7cpkfek76q7rzscqqk5ak9y8,https://www.balanceanalytics.io/api/groupdata.json,2026-05-18T17:17:32+00:00
pool1qnrqc7zpwye2r9wtkayh2dryvfqs7unp99f2039duljrsaffq5c,ADALITE,https://www.balanceanalytics.io/api/groupdata.json,2026-05-18T17:17:32+00:00
pool1qp3j2cy4xje783x3a98y08yz6kwr3emu05zm2xyxryajjhmt48p,pool1qp3j2cy4xje783x3a98y08yz6kwr3emu05zm2xyxryajjhmt48p,https://www.balanceanalytics.io/api/groupdata.json,2026-05-18T17:17:32+00:00
pool1qp7ge7rwk8ht63v8z6vkyw3g8em5qr5k0z0l6ta8mxjtzx4dzy8,pool1qp7ge7rwk8ht63v8z6vkyw3g8em5qr5k0z0l6ta8mxjtzx4dzy8,https://www.balanceanalytics.io/api/groupdata.json,2026-05-18T17:17:32+00:00
pool1qpn9lpmwp9p88vtp6gt20xdc5e7rf50ew42hp7gdnfltxqvfpka,pool1qpn9lpmwp9p88vtp6gt20xdc5e7rf50ew42hp7gdnfltxqvfpka,https://www.balanceanalytics.io/api/groupdata.json,2026-05-18T17:17:32+00:00
pool1qprj52nh0j32p5vq290rludcfz58kujyszt5ztfvj2ymx43649f,NEW GUY,https://www.balanceanalytics.io/api/groupdata.json,2026-05-18T17:17:32+00:00
pool1qpslr7cprup7jtg2c7lax2rhq0fttqxxyf66fpgjz5mpqckfwv0,pool1qpslr7cprup7jtg2c7lax2rhq0fttqxxyf66fpgjz5mpqckfwv0,https://www.balanceanalytics.io/api/groupdata.json,2026-05-18T17:17:32+00:00
pool1qpuzf5kcxrmuf6qg2nnu9cs7hj2d6ke3fwz58l7rlefcy50caaa,pool1qpuzf5kcxrmuf6qg2nnu9cs7hj2d6ke3fwz58l7rlefcy50caaa,https://www.balanceanalytics.io/api/groupdata.json,2026-05-18T17:17:32+00:00
pool1qq3pt6j05tyz3v276dkr5jp53u706s8p4xwvm2u4dh3ev5k6x6q,pool1qq3pt6j05tyz3v276dkr5jp53u706s8p4xwvm2u4dh3ev5k6x6q,https://www.balanceanalytics.io/api/groupdata.json,2026-05-18T17:17:32+00:00
pool1qq76dtlr0m9g6xlvngzq550j86cgtslphyjffz3pgpn7wazatdc,pool1qq76dtlr0m9g6xlvngzq550j86cgtslphyjffz3pgpn7wazatdc,https://www.balanceanalytics.io/api/groupdata.json,2026-05-18T17:17:32+00:00
pool1qqenhz258k5k9nyjull6gkzg7s4f3ae8v7qxwpegeef9v0nsy3e,pool1qqenhz258k5k9nyjull6gkzg7s4f3ae8v7qxwpegeef9v0nsy3e,https://www.balanceanalytics.io/api/groupdata.json,2026-05-18T17:17:32+00:00
pool1qqlf3epa7m8780p2jx5689u2ql06tw026l5377tptk2zswrc645,pool1qqlf3epa7m8780p2jx5689u2ql06tw026l5377tptk2zswrc645,https://www.balanceanalytics.io/api/groupdata.json,2026-05-18T17:17:32+00:00
pool1qqmvjqwzcg3p0x89a9hd6lgwvqq8wy2w6mcx0csaxq4x6xz7qyn,pool1qqmvjqwzcg3p0x89a9hd6lgwvqq8wy2w6mcx0csaxq4x6xz7qyn,https://www.balanceanalytics.io/api/groupdata.json,2026-05-18T17:17:32+00:00
pool1qqq0c53vaf5ju0n3fvujmyxwca0yhp65930evw9lngmr5705csz,pool1qqq0c53vaf5ju0n3fvujmyxwca0yhp65930evw9lngmr5705csz,https://www.balanceanalytics.io/api/groupdata.json,2026-05-18T17:17:32+00:00
pool1qqq6qpcq3tvnqzy7r03dush0qk9vrr88v85d6fj3ws9h5zj0h8w,pool1qqq6qpcq3tvnqzy7r03dush0qk9vrr88v85d6fj3ws9h5zj0h8w,https://www.balanceanalytics.io/api/groupdata.json,2026-05-18T17:17:32+00:00
pool1qqq6qqa0hpzvumv5p87ynczfmdj557xuwlc3289ke42g72z7f74,pool1qqq6qqa0hpzvumv5p87ynczfmdj557xuwlc3289ke42g72z7f74,https://www.balanceanalytics.io/api/groupdata.json,2026-05-18T17:17:32+00:00
pool1qqq6qzgsa8n2uvy7pusk4fnxnwd8zx7xylycednw3ugmqxk9mps,pool1qqq6qzgsa8n2uvy7pusk4fnxnwd8zx7xylycednw3ugmqxk9mps,https://www.balanceanalytics.io/api/groupdata.json,2026-05-18T17:17:32+00:00
pool1qqq9tqyj69j9kygpxza3h82ynh8d0xlueucnu2yqum8nse8hj7y,ANGEL,https://www.balanceanalytics.io/api/groupdata.json,2026-05-18T17:17:32+00:00
pool1qqqg664ad0cd47787e9ksfnl2utwrxfdp6z9av3dq5r9k6qfurw,pool1qqqg664ad0cd47787e9ksfnl2utwrxfdp6z9av3dq5r9k6qfurw,https://www.balanceanalytics.io/api/groupdata.json,2026-05-18T17:17:32+00:00
pool1qqqq02jxq3q9j93devp9pts90ctm8w3r0rgek97ngujpjgpw46j,ADOSIA,https://www.balanceanalytics.io/api/groupdata.json,2026-05-18T17:17:32+00:00
pool1qqqq4md2rfdt75qvh3x9cgmkrgkl74ctcj3fnxpu3ylcudl22ex,MASTR,https://www.balanceanalytics.io/api/groupdata.json,2026-05-18T17:17:32+00:00
pool1qqqq58jy30weq2an3px3maljdmawcwh6ml4hr8m9euq9z2n7wyz,pool1qqqq58jy30weq2an3px3maljdmawcwh6ml4hr8m9euq9z2n7wyz,https://www.balanceanalytics.io/api/groupdata.json,2026-05-18T17:17:32+00:00
pool1qqqqdktl6pq46td0mwut0qn30g7nlue0sete9wxl0hwsq37wrw8,pool1qqqqdktl6pq46td0mwut0qn30g7nlue0sete9wxl0hwsq37wrw8,https://www.balanceanalytics.io/api/groupdata.json,2026-05-18T17:17:32+00:00
pool1qqqqpanw9zc0rzh0yp247nzf2s35uvnsm7aaesfl2nnejaev0uc,TITAN,https://www.balanceanalytics.io/api/groupdata.json,2026-05-18T17:17:32+00:00
pool1qqqqqdk4zhsjuxxd8jyvwncf5eucfskz0xjjj64fdmlgj735lr9,ATADA,https://www.balanceanalytics.io/api/groupdata.json,2026-05-18T17:17:32+00:00
pool1qqqqrwzy7njvjq9wph7usj5gghm3py9c97688ek8pgc7uem9cfz,ADOSIA,https://www.balanceanalytics.io/api/groupdata.json,2026-05-18T17:17:32+00:00
pool1qqqqvmpm9v2l0tkwx4dpzth3g85lapxjug2j6sucnphyqlt4fuu,ADOSIA,https://www.balanceanalytics.io/api/groupdata.json,2026-05-18T17:17:32+00:00
pool1qqqqx69ztfvd83rtafs3mk4lwanehrglmp2vwkjpaguecs2t4c2,ADOSIA,https://www.balanceanalytics.io/api/groupdata.json,2026-05-18T17:17:32+00:00
pool1qqqqzyqf8mlm70883zht60n4q6uqxg4a8x266sewv8ad2grkztl,ADOSIA,https://www.balanceanalytics.io/api/groupdata.json,2026-05-18T17:17:32+00:00
pool1qqqyv9pn9typyqwcxqk5ewpxy5p27g5j2ms58hpp2c2kuzs5z77,ANGEL,https://www.balanceanalytics.io/api/groupdata.json,2026-05-18T17:17:32+00:00
pool1qqqz9vlskay2gv3ec5pyck8c2tq9ty7dpfm60x8shvapguhcemt,pool1qqqz9vlskay2gv3ec5pyck8c2tq9ty7dpfm60x8shvapguhcemt,https://www.balanceanalytics.io/api/groupdata.json,2026-05-18T17:17:32+00:00
pool1qqvukkkfr3ux4qylfkrky23f6trl2l6xjluv36z90ax7gfa8yxt,PS,https://www.balanceanalytics.io/api/groupdata.json,2026-05-18T17:17:32+00:00
pool1qr6jmmu8q2u44gzy2xarmnkq70c0ggz72nnh77qmevl62th69k3,pool1qr6jmmu8q2u44gzy2xarmnkq70c0ggz72nnh77qmevl62th69k3,https://www.balanceanalytics.io/api/groupdata.json,2026-05-18T17:17:32+00:00
pool1qrmc270m32g080pks0uvyf0hhj7m8gyhgckkpy32l7nnzrll85v,pool1qrmc270m32g080pks0uvyf0hhj7m8gyhgckkpy32l7nnzrll85v,https://www.balanceanalytics.io/api/groupdata.json,2026-05-18T17:17:32+00:00
pool1qrp4nzmalqdgc96avaqjha9zp6mkahtzler6tvuupzlvvw786qn,pool1qrp4nzmalqdgc96avaqjha9zp6mkahtzler6tvuupzlvvw786qn,https://www.balanceanalytics.io/api/groupdata.json,2026-05-18T17:17:32+00:00
pool1qsdg8ylzy4kv624drfgkzuqgqj3y29lw44qnvltepht2wegh58c,pool1qsdg8ylzy4kv624drfgkzuqgqj3y29lw44qnvltepht2wegh58c,https://www.balanceanalytics.io/api/groupdata.json,2026-05-18T17:17:32+00:00
pool1qsql4xy359qgypnnh3hu3hm7ax4rs37gkas9tnhun03ygglxtth,pool1qsql4xy359qgypnnh3hu3hm7ax4rs37gkas9tnhun03ygglxtth,https://www.balanceanalytics.io/api/groupdata.json,2026-05-18T17:17:32+00:00
pool1qsxhnvr03tg6jj7cl0y74jd63n85fgejm8tlqq7ct7fexfygkye,pool1qsxhnvr03tg6jj7cl0y74jd63n85fgejm8tlqq7ct7fexfygkye,https://www.balanceanalytics.io/api/groupdata.json,2026-05-18T17:17:32+00:00
pool1qsykq4vpky4mjmgltjg9wzjgrfag9renr6579d0gyvg6jh5erye,pool1qsykq4vpky4mjmgltjg9wzjgrfag9renr6579d0gyvg6jh5erye,https://www.balanceanalytics.io/api/groupdata.json,2026-05-18T17:17:32+00:00
pool1qu48wpwwarmkewhlwge9xs87sgt8gdnqq26nnre2v6c8up4fxwr,pool1qu48wpwwarmkewhlwge9xs87sgt8gdnqq26nnre2v6c8up4fxwr,https://www.balanceanalytics.io/api/groupdata.json,2026-05-18T17:17:32+00:00
pool1quj6cp7w4tarq7hrcdsjxlgcmnunm2xvnpvmj20l9nplue6rjxx,pool1quj6cp7w4tarq7hrcdsjxlgcmnunm2xvnpvmj20l9nplue6rjxx,https://www.balanceanalytics.io/api/groupdata.json,2026-05-18T17:17:32+00:00
pool1qv3velgldz529zq904jy9qfrhdh0akwkkhylu2rymd6sw9m02cc,COINBASE,https://www.balanceanalytics.io/api/groupdata.json,2026-05-18T17:17:32+00:00
pool1qv785q9wx056p7ngq2ec3n86tj5kx0t3ygcug8zx3sknj038rsd,pool1qv785q9wx056p7ngq2ec3n86tj5kx0t3ygcug8zx3sknj038rsd,https://www.balanceanalytics.io/api/groupdata.json,2026-05-18T17:17:32+00:00
pool1qvhss6kxmtl27nr4ugvypayhvt4a4vzll8p9csdg2v8q7d22llu,pool1qvhss6kxmtl27nr4ugvypayhvt4a4vzll8p9csdg2v8q7d22llu,https://www.balanceanalytics.io/api/groupdata.json,2026-05-18T17:17:32+00:00
pool1qvkdjemewy8phhrkdhscjcnh3947f5ae42rdfjkv6gkgkjtlfsg,pool1qvkdjemewy8phhrkdhscjcnh3947f5ae42rdfjkv6gkgkjtlfsg,https://www.balanceanalytics.io/api/groupdata.json,2026-05-18T17:17:32+00:00
pool1qvl6rnwpwxfl5025neu4tyvejcs7wj0a0m6g7uuqg6x3gr3wkur,pool1qvl6rnwpwxfl5025neu4tyvejcs7wj0a0m6g7uuqg6x3gr3wkur,https://www.balanceanalytics.io/api/groupdata.json,2026-05-18T17:17:32+00:00
pool1qvqpd95v4k2ge6unntpettve72ntguk6qp9ktet572e7v4v9de8,pool1qvqpd95v4k2ge6unntpettve72ntguk6qp9ktet572e7v4v9de8,https://www.balanceanalytics.io/api/groupdata.json,2026-05-18T17:17:32+00:00
pool1qvudfuw9ar47up5fugs53s2g84q3c4v86z4es6uwsfzzs89rwha,pool1qvudfuw9ar47up5fugs53s2g84q3c4v86z4es6uwsfzzs89rwha,https://www.balanceanalytics.io/api/groupdata.json,2026-05-18T17:17:32+00:00
pool1qvvn2l690zm3v2p0f3vd66ly6cfs2wjqx34zpqcx5pwsx3eprtp,VIPER,https://www.balanceanalytics.io/api/groupdata.json,2026-05-18T17:17:32+00:00
pool1qw4h9v0yqy53m2yx6ngcj5w8394q7wtmfk06edlpvu0zw4gn9ku,pool1qw4h9v0yqy53m2yx6ngcj5w8394q7wtmfk06edlpvu0zw4gn9ku,https://www.balanceanalytics.io/api/groupdata.json,2026-05-18T17:17:32+00:00
pool1qw5jc5u4k6ck47kdwtwh8msv6t82x5c6qx38hjaycnha6skrek7,pool1qw5jc5u4k6ck47kdwtwh8msv6t82x5c6qx38hjaycnha6skrek7,https://www.balanceanalytics.io/api/groupdata.json,2026-05-18T17:17:32+00:00
pool1qw72znud2zwfp68swy2rec5uh85mc4w9v52gna0zjv0aytl6dqm,pool1qw72znud2zwfp68swy2rec5uh85mc4w9v52gna0zjv0aytl6dqm,https://www.balanceanalytics.io/api/groupdata.json,2026-05-18T17:17:32+00:00
pool1qwa8x4u4a2pff0xdv0haxpgk3tyrvl5adl2lpf3ztcftqruhea0,ELITE,https://www.balanceanalytics.io/api/groupdata.json,2026-05-18T17:17:32+00:00
pool1qwn9l4vzm4rsrd5kexuafqlsgg4ap877vsunqpm4yq89crm4aqr,pool1qwn9l4vzm4rsrd5kexuafqlsgg4ap877vsunqpm4yq89crm4aqr,https://www.balanceanalytics.io/api/groupdata.json,2026-05-18T17:17:32+00:00
pool1qxpzlkxfem0q230hjp9f622c6yaej8qycwy34nwyt98axedf78f,pool1qxpzlkxfem0q230hjp9f622c6yaej8qycwy34nwyt98axedf78f,https://www.balanceanalytics.io/api/groupdata.json,2026-05-18T17:17:32+00:00
pool1qynvfq3g8hu7dylj3gjlkls2mzgdkk3xn354xcgxnh7gz4zmct2,pool1qynvfq3g8hu7dylj3gjlkls2mzgdkk3xn354xcgxnh7gz4zmct2,https://www.balanceanalytics.io/api/groupdata.json,2026-05-18T17:17:32+00:00
pool1qz9qfxcxsc46vpgrrj868scmttjp3y9xaehyn6knknegcsphq6u,KTO,https://www.balanceanalytics.io/api/groupdata.json,2026-05-18T17:17:32+00:00
pool1qzg0lsft8d6zz5vytz5td3f383ra8f46zsdnsa93dgrg2nf7ckf,pool1qzg0lsft8d6zz5vytz5td3f383ra8f46zsdnsa93dgrg2nf7ckf,https://www.balanceanalytics.io/api/groupdata.json,2026-05-18T17:17:32+00:00
pool1qzlw72zfwhhc0ptvzdpld06szu39x9mlm6782efy6sluz932fx6,WESTBERG,https://www.balanceanalytics.io/api/groupdata.json,2026-05-18T17:17:32+00:00
pool1qzlw756y0z6ehg9jkerrfrydr7qlvzl5pgset33h3h2akst593a,WESTBERG,https://www.balanceanalytics.io/api/groupdata.json,2026-05-18T17:17:32+00:00
pool1qzlw76zztkg02rywyypyw6s0gtkg2zpkaxhl6cq7eauqg8h9659,WESTBERG,https://www.balanceanalytics.io/api/groupdata.json,2026-05-18T17:17:32+00:00
pool1qzlw7den2mlj0fmm65g0fnf46vyhzkhmdaf0f8v3s6skuue6rlk,WESTBERG,https://www.balanceanalytics.io/api/groupdata.json,2026-05-18T17:17:32+00:00
pool1qzlw7z5mutmd39ldyjnp8n650weqe55z5p8dl3fagac3ge0nx8l,WESTBERG,https://www.balanceanalytics.io/api/groupdata.json,2026-05-18T17:17:32+00:00
pool1qzlw7zfnvjhtjfaaggk8fwhfk8884tjwwvzhe7qz0nre7y7vv7a,pool1qzlw7zfnvjhtjfaaggk8fwhfk8884tjwwvzhe7qz0nre7y7vv7a,https://www.balanceanalytics.io/api/groupdata.json,2026-05-18T17:17:32+00:00
pool1qzlwlpcsgflr9z3f24fg836tyq45p0kf5cnrp20s8v0psp6tdkx,WESTBERG,https://www.balanceanalytics.io/api/groupdata.json,2026-05-18T17:17:32+00:00
pool1qzlwlyu92fsx94qu6u5nw3sy334f5yat3dv3jgx0grrsv0kp422,WESTBERG,https://www.balanceanalytics.io/api/groupdata.json,2026-05-18T17:17:32+00:00
pool1qzz0flh92qkg0mjufaw9j2zk72lmvf5n2kuaslk4f8j4ze362w4,pool1qzz0flh92qkg0mjufaw9j2zk72lmvf5n2kuaslk4f8j4ze362w4,https://www.balanceanalytics.io/api/groupdata.json,2026-05-18T17:17:32+00:00
pool1r04czz6aq4qnd8a3x2klzd6g20mrxns0ksrac0z0jn7uycgl7l2,pool1r04czz6aq4qnd8a3x2klzd6g20mrxns0ksrac0z0jn7uycgl7l2,https://www.balanceanalytics.io/api/groupdata.json,2026-05-18T17:17:32+00:00
pool1r0sxz0hygfc0266lhdclve6j3cwcwlth6dya6uey65yxjnwm7qc,pool1r0sxz0hygfc0266lhdclve6j3cwcwlth6dya6uey65yxjnwm7qc,https://www.balanceanalytics.io/api/groupdata.json,2026-05-18T17:17:32+00:00
pool1r2249l40de8nlj77u77yzk8kxl3av4k09ztswcuqfexzcxwx3k8,pool1r2249l40de8nlj77u77yzk8kxl3av4k09ztswcuqfexzcxwx3k8,https://www.balanceanalytics.io/api/groupdata.json,2026-05-18T17:17:32+00:00
pool1r2g9wv7jyt7haygrmrc2tst2m8m9ssrr3c690ffp49uhywhvmdl,pool1r2g9wv7jyt7haygrmrc2tst2m8m9ssrr3c690ffp49uhywhvmdl,https://www.balanceanalytics.io/api/groupdata.json,2026-05-18T17:17:32+00:00
pool1r2z2v45320taq385pny6gz80hyq3rsue8r8n0w9zpq0c7yjl9el,pool1r2z2v45320taq385pny6gz80hyq3rsue8r8n0w9zpq0c7yjl9el,https://www.balanceanalytics.io/api/groupdata.json,2026-05-18T17:17:32+00:00
pool1r332ha95dh9nck7w92g7x4ecjglc7jg7l7tddcnnwf0vg97lk89,pool1r332ha95dh9nck7w92g7x4ecjglc7jg7l7tddcnnwf0vg97lk89,https://www.balanceanalytics.io/api/groupdata.json,2026-05-18T17:17:32+00:00
pool1r3ax7pd3cgad5kttench60ttr23kvfpx3vzvd6c3azppgw7q93t,PALM,https://www.balanceanalytics.io/api/groupdata.json,2026-05-18T17:17:32+00:00
pool1r48usrtdxqzt6dmd02xgjss8xgqc9pc92cpkm4pykywnv7n33g6,pool1r48usrtdxqzt6dmd02xgjss8xgqc9pc92cpkm4pykywnv7n33g6,https://www.balanceanalytics.io/api/groupdata.json,2026-05-18T17:17:32+00:00
pool1r4hj35clvexkq0j0cagcxrt9945cp7agzslvjxpfa9fg62qpemv,pool1r4hj35clvexkq0j0cagcxrt9945cp7agzslvjxpfa9fg62qpemv,https://www.balanceanalytics.io/api/groupdata.json,2026-05-18T17:17:32+00:00
pool1r4rwd64q8xk36m6w2vsq48zfcmfxj0dxypcqdpmy2hnwg9vwv59,pool1r4rwd64q8xk36m6w2vsq48zfcmfxj0dxypcqdpmy2hnwg9vwv59,https://www.balanceanalytics.io/api/groupdata.json,2026-05-18T17:17:32+00:00
pool1r55hyfrd3tw6nzpkvf4rfceh2f04yph92fc462phnd0akp2s5r6,pool1r55hyfrd3tw6nzpkvf4rfceh2f04yph92fc462phnd0akp2s5r6,https://www.balanceanalytics.io/api/groupdata.json,2026-05-18T17:17:32+00:00
pool1r5r0z899up4kc9slygn7a2uhl9ama33sl6qwafvef28jgaf06hz,pool1r5r0z899up4kc9slygn7a2uhl9ama33sl6qwafvef28jgaf06hz,https://www.balanceanalytics.io/api/groupdata.json,2026-05-18T17:17:32+00:00
pool1r5srulgd6gpav0sympqrkt9f4ykl06lh9sgk0p20r54v7759kws,pool1r5srulgd6gpav0sympqrkt9f4ykl06lh9sgk0p20r54v7759kws,https://www.balanceanalytics.io/api/groupdata.json,2026-05-18T17:17:32+00:00
pool1r650ja5y4jy7xd6srjz8ujkumy8xpk8kqgrxu92g3nwyk5jf4zq,RAY,https://www.balanceanalytics.io/api/groupdata.json,2026-05-18T17:17:32+00:00
pool1r668ensak3cthqv98j7rsxsmlrsfge9lz6ytwhu8uh5cvd6c8mx,pool1r668ensak3cthqv98j7rsxsmlrsfge9lz6ytwhu8uh5cvd6c8mx,https://www.balanceanalytics.io/api/groupdata.json,2026-05-18T17:17:32+00:00
pool1r6dzsz6ju52hgelstefrrel4y8fsyt8ck9qgfvvmamgns4vh7w4,pool1r6dzsz6ju52hgelstefrrel4y8fsyt8ck9qgfvvmamgns4vh7w4,https://www.balanceanalytics.io/api/groupdata.json,2026-05-18T17:17:32+00:00
pool1r6lp6uumua0kvs069y0k5kh3t7acvv4pz9pfw3zs6rmmcs52z4z,pool1r6lp6uumua0kvs069y0k5kh3t7acvv4pz9pfw3zs6rmmcs52z4z,https://www.balanceanalytics.io/api/groupdata.json,2026-05-18T17:17:32+00:00
pool1r7tn56lj5j7te7zyj3wvqn0wyw8tr3g96chw6lwnqxjmgggrfd8,pool1r7tn56lj5j7te7zyj3wvqn0wyw8tr3g96chw6lwnqxjmgggrfd8,https://www.balanceanalytics.io/api/groupdata.json,2026-05-18T17:17:32+00:00
pool1r80l6hsdftyfvqftjak0r6llnszdtnh2x7rvtllawzj7x3afq2k,pool1r80l6hsdftyfvqftjak0r6llnszdtnh2x7rvtllawzj7x3afq2k,https://www.balanceanalytics.io/api/groupdata.json,2026-05-18T17:17:32+00:00
pool1r8938r4ts8f4t8nsp9xl9dktzapt7f67jgpsp4wrju39xrdnaye,CPU,https://www.balanceanalytics.io/api/groupdata.json,2026-05-18T17:17:32+00:00
pool1r8lmsrdure385hz647kl2qjhyyxkdle4au5krjcsqed4x8227k3,pool1r8lmsrdure385hz647kl2qjhyyxkdle4au5krjcsqed4x8227k3,https://www.balanceanalytics.io/api/groupdata.json,2026-05-18T17:17:32+00:00
pool1r8zzmq5y2g6ctj2nexxg3232e9ltf7t5tks3htd0m9apq5ml2y8,pool1r8zzmq5y2g6ctj2nexxg3232e9ltf7t5tks3htd0m9apq5ml2y8,https://www.balanceanalytics.io/api/groupdata.json,2026-05-18T17:17:32+00:00
pool1r96tdg42e7qpxxef2fhzlusl4wtqjk24kznsj4ttar0f6adw0jq,pool1r96tdg42e7qpxxef2fhzlusl4wtqjk24kznsj4ttar0f6adw0jq,https://www.balanceanalytics.io/api/groupdata.json,2026-05-18T17:17:32+00:00
pool1r99a6puhdv2xzcfw05jjqvks3xhmy2l4wsndx9hmhudvu4yevz5,CHUCK BUX,https://www.balanceanalytics.io/api/groupdata.json,2026-05-18T17:17:32+00:00
pool1r9dfv5360alp5dh020k050d4n4yh9h4gms9lf0srm43z5zk4d3s,LEO,https://www.balanceanalytics.io/api/groupdata.json,2026-05-18T17:17:32+00:00
pool1r9fpxs4kcn80kylsjxs8tg3p50nk2s66qerfqtw4x70n5740nj9,ADALITE,https://www.balanceanalytics.io/api/groupdata.json,2026-05-18T17:17:32+00:00
pool1r9jgukntgux66e62d74w76flwra3gudxps3r4kl9lufaya4zxdu,pool1r9jgukntgux66e62d74w76flwra3gudxps3r4kl9lufaya4zxdu,https://www.balanceanalytics.io/api/groupdata.json,2026-05-18T17:17:32+00:00
pool1r9kse9x8ja0ajkyw8w96zw5c2aqeey6j85nmyqxhwt0rs090fu4,UPBIT,https://www.balanceanalytics.io/api/groupdata.json,2026-05-18T17:17:32+00:00
pool1r9mgl8cj0hyht0678cpdljt2pw353672jyy9ak00dzalglx2jq5,pool1r9mgl8cj0hyht0678cpdljt2pw353672jyy9ak00dzalglx2jq5,https://www.balanceanalytics.io/api/groupdata.json,2026-05-18T17:17:32+00:00
pool1r9qyjstrc050njg8lm7wxy5874mgu322vyljntdsm5qgxvjcewv,pool1r9qyjstrc050njg8lm7wxy5874mgu322vyljntdsm5qgxvjcewv,https://www.balanceanalytics.io/api/groupdata.json,2026-05-18T17:17:32+00:00
pool1ra2su7cvnmr83pu9nvvz4a9carsgc9egc3e5fuk7h9pycyp5ela,FIGMENT,https://www.balanceanalytics.io/api/groupdata.json,2026-05-18T17:17:32+00:00
pool1ralkckmup253k79hap4chku450qyshezh4sasjqh0ltxu2gytlq,pool1ralkckmup253k79hap4chku450qyshezh4sasjqh0ltxu2gytlq,https://www.balanceanalytics.io/api/groupdata.json,2026-05-18T17:17:32+00:00
pool1raua8hvrv65aq3gjuk0re4juzdpw4gnpkeq7lyl94j8cv2grye4,pool1raua8hvrv65aq3gjuk0re4juzdpw4gnpkeq7lyl94j8cv2grye4,https://www.balanceanalytics.io/api/groupdata.json,2026-05-18T17:17:32+00:00
pool1rc822z8u0e2pfpt5yl9sy9gkmayz6cmpygrsh96wzc3g765e33d,pool1rc822z8u0e2pfpt5yl9sy9gkmayz6cmpygrsh96wzc3g765e33d,https://www.balanceanalytics.io/api/groupdata.json,2026-05-18T17:17:32+00:00
pool1rcd7qslz3xnpnk9u6tcwegy5r2574uf8suqu24ptg637jha3sr5,pool1rcd7qslz3xnpnk9u6tcwegy5r2574uf8suqu24ptg637jha3sr5,https://www.balanceanalytics.io/api/groupdata.json,2026-05-18T17:17:32+00:00
pool1rcdq9r6f0nwv376afk5dx3ugaumlhm4kx7g8tue74dlwgwsmd4l,pool1rcdq9r6f0nwv376afk5dx3ugaumlhm4kx7g8tue74dlwgwsmd4l,https://www.balanceanalytics.io/api/groupdata.json,2026-05-18T17:17:32+00:00
pool1rcg65q6m4y2w49n0nvj570xfa3hsyarm5tjnnumy4xm3sw0d6lu,pool1rcg65q6m4y2w49n0nvj570xfa3hsyarm5tjnnumy4xm3sw0d6lu,https://www.balanceanalytics.io/api/groupdata.json,2026-05-18T17:17:32+00:00
pool1rct5guwnp6nk9f4ldn5tr3s42j0nm5rxeayv56lxua5ck47ex39,FIMI,https://www.balanceanalytics.io/api/groupdata.json,2026-05-18T17:17:32+00:00
pool1rd02pkrtvme3pd6fznltk62e4cr5ddgq5fmd080neu4mkt8r020,pool1rd02pkrtvme3pd6fznltk62e4cr5ddgq5fmd080neu4mkt8r020,https://www.balanceanalytics.io/api/groupdata.json,2026-05-18T17:17:32+00:00
pool1rd4g3xqqrjt9dn58rmhl0pezshc529x26t00urd4t0386yw5jtp,pool1rd4g3xqqrjt9dn58rmhl0pezshc529x26t00urd4t0386yw5jtp,https://www.balanceanalytics.io/api/groupdata.json,2026-05-18T17:17:32+00:00
pool1rdlpngqqd54x2ek7s9m8hl5yrc7dx5mlm9wtdqatldm5jfrcgqt,pool1rdlpngqqd54x2ek7s9m8hl5yrc7dx5mlm9wtdqatldm5jfrcgqt,https://www.balanceanalytics.io/api/groupdata.json,2026-05-18T17:17:32+00:00
pool1re8cmjt895tpx8dx2veg0cew5yqtxnt82sll03e433a4ugnh9w7,pool1re8cmjt895tpx8dx2veg0cew5yqtxnt82sll03e433a4ugnh9w7,https://www.balanceanalytics.io/api/groupdata.json,2026-05-18T17:17:32+00:00
pool1reje63x6l2dh4t6d8ya3m04c9lypu4chc0cvn4jnk7lmus54ckn,pool1reje63x6l2dh4t6d8ya3m04c9lypu4chc0cvn4jnk7lmus54ckn,https://www.balanceanalytics.io/api/groupdata.json,2026-05-18T17:17:32+00:00
pool1rek8m67j3lrslpkrv5twxr5adpt2r5k3qq2huh6vgx8jkcw4qc8,pool1rek8m67j3lrslpkrv5twxr5adpt2r5k3qq2huh6vgx8jkcw4qc8,https://www.balanceanalytics.io/api/groupdata.json,2026-05-18T17:17:32+00:00
pool1renn86d9mty7jdq2qy32xk9lyl0lydcqx337e4504fzvvcye532,pool1renn86d9mty7jdq2qy32xk9lyl0lydcqx337e4504fzvvcye532,https://www.balanceanalytics.io/api/groupdata.json,2026-05-18T17:17:32+00:00
pool1repwaml372lx5kf3yw7568yhefa4d60r2d07un5gmykyv57ejxq,pool1repwaml372lx5kf3yw7568yhefa4d60r2d07un5gmykyv57ejxq,https://www.balanceanalytics.io/api/groupdata.json,2026-05-18T17:17:32+00:00
pool1ret0s9eqs27nvw0k7y6vvv7nzfhpx3a86qyjnl4np79sk29q8f8,pool1ret0s9eqs27nvw0k7y6vvv7nzfhpx3a86qyjnl4np79sk29q8f8,https://www.balanceanalytics.io/api/groupdata.json,2026-05-18T17:17:32+00:00
pool1rf2q4a04tgrwpuj5xg4sf0dj737ytaqs8s6yuyps55r6s87x7v7,pool1rf2q4a04tgrwpuj5xg4sf0dj737ytaqs8s6yuyps55r6s87x7v7,https://www.balanceanalytics.io/api/groupdata.json,2026-05-18T17:17:32+00:00
pool1rfwfql54dxqe2f3pht7c8xztq9c5wncdhcp542nk76dcgshtvdk,pool1rfwfql54dxqe2f3pht7c8xztq9c5wncdhcp542nk76dcgshtvdk,https://www.balanceanalytics.io/api/groupdata.json,2026-05-18T17:17:32+00:00
pool1rg2pt0fqslda6cz6kxr0tqrjdj596sk8uu2swm33yvm46awgew7,pool1rg2pt0fqslda6cz6kxr0tqrjdj596sk8uu2swm33yvm46awgew7,https://www.balanceanalytics.io/api/groupdata.json,2026-05-18T17:17:32+00:00
pool1rg4h4fc9j70w3jx86s3vc8vzd7hxwd4sz4j80d93hk7j7mm5dx2,pool1rg4h4fc9j70w3jx86s3vc8vzd7hxwd4sz4j80d93hk7j7mm5dx2,https://www.balanceanalytics.io/api/groupdata.json,2026-05-18T17:17:32+00:00
pool1rg8yt3kqrzdch8edul6fm7n6achgvfyg8n6zhrpx5a83scz83ys,pool1rg8yt3kqrzdch8edul6fm7n6achgvfyg8n6zhrpx5a83scz83ys,https://www.balanceanalytics.io/api/groupdata.json,2026-05-18T17:17:32+00:00
pool1rglej4fkg4l99e5agyxsd5w977n5u7chq8wrpwsgmr80292fw65,pool1rglej4fkg4l99e5agyxsd5w977n5u7chq8wrpwsgmr80292fw65,https://www.balanceanalytics.io/api/groupdata.json,2026-05-18T17:17:32+00:00
pool1rgwdagtx4wchgp5rnqt5gs7w9u4tl0x6krsf4d7jjc4lk8ywjmv,pool1rgwdagtx4wchgp5rnqt5gs7w9u4tl0x6krsf4d7jjc4lk8ywjmv,https://www.balanceanalytics.io/api/groupdata.json,2026-05-18T17:17:32+00:00
pool1rhew9hdp6wpudh22k7gyjtv98r872hca064n8ug8lk3j65ae59a,pool1rhew9hdp6wpudh22k7gyjtv98r872hca064n8ug8lk3j65ae59a,https://www.balanceanalytics.io/api/groupdata.json,2026-05-18T17:17:32+00:00
pool1rhq7qyw4y2s80gstyevm6rhz2lsdsrcstawunxx5eld8csvuvlu,pool1rhq7qyw4y2s80gstyevm6rhz2lsdsrcstawunxx5eld8csvuvlu,https://www.balanceanalytics.io/api/groupdata.json,2026-05-18T17:17:32+00:00
pool1rj6apcqxcvavaxp22f75zs9upphena7ntsnut2efvq98g4404up,pool1rj6apcqxcvavaxp22f75zs9upphena7ntsnut2efvq98g4404up,https://www.balanceanalytics.io/api/groupdata.json,2026-05-18T17:17:32+00:00
pool1rj8zkzk3dm0lmnjtafczqfp8sshmang8gg85eypjeh2e6cve0vl,CHUCK BUX,https://www.balanceanalytics.io/api/groupdata.json,2026-05-18T17:17:32+00:00
pool1rjxdqghfjw5rv6lxg8qhedkechvfgnsqhl8rrzwck9g45n43yql,RAY,https://www.balanceanalytics.io/api/groupdata.json,2026-05-18T17:17:32+00:00
pool1rk28hp58ptwapha9nc944ast32gln8a7hx6eue0gzuj7sndzrhk,pool1rk28hp58ptwapha9nc944ast32gln8a7hx6eue0gzuj7sndzrhk,https://www.balanceanalytics.io/api/groupdata.json,2026-05-18T17:17:32+00:00
pool1rk2mshek3ln2uahk9xg2r2yf6z5u00h37g4jc2mkyt6yk0r2xw3,pool1rk2mshek3ln2uahk9xg2r2yf6z5u00h37g4jc2mkyt6yk0r2xw3,https://www.balanceanalytics.io/api/groupdata.json,2026-05-18T17:17:32+00:00
pool1rkknx2m6h3dw6y6t8ux6fx65mxamgk207mdwtcc3yvas2yyrvxp,pool1rkknx2m6h3dw6y6t8ux6fx65mxamgk207mdwtcc3yvas2yyrvxp,https://www.balanceanalytics.io/api/groupdata.json,2026-05-18T17:17:32+00:00
pool1rkyc3ss904h066sffergss99r9p2kqa4k6ds0g4u5ud4x7yaajd,1PCT,https://www.balanceanalytics.io/api/groupdata.json,2026-05-18T17:17:32+00:00
pool1rkz43352y9kmsvzqn3wp08t6qfz64j6at4gtmn74ge0tv7hqdhf,pool1rkz43352y9kmsvzqn3wp08t6qfz64j6at4gtmn74ge0tv7hqdhf,https://www.balanceanalytics.io/api/groupdata.json,2026-05-18T17:17:32+00:00
pool1rlg6ytznuzx7dwhyypfuusx4crm7pdftx04h9zr82pdrv0tve0z,pool1rlg6ytznuzx7dwhyypfuusx4crm7pdftx04h9zr82pdrv0tve0z,https://www.balanceanalytics.io/api/groupdata.json,2026-05-18T17:17:32+00:00
pool1rm20ecfxj8plt6509yzlc5x853s2twpjkmv8zt0pjtr9vhlmyhq,EMURGO,https://www.balanceanalytics.io/api/groupdata.json,2026-05-18T17:17:32+00:00
pool1rm8rza3ff0cape54ddjclwwm6a4g5wx604t3y9mdlysdz898f42,pool1rm8rza3ff0cape54ddjclwwm6a4g5wx604t3y9mdlysdz898f42,https://www.balanceanalytics.io/api/groupdata.json,2026-05-18T17:17:32+00:00
pool1rmj268jpjncqrr0mcej7wf7n5lmcckv9p359e4dp74duqe7tljn,pool1rmj268jpjncqrr0mcej7wf7n5lmcckv9p359e4dp74duqe7tljn,https://www.balanceanalytics.io/api/groupdata.json,2026-05-18T17:17:32+00:00
pool1rmpv0h0pecysach8tj06vxx9wku2pdm74mk9cunx759v58q0hu2,SASA,https://www.balanceanalytics.io/api/groupdata.json,2026-05-18T17:17:32+00:00
pool1rp466amdpse0gsmdkteqpqmnm5fl4v0q8juwwq4xagwygwzu8ln,pool1rp466amdpse0gsmdkteqpqmnm5fl4v0q8juwwq4xagwygwzu8ln,https://www.balanceanalytics.io/api/groupdata.json,2026-05-18T17:17:32+00:00
pool1rpdfq9gm9ls0q8tnc2ssnpg5av3hm5ehktul7cfznjvjxyku2k6,pool1rpdfq9gm9ls0q8tnc2ssnpg5av3hm5ehktul7cfznjvjxyku2k6,https://www.balanceanalytics.io/api/groupdata.json,2026-05-18T17:17:32+00:00
pool1rpfj2y4vddj8azwu9977a63s2cjl374pep98l6dhuqh5u9jctj0,BINANCE,https://www.balanceanalytics.io/api/groupdata.json,2026-05-18T17:17:32+00:00
pool1rpjjz68kmmetyxztmrstrwgz8lxf6v0d7vqgw98r5x8rc50jrdf,DEW,https://www.balanceanalytics.io/api/groupdata.json,2026-05-18T17:17:32+00:00
pool1rq4vahleea4yc38cr58klupl6g0w7ca07lc6kyvtcznp6649j5p,BINANCE,https://www.balanceanalytics.io/api/groupdata.json,2026-05-18T17:17:32+00:00
pool1rq6c8ntlsh2xl3le0utg4fpxqhag7fdlpzdykcld7dh9gtz8fxt,pool1rq6c8ntlsh2xl3le0utg4fpxqhag7fdlpzdykcld7dh9gtz8fxt,https://www.balanceanalytics.io/api/groupdata.json,2026-05-18T17:17:32+00:00
pool1rq70y0sj8fnjgnuavsjtvk2qm6hjw2r9zfacd46z6z8c7tlgcmx,pool1rq70y0sj8fnjgnuavsjtvk2qm6hjw2r9zfacd46z6z8c7tlgcmx,https://www.balanceanalytics.io/api/groupdata.json,2026-05-18T17:17:32+00:00
pool1rqgf6qd0p3wyf9dxf2w7qcddvgg4vu56l35ez2xqemhqun2gn7y,pool1rqgf6qd0p3wyf9dxf2w7qcddvgg4vu56l35ez2xqemhqun2gn7y,https://www.balanceanalytics.io/api/groupdata.json,2026-05-18T17:17:32+00:00
pool1rqwhzyfvm8uh6qseqpkkz2uvga0ufr0aaavrw7nynytuxy9uj6c,pool1rqwhzyfvm8uh6qseqpkkz2uvga0ufr0aaavrw7nynytuxy9uj6c,https://www.balanceanalytics.io/api/groupdata.json,2026-05-18T17:17:32+00:00
pool1rryu0ckdfzcrxuef98q78fzw25dh3lck8l0u3lq6zpv7x5a6qyd,pool1rryu0ckdfzcrxuef98q78fzw25dh3lck8l0u3lq6zpv7x5a6qyd,https://www.balanceanalytics.io/api/groupdata.json,2026-05-18T17:17:32+00:00
pool1rrzlme4g2r49x7tcesdkuk5wqv5ks2dkq3ptapgnclgvkcxy9sc,pool1rrzlme4g2r49x7tcesdkuk5wqv5ks2dkq3ptapgnclgvkcxy9sc,https://www.balanceanalytics.io/api/groupdata.json,2026-05-18T17:17:32+00:00
pool1rscmngzy9mzyy98kl7h38scshgmk4cw0cs6ed58mq68mw4uustm,pool1rscmngzy9mzyy98kl7h38scshgmk4cw0cs6ed58mq68mw4uustm,https://www.balanceanalytics.io/api/groupdata.json,2026-05-18T17:17:32+00:00
pool1rsm2ara9zm9tq0gupcq4c7e3v7c8lwxlgjgh2zalgjf3669rlwq,pool1rsm2ara9zm9tq0gupcq4c7e3v7c8lwxlgjgh2zalgjf3669rlwq,https://www.balanceanalytics.io/api/groupdata.json,2026-05-18T17:17:32+00:00
pool1rsrmpq6jnxnwh6z8wlzphnan4huyz6pymcgna2p5m93mz780xkw,pool1rsrmpq6jnxnwh6z8wlzphnan4huyz6pymcgna2p5m93mz780xkw,https://www.balanceanalytics.io/api/groupdata.json,2026-05-18T17:17:32+00:00
pool1rte6kvv4z3f4fuq6np3qsmxh3pujem6rncpg58tuxc04gwmc2xn,COINBASE,https://www.balanceanalytics.io/api/groupdata.json,2026-05-18T17:17:32+00:00
pool1rthy0xp2syng0cydp85wvz973szmq2ns8u5p4hdedkwlyhry27w,pool1rthy0xp2syng0cydp85wvz973szmq2ns8u5p4hdedkwlyhry27w,https://www.balanceanalytics.io/api/groupdata.json,2026-05-18T17:17:32+00:00
pool1rtj8f2pjedcjh78ey2fc4wvatjyeudeam6lsv6snttwuvhn2vsq,pool1rtj8f2pjedcjh78ey2fc4wvatjyeudeam6lsv6snttwuvhn2vsq,https://www.balanceanalytics.io/api/groupdata.json,2026-05-18T17:17:32+00:00
pool1rtnavh3mve5598clw7evs7yu9zkz8t4v5ayzdvvg4rm0wamxl69,pool1rtnavh3mve5598clw7evs7yu9zkz8t4v5ayzdvvg4rm0wamxl69,https://www.balanceanalytics.io/api/groupdata.json,2026-05-18T17:17:32+00:00
pool1rtnk3j8jv0wl0qz2j8xq4h5yeh0uvw3xj738fgl6wc4scxenkgz,pool1rtnk3j8jv0wl0qz2j8xq4h5yeh0uvw3xj738fgl6wc4scxenkgz,https://www.balanceanalytics.io/api/groupdata.json,2026-05-18T17:17:32+00:00
pool1rtnv5vj0glxu9w2mkl9ptev72enx75gjzdkc8urfhavr5reah0c,pool1rtnv5vj0glxu9w2mkl9ptev72enx75gjzdkc8urfhavr5reah0c,https://www.balanceanalytics.io/api/groupdata.json,2026-05-18T17:17:32+00:00
pool1rtr6nja4hh8j8hkrmevehw7009za3fu2vucv27rl6qdr6xttd09,pool1rtr6nja4hh8j8hkrmevehw7009za3fu2vucv27rl6qdr6xttd09,https://www.balanceanalytics.io/api/groupdata.json,2026-05-18T17:17:32+00:00
pool1ru2zh42397d6dyxdzslw5p6z4cewj38npl7prpjskv7fyl0gpga,pool1ru2zh42397d6dyxdzslw5p6z4cewj38npl7prpjskv7fyl0gpga,https://www.balanceanalytics.io/api/groupdata.json,2026-05-18T17:17:32+00:00
pool1ru5ltcffgwnz6qdmccq9lcfu4zncygacm5fzvwz6tq9zcfwyl0v,pool1ru5ltcffgwnz6qdmccq9lcfu4zncygacm5fzvwz6tq9zcfwyl0v,https://www.balanceanalytics.io/api/groupdata.json,2026-05-18T17:17:32+00:00
pool1rv3f2ctg35ke7t5azmaha6393skhvnhwedh96e6r703tg00wp77,pool1rv3f2ctg35ke7t5azmaha6393skhvnhwedh96e6r703tg00wp77,https://www.balanceanalytics.io/api/groupdata.json,2026-05-18T17:17:32+00:00
pool1rven0s3l30qawndj2m8v0fwgc8rsthumda72l4wkgwdhx7qgdjw,pool1rven0s3l30qawndj2m8v0fwgc8rsthumda72l4wkgwdhx7qgdjw,https://www.balanceanalytics.io/api/groupdata.json,2026-05-18T17:17:32+00:00
pool1rvjj8cp3urh7de07pm0ceqha2x4lxws69lhd4429dm6djfjsy4l,pool1rvjj8cp3urh7de07pm0ceqha2x4lxws69lhd4429dm6djfjsy4l,https://www.balanceanalytics.io/api/groupdata.json,2026-05-18T17:17:32+00:00
pool1rvjkasumw8hcdvf6rnjt4ll9g4hemdly8nl9jd7glk9fqxg4zpq,pool1rvjkasumw8hcdvf6rnjt4ll9g4hemdly8nl9jd7glk9fqxg4zpq,https://www.balanceanalytics.io/api/groupdata.json,2026-05-18T17:17:32+00:00
pool1rvng7n968748udkc5rxy4h9zp9hms4s3jsfwuues76ft28uc056,DIGI,https://www.balanceanalytics.io/api/groupdata.json,2026-05-18T17:17:32+00:00
pool1rvp3ery0n5c0h89vz03u9pcnz5rk7mffe323yr2z6hhn2s3e2tr,pool1rvp3ery0n5c0h89vz03u9pcnz5rk7mffe323yr2z6hhn2s3e2tr,https://www.balanceanalytics.io/api/groupdata.json,2026-05-18T17:17:32+00:00
pool1rw29y8c5md2rm4ynkrqhpm9saatd0a0xzyyc6xudelgkww5junh,YUTA,https://www.balanceanalytics.io/api/groupdata.json,2026-05-18T17:17:32+00:00
pool1rw3sdsrge8wa076403lrxey3zw557v3kpaw0kwaxwg02zjfv82k,pool1rw3sdsrge8wa076403lrxey3zw557v3kpaw0kwaxwg02zjfv82k,https://www.balanceanalytics.io/api/groupdata.json,2026-05-18T17:17:32+00:00
pool1rx2745qj65qrgcutmpydv9k3ld930puq52t7skcd3ennqh550zc,pool1rx2745qj65qrgcutmpydv9k3ld930puq52t7skcd3ennqh550zc,https://www.balanceanalytics.io/api/groupdata.json,2026-05-18T17:17:32+00:00
pool1rx2ce04meyzjfw7qtspzlk8h863kj5nhwkhts7ja4vtpsk934tg,pool1rx2ce04meyzjfw7qtspzlk8h863kj5nhwkhts7ja4vtpsk934tg,https://www.balanceanalytics.io/api/groupdata.json,2026-05-18T17:17:32+00:00
pool1rxgeqs0fsl08c0rpaecrk08cy7q3nv3wa0twz2l9r396xw0594z,pool1rxgeqs0fsl08c0rpaecrk08cy7q3nv3wa0twz2l9r396xw0594z,https://www.balanceanalytics.io/api/groupdata.json,2026-05-18T17:17:32+00:00
pool1rxgxstg6t7azlsrk4vuuwp0jgl9e776dg86zqzaa0qt6vz43n9r,IBEX,https://www.balanceanalytics.io/api/groupdata.json,2026-05-18T17:17:32+00:00
pool1rxpysk2ahxz442mqapv4shtrpaddw2lsuufdeg9gsjjn6gjr5tx,pool1rxpysk2ahxz442mqapv4shtrpaddw2lsuufdeg9gsjjn6gjr5tx,https://www.balanceanalytics.io/api/groupdata.json,2026-05-18T17:17:32+00:00
pool1ryyfhgm4rqa9pnykxuhxcmy6rdn0uyltufm9t86c6uskwv3aame,pool1ryyfhgm4rqa9pnykxuhxcmy6rdn0uyltufm9t86c6uskwv3aame,https://www.balanceanalytics.io/api/groupdata.json,2026-05-18T17:17:32+00:00
pool1rzhyuwfwdzksm9v2ze8playmvdv3u04x9a0tmhg2krx7kt2635t,pool1rzhyuwfwdzksm9v2ze8playmvdv3u04x9a0tmhg2krx7kt2635t,https://www.balanceanalytics.io/api/groupdata.json,2026-05-18T17:17:32+00:00
pool1rzlg6gtquajeyzpn5whh2alqzgdpy5ugha275z2haq79glqze85,pool1rzlg6gtquajeyzpn5whh2alqzgdpy5ugha275z2haq79glqze85,https://www.balanceanalytics.io/api/groupdata.json,2026-05-18T17:17:32+00:00
pool1rzzz3sy88y05r8vqpejczv6zqntf6ayn3untjkn9kfud6nemcp9,pool1rzzz3sy88y05r8vqpejczv6zqntf6ayn3untjkn9kfud6nemcp9,https://www.balanceanalytics.io/api/groupdata.json,2026-05-18T17:17:32+00:00
pool1s04pdfl3sv5gzuc80322rc4ne0xs7gekux7gtckvvwt7qutjy6w,MS,https://www.balanceanalytics.io/api/groupdata.json,2026-05-18T17:17:32+00:00
pool1s0cfkzheywsftgwp0yz7sq4rt5gyf7t5kfwj5a269kpxvndjn6q,OCEAN,https://www.balanceanalytics.io/api/groupdata.json,2026-05-18T17:17:32+00:00
pool1s0kkragd8r2xyyms680l9eed443v3eufmarykpjfh2r6cpksm2j,pool1s0kkragd8r2xyyms680l9eed443v3eufmarykpjfh2r6cpksm2j,https://www.balanceanalytics.io/api/groupdata.json,2026-05-18T17:17:32+00:00
pool1s2gxepqa5r6qzze05x3vxunt24cmqth2d2lmfrtudfqcg5c78kw,BINANCE,https://www.balanceanalytics.io/api/groupdata.json,2026-05-18T17:17:32+00:00
pool1s2qefm0h0449tdwsh7w6gw7mn9n8d3w48zunslxdazlfghtn4wh,pool1s2qefm0h0449tdwsh7w6gw7mn9n8d3w48zunslxdazlfghtn4wh,https://www.balanceanalytics.io/api/groupdata.json,2026-05-18T17:17:32+00:00
pool1s2rj8t2a5tfv0rpsfak77g03h96uv3rqxp62t6jm3dh45g2e2pj,pool1s2rj8t2a5tfv0rpsfak77g03h96uv3rqxp62t6jm3dh45g2e2pj,https://www.balanceanalytics.io/api/groupdata.json,2026-05-18T17:17:32+00:00
pool1s2x7jf4ldjvp9jg3zfre33jk36w4q0nm0ccagynkswpu7vt20hy,pool1s2x7jf4ldjvp9jg3zfre33jk36w4q0nm0ccagynkswpu7vt20hy,https://www.balanceanalytics.io/api/groupdata.json,2026-05-18T17:17:32+00:00
pool1s3nj2yp068r9c9zp8rc7cxxaalrp9pflwz9jualr8c7vyl08kj7,pool1s3nj2yp068r9c9zp8rc7cxxaalrp9pflwz9jualr8c7vyl08kj7,https://www.balanceanalytics.io/api/groupdata.json,2026-05-18T17:17:32+00:00
pool1s3z5qsg75dar26ykyzcz2u8wc2swgq7pyp7f9sdh5n06qh3jhq2,1PCT,https://www.balanceanalytics.io/api/groupdata.json,2026-05-18T17:17:32+00:00
pool1s4a3y5ktdg7s08d6mntkctzc739h5n46t930jggef287cwz8pph,pool1s4a3y5ktdg7s08d6mntkctzc739h5n46t930jggef287cwz8pph,https://www.balanceanalytics.io/api/groupdata.json,2026-05-18T17:17:32+00:00
pool1s4hxwet8ezjgfjxekeexezzyu2zhg302hpex6f683hvsw8qpd5v,pool1s4hxwet8ezjgfjxekeexezzyu2zhg302hpex6f683hvsw8qpd5v,https://www.balanceanalytics.io/api/groupdata.json,2026-05-18T17:17:32+00:00
pool1s4ve6tap62x9khdvhkk9f8fj74ks5txuygsnu7wkujk3jd2c0jh,pool1s4ve6tap62x9khdvhkk9f8fj74ks5txuygsnu7wkujk3jd2c0jh,https://www.balanceanalytics.io/api/groupdata.json,2026-05-18T17:17:32+00:00
pool1s54847dyrcpgxjvsjvhjjqjrkz3x6vevy77xaqje5nugxhp6j2g,pool1s54847dyrcpgxjvsjvhjjqjrkz3x6vevy77xaqje5nugxhp6j2g,https://www.balanceanalytics.io/api/groupdata.json,2026-05-18T17:17:32+00:00
pool1s6297q2hjfgmjcg9twsam52dkmdfygp5h5mh7epuxcnyqa9a00m,pool1s6297q2hjfgmjcg9twsam52dkmdfygp5h5mh7epuxcnyqa9a00m,https://www.balanceanalytics.io/api/groupdata.json,2026-05-18T17:17:32+00:00
pool1s679peru5lc03a9urdvkntsc3snfjnuwfc7vh42lnu395af0m9v,pool1s679peru5lc03a9urdvkntsc3snfjnuwfc7vh42lnu395af0m9v,https://www.balanceanalytics.io/api/groupdata.json,2026-05-18T17:17:32+00:00
pool1s6s6eyve0lmc4e0emzf2l68n9ya0rhrpdcq0jmkmmmxv2rkrx42,LEO,https://www.balanceanalytics.io/api/groupdata.json,2026-05-18T17:17:32+00:00
pool1s6se64qce5rjjjhh6ufcdnc54p8qg78mlhjm38lymx99sqysvzx,PAUL,https://www.balanceanalytics.io/api/groupdata.json,2026-05-18T17:17:32+00:00
pool1s6x6kltycpxq82hyqhlqllqj3q5l2m8w499gvtu4xrfv29c0q2q,pool1s6x6kltycpxq82hyqhlqllqj3q5l2m8w499gvtu4xrfv29c0q2q,https://www.balanceanalytics.io/api/groupdata.json,2026-05-18T17:17:32+00:00
pool1s79cqtwk5s24lcske704ckx7k2pagn8hc95rxvy3xfda6r62pg9,pool1s79cqtwk5s24lcske704ckx7k2pagn8hc95rxvy3xfda6r62pg9,https://www.balanceanalytics.io/api/groupdata.json,2026-05-18T17:17:32+00:00
pool1s7ddsvuw09dvk7et6t842vhdfcmq893y88y3ev9attn67mruf5m,ADALITE,https://www.balanceanalytics.io/api/groupdata.json,2026-05-18T17:17:32+00:00
pool1s7eglqwzl84xgvpr4pptylcgqhkjr4xk8d6y3k22plu3sagms25,pool1s7eglqwzl84xgvpr4pptylcgqhkjr4xk8d6y3k22plu3sagms25,https://www.balanceanalytics.io/api/groupdata.json,2026-05-18T17:17:32+00:00
pool1s7t7mfc89syw93h07aammaccnua66yn6d4l0mqt7zqurz2mczvq,pool1s7t7mfc89syw93h07aammaccnua66yn6d4l0mqt7zqurz2mczvq,https://www.balanceanalytics.io/api/groupdata.json,2026-05-18T17:17:32+00:00
pool1s7vl4r9vr2etmr2pfhcvxu223e8asaxu96te3urd7gh3c2kl74a,pool1s7vl4r9vr2etmr2pfhcvxu223e8asaxu96te3urd7gh3c2kl74a,https://www.balanceanalytics.io/api/groupdata.json,2026-05-18T17:17:32+00:00
pool1s7xvt9453rruhfdc90dy02xue82mnv2lzyqgzxx8ssmcq4fc3kj,pool1s7xvt9453rruhfdc90dy02xue82mnv2lzyqgzxx8ssmcq4fc3kj,https://www.balanceanalytics.io/api/groupdata.json,2026-05-18T17:17:32+00:00
pool1s8347yjgmfguf0ynj69euw7r75w7usdrfheckpcrjrk2yfvnpwq,COINBASE,https://www.balanceanalytics.io/api/groupdata.json,2026-05-18T17:17:32+00:00
pool1sa0uepv2uzwd0g8sh5lkjzgwkcxrg3z4m5wyzgfh93pnwupsm8g,pool1sa0uepv2uzwd0g8sh5lkjzgwkcxrg3z4m5wyzgfh93pnwupsm8g,https://www.balanceanalytics.io/api/groupdata.json,2026-05-18T17:17:32+00:00
pool1samrdfdupytre8zuqf5y3sda0kxhp894yvjpnhwwczukwd4mx6y,pool1samrdfdupytre8zuqf5y3sda0kxhp894yvjpnhwwczukwd4mx6y,https://www.balanceanalytics.io/api/groupdata.json,2026-05-18T17:17:32+00:00
pool1sas4dszphlgpljjmf4ys5pmml9mlevef7szr5hd3wmplglu3a9a,pool1sas4dszphlgpljjmf4ys5pmml9mlevef7szr5hd3wmplglu3a9a,https://www.balanceanalytics.io/api/groupdata.json,2026-05-18T17:17:32+00:00
pool1scnq7w9rxgt2c4lax0y0ch0el2t9pjcyffhhzs2dfgt75u2zcq4,pool1scnq7w9rxgt2c4lax0y0ch0el2t9pjcyffhhzs2dfgt75u2zcq4,https://www.balanceanalytics.io/api/groupdata.json,2026-05-18T17:17:32+00:00
pool1sdare7xfd6tmak8ghek7kwgpgj6xzu0reppmw4t46rmcs0h6vr2,COINBASE,https://www.balanceanalytics.io/api/groupdata.json,2026-05-18T17:17:32+00:00
pool1sdvrd0sxh2mprqc3m9zmvrfccavzpz9r2uancg866hpec7nnt0s,pool1sdvrd0sxh2mprqc3m9zmvrfccavzpz9r2uancg866hpec7nnt0s,https://www.balanceanalytics.io/api/groupdata.json,2026-05-18T17:17:32+00:00
pool1sf784g6eje8vzq9f5wu583eurhfq2ee9hzyhl46yezkuqqtmw07,pool1sf784g6eje8vzq9f5wu583eurhfq2ee9hzyhl46yezkuqqtmw07,https://www.balanceanalytics.io/api/groupdata.json,2026-05-18T17:17:32+00:00
pool1sffl322qgsrsmkcedzzwk05396dkmj56pcepqvj6px3n2re3qu4,pool1sffl322qgsrsmkcedzzwk05396dkmj56pcepqvj6px3n2re3qu4,https://www.balanceanalytics.io/api/groupdata.json,2026-05-18T17:17:32+00:00
pool1sfjdu0xmz7vdmp6cufxd55gprp95g4p703zzr3upt70dst0fur2,pool1sfjdu0xmz7vdmp6cufxd55gprp95g4p703zzr3upt70dst0fur2,https://www.balanceanalytics.io/api/groupdata.json,2026-05-18T17:17:32+00:00
pool1sfuspqv9gyqn65vwu6e27dp6ju7gmqmgsnasqp6zxp6qqlzlpfe,pool1sfuspqv9gyqn65vwu6e27dp6ju7gmqmgsnasqp6zxp6qqlzlpfe,https://www.balanceanalytics.io/api/groupdata.json,2026-05-18T17:17:32+00:00
pool1sghd7rmq0ktp6xd8yp84m00530hhqxx94lsnswmajt2xxrzpyjk,pool1sghd7rmq0ktp6xd8yp84m00530hhqxx94lsnswmajt2xxrzpyjk,https://www.balanceanalytics.io/api/groupdata.json,2026-05-18T17:17:32+00:00
pool1sghwg652uwe7ksmk5laxxft58j6km6prahvnddk3s6zgxek5qen,pool1sghwg652uwe7ksmk5laxxft58j6km6prahvnddk3s6zgxek5qen,https://www.balanceanalytics.io/api/groupdata.json,2026-05-18T17:17:32+00:00
pool1sgm50zlvluzvherlmej0wd733fl0ew3y2564twmxnhn5j5q325s,pool1sgm50zlvluzvherlmej0wd733fl0ew3y2564twmxnhn5j5q325s,https://www.balanceanalytics.io/api/groupdata.json,2026-05-18T17:17:32+00:00
pool1sj3gnahsms73uxxu43rgwczdw596en7dtsfcqf6297vzgcedquv,pool1sj3gnahsms73uxxu43rgwczdw596en7dtsfcqf6297vzgcedquv,https://www.balanceanalytics.io/api/groupdata.json,2026-05-18T17:17:32+00:00
pool1sjnh0ymk9fhhnusm7uksux5yhpfyhjfmseq5nuupsj6ezskc0pj,UPBIT,https://www.balanceanalytics.io/api/groupdata.json,2026-05-18T17:17:32+00:00
pool1sjrfgg0z0su3gun5xdsj5kvl34m5el3zf6mkaffukg9ucc0q4zc,pool1sjrfgg0z0su3gun5xdsj5kvl34m5el3zf6mkaffukg9ucc0q4zc,https://www.balanceanalytics.io/api/groupdata.json,2026-05-18T17:17:32+00:00
pool1sjtlvayw52hzt882ch2ylrxyey5v3qj47vtmq595n5wvklqel95,pool1sjtlvayw52hzt882ch2ylrxyey5v3qj47vtmq595n5wvklqel95,https://www.balanceanalytics.io/api/groupdata.json,2026-05-18T17:17:32+00:00
pool1sjwdmeme5zs042jzwmdvxshhv27kepxke0mr02f2yzacsyd4wtu,CCV,https://www.balanceanalytics.io/api/groupdata.json,2026-05-18T17:17:32+00:00
pool1sk4s9cmjc9s5uw5zju76tnu3hjc7qj4geaeq7psy9yjay4a9nwd,pool1sk4s9cmjc9s5uw5zju76tnu3hjc7qj4geaeq7psy9yjay4a9nwd,https://www.balanceanalytics.io/api/groupdata.json,2026-05-18T17:17:32+00:00
pool1sk64cyef3v2m000eshsdz6ydu3j7rczuyv93dl76euyev7pslxg,pool1sk64cyef3v2m000eshsdz6ydu3j7rczuyv93dl76euyev7pslxg,https://www.balanceanalytics.io/api/groupdata.json,2026-05-18T17:17:32+00:00
pool1sk6jvl4u8m4peddwqxzslgt82n57qy0rug2j0jfzkrjvy9f5mw6,pool1sk6jvl4u8m4peddwqxzslgt82n57qy0rug2j0jfzkrjvy9f5mw6,https://www.balanceanalytics.io/api/groupdata.json,2026-05-18T17:17:32+00:00
pool1sks9qwpygf9vmgeuh4n4a3s36k35c3qnz7pd4qqvw5825x62y3y,pool1sks9qwpygf9vmgeuh4n4a3s36k35c3qnz7pd4qqvw5825x62y3y,https://www.balanceanalytics.io/api/groupdata.json,2026-05-18T17:17:32+00:00
pool1sktjey6tdtgp6svf0d2nth7ruq3zjnhgg2dckpkveyeqk0jttgj,pool1sktjey6tdtgp6svf0d2nth7ruq3zjnhgg2dckpkveyeqk0jttgj,https://www.balanceanalytics.io/api/groupdata.json,2026-05-18T17:17:32+00:00
pool1sktpderrlmwnw8l769aqqfmmv2sn2uatp4r9z84htt6kg7jauyn,pool1sktpderrlmwnw8l769aqqfmmv2sn2uatp4r9z84htt6kg7jauyn,https://www.balanceanalytics.io/api/groupdata.json,2026-05-18T17:17:32+00:00
pool1skykl3rncme7qzwy0t55wk258h4e4s9dyacrm3hnsya3u3k5vkw,pool1skykl3rncme7qzwy0t55wk258h4e4s9dyacrm3hnsya3u3k5vkw,https://www.balanceanalytics.io/api/groupdata.json,2026-05-18T17:17:32+00:00
pool1slwxj0t3575lx0rfw2x3z7dqf26jpls566pdwydvlk0jgw96lre,pool1slwxj0t3575lx0rfw2x3z7dqf26jpls566pdwydvlk0jgw96lre,https://www.balanceanalytics.io/api/groupdata.json,2026-05-18T17:17:32+00:00
pool1sm2kmdn4f9rat3kl67y9drqcnnqc34zg4f4ufmnrfaj45gcv89d,pool1sm2kmdn4f9rat3kl67y9drqcnnqc34zg4f4ufmnrfaj45gcv89d,https://www.balanceanalytics.io/api/groupdata.json,2026-05-18T17:17:32+00:00
pool1smfwu5w54mnxea6dg7gwmkk6df8jauuf4h2x0cqew3dk2lgln2t,pool1smfwu5w54mnxea6dg7gwmkk6df8jauuf4h2x0cqew3dk2lgln2t,https://www.balanceanalytics.io/api/groupdata.json,2026-05-18T17:17:32+00:00
pool1smwc36uce35g6jv7afhzej64yun2h6ec6uvdplucnzhj6x5fcjx,pool1smwc36uce35g6jv7afhzej64yun2h6ec6uvdplucnzhj6x5fcjx,https://www.balanceanalytics.io/api/groupdata.json,2026-05-18T17:17:32+00:00
pool1smy2r8jdvgna5ykhe8rrch7h4qalyfafyzyh0rmanmq0jxptww7,YUTA,https://www.balanceanalytics.io/api/groupdata.json,2026-05-18T17:17:32+00:00
pool1snauzgh8r7tww3emfmdt58dt4hpvyjc23j0nj3h0ql2wwzgdkp9,pool1snauzgh8r7tww3emfmdt58dt4hpvyjc23j0nj3h0ql2wwzgdkp9,https://www.balanceanalytics.io/api/groupdata.json,2026-05-18T17:17:32+00:00
pool1snnfhfk7fk3t2pn3frgwsu8zteygwv3a7pmudur80smdc7q7ytg,pool1snnfhfk7fk3t2pn3frgwsu8zteygwv3a7pmudur80smdc7q7ytg,https://www.balanceanalytics.io/api/groupdata.json,2026-05-18T17:17:32+00:00
pool1snvcmtdnssf6t8fhs7943uxmmujlt4f89yv58cp7m99cq5tw9hy,pool1snvcmtdnssf6t8fhs7943uxmmujlt4f89yv58cp7m99cq5tw9hy,https://www.balanceanalytics.io/api/groupdata.json,2026-05-18T17:17:32+00:00
pool1snyaulmp94axe7ltmqzlkztqn9axt5ykprjtxh3qgn35cred9pf,pool1snyaulmp94axe7ltmqzlkztqn9axt5ykprjtxh3qgn35cred9pf,https://www.balanceanalytics.io/api/groupdata.json,2026-05-18T17:17:32+00:00
pool1spqkpaezku3knl9ug7txrlyzr8kkvdr0h75yyz262cx6gls6zlm,pool1spqkpaezku3knl9ug7txrlyzr8kkvdr0h75yyz262cx6gls6zlm,https://www.balanceanalytics.io/api/groupdata.json,2026-05-18T17:17:32+00:00
pool1spus7k8cy5qcs82xhw60dwwk2d4vrfs0m5vr2zst04gtq700gjn,YUTA,https://www.balanceanalytics.io/api/groupdata.json,2026-05-18T17:17:32+00:00
pool1sqpksswmxpgk6yxllyq9ad4qhtnt5qyz2pv5xmz6kkt5ujrgqwf,pool1sqpksswmxpgk6yxllyq9ad4qhtnt5qyz2pv5xmz6kkt5ujrgqwf,https://www.balanceanalytics.io/api/groupdata.json,2026-05-18T17:17:32+00:00
pool1sqxvayj9w80g42w7chla9x56atj75jwxvkrkrtkcvcyjcak9wx2,pool1sqxvayj9w80g42w7chla9x56atj75jwxvkrkrtkcvcyjcak9wx2,https://www.balanceanalytics.io/api/groupdata.json,2026-05-18T17:17:32+00:00
pool1sr82s7yvwwsy6q0geveawrglt8ss39jhsfz7d0p4a5y6kk30mdd,IOG,https://www.balanceanalytics.io/api/groupdata.json,2026-05-18T17:17:32+00:00
pool1sr953s548fudyhmfm082xp0mensv2gxzt4qpe466ykw0z3jjzvv,pool1sr953s548fudyhmfm082xp0mensv2gxzt4qpe466ykw0z3jjzvv,https://www.balanceanalytics.io/api/groupdata.json,2026-05-18T17:17:32+00:00
pool1srdjughnhp8xnn0wlf7gj7v9k8lmzl9ht4vhksp5qqc66fnpccj,pool1srdjughnhp8xnn0wlf7gj7v9k8lmzl9ht4vhksp5qqc66fnpccj,https://www.balanceanalytics.io/api/groupdata.json,2026-05-18T17:17:32+00:00
pool1sru6yhj5q0zvfyyuappgrvssxzjumjsd3ekyeslhvwmv6hmmxzn,pool1sru6yhj5q0zvfyyuappgrvssxzjumjsd3ekyeslhvwmv6hmmxzn,https://www.balanceanalytics.io/api/groupdata.json,2026-05-18T17:17:32+00:00
pool1ss7flxmvmhgupfl9d694jdn30n5knexk43qj0fpp5qjp22jpg3k,pool1ss7flxmvmhgupfl9d694jdn30n5knexk43qj0fpp5qjp22jpg3k,https://www.balanceanalytics.io/api/groupdata.json,2026-05-18T17:17:32+00:00
pool1sskadl6p2w0ttfr60y2ssfzcmrnaty4wt68v5glzd3e5vwkh7z5,ETORO,https://www.balanceanalytics.io/api/groupdata.json,2026-05-18T17:17:32+00:00
pool1ssn7vj756vpv84h5vgkkvv5rzk0zp6pp2kdrqwfjsffu60djyy8,pool1ssn7vj756vpv84h5vgkkvv5rzk0zp6pp2kdrqwfjsffu60djyy8,https://www.balanceanalytics.io/api/groupdata.json,2026-05-18T17:17:32+00:00
pool1st58tj7nun3vynlhlmfawrn24ar0pshdle733vtkv43szxt2kq0,pool1st58tj7nun3vynlhlmfawrn24ar0pshdle733vtkv43szxt2kq0,https://www.balanceanalytics.io/api/groupdata.json,2026-05-18T17:17:32+00:00
pool1st9xr6arqq8f2hjsdz6urxejjwzpjkjceatnjuehhr9xuq6k4eu,pool1st9xr6arqq8f2hjsdz6urxejjwzpjkjceatnjuehhr9xuq6k4eu,https://www.balanceanalytics.io/api/groupdata.json,2026-05-18T17:17:32+00:00
pool1stjukmjtgs7rdvy8ucsc543f9y2ct56ss08zed392php7k0teaq,pool1stjukmjtgs7rdvy8ucsc543f9y2ct56ss08zed392php7k0teaq,https://www.balanceanalytics.io/api/groupdata.json,2026-05-18T17:17:32+00:00
pool1stvux7an3kp2p55na0p7eec2e7l66gqcpuc7yu9cx5242g4j2eh,pool1stvux7an3kp2p55na0p7eec2e7l66gqcpuc7yu9cx5242g4j2eh,https://www.balanceanalytics.io/api/groupdata.json,2026-05-18T17:17:32+00:00
pool1su9cep9a3x8650smt53qnywkdqzvqjucg2jrzgt8r5gu7z34838,pool1su9cep9a3x8650smt53qnywkdqzvqjucg2jrzgt8r5gu7z34838,https://www.balanceanalytics.io/api/groupdata.json,2026-05-18T17:17:32+00:00
pool1supp67ypelmgzuzqqvarc6czgmg3ggwpnrnfr90xpfcqqf8h05t,1PCT,https://www.balanceanalytics.io/api/groupdata.json,2026-05-18T17:17:32+00:00
pool1suuvhhetdpjmenal5j2uyjld26jke57xw2yz7gc4j2s3yhgd7us,pool1suuvhhetdpjmenal5j2uyjld26jke57xw2yz7gc4j2s3yhgd7us,https://www.balanceanalytics.io/api/groupdata.json,2026-05-18T17:17:32+00:00
pool1suvska2n58hqxqzzqwpw3558072vkmng0jezzgtlsj625yk7gt8,pool1suvska2n58hqxqzzqwpw3558072vkmng0jezzgtlsj625yk7gt8,https://www.balanceanalytics.io/api/groupdata.json,2026-05-18T17:17:32+00:00
pool1suy76cpk5lkpsmaqpecygl5j9na5du0xe2lrxd733dlwcus9j2n,pool1suy76cpk5lkpsmaqpecygl5j9na5du0xe2lrxd733dlwcus9j2n,https://www.balanceanalytics.io/api/groupdata.json,2026-05-18T17:17:32+00:00
pool1svszcjg5xaxt5mq7ue2llm26ndt74dslvev04g6kwdmvyf0t657,pool1svszcjg5xaxt5mq7ue2llm26ndt74dslvev04g6kwdmvyf0t657,https://www.balanceanalytics.io/api/groupdata.json,2026-05-18T17:17:32+00:00
pool1svv9st22dywp9exwsltt7cdc4v2dyrf4zls00jesv2lzvpz45jh,SCAR,https://www.balanceanalytics.io/api/groupdata.json,2026-05-18T17:17:32+00:00
pool1svzk9ckds6r83nvg2k7w9hszza2haqd9zu7fuyg37e8gg3dylrf,pool1svzk9ckds6r83nvg2k7w9hszza2haqd9zu7fuyg37e8gg3dylrf,https://www.balanceanalytics.io/api/groupdata.json,2026-05-18T17:17:32+00:00
pool1swe9nsv8lzugakjkfv04dn38scmq48wzynmn0lxasupuzmqcgjm,pool1swe9nsv8lzugakjkfv04dn38scmq48wzynmn0lxasupuzmqcgjm,https://www.balanceanalytics.io/api/groupdata.json,2026-05-18T17:17:32+00:00
pool1swuyjknhewtqcmh583jjpvlcl0p9h9hrt5l2f3v2hl6gchqrn40,ETORO,https://www.balanceanalytics.io/api/groupdata.json,2026-05-18T17:17:32+00:00
pool1swywvk87zmgypz45ura8d5af6aw5nrrgalt96raqm6ze2uqkhk0,pool1swywvk87zmgypz45ura8d5af6aw5nrrgalt96raqm6ze2uqkhk0,https://www.balanceanalytics.io/api/groupdata.json,2026-05-18T17:17:32+00:00
pool1sx4e8rvx2xdxgkww2fpjtmvrnaftfrtfge29xcn72hh7kch5snf,LONDN,https://www.balanceanalytics.io/api/groupdata.json,2026-05-18T17:17:32+00:00
pool1sxj5qufj25ssfk83jjxp4tw2py7vfceta63p2u8ymugtga9us8t,pool1sxj5qufj25ssfk83jjxp4tw2py7vfceta63p2u8ymugtga9us8t,https://www.balanceanalytics.io/api/groupdata.json,2026-05-18T17:17:32+00:00
pool1sxrkzy0ty37s2qx66cscqwucdqlvemtjl96ep36mqfrnku9lq8t,LEO,https://www.balanceanalytics.io/api/groupdata.json,2026-05-18T17:17:32+00:00
pool1sy86l3j2aumxgsvp2nmw4ukuq2tc7drnqum9z8796hxnzksde4j,pool1sy86l3j2aumxgsvp2nmw4ukuq2tc7drnqum9z8796hxnzksde4j,https://www.balanceanalytics.io/api/groupdata.json,2026-05-18T17:17:32+00:00
pool1syt2h0690xyjhkr5mntv868xgl82m407e83e4sznaucpkr0lg85,pool1syt2h0690xyjhkr5mntv868xgl82m407e83e4sznaucpkr0lg85,https://www.balanceanalytics.io/api/groupdata.json,2026-05-18T17:17:32+00:00
pool1szah3sjg5vhd09pa0y6fcsyja2rttsztdp0gj8jpngqxz9kj0a8,pool1szah3sjg5vhd09pa0y6fcsyja2rttsztdp0gj8jpngqxz9kj0a8,https://www.balanceanalytics.io/api/groupdata.json,2026-05-18T17:17:32+00:00
pool1szgruqm2dlhkh5qh7rft28xz9gkxj6rzfncsuquf3vm37k63kqv,IOG,https://www.balanceanalytics.io/api/groupdata.json,2026-05-18T17:17:32+00:00
pool1szy2tdjj8a4av365wk3q2fqg9srllmt0383e6v9p664ng076x9e,RAY,https://www.balanceanalytics.io/api/groupdata.json,2026-05-18T17:17:32+00:00
pool1t0jheek3yftf0a9dgzgr2hc2wttwrcjyd5whdrek4ggcc5famre,pool1t0jheek3yftf0a9dgzgr2hc2wttwrcjyd5whdrek4ggcc5famre,https://www.balanceanalytics.io/api/groupdata.json,2026-05-18T17:17:32+00:00
pool1t0yyw270lyj70x2fdgxsl7re3rlc8q23fvy3gfpggulc5g6xe95,pool1t0yyw270lyj70x2fdgxsl7re3rlc8q23fvy3gfpggulc5g6xe95,https://www.balanceanalytics.io/api/groupdata.json,2026-05-18T17:17:32+00:00
pool1t2e4v7ajh38qhjswqaavjqfsevyllhda24t2s2u6vhsavyhhqaf,pool1t2e4v7ajh38qhjswqaavjqfsevyllhda24t2s2u6vhsavyhhqaf,https://www.balanceanalytics.io/api/groupdata.json,2026-05-18T17:17:32+00:00
pool1t2mxyjvqsay4yl6vm5gqep5f76nm9wen3452zxa0nu2xugmsm6k,ROCKX,https://www.balanceanalytics.io/api/groupdata.json,2026-05-18T17:17:32+00:00
pool1t2pxldv2gln8gv0223drh5ftheuegclq35wx73u3uh2qzthtrnp,pool1t2pxldv2gln8gv0223drh5ftheuegclq35wx73u3uh2qzthtrnp,https://www.balanceanalytics.io/api/groupdata.json,2026-05-18T17:17:32+00:00
pool1t2zc29vmryg0z72jp3vh04awlxlrqf88jc3zfx7wm8dwjuhgch9,pool1t2zc29vmryg0z72jp3vh04awlxlrqf88jc3zfx7wm8dwjuhgch9,https://www.balanceanalytics.io/api/groupdata.json,2026-05-18T17:17:32+00:00
pool1t35fgf29mh3uruht4983937ftcaglc5rat65h2mshrflqt0g5rm,pool1t35fgf29mh3uruht4983937ftcaglc5rat65h2mshrflqt0g5rm,https://www.balanceanalytics.io/api/groupdata.json,2026-05-18T17:17:32+00:00
pool1t3xele4dr85qz797gv9n4gdcwtcmsv9wvn9jyavxhpc3qzu50fx,pool1t3xele4dr85qz797gv9n4gdcwtcmsv9wvn9jyavxhpc3qzu50fx,https://www.balanceanalytics.io/api/groupdata.json,2026-05-18T17:17:32+00:00
pool1t43xjt8x0p49tr7hw3n360rvs9m5rdpflf76mj7hkfe964tsrlu,pool1t43xjt8x0p49tr7hw3n360rvs9m5rdpflf76mj7hkfe964tsrlu,https://www.balanceanalytics.io/api/groupdata.json,2026-05-18T17:17:32+00:00
pool1t490d5nsl9v354mrppk4j8hla4n60gxjn206jfaxh4jts93tqpp,pool1t490d5nsl9v354mrppk4j8hla4n60gxjn206jfaxh4jts93tqpp,https://www.balanceanalytics.io/api/groupdata.json,2026-05-18T17:17:32+00:00
pool1t4q9v8vxf8ltx407cqkwq3sksgmq85e459jqsf34x0cxyfaqljw,pool1t4q9v8vxf8ltx407cqkwq3sksgmq85e459jqsf34x0cxyfaqljw,https://www.balanceanalytics.io/api/groupdata.json,2026-05-18T17:17:32+00:00
pool1t4zp4wlastva63rqk99k7578e2h3znqdk2arhzuegz6kgj0duc8,pool1t4zp4wlastva63rqk99k7578e2h3znqdk2arhzuegz6kgj0duc8,https://www.balanceanalytics.io/api/groupdata.json,2026-05-18T17:17:32+00:00
pool1t50sl2erwfaey5du4e7gnp52fylplh5q4j24zkkxk9t5vsxfcvm,pool1t50sl2erwfaey5du4e7gnp52fylplh5q4j24zkkxk9t5vsxfcvm,https://www.balanceanalytics.io/api/groupdata.json,2026-05-18T17:17:32+00:00
pool1t5zgwakxfmqxgu7l65fk45u33frlqrvgsvzn7demdy0ejgrhq9a,IOG,https://www.balanceanalytics.io/api/groupdata.json,2026-05-18T17:17:32+00:00
pool1t69ww3neaf5z5jy3a3fjuw2drz50sw593u6gp00kq5fqz3n58h4,pool1t69ww3neaf5z5jy3a3fjuw2drz50sw593u6gp00kq5fqz3n58h4,https://www.balanceanalytics.io/api/groupdata.json,2026-05-18T17:17:32+00:00
pool1t6ek99u2dzj8sr606uqm3uz0tt4ejr4cpvwtqfwen6p2z57rrst,BD,https://www.balanceanalytics.io/api/groupdata.json,2026-05-18T17:17:32+00:00
pool1t6mnkhwj99hm0ckt8fkf85r84le9p95v2a3l874vfn947g5ajmu,pool1t6mnkhwj99hm0ckt8fkf85r84le9p95v2a3l874vfn947g5ajmu,https://www.balanceanalytics.io/api/groupdata.json,2026-05-18T17:17:32+00:00
pool1t6n7rysk6wzm9wqxda6zxpzmm3j6256fs3mp06dc26n6503hhj4,pool1t6n7rysk6wzm9wqxda6zxpzmm3j6256fs3mp06dc26n6503hhj4,https://www.balanceanalytics.io/api/groupdata.json,2026-05-18T17:17:32+00:00
pool1t6stu46gth7awdlrdmxmjhgrk9rjhez9qfnlhkhfvf0fj4q3h2a,LEO,https://www.balanceanalytics.io/api/groupdata.json,2026-05-18T17:17:32+00:00
pool1t6tyc9menh5uax38j89jgdyj0maz6e4mgx90n7xkcl7mu8fzqxu,BINANCE,https://www.balanceanalytics.io/api/groupdata.json,2026-05-18T17:17:32+00:00
pool1t74ckqauwmn9ef5ye0h7c5wsgfd36zx24ue9wvj4vj95cl54aff,ORACL,https://www.balanceanalytics.io/api/groupdata.json,2026-05-18T17:17:32+00:00
pool1t847w2hfv33qrra7q33nzq8epvcxv6ydshcq7w7j23c87xv2c2k,pool1t847w2hfv33qrra7q33nzq8epvcxv6ydshcq7w7j23c87xv2c2k,https://www.balanceanalytics.io/api/groupdata.json,2026-05-18T17:17:32+00:00
pool1t8dkgz58qcqlak6nn5l5j4qqwvewwmjx85fxtsykk6w9j2e0ng2,pool1t8dkgz58qcqlak6nn5l5j4qqwvewwmjx85fxtsykk6w9j2e0ng2,https://www.balanceanalytics.io/api/groupdata.json,2026-05-18T17:17:32+00:00
pool1t8gjk7jzvujfv9s8q992e6s7tp8na0q3j62g7s4ppzfmccus4jk,pool1t8gjk7jzvujfv9s8q992e6s7tp8na0q3j62g7s4ppzfmccus4jk,https://www.balanceanalytics.io/api/groupdata.json,2026-05-18T17:17:32+00:00
pool1t8tw057cgksma0f6pawcy7npnwfu0psx64jdr6sqhza55mdvkls,pool1t8tw057cgksma0f6pawcy7npnwfu0psx64jdr6sqhza55mdvkls,https://www.balanceanalytics.io/api/groupdata.json,2026-05-18T17:17:32+00:00
pool1t93hrmha847r5gqazttyg29c9fxfv778w3kc5vf4q7vu5g4ec0r,pool1t93hrmha847r5gqazttyg29c9fxfv778w3kc5vf4q7vu5g4ec0r,https://www.balanceanalytics.io/api/groupdata.json,2026-05-18T17:17:32+00:00
pool1t9ckjy949dk97prfs6any8xdjyq9du6prnplx06n4fcn5jgukhc,pool1t9ckjy949dk97prfs6any8xdjyq9du6prnplx06n4fcn5jgukhc,https://www.balanceanalytics.io/api/groupdata.json,2026-05-18T17:17:32+00:00
pool1t9m69j5thv2ke9jt9hhsgxlag44z7erp2s2ukcpruwhwqarc9np,pool1t9m69j5thv2ke9jt9hhsgxlag44z7erp2s2ukcpruwhwqarc9np,https://www.balanceanalytics.io/api/groupdata.json,2026-05-18T17:17:32+00:00
pool1t9ve93m48au8m4w8x0m2exh55s0tf2jjk5rwj5hsuqegvvgfq4z,pool1t9ve93m48au8m4w8x0m2exh55s0tf2jjk5rwj5hsuqegvvgfq4z,https://www.balanceanalytics.io/api/groupdata.json,2026-05-18T17:17:32+00:00
pool1taadtauxnhqql7s58fztlmnsxg0680mdaz25yry42q4m5s47z8n,pool1taadtauxnhqql7s58fztlmnsxg0680mdaz25yry42q4m5s47z8n,https://www.balanceanalytics.io/api/groupdata.json,2026-05-18T17:17:32+00:00
pool1tah22gjtc7ntrdezv49hysegcwpzafea35t6f4hn3wr2y4hz3vz,ACL,https://www.balanceanalytics.io/api/groupdata.json,2026-05-18T17:17:32+00:00
pool1tamft50mh0vjm346d9lusczc8fxxyh5z6fk2eel38srwvz38d78,pool1tamft50mh0vjm346d9lusczc8fxxyh5z6fk2eel38srwvz38d78,https://www.balanceanalytics.io/api/groupdata.json,2026-05-18T17:17:32+00:00
pool1tav5sukegfdam9cq4shm4hnlzclh7nvk366mmnq0ycyfjqymlcw,pool1tav5sukegfdam9cq4shm4hnlzclh7nvk366mmnq0ycyfjqymlcw,https://www.balanceanalytics.io/api/groupdata.json,2026-05-18T17:17:32+00:00
pool1tay8z4sq4a4gmyhnygyt0t5j84z8epwjra06wq28jnnmschkkuu,pool1tay8z4sq4a4gmyhnygyt0t5j84z8epwjra06wq28jnnmschkkuu,https://www.balanceanalytics.io/api/groupdata.json,2026-05-18T17:17:32+00:00
pool1tc6cy0cqknsm49cvsz0mksajfvlmh3vvcp8ngtmspycgx932w6g,TKGEM,https://www.balanceanalytics.io/api/groupdata.json,2026-05-18T17:17:32+00:00
pool1tcctsz9jec45ugkcl8lyk8gz0yss675cnp63gazqalcwsx2dr37,pool1tcctsz9jec45ugkcl8lyk8gz0yss675cnp63gazqalcwsx2dr37,https://www.balanceanalytics.io/api/groupdata.json,2026-05-18T17:17:32+00:00
pool1tcjzs5lp05ze2af8tk0pk3e3w6ey9ec0jpu9hxvck32mwxj9xwq,pool1tcjzs5lp05ze2af8tk0pk3e3w6ey9ec0jpu9hxvck32mwxj9xwq,https://www.balanceanalytics.io/api/groupdata.json,2026-05-18T17:17:32+00:00
pool1tcmk6at0dmkytxgq5j4u7fgsx9kytvfu7gz22lrs8hp9ztu7arw,pool1tcmk6at0dmkytxgq5j4u7fgsx9kytvfu7gz22lrs8hp9ztu7arw,https://www.balanceanalytics.io/api/groupdata.json,2026-05-18T17:17:32+00:00
pool1td7uzl5yfd38w682q6asnkdhpynlwj8utkfnk70nusnxck2acmh,pool1td7uzl5yfd38w682q6asnkdhpynlwj8utkfnk70nusnxck2acmh,https://www.balanceanalytics.io/api/groupdata.json,2026-05-18T17:17:32+00:00
pool1tdh56dcqs0sjeq4ehfdamlnzvxkrr5zgsysnhlkphzdzwmw4nvw,pool1tdh56dcqs0sjeq4ehfdamlnzvxkrr5zgsysnhlkphzdzwmw4nvw,https://www.balanceanalytics.io/api/groupdata.json,2026-05-18T17:17:32+00:00
pool1tdjjgjfwzl842nrzplkfakj4y7y4000cd8dxm2zjtlrjugt2aac,pool1tdjjgjfwzl842nrzplkfakj4y7y4000cd8dxm2zjtlrjugt2aac,https://www.balanceanalytics.io/api/groupdata.json,2026-05-18T17:17:32+00:00
pool1tdsrw0n33gmy0mzh7cgtn9p0jy5xwjxaa2s26gn2ewf8kg4nrzx,CAFE,https://www.balanceanalytics.io/api/groupdata.json,2026-05-18T17:17:32+00:00
pool1tdtzmmmak0tkte2j2hr223dfnqpdy85ypd66tddwywpeuknn2pn,pool1tdtzmmmak0tkte2j2hr223dfnqpdy85ypd66tddwywpeuknn2pn,https://www.balanceanalytics.io/api/groupdata.json,2026-05-18T17:17:32+00:00
pool1tdvqgy6mq7lx7d345e276xmgmhh3s4zj8dzu6xzq5m7rx4tzkg2,ONYX,https://www.balanceanalytics.io/api/groupdata.json,2026-05-18T17:17:32+00:00
pool1te6e6yc3p46yvdakrpngk49npvfvkcutk0z5qpj5xwx9gswkkpz,pool1te6e6yc3p46yvdakrpngk49npvfvkcutk0z5qpj5xwx9gswkkpz,https://www.balanceanalytics.io/api/groupdata.json,2026-05-18T17:17:32+00:00
pool1teg62xfrjvgahfukqhgd0q4wrkn7k0ee03tnju3klt63ws48w50,pool1teg62xfrjvgahfukqhgd0q4wrkn7k0ee03tnju3klt63ws48w50,https://www.balanceanalytics.io/api/groupdata.json,2026-05-18T17:17:32+00:00
pool1tegyxvyvya2lsqd7w2nna3h63ffdq85l0v8tg44yeak77du8zxd,pool1tegyxvyvya2lsqd7w2nna3h63ffdq85l0v8tg44yeak77du8zxd,https://www.balanceanalytics.io/api/groupdata.json,2026-05-18T17:17:32+00:00
pool1tem8k8927zvn5jg22g3mxuzhnu62jdnqvn523dduupce24vwlrl,pool1tem8k8927zvn5jg22g3mxuzhnu62jdnqvn523dduupce24vwlrl,https://www.balanceanalytics.io/api/groupdata.json,2026-05-18T17:17:32+00:00
pool1teppcwacpq79a62luws4jaxqmhx5vxqu706362e9ya88wjwj5xx,pool1teppcwacpq79a62luws4jaxqmhx5vxqu706362e9ya88wjwj5xx,https://www.balanceanalytics.io/api/groupdata.json,2026-05-18T17:17:32+00:00
pool1tf73xqv234ye2crduemjpreuu4efrdfmpna3l9dwqy2uycvee9y,pool1tf73xqv234ye2crduemjpreuu4efrdfmpna3l9dwqy2uycvee9y,https://www.balanceanalytics.io/api/groupdata.json,2026-05-18T17:17:32+00:00
pool1tf9e29shjqn9wcgf59fk4yrjqw2gq97wlkdqe92z2ngevhvkllg,pool1tf9e29shjqn9wcgf59fk4yrjqw2gq97wlkdqe92z2ngevhvkllg,https://www.balanceanalytics.io/api/groupdata.json,2026-05-18T17:17:32+00:00
pool1tfye5tfgd6x2mw5xwe5lr2y6cu9grnpvenj7dc8258xmq8cuc04,pool1tfye5tfgd6x2mw5xwe5lr2y6cu9grnpvenj7dc8258xmq8cuc04,https://www.balanceanalytics.io/api/groupdata.json,2026-05-18T17:17:32+00:00
pool1tgt94w0gmhmg5yw2v366fsl39yh90ktxr8uk2xsx3alsyh0tywg,pool1tgt94w0gmhmg5yw2v366fsl39yh90ktxr8uk2xsx3alsyh0tywg,https://www.balanceanalytics.io/api/groupdata.json,2026-05-18T17:17:32+00:00
pool1th6xh9uks6rywerld5aya0gc3yswwrx3yus9zvehyqaky5c6utd,pool1th6xh9uks6rywerld5aya0gc3yswwrx3yus9zvehyqaky5c6utd,https://www.balanceanalytics.io/api/groupdata.json,2026-05-18T17:17:32+00:00
pool1th8afnzy79jerwjg0cqgm3y4xz5pfphtfkggyqw0htz8ssujvf5,pool1th8afnzy79jerwjg0cqgm3y4xz5pfphtfkggyqw0htz8ssujvf5,https://www.balanceanalytics.io/api/groupdata.json,2026-05-18T17:17:32+00:00
pool1tha2grue5rppsx2w93v5tljr5sshn2lz94ud9z3szlltz46s5k2,pool1tha2grue5rppsx2w93v5tljr5sshn2lz94ud9z3szlltz46s5k2,https://www.balanceanalytics.io/api/groupdata.json,2026-05-18T17:17:32+00:00
pool1thfkd47x8s84f2vfpxr6v0sfvhrtlwxdv0r7mtjaqvglgpuh9p0,pool1thfkd47x8s84f2vfpxr6v0sfvhrtlwxdv0r7mtjaqvglgpuh9p0,https://www.balanceanalytics.io/api/groupdata.json,2026-05-18T17:17:32+00:00
pool1thgpezwt4pvqhklhysnxrrclp0mfy2tg4qesxg8s5f7jg7802y0,BINANCE,https://www.balanceanalytics.io/api/groupdata.json,2026-05-18T17:17:32+00:00
pool1thmyhzux99vty9h4y57dfc6mjwu80na79wyq33trc4z3qem7luu,pool1thmyhzux99vty9h4y57dfc6mjwu80na79wyq33trc4z3qem7luu,https://www.balanceanalytics.io/api/groupdata.json,2026-05-18T17:17:32+00:00
pool1thnpsffmkus3ssq4zpy8j4q5s2xccl0rlv8y95stwt5xu8msyq6,pool1thnpsffmkus3ssq4zpy8j4q5s2xccl0rlv8y95stwt5xu8msyq6,https://www.balanceanalytics.io/api/groupdata.json,2026-05-18T17:17:32+00:00
pool1tj3u8pz6732uy2ut3s90e0j880jyu9j0ve9vtu9zj5xzglhdlqy,JSP,https://www.balanceanalytics.io/api/groupdata.json,2026-05-18T17:17:32+00:00
pool1tjaz8a62743k5tzdd8lyd0sgf2lcvtk09jsz9etvas82zdamc2q,IOG,https://www.balanceanalytics.io/api/groupdata.json,2026-05-18T17:17:32+00:00
pool1tjd4vxjnr99jvlnrh35gmg7xqmphxjyftpdfn3mlv3zw60yw5y4,ASTRL,https://www.balanceanalytics.io/api/groupdata.json,2026-05-18T17:17:32+00:00
pool1tjkkuqdx2hy5cdy7vyamnyprglylcz5206zevfvtc28mx8nvsw4,pool1tjkkuqdx2hy5cdy7vyamnyprglylcz5206zevfvtc28mx8nvsw4,https://www.balanceanalytics.io/api/groupdata.json,2026-05-18T17:17:32+00:00
pool1tjr4zpndkvwkw3du3fvt59f5men6jhuevt7rpx6xw0wcct5kl04,pool1tjr4zpndkvwkw3du3fvt59f5men6jhuevt7rpx6xw0wcct5kl04,https://www.balanceanalytics.io/api/groupdata.json,2026-05-18T17:17:32+00:00
pool1tk2ghnep6a4q84e0gcz69kafpmqqea3qpmrenn6pfwkzyn3sul5,pool1tk2ghnep6a4q84e0gcz69kafpmqqea3qpmrenn6pfwkzyn3sul5,https://www.balanceanalytics.io/api/groupdata.json,2026-05-18T17:17:32+00:00
pool1tk3x77en700tk4w47xm8vzr0p490m29q6dknt77pakdyc4qmw65,pool1tk3x77en700tk4w47xm8vzr0p490m29q6dknt77pakdyc4qmw65,https://www.balanceanalytics.io/api/groupdata.json,2026-05-18T17:17:32+00:00
pool1tkexntwvhg0fqs2xnm7xg6ljqzjkpk0pl4nxxe3nf48ux8nucqy,pool1tkexntwvhg0fqs2xnm7xg6ljqzjkpk0pl4nxxe3nf48ux8nucqy,https://www.balanceanalytics.io/api/groupdata.json,2026-05-18T17:17:32+00:00
pool1tkqjk8s3yqqyuspn4c44rjz7vgsu6kfxm4uvt89cejwryetpt6m,pool1tkqjk8s3yqqyuspn4c44rjz7vgsu6kfxm4uvt89cejwryetpt6m,https://www.balanceanalytics.io/api/groupdata.json,2026-05-18T17:17:32+00:00
pool1tlgwdlde3v5aq3vlm7pk8l37tydmjjhucsf0g84xwjtwvwfsmhm,pool1tlgwdlde3v5aq3vlm7pk8l37tydmjjhucsf0g84xwjtwvwfsmhm,https://www.balanceanalytics.io/api/groupdata.json,2026-05-18T17:17:32+00:00
pool1tlven0zskw209sky204w5h03p8598lvf93l5hrwddyapje8h32v,pool1tlven0zskw209sky204w5h03p8598lvf93l5hrwddyapje8h32v,https://www.balanceanalytics.io/api/groupdata.json,2026-05-18T17:17:32+00:00
pool1tmt8thfaqeqv499l3s7k5kl64s84nycvnx55ll3ksm9hq50p0ks,pool1tmt8thfaqeqv499l3s7k5kl64s84nycvnx55ll3ksm9hq50p0ks,https://www.balanceanalytics.io/api/groupdata.json,2026-05-18T17:17:32+00:00
pool1tn49xn2jpq62uwff9lt8d25kfzhu3nzjkkytq8pc062n6c7h6tg,pool1tn49xn2jpq62uwff9lt8d25kfzhu3nzjkkytq8pc062n6c7h6tg,https://www.balanceanalytics.io/api/groupdata.json,2026-05-18T17:17:32+00:00
pool1tn7rcvc5lln8frln5n9rfd9cg8kcrj4vlm3ycdquyx5s2mlhmtk,COINBASE,https://www.balanceanalytics.io/api/groupdata.json,2026-05-18T17:17:32+00:00
pool1tngckke7m227384rvehwdm9t47zmhuy6w6t9cgnetc3ujlsnwj6,pool1tngckke7m227384rvehwdm9t47zmhuy6w6t9cgnetc3ujlsnwj6,https://www.balanceanalytics.io/api/groupdata.json,2026-05-18T17:17:32+00:00
pool1tnl3yxmj8848vq6meduhz9n5520a7dwsh05r5gfyvlatj87k3jl,pool1tnl3yxmj8848vq6meduhz9n5520a7dwsh05r5gfyvlatj87k3jl,https://www.balanceanalytics.io/api/groupdata.json,2026-05-18T17:17:32+00:00
pool1tnmd6aq6rn3ctyqqqw8csvl5vlqncx3fwaqk8rsxsmqn5v9e28n,pool1tnmd6aq6rn3ctyqqqw8csvl5vlqncx3fwaqk8rsxsmqn5v9e28n,https://www.balanceanalytics.io/api/groupdata.json,2026-05-18T17:17:32+00:00
pool1tnymyv08dl3k9wyfz040vq626542ztm60wwyu7szwl5l6x9h3vl,pool1tnymyv08dl3k9wyfz040vq626542ztm60wwyu7szwl5l6x9h3vl,https://www.balanceanalytics.io/api/groupdata.json,2026-05-18T17:17:32+00:00
pool1tp2myhj7pfapnjwrp2xaxaa7eur5e0nhjku86ev8wk47g2s9ukc,pool1tp2myhj7pfapnjwrp2xaxaa7eur5e0nhjku86ev8wk47g2s9ukc,https://www.balanceanalytics.io/api/groupdata.json,2026-05-18T17:17:32+00:00
pool1tp7fzx8w3lrwwuwff9x7nlqr4r5n0awpq0krwnahvj387n7y22h,pool1tp7fzx8w3lrwwuwff9x7nlqr4r5n0awpq0krwnahvj387n7y22h,https://www.balanceanalytics.io/api/groupdata.json,2026-05-18T17:17:32+00:00
pool1tpd9mcw6y5mx05gv9rgfkl6y0vsdswqs8qdexmf8vstkqk0snau,NEW GUY,https://www.balanceanalytics.io/api/groupdata.json,2026-05-18T17:17:32+00:00
pool1tpr44v3pxth9j0ff246dvsryxpanxwx52f024ws3ecvn72sgv55,pool1tpr44v3pxth9j0ff246dvsryxpanxwx52f024ws3ecvn72sgv55,https://www.balanceanalytics.io/api/groupdata.json,2026-05-18T17:17:32+00:00
pool1tpy5yawzpetcverves0h6xdycxgrstehfvrkygydt9jcqxwpw3j,pool1tpy5yawzpetcverves0h6xdycxgrstehfvrkygydt9jcqxwpw3j,https://www.balanceanalytics.io/api/groupdata.json,2026-05-18T17:17:32+00:00
pool1tq03j8aa5myedlr8xj6tltstdsn5eprxq4cd4qr54mhv25unsyk,pool1tq03j8aa5myedlr8xj6tltstdsn5eprxq4cd4qr54mhv25unsyk,https://www.balanceanalytics.io/api/groupdata.json,2026-05-18T17:17:32+00:00
pool1tqafjzjq2egtu6cuqy52d8utnwp0mg7zsu9dl0g7pth35pvskz3,pool1tqafjzjq2egtu6cuqy52d8utnwp0mg7zsu9dl0g7pth35pvskz3,https://www.balanceanalytics.io/api/groupdata.json,2026-05-18T17:17:32+00:00
pool1tqywsutw3wtgcvzrljdacgwmv5kfzm8f0ladml5frkckccd72gg,pool1tqywsutw3wtgcvzrljdacgwmv5kfzm8f0ladml5frkckccd72gg,https://www.balanceanalytics.io/api/groupdata.json,2026-05-18T17:17:32+00:00
pool1tr33ynaapce33pjc5ctvj7fju596gppsmqwna4smx0f2khnetjf,pool1tr33ynaapce33pjc5ctvj7fju596gppsmqwna4smx0f2khnetjf,https://www.balanceanalytics.io/api/groupdata.json,2026-05-18T17:17:32+00:00
pool1tre4d457z9wpw2sckg98yrc3ppu3ydd07a6h53yvqd77z4h3yh5,pool1tre4d457z9wpw2sckg98yrc3ppu3ydd07a6h53yvqd77z4h3yh5,https://www.balanceanalytics.io/api/groupdata.json,2026-05-18T17:17:32+00:00
pool1trjvzzska2mnd8xjxvjz0kfart6cfsj232kk6ghrlnc7u2xyqx0,pool1trjvzzska2mnd8xjxvjz0kfart6cfsj232kk6ghrlnc7u2xyqx0,https://www.balanceanalytics.io/api/groupdata.json,2026-05-18T17:17:32+00:00
pool1trvj5seg8u2r5tz2usenfmz9vs8qnf3nc8aft6vr9uqhszdlrx0,pool1trvj5seg8u2r5tz2usenfmz9vs8qnf3nc8aft6vr9uqhszdlrx0,https://www.balanceanalytics.io/api/groupdata.json,2026-05-18T17:17:32+00:00
pool1trxkcm5vnaj07htsmlfgjpwxmljy70ucs8z2n2qy8mvgxr73qlv,pool1trxkcm5vnaj07htsmlfgjpwxmljy70ucs8z2n2qy8mvgxr73qlv,https://www.balanceanalytics.io/api/groupdata.json,2026-05-18T17:17:32+00:00
pool1ts6u8sylpmgqdxcvlc3fhdr4kt5wmz5egch83vtt6rwwwyxtuym,THC,https://www.balanceanalytics.io/api/groupdata.json,2026-05-18T17:17:32+00:00
pool1tseacydhjcj6hext49ehs9zc9lea83azc8t7k9rqqqq0w5xhcky,pool1tseacydhjcj6hext49ehs9zc9lea83azc8t7k9rqqqq0w5xhcky,https://www.balanceanalytics.io/api/groupdata.json,2026-05-18T17:17:32+00:00
pool1ttxsd0ls8w35mrluxa49v0vslt7a85pfusxxemxrkpasy27tkcx,pool1ttxsd0ls8w35mrluxa49v0vslt7a85pfusxxemxrkpasy27tkcx,https://www.balanceanalytics.io/api/groupdata.json,2026-05-18T17:17:32+00:00
pool1tu6vw24surkzumnm3jnqwkkdwprxhv2yj95qjzyl6dsxccj3rg5,pool1tu6vw24surkzumnm3jnqwkkdwprxhv2yj95qjzyl6dsxccj3rg5,https://www.balanceanalytics.io/api/groupdata.json,2026-05-18T17:17:32+00:00
pool1tuux2sctklrlzsh34w4gquz2wtundky30fvrn0qky5p7qr5n00d,pool1tuux2sctklrlzsh34w4gquz2wtundky30fvrn0qky5p7qr5n00d,https://www.balanceanalytics.io/api/groupdata.json,2026-05-18T17:17:32+00:00
pool1tw2vq5vuxe5x8fse40ljx2mp53rdna9w0sktcq8ndr2nwj4ysgl,pool1tw2vq5vuxe5x8fse40ljx2mp53rdna9w0sktcq8ndr2nwj4ysgl,https://www.balanceanalytics.io/api/groupdata.json,2026-05-18T17:17:32+00:00
pool1twd9vvegn3fqq0f4n08p3aml2ud8q87njs49900rycj4sr5hhcy,pool1twd9vvegn3fqq0f4n08p3aml2ud8q87njs49900rycj4sr5hhcy,https://www.balanceanalytics.io/api/groupdata.json,2026-05-18T17:17:32+00:00
pool1twh3y6ymylxp02khg2pc3p4525qjesep9c55ewnlh5tjz7ns6a4,pool1twh3y6ymylxp02khg2pc3p4525qjesep9c55ewnlh5tjz7ns6a4,https://www.balanceanalytics.io/api/groupdata.json,2026-05-18T17:17:32+00:00
pool1twu4rn366744tqq9g66ruy3rete6842z7nnm4vy0q5jaqd48867,pool1twu4rn366744tqq9g66ruy3rete6842z7nnm4vy0q5jaqd48867,https://www.balanceanalytics.io/api/groupdata.json,2026-05-18T17:17:32+00:00
pool1txdcwt6z4dud7ppf6xhtlcks4qt8degt5gcf0ffjjy45v7jzkcx,pool1txdcwt6z4dud7ppf6xhtlcks4qt8degt5gcf0ffjjy45v7jzkcx,https://www.balanceanalytics.io/api/groupdata.json,2026-05-18T17:17:32+00:00
pool1txtq2n2jefg7rqja2ls69qfc7tke2ll9xvxd3dwj3tcfstmjgsu,pool1txtq2n2jefg7rqja2ls69qfc7tke2ll9xvxd3dwj3tcfstmjgsu,https://www.balanceanalytics.io/api/groupdata.json,2026-05-18T17:17:32+00:00
pool1ty7lh3nvtwxlcpqg2x30fkr3j9ys6nprztr9m4zp3aajxyjk2vz,pool1ty7lh3nvtwxlcpqg2x30fkr3j9ys6nprztr9m4zp3aajxyjk2vz,https://www.balanceanalytics.io/api/groupdata.json,2026-05-18T17:17:32+00:00
pool1tyfdyg85t50lj69ehgmg90e4xr6y42he6pt8pvmau8v5x46fy67,pool1tyfdyg85t50lj69ehgmg90e4xr6y42he6pt8pvmau8v5x46fy67,https://www.balanceanalytics.io/api/groupdata.json,2026-05-18T17:17:32+00:00
pool1u0mc9ywfxl529atxyajuz3pgqnwgnk6w7lejjmjg22ucvn7z9vh,NERD,https://www.balanceanalytics.io/api/groupdata.json,2026-05-18T17:17:32+00:00
pool1u0u2s080a5plun4acn6s70xa3q98ct7skt88l7w6nnwwyl9ecym,pool1u0u2s080a5plun4acn6s70xa3q98ct7skt88l7w6nnwwyl9ecym,https://www.balanceanalytics.io/api/groupdata.json,2026-05-18T17:17:32+00:00
pool1u0y3tttvefxw96e8t37xzp3wn2q267gv7aalyfjed39nuayjxa5,pool1u0y3tttvefxw96e8t37xzp3wn2q267gv7aalyfjed39nuayjxa5,https://www.balanceanalytics.io/api/groupdata.json,2026-05-18T17:17:32+00:00
pool1u24fm2el64cd906xn9fjg8m8v6nra5zj5mpl0363un2jsyyuyup,pool1u24fm2el64cd906xn9fjg8m8v6nra5zj5mpl0363un2jsyyuyup,https://www.balanceanalytics.io/api/groupdata.json,2026-05-18T17:17:32+00:00
pool1u283gl35gdj2l6c5cmg9crugf9aq7w6242pr88v6enr8u9q2vzj,pool1u283gl35gdj2l6c5cmg9crugf9aq7w6242pr88v6enr8u9q2vzj,https://www.balanceanalytics.io/api/groupdata.json,2026-05-18T17:17:32+00:00
pool1u2d3guvld9rk0586lyhk2n8kvkzmem7czwdltgem0mgczqd3ygu,pool1u2d3guvld9rk0586lyhk2n8kvkzmem7czwdltgem0mgczqd3ygu,https://www.balanceanalytics.io/api/groupdata.json,2026-05-18T17:17:32+00:00
pool1u2fuz3fn5dfphf0cu0sewm4rnera445avenggle9sl4hy7rjzgv,COINBASE,https://www.balanceanalytics.io/api/groupdata.json,2026-05-18T17:17:32+00:00
pool1u2j98kgj8uj7zr7g3deuezfv7hzv3ercnetxd5c9ppjh23x20qg,pool1u2j98kgj8uj7zr7g3deuezfv7hzv3ercnetxd5c9ppjh23x20qg,https://www.balanceanalytics.io/api/groupdata.json,2026-05-18T17:17:32+00:00
pool1u2lghnv4ae3zy73ysjlgvxwj7tuqpmyfavk74j48g0gnqnyc692,pool1u2lghnv4ae3zy73ysjlgvxwj7tuqpmyfavk74j48g0gnqnyc692,https://www.balanceanalytics.io/api/groupdata.json,2026-05-18T17:17:32+00:00
pool1u32s3ry3vjhqwhcrqz7p5u35cvzrx4tvdwydgvq6qm8720qrg0s,LEO,https://www.balanceanalytics.io/api/groupdata.json,2026-05-18T17:17:32+00:00
pool1u3d2q48xqdge5kejkctwehlcz40vwm65rc0jed974zc6vfd4clc,pool1u3d2q48xqdge5kejkctwehlcz40vwm65rc0jed974zc6vfd4clc,https://www.balanceanalytics.io/api/groupdata.json,2026-05-18T17:17:32+00:00
pool1u3despkvw4sqeq2fv9ufrh5dxacf8vm0aax00elkdeelymg7f38,pool1u3despkvw4sqeq2fv9ufrh5dxacf8vm0aax00elkdeelymg7f38,https://www.balanceanalytics.io/api/groupdata.json,2026-05-18T17:17:32+00:00
pool1u3lnayg0fwfzhkcrnula5teuhrf9vwfn3cu4p4k8peqrcdv6sfe,EMURGO,https://www.balanceanalytics.io/api/groupdata.json,2026-05-18T17:17:32+00:00
pool1u3p6z3r2g5s7mazc0wmx8v0cyjjasusght53zm4kj436vs3u2th,pool1u3p6z3r2g5s7mazc0wmx8v0cyjjasusght53zm4kj436vs3u2th,https://www.balanceanalytics.io/api/groupdata.json,2026-05-18T17:17:32+00:00
pool1u3v7s93f2d968a8kce6zgfmckfx56ly626jkml6jv7tgweplrn8,pool1u3v7s93f2d968a8kce6zgfmckfx56ly626jkml6jv7tgweplrn8,https://www.balanceanalytics.io/api/groupdata.json,2026-05-18T17:17:32+00:00
pool1u4708qd88n0ux2capce6gz6zcjvtwfsfpdu28h6kkh5yskg9eck,pool1u4708qd88n0ux2capce6gz6zcjvtwfsfpdu28h6kkh5yskg9eck,https://www.balanceanalytics.io/api/groupdata.json,2026-05-18T17:17:32+00:00
pool1u4e9h7ssr2hcd550luvkua88gly3vzusu46ftmqn6kvlkh3v9gf,pool1u4e9h7ssr2hcd550luvkua88gly3vzusu46ftmqn6kvlkh3v9gf,https://www.balanceanalytics.io/api/groupdata.json,2026-05-18T17:17:32+00:00
pool1u4sxd6x0qsy7evljt24vtnyhpxd098n609sfcmly6c096mr3jgq,SCAR,https://www.balanceanalytics.io/api/groupdata.json,2026-05-18T17:17:32+00:00
pool1u4u6jpf2verwtq2wjcrdr9ktnhgjpa7ag9qnnkfgqtxj2rh9d68,pool1u4u6jpf2verwtq2wjcrdr9ktnhgjpa7ag9qnnkfgqtxj2rh9d68,https://www.balanceanalytics.io/api/groupdata.json,2026-05-18T17:17:32+00:00
pool1u53apdhreh9fjmxtrctx3kezhjduc4m2f7cfd09yd7p6jkc6k2z,AENS,https://www.balanceanalytics.io/api/groupdata.json,2026-05-18T17:17:32+00:00
pool1u56s0gg8xn8uqyzefwd38napn8jmrjqaum446alm38sgj3248re,ROCKX,https://www.balanceanalytics.io/api/groupdata.json,2026-05-18T17:17:32+00:00
pool1u60gvu8qr69z4vx9wuqelxfhcuvjuxuvxyj9edf8rkmns0405ny,BINANCE,https://www.balanceanalytics.io/api/groupdata.json,2026-05-18T17:17:32+00:00
pool1u6etszaexv9v4lrf8r5xtjk2rc8wqq9waq9akrn7l5az6tm6u7m,pool1u6etszaexv9v4lrf8r5xtjk2rc8wqq9waq9akrn7l5az6tm6u7m,https://www.balanceanalytics.io/api/groupdata.json,2026-05-18T17:17:32+00:00
pool1u6kpt8hgqcm596kukj97ghefmxn8ks2cgwg8qqe0gtgscnufk5p,ATLAS,https://www.balanceanalytics.io/api/groupdata.json,2026-05-18T17:17:32+00:00
pool1u6r6439cne2ymaa2sn98c4l8wqkgcsg6pj3wr523j92f6744qcu,pool1u6r6439cne2ymaa2sn98c4l8wqkgcsg6pj3wr523j92f6744qcu,https://www.balanceanalytics.io/api/groupdata.json,2026-05-18T17:17:32+00:00
pool1u6rml05w6hpl3t3ft8zwng6quksexa97wsxgdpg5kj4f78hhv7h,pool1u6rml05w6hpl3t3ft8zwng6quksexa97wsxgdpg5kj4f78hhv7h,https://www.balanceanalytics.io/api/groupdata.json,2026-05-18T17:17:32+00:00
pool1u7mqtde27swkarngjsn5mmw3sy20zavlafgqkmg8qv2n2nwga0l,pool1u7mqtde27swkarngjsn5mmw3sy20zavlafgqkmg8qv2n2nwga0l,https://www.balanceanalytics.io/api/groupdata.json,2026-05-18T17:17:32+00:00
pool1u7s8etmnm0y0ktls7kkvx2apnep5ercy7wwyljgw407yjzjastq,pool1u7s8etmnm0y0ktls7kkvx2apnep5ercy7wwyljgw407yjzjastq,https://www.balanceanalytics.io/api/groupdata.json,2026-05-18T17:17:32+00:00
pool1u7zrgexnxsysctnnwljjjymr70he829fr5n3vefnv80guxr42dv,pool1u7zrgexnxsysctnnwljjjymr70he829fr5n3vefnv80guxr42dv,https://www.balanceanalytics.io/api/groupdata.json,2026-05-18T17:17:32+00:00
pool1u8yequt4vq3jhajeegc02r3msnne6krayxuzrypaz8jkq5v5pux,pool1u8yequt4vq3jhajeegc02r3msnne6krayxuzrypaz8jkq5v5pux,https://www.balanceanalytics.io/api/groupdata.json,2026-05-18T17:17:32+00:00
pool1u976wy83cyu7f2kdcr07w0pmudsua7tamu74a9c4cep8sw5utyw,pool1u976wy83cyu7f2kdcr07w0pmudsua7tamu74a9c4cep8sw5utyw,https://www.balanceanalytics.io/api/groupdata.json,2026-05-18T17:17:32+00:00
pool1u99x2rr6trfznwakv0959llmxmtgc2nvanc067uugl3ejuvvnc8,WAVE,https://www.balanceanalytics.io/api/groupdata.json,2026-05-18T17:17:32+00:00
pool1u9vgtxyupd36czsdvh3h9zr8eakdqesug8j6k2nw7nszy97z4m0,pool1u9vgtxyupd36czsdvh3h9zr8eakdqesug8j6k2nw7nszy97z4m0,https://www.balanceanalytics.io/api/groupdata.json,2026-05-18T17:17:32+00:00
pool1ua0lx5ap5tj9f5l7tyjflp766ca5yu93djh5hqvm4e0kjgw5k7v,1PCT,https://www.balanceanalytics.io/api/groupdata.json,2026-05-18T17:17:32+00:00
pool1ua5exfeju4jc95yy595cykjh4x46998g8hrrvw2v5h9k7987a44,UPBIT,https://www.balanceanalytics.io/api/groupdata.json,2026-05-18T17:17:32+00:00
pool1uae2f4eg8mhzuur43w9l8vpk4dur58w600x0cy2ef5angazhg3x,pool1uae2f4eg8mhzuur43w9l8vpk4dur58w600x0cy2ef5angazhg3x,https://www.balanceanalytics.io/api/groupdata.json,2026-05-18T17:17:32+00:00
pool1uampzpvzmzuh8fk76xdtu95m70y8t23mgmgpp4g3p88vqtnva4p,pool1uampzpvzmzuh8fk76xdtu95m70y8t23mgmgpp4g3p88vqtnva4p,https://www.balanceanalytics.io/api/groupdata.json,2026-05-18T17:17:32+00:00
pool1uautzneywzapn03te7q3sd737xdfejgjlu4mdfjz7mweq92dugg,pool1uautzneywzapn03te7q3sd737xdfejgjlu4mdfjz7mweq92dugg,https://www.balanceanalytics.io/api/groupdata.json,2026-05-18T17:17:32+00:00
pool1uc4hd4qe0uf9dl9ajjxxyclvn6cxhhctfmzy82lsppwfq6a9hvd,pool1uc4hd4qe0uf9dl9ajjxxyclvn6cxhhctfmzy82lsppwfq6a9hvd,https://www.balanceanalytics.io/api/groupdata.json,2026-05-18T17:17:32+00:00
pool1ucfv0vzhaa32j6ph972fm4qu3se9qmdaycc4wr288lyjurcl9a4,pool1ucfv0vzhaa32j6ph972fm4qu3se9qmdaycc4wr288lyjurcl9a4,https://www.balanceanalytics.io/api/groupdata.json,2026-05-18T17:17:32+00:00
pool1ucmm6rgdta0sw4qrcj3vml4wsr8pld495pptuypxg2uuvvlqest,pool1ucmm6rgdta0sw4qrcj3vml4wsr8pld495pptuypxg2uuvvlqest,https://www.balanceanalytics.io/api/groupdata.json,2026-05-18T17:17:32+00:00
pool1uda4kkzqn52fuyrwuchjxykdly8vj46yv3rc2h4zp9raunz4sgl,pool1uda4kkzqn52fuyrwuchjxykdly8vj46yv3rc2h4zp9raunz4sgl,https://www.balanceanalytics.io/api/groupdata.json,2026-05-18T17:17:32+00:00
pool1udkx9rmgzf08z7zz4p7ykpdqsdv5nf0w8uf38wrsdn5dzk9nq4g,JOY,https://www.balanceanalytics.io/api/groupdata.json,2026-05-18T17:17:32+00:00
pool1udr30lxsqa799lyl9haxf0wzg8qsz3xaf2gtpqf4n2s064jrvsj,pool1udr30lxsqa799lyl9haxf0wzg8qsz3xaf2gtpqf4n2s064jrvsj,https://www.balanceanalytics.io/api/groupdata.json,2026-05-18T17:17:32+00:00
pool1udt98825znk9uslz4v05gh5cd3s5e4g0cd9c4gzhcfpd2j2xm2u,pool1udt98825znk9uslz4v05gh5cd3s5e4g0cd9c4gzhcfpd2j2xm2u,https://www.balanceanalytics.io/api/groupdata.json,2026-05-18T17:17:32+00:00
pool1udv42vs52wg34268zkfsgtrzuvyskphfavaf3n8tmf4tugm7et0,pool1udv42vs52wg34268zkfsgtrzuvyskphfavaf3n8tmf4tugm7et0,https://www.balanceanalytics.io/api/groupdata.json,2026-05-18T17:17:32+00:00
pool1ue4ngerz28nkpstsr5p53qvl5ulq3jtmllj4my0d0n28yyrn4l4,pool1ue4ngerz28nkpstsr5p53qvl5ulq3jtmllj4my0d0n28yyrn4l4,https://www.balanceanalytics.io/api/groupdata.json,2026-05-18T17:17:32+00:00
pool1uezuqdzj9ue9y2l3ce9873sj33tz3q9tcf4tuhm97fdggywuydy,BINANCE,https://www.balanceanalytics.io/api/groupdata.json,2026-05-18T17:17:32+00:00
pool1ufh42ppqnet625mqql2fkc79p3emuqsnmf6s6ugxygqa75xgc8c,pool1ufh42ppqnet625mqql2fkc79p3emuqsnmf6s6ugxygqa75xgc8c,https://www.balanceanalytics.io/api/groupdata.json,2026-05-18T17:17:32+00:00
pool1ufp38a9zwlvvrzcyxaxdrvav50nd7az5lyuzh4t0h3qp2gqamsx,CAFE,https://www.balanceanalytics.io/api/groupdata.json,2026-05-18T17:17:32+00:00
pool1ufx9c77avvds5eas2uqc5anxh3wjrr93vhxqeecsm4xuqzf9mtj,pool1ufx9c77avvds5eas2uqc5anxh3wjrr93vhxqeecsm4xuqzf9mtj,https://www.balanceanalytics.io/api/groupdata.json,2026-05-18T17:17:32+00:00
pool1uggsgm4g8lnpza8qxyld6garq9ydkytyta4px6gcalwrxzqv4zl,pool1uggsgm4g8lnpza8qxyld6garq9ydkytyta4px6gcalwrxzqv4zl,https://www.balanceanalytics.io/api/groupdata.json,2026-05-18T17:17:32+00:00
pool1ugwj76z4cx6sywscud8ntd2m9tg3gyesmnnl35qr2l5mu06pe3x,pool1ugwj76z4cx6sywscud8ntd2m9tg3gyesmnnl35qr2l5mu06pe3x,https://www.balanceanalytics.io/api/groupdata.json,2026-05-18T17:17:32+00:00
pool1uhdcmcn36vq8kk3207tqjwp90t0nwr49pc498wh5vxmgqyr78d5,pool1uhdcmcn36vq8kk3207tqjwp90t0nwr49pc498wh5vxmgqyr78d5,https://www.balanceanalytics.io/api/groupdata.json,2026-05-18T17:17:32+00:00
pool1uhjfk06s802slyc7jtpg50gkucysreaa0use2c40jp05ksq3y0c,pool1uhjfk06s802slyc7jtpg50gkucysreaa0use2c40jp05ksq3y0c,https://www.balanceanalytics.io/api/groupdata.json,2026-05-18T17:17:32+00:00
pool1uhy50u9y76nd6z2xmzt3mta0yc7g3gdssef8lheyyg7zzymgzm8,ADALITE,https://www.balanceanalytics.io/api/groupdata.json,2026-05-18T17:17:32+00:00
pool1uj0r26e5ymqgre7zxqsapl2stlh36fc8n6mvrcdzjn247u2cf5l,pool1uj0r26e5ymqgre7zxqsapl2stlh36fc8n6mvrcdzjn247u2cf5l,https://www.balanceanalytics.io/api/groupdata.json,2026-05-18T17:17:32+00:00
pool1uj4u73qgtprqre78q75fq2vkcrpfrcdreqcqkvn6u0m2k6nk2yp,EVE,https://www.balanceanalytics.io/api/groupdata.json,2026-05-18T17:17:32+00:00
pool1ujcu3myfg9wwvdyh2ks653954lamtufy3lefjs73jrr327q53j4,pool1ujcu3myfg9wwvdyh2ks653954lamtufy3lefjs73jrr327q53j4,https://www.balanceanalytics.io/api/groupdata.json,2026-05-18T17:17:32+00:00
pool1ujpy2536jz3x9gje5d5vuadzcpadl7pwrcsgq4laestu7mrs9hp,pool1ujpy2536jz3x9gje5d5vuadzcpadl7pwrcsgq4laestu7mrs9hp,https://www.balanceanalytics.io/api/groupdata.json,2026-05-18T17:17:32+00:00
pool1uk2f28awascuhrhuwrp7x6y87x8ch33vwx8jtmrysp7l5ngq78j,POWER,https://www.balanceanalytics.io/api/groupdata.json,2026-05-18T17:17:32+00:00
pool1ukeqarukv9gxwy9pt8jkr4qvad2yf87758g3xzemmvmtk8lrynp,CRDNS,https://www.balanceanalytics.io/api/groupdata.json,2026-05-18T17:17:32+00:00
pool1uklezq2zz38zldrjrgujqmvrnswfzmupakgfp5wzgln9zx8tcju,pool1uklezq2zz38zldrjrgujqmvrnswfzmupakgfp5wzgln9zx8tcju,https://www.balanceanalytics.io/api/groupdata.json,2026-05-18T17:17:32+00:00
pool1ul06chqxyxul3f94j53trjv4t5yskkd3uttk7845wzq3qv3lfq0,pool1ul06chqxyxul3f94j53trjv4t5yskkd3uttk7845wzq3qv3lfq0,https://www.balanceanalytics.io/api/groupdata.json,2026-05-18T17:17:32+00:00
pool1ul0t4hjnnhz4wgaghaa7hur77l7gp0akagmjx40r0kn8ct00vl5,pool1ul0t4hjnnhz4wgaghaa7hur77l7gp0akagmjx40r0kn8ct00vl5,https://www.balanceanalytics.io/api/groupdata.json,2026-05-18T17:17:32+00:00
pool1ulx9ennungrtcucslrpz93cze5fddlg96h0wwj83p6fpsrvgz2v,pool1ulx9ennungrtcucslrpz93cze5fddlg96h0wwj83p6fpsrvgz2v,https://www.balanceanalytics.io/api/groupdata.json,2026-05-18T17:17:32+00:00
pool1umflj8hjq873fs9r6aq2zvgs88zrs5xjswn2znkdaehlz2eqy59,pool1umflj8hjq873fs9r6aq2zvgs88zrs5xjswn2znkdaehlz2eqy59,https://www.balanceanalytics.io/api/groupdata.json,2026-05-18T17:17:32+00:00
pool1umlxdat66q70nptes28ft08qn04ueq5wnrpexgkgcmv8z906n7v,pool1umlxdat66q70nptes28ft08qn04ueq5wnrpexgkgcmv8z906n7v,https://www.balanceanalytics.io/api/groupdata.json,2026-05-18T17:17:32+00:00
pool1up53z2kadt6l5xs359ckx477rpyvyg3favh25qrhqt2ujclpq3h,CRDNS,https://www.balanceanalytics.io/api/groupdata.json,2026-05-18T17:17:32+00:00
pool1upa4pa4qmcgaps4uactx9eas44rfwk9h0rxgua3l4xnf6wevfkt,pool1upa4pa4qmcgaps4uactx9eas44rfwk9h0rxgua3l4xnf6wevfkt,https://www.balanceanalytics.io/api/groupdata.json,2026-05-18T17:17:32+00:00
pool1upx7l0yrsxt4l94t5xfckahj6m7pt5dpmnx6u60sjxmn5p5mezs,pool1upx7l0yrsxt4l94t5xfckahj6m7pt5dpmnx6u60sjxmn5p5mezs,https://www.balanceanalytics.io/api/groupdata.json,2026-05-18T17:17:32+00:00
pool1uq8l234306m76unyz8kuwnkvmtvazaks6vuvyx3a3khngavvcw0,pool1uq8l234306m76unyz8kuwnkvmtvazaks6vuvyx3a3khngavvcw0,https://www.balanceanalytics.io/api/groupdata.json,2026-05-18T17:17:32+00:00
pool1uqrecfnsa6pqd2tz60r0lcj4kunhc4rrw8lldrpdvfx9qfjd6n0,pool1uqrecfnsa6pqd2tz60r0lcj4kunhc4rrw8lldrpdvfx9qfjd6n0,https://www.balanceanalytics.io/api/groupdata.json,2026-05-18T17:17:32+00:00
pool1ur2y44cgsyf9l40y4xdc7w3cwy88vgmj95deatatzqnqqhrfp7f,BINANCE,https://www.balanceanalytics.io/api/groupdata.json,2026-05-18T17:17:32+00:00
pool1ura3w5x8uy7mgzu0pd4kskap4hynt9zymt30h5macll4kuxpqnv,pool1ura3w5x8uy7mgzu0pd4kskap4hynt9zymt30h5macll4kuxpqnv,https://www.balanceanalytics.io/api/groupdata.json,2026-05-18T17:17:32+00:00
pool1urgvu6zk422j4xwtxa45lzpd6dm25msfthpkezr042secrtuwzc,CCV,https://www.balanceanalytics.io/api/groupdata.json,2026-05-18T17:17:32+00:00
pool1urjhx4j3v3phllg3uups6gnf2xuchsm3qpy4z75dx7grw5nt46f,pool1urjhx4j3v3phllg3uups6gnf2xuchsm3qpy4z75dx7grw5nt46f,https://www.balanceanalytics.io/api/groupdata.json,2026-05-18T17:17:32+00:00
pool1us8dkk3y8j00qq5kscxxklyzwt74jgav226s2rtgaqxek7h8vc8,pool1us8dkk3y8j00qq5kscxxklyzwt74jgav226s2rtgaqxek7h8vc8,https://www.balanceanalytics.io/api/groupdata.json,2026-05-18T17:17:32+00:00
pool1usumnw5klscs76ycpmkgf5re5v8pul462g5mmzc0knxs5u04kag,pool1usumnw5klscs76ycpmkgf5re5v8pul462g5mmzc0knxs5u04kag,https://www.balanceanalytics.io/api/groupdata.json,2026-05-18T17:17:32+00:00
pool1ut39vczq4h03vpzfcn7ssxa04qzkyj8nxu4nq4rfv0nsxz39c5y,pool1ut39vczq4h03vpzfcn7ssxa04qzkyj8nxu4nq4rfv0nsxz39c5y,https://www.balanceanalytics.io/api/groupdata.json,2026-05-18T17:17:32+00:00
pool1uthdnav2zc2hxpg2hyeyy545lnxtl8lqdcdqxjm0j8t5srmyvzj,ADAST,https://www.balanceanalytics.io/api/groupdata.json,2026-05-18T17:17:32+00:00
pool1utqhj9g53a5cwg7tyd8neky7jvjlgzuf470adc0e69cp5uuquzx,pool1utqhj9g53a5cwg7tyd8neky7jvjlgzuf470adc0e69cp5uuquzx,https://www.balanceanalytics.io/api/groupdata.json,2026-05-18T17:17:32+00:00
pool1uu35qfkmjyxwpm3pgptfgr0qga9j2fzkc0tsjplcx840x295xj9,CHEAP,https://www.balanceanalytics.io/api/groupdata.json,2026-05-18T17:17:32+00:00
pool1uu5ve3qdv7zxpmger77u0kw7pm8l4apmgr5xy6wspceayl05vsd,pool1uu5ve3qdv7zxpmger77u0kw7pm8l4apmgr5xy6wspceayl05vsd,https://www.balanceanalytics.io/api/groupdata.json,2026-05-18T17:17:32+00:00
pool1uu65k00dp467qsszmqwl6udwnet3zszgx8n3kmn2aq84sae8ha9,pool1uu65k00dp467qsszmqwl6udwnet3zszgx8n3kmn2aq84sae8ha9,https://www.balanceanalytics.io/api/groupdata.json,2026-05-18T17:17:32+00:00
pool1uup47u5lmet469pmaym077hvewcp30larj9ugap8580uya3rtuw,pool1uup47u5lmet469pmaym077hvewcp30larj9ugap8580uya3rtuw,https://www.balanceanalytics.io/api/groupdata.json,2026-05-18T17:17:32+00:00
pool1uvv7r2zul9m2hm6jd56dygee9ddr7jnen5ysfy5z3xvez3m823z,pool1uvv7r2zul9m2hm6jd56dygee9ddr7jnen5ysfy5z3xvez3m823z,https://www.balanceanalytics.io/api/groupdata.json,2026-05-18T17:17:32+00:00
pool1uwk437q9npu9yhsj5r3qdnkq6r47wvyfzjp0c52932esg5rgnkx,HELP,https://www.balanceanalytics.io/api/groupdata.json,2026-05-18T17:17:32+00:00
pool1uwk6cyr2qtpf2gsmvuxjaq7a604pfl7cv2057jamkxtagpxuuxa,pool1uwk6cyr2qtpf2gsmvuxjaq7a604pfl7cv2057jamkxtagpxuuxa,https://www.balanceanalytics.io/api/groupdata.json,2026-05-18T17:17:32+00:00
pool1ux4es4p8kfq3u4nax564ukcte2vzepsz68dkgg24k7l7xh5786v,pool1ux4es4p8kfq3u4nax564ukcte2vzepsz68dkgg24k7l7xh5786v,https://www.balanceanalytics.io/api/groupdata.json,2026-05-18T17:17:32+00:00
pool1uy2z02pn4lczk7p2plvnkzrmltxmqs2t04d9ghx5t0vw6e4t0qn,AMS,https://www.balanceanalytics.io/api/groupdata.json,2026-05-18T17:17:32+00:00
pool1uyfg8ysc2fpmx8aclq3u06xx5u9rete5kq68aysfdvxj5a5wcza,pool1uyfg8ysc2fpmx8aclq3u06xx5u9rete5kq68aysfdvxj5a5wcza,https://www.balanceanalytics.io/api/groupdata.json,2026-05-18T17:17:32+00:00
pool1uyqvgumuy8azzs4mal9hp89lkpqjgvy32s9ahq4aqwprs9357ud,pool1uyqvgumuy8azzs4mal9hp89lkpqjgvy32s9ahq4aqwprs9357ud,https://www.balanceanalytics.io/api/groupdata.json,2026-05-18T17:17:32+00:00
pool1uyvyxt9k9g038h567x8halej4x87j7m4r4zyz9lhv4dcv83husk,BLOOM,https://www.balanceanalytics.io/api/groupdata.json,2026-05-18T17:17:32+00:00
pool1uzdaq49efzkl36f5kf0gd0fk0uh0l9tsf80p02ksm64v7y98rw6,pool1uzdaq49efzkl36f5kf0gd0fk0uh0l9tsf80p02ksm64v7y98rw6,https://www.balanceanalytics.io/api/groupdata.json,2026-05-18T17:17:32+00:00
pool1uzkf7xmg6p3p5nn8y0eknfgws8e8j94vklx590qra2kfxpsxwsa,BINANCE,https://www.balanceanalytics.io/api/groupdata.json,2026-05-18T17:17:32+00:00
pool1uzla0r73fvpnvxr07m98nfzlxcv3q26mkjz00cqjfh7uqsyjkju,1PCT,https://www.balanceanalytics.io/api/groupdata.json,2026-05-18T17:17:32+00:00
pool1v2dq9rex477rxqh7f8wwyprtc0qvxr3vvysvep7nj2qu68zdfaf,pool1v2dq9rex477rxqh7f8wwyprtc0qvxr3vvysvep7nj2qu68zdfaf,https://www.balanceanalytics.io/api/groupdata.json,2026-05-18T17:17:32+00:00
pool1v2u8x73efaa7vlc342jdd4pdvdp9vmmgacc97tty6cljxrtxpse,pool1v2u8x73efaa7vlc342jdd4pdvdp9vmmgacc97tty6cljxrtxpse,https://www.balanceanalytics.io/api/groupdata.json,2026-05-18T17:17:32+00:00
pool1v36zuyvnkl3cp3nwv8zxl4n2cpe0wp7rm5uvsmhea3alqf6hzfu,pool1v36zuyvnkl3cp3nwv8zxl4n2cpe0wp7rm5uvsmhea3alqf6hzfu,https://www.balanceanalytics.io/api/groupdata.json,2026-05-18T17:17:32+00:00
pool1v3avy78l7gvaemvgfmhsltydscukfew7kx3uz3sqx499wns07qz,pool1v3avy78l7gvaemvgfmhsltydscukfew7kx3uz3sqx499wns07qz,https://www.balanceanalytics.io/api/groupdata.json,2026-05-18T17:17:32+00:00
pool1v3rzrj25ak30dhuyrupkxeddttetxzh4cz9ccpjlfxuh6d85d58,pool1v3rzrj25ak30dhuyrupkxeddttetxzh4cz9ccpjlfxuh6d85d58,https://www.balanceanalytics.io/api/groupdata.json,2026-05-18T17:17:32+00:00
pool1v46kmtavsty57aql824069j2p6wxpcpk3j25veqauu54kynydty,pool1v46kmtavsty57aql824069j2p6wxpcpk3j25veqauu54kynydty,https://www.balanceanalytics.io/api/groupdata.json,2026-05-18T17:17:32+00:00
pool1v46s6ak79m3mlv65pjh7ypvsp7n6cc62a723dpwmhtn8uy4pld5,pool1v46s6ak79m3mlv65pjh7ypvsp7n6cc62a723dpwmhtn8uy4pld5,https://www.balanceanalytics.io/api/groupdata.json,2026-05-18T17:17:32+00:00
pool1v4adhelnswa7pwv2njn5h84atw08mlc79ll2ewl2kgxhv3cqwql,pool1v4adhelnswa7pwv2njn5h84atw08mlc79ll2ewl2kgxhv3cqwql,https://www.balanceanalytics.io/api/groupdata.json,2026-05-18T17:17:32+00:00
pool1v4xevkf7fx08pzy7atsk59dds6p0sdyl6xmhwf4mh79x6l5p6kx,DIVY,https://www.balanceanalytics.io/api/groupdata.json,2026-05-18T17:17:32+00:00
pool1v5g4rmkk0394q6swgfusgzjjzrv9ajy8qntgpuumegka5xhpgam,pool1v5g4rmkk0394q6swgfusgzjjzrv9ajy8qntgpuumegka5xhpgam,https://www.balanceanalytics.io/api/groupdata.json,2026-05-18T17:17:32+00:00
pool1v5jj7xumvk4engwvqrxt0kfhpdkucqvydmmlwwq2x76hz99affw,pool1v5jj7xumvk4engwvqrxt0kfhpdkucqvydmmlwwq2x76hz99affw,https://www.balanceanalytics.io/api/groupdata.json,2026-05-18T17:17:32+00:00
pool1v5u6wzakuc25q3zpx04t8gjz3rgu60wuxkv2mh5nga23xjkc86s,pool1v5u6wzakuc25q3zpx04t8gjz3rgu60wuxkv2mh5nga23xjkc86s,https://www.balanceanalytics.io/api/groupdata.json,2026-05-18T17:17:32+00:00
pool1v62c7d92xv6gyh4x9rhfpkwzlpw2ypxk92xvzavakg3xypatklv,ADALITE,https://www.balanceanalytics.io/api/groupdata.json,2026-05-18T17:17:32+00:00
pool1v6mdg9xm9a80js00zx53c6nagcw5m0m970nm4my4pkrlyxq707e,pool1v6mdg9xm9a80js00zx53c6nagcw5m0m970nm4my4pkrlyxq707e,https://www.balanceanalytics.io/api/groupdata.json,2026-05-18T17:17:32+00:00
pool1v6xpvq7argftng40s80804eyf4m7as45292las40jw0nxte295m,pool1v6xpvq7argftng40s80804eyf4m7as45292las40jw0nxte295m,https://www.balanceanalytics.io/api/groupdata.json,2026-05-18T17:17:32+00:00
pool1v7a90r0kxygtj8ky2ptneum4jmq6lu8j3tq7nqjtseqy25k9lxs,pool1v7a90r0kxygtj8ky2ptneum4jmq6lu8j3tq7nqjtseqy25k9lxs,https://www.balanceanalytics.io/api/groupdata.json,2026-05-18T17:17:32+00:00
pool1v7q3xsa9u4ezatnsunuyw8646fc3fsvjju9a5x3835d6uf09pe8,pool1v7q3xsa9u4ezatnsunuyw8646fc3fsvjju9a5x3835d6uf09pe8,https://www.balanceanalytics.io/api/groupdata.json,2026-05-18T17:17:32+00:00
pool1v7v9248nczqdplztgn7fwf4x4sd59utl0rx4uj7wewslxruwplu,pool1v7v9248nczqdplztgn7fwf4x4sd59utl0rx4uj7wewslxruwplu,https://www.balanceanalytics.io/api/groupdata.json,2026-05-18T17:17:32+00:00
pool1v8cx78z8fqu4438vcmg20qlp4qujks8mrrlrcer6aa4f6eg9u2k,pool1v8cx78z8fqu4438vcmg20qlp4qujks8mrrlrcer6aa4f6eg9u2k,https://www.balanceanalytics.io/api/groupdata.json,2026-05-18T17:17:32+00:00
pool1v8f9npqqyywumf58s5g7kmvywx09c5pv02nr65q00ftuur8780p,BINANCE,https://www.balanceanalytics.io/api/groupdata.json,2026-05-18T17:17:32+00:00
pool1v8gvy6tjp8x8wg5h4jw20p9up04lxgw0l0lgery9mz4h7h9x25n,pool1v8gvy6tjp8x8wg5h4jw20p9up04lxgw0l0lgery9mz4h7h9x25n,https://www.balanceanalytics.io/api/groupdata.json,2026-05-18T17:17:32+00:00
pool1v8lgn85mfvj0hhslfjz2u0nut43ahkhuzhfcm5aexjkewn8krle,IOG,https://www.balanceanalytics.io/api/groupdata.json,2026-05-18T17:17:32+00:00
pool1v8pu7txqydjmfhusgrfzvan4pragec3wu066cfmq2xpuvm2m8r5,SIMBA,https://www.balanceanalytics.io/api/groupdata.json,2026-05-18T17:17:32+00:00
pool1v8q93vtkf4vqqqus6ts772w8dr9h5tz99lnylfj40x3p7cutxx4,pool1v8q93vtkf4vqqqus6ts772w8dr9h5tz99lnylfj40x3p7cutxx4,https://www.balanceanalytics.io/api/groupdata.json,2026-05-18T17:17:32+00:00
pool1v99msed3jqh4fd2qyzdn0t2qfmh3mv2cnfweatl85mdhz6l0ewc,DIVY,https://www.balanceanalytics.io/api/groupdata.json,2026-05-18T17:17:32+00:00
pool1v9gqa6n4em4aly7ew2trvhgrath4mrsp9tyc290l638nvqs5aej,IOG,https://www.balanceanalytics.io/api/groupdata.json,2026-05-18T17:17:32+00:00
pool1v9z04yz8cs2dvnmvfp2fmuhfvs8w784x6w6r8ah9xanugdzlmg0,pool1v9z04yz8cs2dvnmvfp2fmuhfvs8w784x6w6r8ah9xanugdzlmg0,https://www.balanceanalytics.io/api/groupdata.json,2026-05-18T17:17:32+00:00
pool1va0dv0map5dqhaj8pyc3rg0500drqs0m5smcxme6xghnc7ygmw8,NEIGTH,https://www.balanceanalytics.io/api/groupdata.json,2026-05-18T17:17:32+00:00
pool1vafsg5t78rnx3qr3fv7ys9h50pnvxqhd4l8tj629l5zk7tc39ch,WAVE,https://www.balanceanalytics.io/api/groupdata.json,2026-05-18T17:17:32+00:00
pool1vale5v0rm72lmz3ssv39a9ywceucqczux4v6zhegfmh7vlgfchf,COPPER,https://www.balanceanalytics.io/api/groupdata.json,2026-05-18T17:17:32+00:00
pool1valllhvjve4utph0zj8rchaz339z72qsagaztm88jvqx27gd62y,pool1valllhvjve4utph0zj8rchaz339z72qsagaztm88jvqx27gd62y,https://www.balanceanalytics.io/api/groupdata.json,2026-05-18T17:17:32+00:00
pool1van29pcguetr6gwnyfwd2g4f68rt3vkgtvu9wjdj0xwpylngsdk,pool1van29pcguetr6gwnyfwd2g4f68rt3vkgtvu9wjdj0xwpylngsdk,https://www.balanceanalytics.io/api/groupdata.json,2026-05-18T17:17:32+00:00
pool1vardr08v42wx7tmhfjzk73345nkkuqeneh2ywcam82h82d40e47,pool1vardr08v42wx7tmhfjzk73345nkkuqeneh2ywcam82h82d40e47,https://www.balanceanalytics.io/api/groupdata.json,2026-05-18T17:17:32+00:00
pool1vazy9q3064xgmqn7fxwgysyuqfvlxlcn7dfcn79ydcn3kw2xuvm,pool1vazy9q3064xgmqn7fxwgysyuqfvlxlcn7dfcn79ydcn3kw2xuvm,https://www.balanceanalytics.io/api/groupdata.json,2026-05-18T17:17:32+00:00
pool1vc8jhqtwjrjwsfk6a0enx47hd2ufg98c34ta6lvl0zv0uhpech9,pool1vc8jhqtwjrjwsfk6a0enx47hd2ufg98c34ta6lvl0zv0uhpech9,https://www.balanceanalytics.io/api/groupdata.json,2026-05-18T17:17:32+00:00
pool1vc8jp7uagxgh8trzx7r260ndcydz89ges8sws05cyv7jj8q8gqs,OCEAN,https://www.balanceanalytics.io/api/groupdata.json,2026-05-18T17:17:32+00:00
pool1vcc9lngr8g2j8xh0kgy84nne026adr5zmvwagkda99spy23993l,pool1vcc9lngr8g2j8xh0kgy84nne026adr5zmvwagkda99spy23993l,https://www.balanceanalytics.io/api/groupdata.json,2026-05-18T17:17:32+00:00
pool1vce30junxx06g2ha8ww02cqgy644yj69ehhg2x95qe7323zfznp,ISP,https://www.balanceanalytics.io/api/groupdata.json,2026-05-18T17:17:32+00:00
pool1vcmqgcykx4k3ngj2upkyhu424dsn85ansepz2xmdxg4mqw7w6ac,pool1vcmqgcykx4k3ngj2upkyhu424dsn85ansepz2xmdxg4mqw7w6ac,https://www.balanceanalytics.io/api/groupdata.json,2026-05-18T17:17:32+00:00
pool1vcnevxtlwswfh8cdnqc9xrgpxq8wt33l2jtcfle2eqwpwd9997d,BINANCE,https://www.balanceanalytics.io/api/groupdata.json,2026-05-18T17:17:32+00:00
pool1vcwsfldh4gkzga4mc6p86y0vytkqfm9e2dy44hs00v34yeqnfaf,COINBASE,https://www.balanceanalytics.io/api/groupdata.json,2026-05-18T17:17:32+00:00
pool1vd3rfulk3x3k6mafusvrtnzysx9qkcgcks9an2alcpm55msk63g,RAID,https://www.balanceanalytics.io/api/groupdata.json,2026-05-18T17:17:32+00:00
pool1vd9a6q0jknarhwfyg7mspplrgsxf8zsna7yjr7crrtqdwftl7yw,pool1vd9a6q0jknarhwfyg7mspplrgsxf8zsna7yjr7crrtqdwftl7yw,https://www.balanceanalytics.io/api/groupdata.json,2026-05-18T17:17:32+00:00
pool1vdcu0y6ujrwmnv4u50j6upxkjug7cx7zsaynjvgkcm2ycmajelc,COOL,https://www.balanceanalytics.io/api/groupdata.json,2026-05-18T17:17:32+00:00
pool1vdfv85qwf7arqpfp80jnwc67g3hvhvphdelfxd9g3rhyqtkal4z,pool1vdfv85qwf7arqpfp80jnwc67g3hvhvphdelfxd9g3rhyqtkal4z,https://www.balanceanalytics.io/api/groupdata.json,2026-05-18T17:17:32+00:00
pool1vdh6kxcqt9mxavyv80ggnec6jjwms44ms30rhle3lt266aj8jgh,NEDS,https://www.balanceanalytics.io/api/groupdata.json,2026-05-18T17:17:32+00:00
pool1vdly044nj2r3vnghwq4s0z0uragd307wnsnsj4usdh3fu8jx6nt,pool1vdly044nj2r3vnghwq4s0z0uragd307wnsnsj4usdh3fu8jx6nt,https://www.balanceanalytics.io/api/groupdata.json,2026-05-18T17:17:32+00:00
pool1vekz9v9ntugs7g3flpg2q3au8tp7205zsyl9kh03g72s7rz5hvm,pool1vekz9v9ntugs7g3flpg2q3au8tp7205zsyl9kh03g72s7rz5hvm,https://www.balanceanalytics.io/api/groupdata.json,2026-05-18T17:17:32+00:00
pool1vemm9tq77upd9m6wtu7edw8wtju3ymnuq9wz43cfn35qk26ddqq,pool1vemm9tq77upd9m6wtu7edw8wtju3ymnuq9wz43cfn35qk26ddqq,https://www.balanceanalytics.io/api/groupdata.json,2026-05-18T17:17:32+00:00
pool1venk342j5dqg2a9ue6nnv854rht25734jqaxanngqtrjk6m89um,pool1venk342j5dqg2a9ue6nnv854rht25734jqaxanngqtrjk6m89um,https://www.balanceanalytics.io/api/groupdata.json,2026-05-18T17:17:32+00:00
pool1vev2lqvn00fpq9uqrlqm383dy6hht56c5udmm3qwryrm2a9ft5e,pool1vev2lqvn00fpq9uqrlqm383dy6hht56c5udmm3qwryrm2a9ft5e,https://www.balanceanalytics.io/api/groupdata.json,2026-05-18T17:17:32+00:00
pool1vev8z03vh7jwx3mfrgzrt9fltt97nupaxv8ffj4r5r8mgwts5ze,pool1vev8z03vh7jwx3mfrgzrt9fltt97nupaxv8ffj4r5r8mgwts5ze,https://www.balanceanalytics.io/api/groupdata.json,2026-05-18T17:17:32+00:00
pool1vf2kjdjr6twtsp9m38hl65xcaf6rhwhq0ttz5w63wnlj2a4mq2j,pool1vf2kjdjr6twtsp9m38hl65xcaf6rhwhq0ttz5w63wnlj2a4mq2j,https://www.balanceanalytics.io/api/groupdata.json,2026-05-18T17:17:32+00:00
pool1vfayajkdc0gw876lax5va6ygpfpsd8kz73k4y977emm3clnxlm5,pool1vfayajkdc0gw876lax5va6ygpfpsd8kz73k4y977emm3clnxlm5,https://www.balanceanalytics.io/api/groupdata.json,2026-05-18T17:17:32+00:00
pool1vfdw3j9246kkem4lychnsqj9edsmfglfvxvmyl4ekqddj92e33f,BINANCE,https://www.balanceanalytics.io/api/groupdata.json,2026-05-18T17:17:32+00:00
pool1vflcm2fde9qyzcr0lkkv4httte3xep6sycasrtaxw6rt2me3vwp,pool1vflcm2fde9qyzcr0lkkv4httte3xep6sycasrtaxw6rt2me3vwp,https://www.balanceanalytics.io/api/groupdata.json,2026-05-18T17:17:32+00:00
pool1vfpslzu94fetc0j4tfk2rjw49s7vw8xsp7e60x38cr8rylmjlug,pool1vfpslzu94fetc0j4tfk2rjw49s7vw8xsp7e60x38cr8rylmjlug,https://www.balanceanalytics.io/api/groupdata.json,2026-05-18T17:17:32+00:00
pool1vgfc8fqul93hf6fnl9n23czssgw6xyqx2yjn0lxqmcmvvc839th,pool1vgfc8fqul93hf6fnl9n23czssgw6xyqx2yjn0lxqmcmvvc839th,https://www.balanceanalytics.io/api/groupdata.json,2026-05-18T17:17:32+00:00
pool1vgr2sfve7lj3dx4j7wzfl5r22zqrylxxxpg4c4g937ksydlyy5e,pool1vgr2sfve7lj3dx4j7wzfl5r22zqrylxxxpg4c4g937ksydlyy5e,https://www.balanceanalytics.io/api/groupdata.json,2026-05-18T17:17:32+00:00
pool1vgryztjlm0grah2g5gngd0vlmy4z3yrsm42h00hn967e5mqk4nq,pool1vgryztjlm0grah2g5gngd0vlmy4z3yrsm42h00hn967e5mqk4nq,https://www.balanceanalytics.io/api/groupdata.json,2026-05-18T17:17:32+00:00
pool1vh4y864hcq2r66ak37w4dsnkhnsfxaaacs0p5s4vj5676m6txwm,JOY,https://www.balanceanalytics.io/api/groupdata.json,2026-05-18T17:17:32+00:00
pool1vhsjmemxqg3ktv4hwqc09cxhhg6td86n9p3qwg5t5y6xc4dcddp,pool1vhsjmemxqg3ktv4hwqc09cxhhg6td86n9p3qwg5t5y6xc4dcddp,https://www.balanceanalytics.io/api/groupdata.json,2026-05-18T17:17:32+00:00
pool1vhusc9c38uqkuspnecq6clcqadx86g8wpxfaadyxfwdrukh0kg0,pool1vhusc9c38uqkuspnecq6clcqadx86g8wpxfaadyxfwdrukh0kg0,https://www.balanceanalytics.io/api/groupdata.json,2026-05-18T17:17:32+00:00
pool1vhz87537anw4u0ruqsyuftyh7zxnrxptr4nnv0m6mjgeu8kp83z,CHUCK BUX,https://www.balanceanalytics.io/api/groupdata.json,2026-05-18T17:17:32+00:00
pool1vhzjtcrcyzy5ld05mj8edy5at37x4g7du8uvvss037h26h8s8z5,pool1vhzjtcrcyzy5ld05mj8edy5at37x4g7du8uvvss037h26h8s8z5,https://www.balanceanalytics.io/api/groupdata.json,2026-05-18T17:17:32+00:00
pool1vj08te6uceklte43cy6canq7te45qjmmm0dhewy0kvstyjmgqzt,pool1vj08te6uceklte43cy6canq7te45qjmmm0dhewy0kvstyjmgqzt,https://www.balanceanalytics.io/api/groupdata.json,2026-05-18T17:17:32+00:00
pool1vjjrjt5ez7d7yh385vdxl83mxyg36as785cp5l50d6wsjqdavax,pool1vjjrjt5ez7d7yh385vdxl83mxyg36as785cp5l50d6wsjqdavax,https://www.balanceanalytics.io/api/groupdata.json,2026-05-18T17:17:32+00:00
pool1vjyzfzlhvjcty3uxd9hzpjneys5z2f2u7au9yg7gj5e56h0k2zg,pool1vjyzfzlhvjcty3uxd9hzpjneys5z2f2u7au9yg7gj5e56h0k2zg,https://www.balanceanalytics.io/api/groupdata.json,2026-05-18T17:17:32+00:00
pool1vkaycnf2sv8rxzv4nex8s2unnzahtjs8eht9ypua4takugjgaa0,pool1vkaycnf2sv8rxzv4nex8s2unnzahtjs8eht9ypua4takugjgaa0,https://www.balanceanalytics.io/api/groupdata.json,2026-05-18T17:17:32+00:00
pool1vkc0dvuf8rxrch87umfayacgglrh8f88ef0f64xrdue5u2xjwfm,IFS,https://www.balanceanalytics.io/api/groupdata.json,2026-05-18T17:17:32+00:00
pool1vkngxunyagwen690yn36pa2v6jecyxgeavl9nva9dwzhu22fzt7,pool1vkngxunyagwen690yn36pa2v6jecyxgeavl9nva9dwzhu22fzt7,https://www.balanceanalytics.io/api/groupdata.json,2026-05-18T17:17:32+00:00
pool1vkvmj9r4w77fypzqxynxuf756zma5fgf89sh4xpxryx4yrxd64m,pool1vkvmj9r4w77fypzqxynxuf756zma5fgf89sh4xpxryx4yrxd64m,https://www.balanceanalytics.io/api/groupdata.json,2026-05-18T17:17:32+00:00
pool1vl0hlf4jecm3rk0vcc9mtpu5us2cv7hzlz396cgs8crc5df43mn,LA,https://www.balanceanalytics.io/api/groupdata.json,2026-05-18T17:17:32+00:00
pool1vl46tq6mxq3f5c4m2e2x3jlruutweahnv5adkjy2sskyc3lc4ge,pool1vl46tq6mxq3f5c4m2e2x3jlruutweahnv5adkjy2sskyc3lc4ge,https://www.balanceanalytics.io/api/groupdata.json,2026-05-18T17:17:32+00:00
pool1vn4gsw8fdg85yh8urxs9t5ykyvap4uscewy08g2refxzxwztnga,pool1vn4gsw8fdg85yh8urxs9t5ykyvap4uscewy08g2refxzxwztnga,https://www.balanceanalytics.io/api/groupdata.json,2026-05-18T17:17:32+00:00
pool1vnk3p2j2j4e3uz9ed5nh87utp0t3fr6w58nge3r2m8fnjdzwn5l,BINANCE,https://www.balanceanalytics.io/api/groupdata.json,2026-05-18T17:17:32+00:00
pool1vnmt64rmtmpuxhsc6xcfj4403hfw2wma575m0av0832cqeplu2v,pool1vnmt64rmtmpuxhsc6xcfj4403hfw2wma575m0av0832cqeplu2v,https://www.balanceanalytics.io/api/groupdata.json,2026-05-18T17:17:32+00:00
pool1vnsfv2qpt5gxte9prupjey8kw7ap7t6c8lc02ks4s3gtqplhgd3,1PCT,https://www.balanceanalytics.io/api/groupdata.json,2026-05-18T17:17:32+00:00
pool1vp5fev56urx924nyxj5qjvzcsh76e47c4lc8xruh0rdlv0n2kvt,pool1vp5fev56urx924nyxj5qjvzcsh76e47c4lc8xruh0rdlv0n2kvt,https://www.balanceanalytics.io/api/groupdata.json,2026-05-18T17:17:32+00:00
pool1vpa84enqxhh5hnyypeqfshsgqhnjfzyddgq7z4tfmavh68c9s9p,pool1vpa84enqxhh5hnyypeqfshsgqhnjfzyddgq7z4tfmavh68c9s9p,https://www.balanceanalytics.io/api/groupdata.json,2026-05-18T17:17:32+00:00
pool1vpav6vlznpwzrr82nvq7jenfxk4mwqk9jju9yx03dryqcg9sqnn,pool1vpav6vlznpwzrr82nvq7jenfxk4mwqk9jju9yx03dryqcg9sqnn,https://www.balanceanalytics.io/api/groupdata.json,2026-05-18T17:17:32+00:00
pool1vqjyjsp6dawkj8tzmfpu39hvgnkph99qzarw4dll6yq76gpaa4d,pool1vqjyjsp6dawkj8tzmfpu39hvgnkph99qzarw4dll6yq76gpaa4d,https://www.balanceanalytics.io/api/groupdata.json,2026-05-18T17:17:32+00:00
pool1vqm5n5d503uumuc89s5y4wuczrwe3tlgylt2u2uj7y276avr5pl,pool1vqm5n5d503uumuc89s5y4wuczrwe3tlgylt2u2uj7y276avr5pl,https://www.balanceanalytics.io/api/groupdata.json,2026-05-18T17:17:32+00:00
pool1vqq5mg8ccqemjr5ukfa48a767dqjsa7nas8xnpf7huvcz7amlv9,BINANCE,https://www.balanceanalytics.io/api/groupdata.json,2026-05-18T17:17:32+00:00
pool1vquhv3kh6xkklckaenl8alyuhfsld57ef5573aqauueyqacx4ak,KIWI,https://www.balanceanalytics.io/api/groupdata.json,2026-05-18T17:17:32+00:00
pool1vr8tegnnjtvfe7me66qrchaq6ucmmxve6anuuypwn6s3zs6342s,pool1vr8tegnnjtvfe7me66qrchaq6ucmmxve6anuuypwn6s3zs6342s,https://www.balanceanalytics.io/api/groupdata.json,2026-05-18T17:17:32+00:00
pool1vresred49vtwxm87v0gg0dxfrdhfv6rz826u36ts9a60unw2nrk,COPPER,https://www.balanceanalytics.io/api/groupdata.json,2026-05-18T17:17:32+00:00
pool1vrpme37hyyysgl4n8uk87p0njvfejc8kswzn5yxmgf4dyxx8haj,pool1vrpme37hyyysgl4n8uk87p0njvfejc8kswzn5yxmgf4dyxx8haj,https://www.balanceanalytics.io/api/groupdata.json,2026-05-18T17:17:32+00:00
pool1vru3p8sswq5xkr38ceavad67t6krh6m6q0q42p59e6htkld4yxs,pool1vru3p8sswq5xkr38ceavad67t6krh6m6q0q42p59e6htkld4yxs,https://www.balanceanalytics.io/api/groupdata.json,2026-05-18T17:17:32+00:00
pool1vs689gkmqtrljtmcwd2690nzqm2yyq23wk2zzx5g0v0gs5ug64a,pool1vs689gkmqtrljtmcwd2690nzqm2yyq23wk2zzx5g0v0gs5ug64a,https://www.balanceanalytics.io/api/groupdata.json,2026-05-18T17:17:32+00:00
pool1vsdsgufhfellves050nf8mh5jzrvwwcq7qlxwkneyp8hv3z4w9w,pool1vsdsgufhfellves050nf8mh5jzrvwwcq7qlxwkneyp8hv3z4w9w,https://www.balanceanalytics.io/api/groupdata.json,2026-05-18T17:17:32+00:00
pool1vtdw9ec95lw0nj8uk0sgf6ahy7qk2tfjz2faegea7wyl63ejtqp,pool1vtdw9ec95lw0nj8uk0sgf6ahy7qk2tfjz2faegea7wyl63ejtqp,https://www.balanceanalytics.io/api/groupdata.json,2026-05-18T17:17:32+00:00
pool1vtpn0drn5t39frknedmqq2jkhsfstwketsnvdm7cjzz674s30v2,BLISS,https://www.balanceanalytics.io/api/groupdata.json,2026-05-18T17:17:32+00:00
pool1vu8w4eunc8dkt2mkq4nx5n80m5v9fm84j2jaar9uywpzxrayphc,pool1vu8w4eunc8dkt2mkq4nx5n80m5v9fm84j2jaar9uywpzxrayphc,https://www.balanceanalytics.io/api/groupdata.json,2026-05-18T17:17:32+00:00
pool1vuhc5fl733g3twn856xsfjqusczvk68r6pvs6lqgtadzsf6fue2,pool1vuhc5fl733g3twn856xsfjqusczvk68r6pvs6lqgtadzsf6fue2,https://www.balanceanalytics.io/api/groupdata.json,2026-05-18T17:17:32+00:00
pool1vujjarchz7tgec2xazavrsa0r8trf3u6840lgnq2p4kdsg0830y,pool1vujjarchz7tgec2xazavrsa0r8trf3u6840lgnq2p4kdsg0830y,https://www.balanceanalytics.io/api/groupdata.json,2026-05-18T17:17:32+00:00
pool1vurlp3ndgge8avz3h8lu2wzdqcwc8w4l5s43rzlk8p4pz0x5vla,pool1vurlp3ndgge8avz3h8lu2wzdqcwc8w4l5s43rzlk8p4pz0x5vla,https://www.balanceanalytics.io/api/groupdata.json,2026-05-18T17:17:32+00:00
pool1vut3caulpx8eukzwy8xd5fyhst0w7x2frdfsacpzr3jzxduazh5,pool1vut3caulpx8eukzwy8xd5fyhst0w7x2frdfsacpzr3jzxduazh5,https://www.balanceanalytics.io/api/groupdata.json,2026-05-18T17:17:32+00:00
pool1vve4vgd0ncyjvalr6xzeaxqmfzvkqmxfswj7lyae8qsgqhta9wd,pool1vve4vgd0ncyjvalr6xzeaxqmfzvkqmxfswj7lyae8qsgqhta9wd,https://www.balanceanalytics.io/api/groupdata.json,2026-05-18T17:17:32+00:00
pool1vvesqladm29fuzrv93px5qse0upw82a579lz9063xsfrz7yef7z,pool1vvesqladm29fuzrv93px5qse0upw82a579lz9063xsfrz7yef7z,https://www.balanceanalytics.io/api/groupdata.json,2026-05-18T17:17:32+00:00
pool1vw0rqsvfx0ngct7gfmlz5j2e4gap6sd9pwrmemhd488eyxvm88r,pool1vw0rqsvfx0ngct7gfmlz5j2e4gap6sd9pwrmemhd488eyxvm88r,https://www.balanceanalytics.io/api/groupdata.json,2026-05-18T17:17:32+00:00
pool1vwfg3d0yhun8anncaxjfg8whjn6sa328shuyc6rmf2cgvyjrs7w,BINANCE,https://www.balanceanalytics.io/api/groupdata.json,2026-05-18T17:17:32+00:00
pool1vwquf4wt465lhketcy2j7jwpz5l6l0ce6a79ga3y4wg7gc8egp0,pool1vwquf4wt465lhketcy2j7jwpz5l6l0ce6a79ga3y4wg7gc8egp0,https://www.balanceanalytics.io/api/groupdata.json,2026-05-18T17:17:32+00:00
pool1vx9tzlkgafernd9vpjpxkenutx2gncj4yn88fpq69823qlwcqrt,CRDNS,https://www.balanceanalytics.io/api/groupdata.json,2026-05-18T17:17:32+00:00
pool1vxpu476qrulzkk2u97emkfskmc2jx4mzznvupw0zf5206nx35vl,pool1vxpu476qrulzkk2u97emkfskmc2jx4mzznvupw0zf5206nx35vl,https://www.balanceanalytics.io/api/groupdata.json,2026-05-18T17:17:32+00:00
pool1vxvdypctdecvc2j7xu9y8h2fdxvkpjy2pp8luwg2h6dx5jlv0nk,COOL,https://www.balanceanalytics.io/api/groupdata.json,2026-05-18T17:17:32+00:00
pool1vxz0deezj5c2950e7arpzfqxzq8zd9kawsullrzjw5rsq0yhxgr,YUTA,https://www.balanceanalytics.io/api/groupdata.json,2026-05-18T17:17:32+00:00
pool1vy9qerf9fenp893mqrdm58uj45w3etutv4n0vdh8669uvqenkqr,pool1vy9qerf9fenp893mqrdm58uj45w3etutv4n0vdh8669uvqenkqr,https://www.balanceanalytics.io/api/groupdata.json,2026-05-18T17:17:32+00:00
pool1vygvrczrlzapm25qf8w3cxz4gxv2azrp43xj6538tt225jjfcpw,pool1vygvrczrlzapm25qf8w3cxz4gxv2azrp43xj6538tt225jjfcpw,https://www.balanceanalytics.io/api/groupdata.json,2026-05-18T17:17:32+00:00
pool1vyk3x4j2lfrj4y8t282xmwep936rh8gv2vqrkxghm2h67l2upjq,pool1vyk3x4j2lfrj4y8t282xmwep936rh8gv2vqrkxghm2h67l2upjq,https://www.balanceanalytics.io/api/groupdata.json,2026-05-18T17:17:32+00:00
pool1vyn2m2ry62ayem2av9w3d8tvkdhv6zl5v9j6x8mcc9awc96ulrc,pool1vyn2m2ry62ayem2av9w3d8tvkdhv6zl5v9j6x8mcc9awc96ulrc,https://www.balanceanalytics.io/api/groupdata.json,2026-05-18T17:17:32+00:00
pool1vz59e00250xfjck8qd04kns89j56430wjzpdf37zfjnnyxttm37,pool1vz59e00250xfjck8qd04kns89j56430wjzpdf37zfjnnyxttm37,https://www.balanceanalytics.io/api/groupdata.json,2026-05-18T17:17:32+00:00
pool1vz9txqmdhxwegpy7uzrsap84z309veehqv3uh4s60qwxk0u7h06,FIMI,https://www.balanceanalytics.io/api/groupdata.json,2026-05-18T17:17:32+00:00
pool1vzaj3dj2gkvryzacp2fmd6cuzeh55epzdqj7xn97xy0n6cv4xgw,pool1vzaj3dj2gkvryzacp2fmd6cuzeh55epzdqj7xn97xy0n6cv4xgw,https://www.balanceanalytics.io/api/groupdata.json,2026-05-18T17:17:32+00:00
pool1vzquqa6clffwsegafvyds0zkaqpjcw0hurq3a0xc8ape6h0xhkh,pool1vzquqa6clffwsegafvyds0zkaqpjcw0hurq3a0xc8ape6h0xhkh,https://www.balanceanalytics.io/api/groupdata.json,2026-05-18T17:17:32+00:00
pool1w0jjajfvur53nxrlc4nnm73087lm39qfumeq8r449jwvz3wdx05,pool1w0jjajfvur53nxrlc4nnm73087lm39qfumeq8r449jwvz3wdx05,https://www.balanceanalytics.io/api/groupdata.json,2026-05-18T17:17:32+00:00
pool1w0kw6q9mrus4sn65hgzdk2fmkj37qhcc6uggp208mr6l2xc5rky,pool1w0kw6q9mrus4sn65hgzdk2fmkj37qhcc6uggp208mr6l2xc5rky,https://www.balanceanalytics.io/api/groupdata.json,2026-05-18T17:17:32+00:00
pool1w0s8vf9qse980vulgszvusw3800d6dlc7wkusr0aqvzlz75qgqg,pool1w0s8vf9qse980vulgszvusw3800d6dlc7wkusr0aqvzlz75qgqg,https://www.balanceanalytics.io/api/groupdata.json,2026-05-18T17:17:32+00:00
pool1w2alpqttaulpukcrz0j902kk8wmq68q9qm50c6npaypk7yypy5a,pool1w2alpqttaulpukcrz0j902kk8wmq68q9qm50c6npaypk7yypy5a,https://www.balanceanalytics.io/api/groupdata.json,2026-05-18T17:17:32+00:00
pool1w2duw0lk7lxjpfqjguxvtp0znhaqf8l2yvzcfd72l8fuk0h77gy,pool1w2duw0lk7lxjpfqjguxvtp0znhaqf8l2yvzcfd72l8fuk0h77gy,https://www.balanceanalytics.io/api/groupdata.json,2026-05-18T17:17:32+00:00
pool1w2h7fydfv23zu3g6wpkxukv2m9pypgdzem072fdzszrl7jlnmjs,pool1w2h7fydfv23zu3g6wpkxukv2m9pypgdzem072fdzszrl7jlnmjs,https://www.balanceanalytics.io/api/groupdata.json,2026-05-18T17:17:32+00:00
pool1w2s88xpylulw3l8naaql9wzxqwra06n8c2lwklmph25zjkvwuvj,FLAIR,https://www.balanceanalytics.io/api/groupdata.json,2026-05-18T17:17:32+00:00
pool1w304gh8xwdcjxumdl5yhvu28j6eax9sf08tu98cp5eth27vy6ez,pool1w304gh8xwdcjxumdl5yhvu28j6eax9sf08tu98cp5eth27vy6ez,https://www.balanceanalytics.io/api/groupdata.json,2026-05-18T17:17:32+00:00
pool1w3ewp9s00evj200lnhwsy3dkn2yf3dg7zq7apj26a2dvv5r7hpg,pool1w3ewp9s00evj200lnhwsy3dkn2yf3dg7zq7apj26a2dvv5r7hpg,https://www.balanceanalytics.io/api/groupdata.json,2026-05-18T17:17:32+00:00
pool1w3s6gk83y2g3670emy3yfjw9myz3u4whph7peah653rmsfegyj3,pool1w3s6gk83y2g3670emy3yfjw9myz3u4whph7peah653rmsfegyj3,https://www.balanceanalytics.io/api/groupdata.json,2026-05-18T17:17:32+00:00
pool1w3xys99a8xmwcwse4tqpqmyqqzykryfc4w7cvvjusej0vnxdlrf,SOCIOUS,https://www.balanceanalytics.io/api/groupdata.json,2026-05-18T17:17:32+00:00
pool1w404pkpkkw067ju4gjnyjdmqfex6wn92vrffhy9txhw5kxzupk5,pool1w404pkpkkw067ju4gjnyjdmqfex6wn92vrffhy9txhw5kxzupk5,https://www.balanceanalytics.io/api/groupdata.json,2026-05-18T17:17:32+00:00
pool1w43rswva2e4hulr6ayxv4aaaf0fzvxjj5c8kv55xmm2auey5xvz,pool1w43rswva2e4hulr6ayxv4aaaf0fzvxjj5c8kv55xmm2auey5xvz,https://www.balanceanalytics.io/api/groupdata.json,2026-05-18T17:17:32+00:00
pool1w4am4s9w4gkt8r0245km62vtnnv9hhq6j68exzh2pyaxxfaq0gc,1PCT,https://www.balanceanalytics.io/api/groupdata.json,2026-05-18T17:17:32+00:00
pool1w4cetqsly2cz9fq2te95tnk2r56mh6ew6dmpyfctv2ldv8xuj9g,WAVE,https://www.balanceanalytics.io/api/groupdata.json,2026-05-18T17:17:32+00:00
pool1w4g7j8u97pvu2q7gsdaupnng0a2vmyllygfewhc29m2j5cehysn,pool1w4g7j8u97pvu2q7gsdaupnng0a2vmyllygfewhc29m2j5cehysn,https://www.balanceanalytics.io/api/groupdata.json,2026-05-18T17:17:32+00:00
pool1w50f20mpxwtal3plsqmgrx2xxlg84hn7ep0fhlcajkhu77k8tfp,pool1w50f20mpxwtal3plsqmgrx2xxlg84hn7ep0fhlcajkhu77k8tfp,https://www.balanceanalytics.io/api/groupdata.json,2026-05-18T17:17:32+00:00
pool1w65amkyxhlstja5mp0vf7q2av5tm0m6zjsm9pll3xw36x6g8qte,pool1w65amkyxhlstja5mp0vf7q2av5tm0m6zjsm9pll3xw36x6g8qte,https://www.balanceanalytics.io/api/groupdata.json,2026-05-18T17:17:32+00:00
pool1w6ez83j2lapmlzudtuuwygm9lwt23203keqj53n7yjdtwaamghr,pool1w6ez83j2lapmlzudtuuwygm9lwt23203keqj53n7yjdtwaamghr,https://www.balanceanalytics.io/api/groupdata.json,2026-05-18T17:17:32+00:00
pool1w6l6rvhxtym5psec3mvgrjlg28d6hrv8g9jjexadzmxfgndfg2f,SIPO,https://www.balanceanalytics.io/api/groupdata.json,2026-05-18T17:17:32+00:00
pool1w6vj437xqhlkasuhc2td09jd6vfem5e03nhhpn7yqxfkzrkamch,pool1w6vj437xqhlkasuhc2td09jd6vfem5e03nhhpn7yqxfkzrkamch,https://www.balanceanalytics.io/api/groupdata.json,2026-05-18T17:17:32+00:00
pool1w728ekz4fs2f33qmqf7047hvwsmarjrv5l575ncnh7hkc0zdhgz,pool1w728ekz4fs2f33qmqf7047hvwsmarjrv5l575ncnh7hkc0zdhgz,https://www.balanceanalytics.io/api/groupdata.json,2026-05-18T17:17:32+00:00
pool1w7c2j0px43jmudhf48ezp7dy8j7904c9l3wc7809lhh2z026hch,ADASTAT,https://www.balanceanalytics.io/api/groupdata.json,2026-05-18T17:17:32+00:00
pool1w7dk7rn0cflzzfr4fqvjpapn0rkz5ksmerx5tgwpm2gtj2gly97,COINBASE,https://www.balanceanalytics.io/api/groupdata.json,2026-05-18T17:17:32+00:00
pool1w7pt822hfgw30xnkwpjzz0sr5psejksqdcdw4l0ms33lsgynp2e,COOL,https://www.balanceanalytics.io/api/groupdata.json,2026-05-18T17:17:32+00:00
pool1w7y659w3ya4x4rd9ljp6rmcx70yj2t0s0nk97d6zgmymq0a2k7w,pool1w7y659w3ya4x4rd9ljp6rmcx70yj2t0s0nk97d6zgmymq0a2k7w,https://www.balanceanalytics.io/api/groupdata.json,2026-05-18T17:17:32+00:00
pool1w8ham64lthvzzxzn5hknq4yrj8xt2nark409s2xmntlwvt4ag3r,1PCT,https://www.balanceanalytics.io/api/groupdata.json,2026-05-18T17:17:32+00:00
pool1w92z3lxwrycf3kmf075dja2fwem0luyjc4ysv2afh6sg554qjwn,STBL,https://www.balanceanalytics.io/api/groupdata.json,2026-05-18T17:17:32+00:00
pool1w9cz3yyz8glemkwpn8hue6s89jrlhkap3nupzac7kdx77gj9am8,pool1w9cz3yyz8glemkwpn8hue6s89jrlhkap3nupzac7kdx77gj9am8,https://www.balanceanalytics.io/api/groupdata.json,2026-05-18T17:17:32+00:00
pool1w9hdxd0ydy7qrtxe2lceg80mpsyamwnaqyvu2v0yngj4cfkfu2t,pool1w9hdxd0ydy7qrtxe2lceg80mpsyamwnaqyvu2v0yngj4cfkfu2t,https://www.balanceanalytics.io/api/groupdata.json,2026-05-18T17:17:32+00:00
pool1w9ksllt0ktnztjdzzlzaqfh7tzspu09xf5l08flz0cadyq0dv3j,pool1w9ksllt0ktnztjdzzlzaqfh7tzspu09xf5l08flz0cadyq0dv3j,https://www.balanceanalytics.io/api/groupdata.json,2026-05-18T17:17:32+00:00
pool1w9yeaaadjz9563tf2h7katrlujvxnywda8el8z66h02ckccx95x,pool1w9yeaaadjz9563tf2h7katrlujvxnywda8el8z66h02ckccx95x,https://www.balanceanalytics.io/api/groupdata.json,2026-05-18T17:17:32+00:00
pool1wa5v3vnyjyjd4kedksww0p7wqzrexfnan0hc58p4hhc9uud6922,pool1wa5v3vnyjyjd4kedksww0p7wqzrexfnan0hc58p4hhc9uud6922,https://www.balanceanalytics.io/api/groupdata.json,2026-05-18T17:17:32+00:00
pool1wamhqzxcn7psr3rrqvg35wwjwmj8qktnvgyncj2vzyaqx9hkmsz,pool1wamhqzxcn7psr3rrqvg35wwjwmj8qktnvgyncj2vzyaqx9hkmsz,https://www.balanceanalytics.io/api/groupdata.json,2026-05-18T17:17:32+00:00
pool1waplz6cz4t2uss0qcst8wkqj52rzhy9vfr5jr9se9pjx7ucjcfm,pool1waplz6cz4t2uss0qcst8wkqj52rzhy9vfr5jr9se9pjx7ucjcfm,https://www.balanceanalytics.io/api/groupdata.json,2026-05-18T17:17:32+00:00
pool1wc2kuqz7w36j4xc7x8aqekgjhmy4ggknddqqfuw4mr3pu9f8wxn,pool1wc2kuqz7w36j4xc7x8aqekgjhmy4ggknddqqfuw4mr3pu9f8wxn,https://www.balanceanalytics.io/api/groupdata.json,2026-05-18T17:17:32+00:00
pool1wc2vw2x2xu2van4acthhk08xtucm8ddpuphmw0ahnc99qtz4a64,pool1wc2vw2x2xu2van4acthhk08xtucm8ddpuphmw0ahnc99qtz4a64,https://www.balanceanalytics.io/api/groupdata.json,2026-05-18T17:17:32+00:00
pool1wccveh5l4gvns7egngqdd4qk27w0kxqc68jjrnnkgjxz6zwt7ws,pool1wccveh5l4gvns7egngqdd4qk27w0kxqc68jjrnnkgjxz6zwt7ws,https://www.balanceanalytics.io/api/groupdata.json,2026-05-18T17:17:32+00:00
pool1wdrg5vtv3nrh0mqmfua5qmj5p3zchzay2cz80jwfxxwrx7gp402,pool1wdrg5vtv3nrh0mqmfua5qmj5p3zchzay2cz80jwfxxwrx7gp402,https://www.balanceanalytics.io/api/groupdata.json,2026-05-18T17:17:32+00:00
pool1wdujj7tmux5nuwnpeksgncendr3mj8ecsjcddpzx9gewc3flp4r,ETORO,https://www.balanceanalytics.io/api/groupdata.json,2026-05-18T17:17:32+00:00
pool1wdzyy2lwc8rd5y9vxwkyxpv62dsa270jepjgy9fa3zpqgeuszun,pool1wdzyy2lwc8rd5y9vxwkyxpv62dsa270jepjgy9fa3zpqgeuszun,https://www.balanceanalytics.io/api/groupdata.json,2026-05-18T17:17:32+00:00
pool1we0xjccr3vc4ypnmhzsgwp7sxpsytu8dtv0syeqmtrllvcex68q,pool1we0xjccr3vc4ypnmhzsgwp7sxpsytu8dtv0syeqmtrllvcex68q,https://www.balanceanalytics.io/api/groupdata.json,2026-05-18T17:17:32+00:00
pool1we9umarzn0l6jp8mcm98y28lxuuzcurzpjldnjwtgdhgw068mnr,pool1we9umarzn0l6jp8mcm98y28lxuuzcurzpjldnjwtgdhgw068mnr,https://www.balanceanalytics.io/api/groupdata.json,2026-05-18T17:17:32+00:00
pool1wewygdzelh9m4m0kj8u70pmr957lxkzl8km4mttsrdd7wht00vu,pool1wewygdzelh9m4m0kj8u70pmr957lxkzl8km4mttsrdd7wht00vu,https://www.balanceanalytics.io/api/groupdata.json,2026-05-18T17:17:32+00:00
pool1wez7d86xlurc8cr7v8qehx7z7qdyegjwyvcawjjsj2dxvagadgy,pool1wez7d86xlurc8cr7v8qehx7z7qdyegjwyvcawjjsj2dxvagadgy,https://www.balanceanalytics.io/api/groupdata.json,2026-05-18T17:17:32+00:00
pool1wf7wk3802jxtkmek6uprm77cgqx53t4qep9kwkl078w3yw0ff69,DNEWS,https://www.balanceanalytics.io/api/groupdata.json,2026-05-18T17:17:32+00:00
pool1wfvreaqszfzxe5w2swwpqpy7e4jax9nyky0x855xqswkzq4v7zf,BINANCE,https://www.balanceanalytics.io/api/groupdata.json,2026-05-18T17:17:32+00:00
pool1wg3xyzscx4qp0d4zmvlh7ksw8cupqcnegulmezl0cp77vtwlvgr,pool1wg3xyzscx4qp0d4zmvlh7ksw8cupqcnegulmezl0cp77vtwlvgr,https://www.balanceanalytics.io/api/groupdata.json,2026-05-18T17:17:32+00:00
pool1wggqaqs4pw2l4vml0k0p2kmvpq7pme3fl6smwc8cjjhvvuun9ww,pool1wggqaqs4pw2l4vml0k0p2kmvpq7pme3fl6smwc8cjjhvvuun9ww,https://www.balanceanalytics.io/api/groupdata.json,2026-05-18T17:17:32+00:00
pool1wh23dzv4mjrm2lv5y5k3pk9yx8dpggd63ma6duesvzvvymawpny,pool1wh23dzv4mjrm2lv5y5k3pk9yx8dpggd63ma6duesvzvvymawpny,https://www.balanceanalytics.io/api/groupdata.json,2026-05-18T17:17:32+00:00
pool1whk6lawmfz4zq5fw8zghglp23452gnm9zgs59nqafhpexwcvute,YUTA,https://www.balanceanalytics.io/api/groupdata.json,2026-05-18T17:17:32+00:00
pool1whmm0hkxunyhxsr6dfjpx2tpvd05qhev820lx9vcmvqa5wjc6nh,pool1whmm0hkxunyhxsr6dfjpx2tpvd05qhev820lx9vcmvqa5wjc6nh,https://www.balanceanalytics.io/api/groupdata.json,2026-05-18T17:17:32+00:00
pool1whzghlghkuqn8qf3ehpm3a4rugv0xxmgzau43zqer2awy2rngef,pool1whzghlghkuqn8qf3ehpm3a4rugv0xxmgzau43zqer2awy2rngef,https://www.balanceanalytics.io/api/groupdata.json,2026-05-18T17:17:32+00:00
pool1wjsshqjpl3n6zlscnfvyy9gxklkav2dvfyprfye6l0kewyvv6yj,pool1wjsshqjpl3n6zlscnfvyy9gxklkav2dvfyprfye6l0kewyvv6yj,https://www.balanceanalytics.io/api/groupdata.json,2026-05-18T17:17:32+00:00
pool1wjt7mjhdaj857hwk3qg2wswn30ghjczm2qetrs7k6sjc20x4hfx,pool1wjt7mjhdaj857hwk3qg2wswn30ghjczm2qetrs7k6sjc20x4hfx,https://www.balanceanalytics.io/api/groupdata.json,2026-05-18T17:17:32+00:00
pool1wk080y3p7zxsvshkzvhw3z7jmrlaxy4eprv6yjy24x4lvfs5qu4,pool1wk080y3p7zxsvshkzvhw3z7jmrlaxy4eprv6yjy24x4lvfs5qu4,https://www.balanceanalytics.io/api/groupdata.json,2026-05-18T17:17:32+00:00
pool1wk37820zgughs6fj88st8j6qy5m6zss0vzeu5mmrjjj2srp9yf7,pool1wk37820zgughs6fj88st8j6qy5m6zss0vzeu5mmrjjj2srp9yf7,https://www.balanceanalytics.io/api/groupdata.json,2026-05-18T17:17:32+00:00
pool1wkk7mlwet6pgqk9gd706trlw25vnu9a7ygvrugap0swjcfty7vd,pool1wkk7mlwet6pgqk9gd706trlw25vnu9a7ygvrugap0swjcfty7vd,https://www.balanceanalytics.io/api/groupdata.json,2026-05-18T17:17:32+00:00
pool1wll3vr4v605eap9hpjfpda5cjegqfkjt8hrz3kkxpnffqejhav3,pool1wll3vr4v605eap9hpjfpda5cjegqfkjt8hrz3kkxpnffqejhav3,https://www.balanceanalytics.io/api/groupdata.json,2026-05-18T17:17:32+00:00
pool1wlmyl6csyc5m9sxezcladq3ttty4hja9mue63dwdh5g7ymucukl,pool1wlmyl6csyc5m9sxezcladq3ttty4hja9mue63dwdh5g7ymucukl,https://www.balanceanalytics.io/api/groupdata.json,2026-05-18T17:17:32+00:00
pool1wlt6unycrpygfxkc7jc23uyfaj7lyq39lmdx5cut6v8xqrf48m2,pool1wlt6unycrpygfxkc7jc23uyfaj7lyq39lmdx5cut6v8xqrf48m2,https://www.balanceanalytics.io/api/groupdata.json,2026-05-18T17:17:32+00:00
pool1wlzug8x3xu6dy60pdj6mrkcpvc0fa0cjje6fzxegl4f8ua97dvw,pool1wlzug8x3xu6dy60pdj6mrkcpvc0fa0cjje6fzxegl4f8ua97dvw,https://www.balanceanalytics.io/api/groupdata.json,2026-05-18T17:17:32+00:00
pool1wm5quxelvgk8q50jyfznf9asvelp9zf0tk2wu4jazlw9yj4uctw,pool1wm5quxelvgk8q50jyfznf9asvelp9zf0tk2wu4jazlw9yj4uctw,https://www.balanceanalytics.io/api/groupdata.json,2026-05-18T17:17:32+00:00
pool1wm89xjqp96t3mlun3pa5suxa3t4s5lluq239en0nxl7pcm5tprc,pool1wm89xjqp96t3mlun3pa5suxa3t4s5lluq239en0nxl7pcm5tprc,https://www.balanceanalytics.io/api/groupdata.json,2026-05-18T17:17:32+00:00
pool1wmw6zzvk0shj9gelqly9skmg8lsc67nsqdzrjpw3873tymtmutj,pool1wmw6zzvk0shj9gelqly9skmg8lsc67nsqdzrjpw3873tymtmutj,https://www.balanceanalytics.io/api/groupdata.json,2026-05-18T17:17:32+00:00
pool1wmyr8pp6f3rll0hdxed6e8kkxzvj9ur0ecc45sttan3fqcfldcm,pool1wmyr8pp6f3rll0hdxed6e8kkxzvj9ur0ecc45sttan3fqcfldcm,https://www.balanceanalytics.io/api/groupdata.json,2026-05-18T17:17:32+00:00
pool1wn5cmtuzkgqfnh6htjplu7uleq5qxk4thc6wtm2fjrgmspqutaj,pool1wn5cmtuzkgqfnh6htjplu7uleq5qxk4thc6wtm2fjrgmspqutaj,https://www.balanceanalytics.io/api/groupdata.json,2026-05-18T17:17:32+00:00
pool1wn7g7fs8nhqnkkzcafzucl6x6spa6rj980kkkg0rcnyajg62lur,pool1wn7g7fs8nhqnkkzcafzucl6x6spa6rj980kkkg0rcnyajg62lur,https://www.balanceanalytics.io/api/groupdata.json,2026-05-18T17:17:32+00:00
pool1wngesrk9ju3x7fzmuqae49lp385k5khgmtz97rza629pwg86nlj,pool1wngesrk9ju3x7fzmuqae49lp385k5khgmtz97rza629pwg86nlj,https://www.balanceanalytics.io/api/groupdata.json,2026-05-18T17:17:32+00:00
pool1wnpac2c9am0h3yx2luh9tlsdhcpz2tmfyqjm8g8f67afk7fa6mh,pool1wnpac2c9am0h3yx2luh9tlsdhcpz2tmfyqjm8g8f67afk7fa6mh,https://www.balanceanalytics.io/api/groupdata.json,2026-05-18T17:17:32+00:00
pool1wnrrg33lw9fxcn0h3x3vexh78up660ajgk7pvrlrz5kkcgh9khs,pool1wnrrg33lw9fxcn0h3x3vexh78up660ajgk7pvrlrz5kkcgh9khs,https://www.balanceanalytics.io/api/groupdata.json,2026-05-18T17:17:32+00:00
pool1wnshjhwqv9j7fgd4tkynpsqr0xczns4pghljy5j4z4qjj7qy4d4,DIVY,https://www.balanceanalytics.io/api/groupdata.json,2026-05-18T17:17:32+00:00
pool1wntxmftndrsj7y4aqles8knl3nfuyj22l83jun02yyx9s962gm3,pool1wntxmftndrsj7y4aqles8knl3nfuyj22l83jun02yyx9s962gm3,https://www.balanceanalytics.io/api/groupdata.json,2026-05-18T17:17:32+00:00
pool1wp0yez530qyyxu6nzeej9m9f2sma2w4r54hkw7dfewtts7qqvwc,pool1wp0yez530qyyxu6nzeej9m9f2sma2w4r54hkw7dfewtts7qqvwc,https://www.balanceanalytics.io/api/groupdata.json,2026-05-18T17:17:32+00:00
pool1wp7vqk4mkx0w0wxzpy8avhft4qwcg60xldwem2uh9n4pw777fhz,pool1wp7vqk4mkx0w0wxzpy8avhft4qwcg60xldwem2uh9n4pw777fhz,https://www.balanceanalytics.io/api/groupdata.json,2026-05-18T17:17:32+00:00
pool1wp9p6rlpratng7rhrvyz6mcjqsl04laxxvvuu06umc5vghacqa4,BINANCE,https://www.balanceanalytics.io/api/groupdata.json,2026-05-18T17:17:32+00:00
pool1wpj6th0242z6l2s7zl357a6rv8s7a4lq9x0p74mev453qczweyf,pool1wpj6th0242z6l2s7zl357a6rv8s7a4lq9x0p74mev453qczweyf,https://www.balanceanalytics.io/api/groupdata.json,2026-05-18T17:17:32+00:00
pool1wpmjtfqcwvtcs9znpuulk99yk2zz6pfh0c4k9f2xlcspgqjndk2,MS,https://www.balanceanalytics.io/api/groupdata.json,2026-05-18T17:17:32+00:00
pool1wpp9pslecqwv4wjr4gfhcsv9hmagz882q6fl6umwup8guxy5whm,pool1wpp9pslecqwv4wjr4gfhcsv9hmagz882q6fl6umwup8guxy5whm,https://www.balanceanalytics.io/api/groupdata.json,2026-05-18T17:17:32+00:00
pool1wpzr2xafvtne6cnvlyzjqf8dlj2dg7tgkv3vu4zt687266ep7wg,pool1wpzr2xafvtne6cnvlyzjqf8dlj2dg7tgkv3vu4zt687266ep7wg,https://www.balanceanalytics.io/api/groupdata.json,2026-05-18T17:17:32+00:00
pool1wr5ky4r3hz6hxenllvxpuncg7jya8gv89jta03059w9eqqjy6c6,pool1wr5ky4r3hz6hxenllvxpuncg7jya8gv89jta03059w9eqqjy6c6,https://www.balanceanalytics.io/api/groupdata.json,2026-05-18T17:17:32+00:00
pool1wr79nyuty7wjgkey5vlfx9rn0x5ecxgge5mq45fpftqhye2shc0,FIGMENT,https://www.balanceanalytics.io/api/groupdata.json,2026-05-18T17:17:32+00:00
pool1wrjg8fts9cus0eq8jyf5wqsfe64e8tvrquxgff3tyze4qal4hwq,pool1wrjg8fts9cus0eq8jyf5wqsfe64e8tvrquxgff3tyze4qal4hwq,https://www.balanceanalytics.io/api/groupdata.json,2026-05-18T17:17:32+00:00
pool1wsar9vtmyghy3htc7gz0gwq70ap0v7wrq9hq83qwx5auvzfm6fg,pool1wsar9vtmyghy3htc7gz0gwq70ap0v7wrq9hq83qwx5auvzfm6fg,https://www.balanceanalytics.io/api/groupdata.json,2026-05-18T17:17:32+00:00
pool1wsnn5e6wfq28eqg3u74v8tnzzwxw9sfl2upqj83c78eecqtl5d7,pool1wsnn5e6wfq28eqg3u74v8tnzzwxw9sfl2upqj83c78eecqtl5d7,https://www.balanceanalytics.io/api/groupdata.json,2026-05-18T17:17:32+00:00
pool1wsr9ehtfvc4cs3rzfv65jjv7w7pe3xngw58mtt0ex4jck5frw79,pool1wsr9ehtfvc4cs3rzfv65jjv7w7pe3xngw58mtt0ex4jck5frw79,https://www.balanceanalytics.io/api/groupdata.json,2026-05-18T17:17:32+00:00
pool1wsug8q6kjtje0hzwp68lchwll0046t6huua3f7p35fttx7fcwm8,pool1wsug8q6kjtje0hzwp68lchwll0046t6huua3f7p35fttx7fcwm8,https://www.balanceanalytics.io/api/groupdata.json,2026-05-18T17:17:32+00:00
pool1wt0pf4u2xktp0f7apveu242w6nkm4ltk3m8g039lvuhwq4zdtf3,ECO,https://www.balanceanalytics.io/api/groupdata.json,2026-05-18T17:17:32+00:00
pool1wthsvhhxueqfd9eqjdj8pgyprhr4gptn5g63z9rdrtelcfumnvg,UPBIT,https://www.balanceanalytics.io/api/groupdata.json,2026-05-18T17:17:32+00:00
pool1wu4f8u7apml5nke7mjcvj2fvn0apfychx2957lf9gcuzxa07w6g,pool1wu4f8u7apml5nke7mjcvj2fvn0apfychx2957lf9gcuzxa07w6g,https://www.balanceanalytics.io/api/groupdata.json,2026-05-18T17:17:32+00:00
pool1wumx7h5vnkjwhv0rycjwdqd8cykvr380etvszgevquxwz02p5wx,pool1wumx7h5vnkjwhv0rycjwdqd8cykvr380etvszgevquxwz02p5wx,https://www.balanceanalytics.io/api/groupdata.json,2026-05-18T17:17:32+00:00
pool1wunach3tra8tmaqgft9ryg6ndxt4y83z2vuzmaztwzdr5x7ylh5,pool1wunach3tra8tmaqgft9ryg6ndxt4y83z2vuzmaztwzdr5x7ylh5,https://www.balanceanalytics.io/api/groupdata.json,2026-05-18T17:17:32+00:00
pool1wuu2at4ccsqnlaw9q080wz7y0hq7m5utclffjfn3g0vd2j9xs8j,pool1wuu2at4ccsqnlaw9q080wz7y0hq7m5utclffjfn3g0vd2j9xs8j,https://www.balanceanalytics.io/api/groupdata.json,2026-05-18T17:17:32+00:00
pool1wvaj307ee8jfewv9qjtgk0q3elmpe5lz4n2dec2303062f7dc4c,COINBASE,https://www.balanceanalytics.io/api/groupdata.json,2026-05-18T17:17:32+00:00
pool1wvccajt4eugjtf3k0ja3exjqdj7t8egsujwhcw4tzj4rzsxzw5w,pool1wvccajt4eugjtf3k0ja3exjqdj7t8egsujwhcw4tzj4rzsxzw5w,https://www.balanceanalytics.io/api/groupdata.json,2026-05-18T17:17:32+00:00
pool1wvezktuplgsgwxvccvaw6vyq3l8v3ecupe56apngyjuaw4jxg9u,pool1wvezktuplgsgwxvccvaw6vyq3l8v3ecupe56apngyjuaw4jxg9u,https://www.balanceanalytics.io/api/groupdata.json,2026-05-18T17:17:32+00:00
pool1wvgf640twac8y7raqfz8hlqz4sajyw2gfpcxkq80wygekcx2402,pool1wvgf640twac8y7raqfz8hlqz4sajyw2gfpcxkq80wygekcx2402,https://www.balanceanalytics.io/api/groupdata.json,2026-05-18T17:17:32+00:00
pool1wvhd4nf6mar2x0zaek2te6lqkrckk9mxtjctezy878a3zprru7s,pool1wvhd4nf6mar2x0zaek2te6lqkrckk9mxtjctezy878a3zprru7s,https://www.balanceanalytics.io/api/groupdata.json,2026-05-18T17:17:32+00:00
pool1ww3v7euue6vkzstk2gm5r2s9jsnj9zgtvvscfcmhwfxlzpfgap2,pool1ww3v7euue6vkzstk2gm5r2s9jsnj9zgtvvscfcmhwfxlzpfgap2,https://www.balanceanalytics.io/api/groupdata.json,2026-05-18T17:17:32+00:00
pool1wwjj0tcr6w9nvk0jpvnrqq9p7ukn7wux0h669wcw25t0zmx3zfh,pool1wwjj0tcr6w9nvk0jpvnrqq9p7ukn7wux0h669wcw25t0zmx3zfh,https://www.balanceanalytics.io/api/groupdata.json,2026-05-18T17:17:32+00:00
pool1wwzctexlp70mj00vv65mlhwhwresn58s9x7jl4tswvkg77eu7n7,UKADA,https://www.balanceanalytics.io/api/groupdata.json,2026-05-18T17:17:32+00:00
pool1wx9rs2z0nuzds7aj9dvptwcruxputh3dvvfcavnwr6hkjvly20w,pool1wx9rs2z0nuzds7aj9dvptwcruxputh3dvvfcavnwr6hkjvly20w,https://www.balanceanalytics.io/api/groupdata.json,2026-05-18T17:17:32+00:00
pool1wxehv3c0sa552jf4g2gwnggvh4les9l09d4y7yqndsrav5g5cu8,pool1wxehv3c0sa552jf4g2gwnggvh4les9l09d4y7yqndsrav5g5cu8,https://www.balanceanalytics.io/api/groupdata.json,2026-05-18T17:17:32+00:00
pool1wxktpcvaceu8zcsmjk5k0nu2nldm762ra6m9ept87fcvsqucdkx,pool1wxktpcvaceu8zcsmjk5k0nu2nldm762ra6m9ept87fcvsqucdkx,https://www.balanceanalytics.io/api/groupdata.json,2026-05-18T17:17:32+00:00
pool1wxn9nsl8rvxa6r8e5eaak0ml6etfxnz2n9vqrmsw5nzgyexgkrn,pool1wxn9nsl8rvxa6r8e5eaak0ml6etfxnz2n9vqrmsw5nzgyexgkrn,https://www.balanceanalytics.io/api/groupdata.json,2026-05-18T17:17:32+00:00
pool1wxpxss59wuqz5qzw7dl0v2fncgwc9equ67qkmgupw93fz2jqsay,pool1wxpxss59wuqz5qzw7dl0v2fncgwc9equ67qkmgupw93fz2jqsay,https://www.balanceanalytics.io/api/groupdata.json,2026-05-18T17:17:32+00:00
pool1wxpzjtfr79pdfs6m6vg6xmcqjh79ff9d6sgzfdpvs2q26swahew,pool1wxpzjtfr79pdfs6m6vg6xmcqjh79ff9d6sgzfdpvs2q26swahew,https://www.balanceanalytics.io/api/groupdata.json,2026-05-18T17:17:32+00:00
pool1wxzumlr95mjxhgxnd6cmxcey38pwe5zwu0ly2mlme07qy8n00r9,pool1wxzumlr95mjxhgxnd6cmxcey38pwe5zwu0ly2mlme07qy8n00r9,https://www.balanceanalytics.io/api/groupdata.json,2026-05-18T17:17:32+00:00
pool1wydmv34dnmz4ek9s3p9jwaslwuutfyt8wlxt0mkunjkcufznl97,pool1wydmv34dnmz4ek9s3p9jwaslwuutfyt8wlxt0mkunjkcufznl97,https://www.balanceanalytics.io/api/groupdata.json,2026-05-18T17:17:32+00:00
pool1wyfau3rlkckr3clr4mkyxn9vdlrkup0fj7uyyflfccmms24gm3a,TERA,https://www.balanceanalytics.io/api/groupdata.json,2026-05-18T17:17:32+00:00
pool1wym4qkxsvqejxqn4l55y9z708mkxc36qge28qevrvp056fe7dxg,pool1wym4qkxsvqejxqn4l55y9z708mkxc36qge28qevrvp056fe7dxg,https://www.balanceanalytics.io/api/groupdata.json,2026-05-18T17:17:32+00:00
pool1wyu23ahrnql8hc0y5jx00y2evnmw05d2rxnyqlgqq4lxs93q7ue,pool1wyu23ahrnql8hc0y5jx00y2evnmw05d2rxnyqlgqq4lxs93q7ue,https://www.balanceanalytics.io/api/groupdata.json,2026-05-18T17:17:32+00:00
pool1wz27a9pvd2jat98s375lxaaj7qxy405km4vzp83wn5vtwp59kvh,pool1wz27a9pvd2jat98s375lxaaj7qxy405km4vzp83wn5vtwp59kvh,https://www.balanceanalytics.io/api/groupdata.json,2026-05-18T17:17:32+00:00
pool1wz4euuc8r3gfya335gvpxl2nuajkvkjh3d6ylm4w83wcz7lqxc6,pool1wz4euuc8r3gfya335gvpxl2nuajkvkjh3d6ylm4w83wcz7lqxc6,https://www.balanceanalytics.io/api/groupdata.json,2026-05-18T17:17:32+00:00
pool1x08dl5dy0wsu6y9xp55drk4xeycgjnvutqdqm8wsqn5pwm6yx4k,pool1x08dl5dy0wsu6y9xp55drk4xeycgjnvutqdqm8wsqn5pwm6yx4k,https://www.balanceanalytics.io/api/groupdata.json,2026-05-18T17:17:32+00:00
pool1x0necz9ktlnah9505f3fkdncrlepz0q2gyfp4r7pjxnq53qw5kx,pool1x0necz9ktlnah9505f3fkdncrlepz0q2gyfp4r7pjxnq53qw5kx,https://www.balanceanalytics.io/api/groupdata.json,2026-05-18T17:17:32+00:00
pool1x0pr0y3hzlju5gxera9zt8fnxgzmqa4dqhm0wwu8ympxz37dwqw,pool1x0pr0y3hzlju5gxera9zt8fnxgzmqa4dqhm0wwu8ympxz37dwqw,https://www.balanceanalytics.io/api/groupdata.json,2026-05-18T17:17:32+00:00
pool1x0qm7xsyh2za3ltprxsgael544je4hg8tc3q3v5gv232z8jt4wp,P2P,https://www.balanceanalytics.io/api/groupdata.json,2026-05-18T17:17:32+00:00
pool1x23xnrencwmp0dnpvy0y62rxq6vy803c0n5csc5hxy3cqp68693,pool1x23xnrencwmp0dnpvy0y62rxq6vy803c0n5csc5hxy3cqp68693,https://www.balanceanalytics.io/api/groupdata.json,2026-05-18T17:17:32+00:00
pool1x2h98z6e5xvrg5zw3v3dlu8hqdtj6lhp6r3w5ge7rvcqcx3pafq,YUTA,https://www.balanceanalytics.io/api/groupdata.json,2026-05-18T17:17:32+00:00
pool1x3wuw3ungmrq5padffsqne82fx5uesy6dc2qmj83xyanq4rgnz0,pool1x3wuw3ungmrq5padffsqne82fx5uesy6dc2qmj83xyanq4rgnz0,https://www.balanceanalytics.io/api/groupdata.json,2026-05-18T17:17:32+00:00
pool1x5dfpgp987e4jhxvgczr3wv50nv2pwd873tlx3uthvcasm422q6,pool1x5dfpgp987e4jhxvgczr3wv50nv2pwd873tlx3uthvcasm422q6,https://www.balanceanalytics.io/api/groupdata.json,2026-05-18T17:17:32+00:00
pool1x5ge78ks6jc0j8nsfwyqqhk2ukxlkvz7zxlm9utgk6405hh490n,IOG,https://www.balanceanalytics.io/api/groupdata.json,2026-05-18T17:17:32+00:00
pool1x5jlxxqce4gkr4474q0gcsmu47wfqjt9mksv2w38ujpzgjn83ye,pool1x5jlxxqce4gkr4474q0gcsmu47wfqjt9mksv2w38ujpzgjn83ye,https://www.balanceanalytics.io/api/groupdata.json,2026-05-18T17:17:32+00:00
pool1x5u26cp5d7qn3c4etatjq93cweur4advad3yetky9z33wfw4j4a,pool1x5u26cp5d7qn3c4etatjq93cweur4advad3yetky9z33wfw4j4a,https://www.balanceanalytics.io/api/groupdata.json,2026-05-18T17:17:32+00:00
pool1x5z25kz7cdsyc5huxj4n2rct4dfnsp4kmh84xg9twwa5gel2qjf,pool1x5z25kz7cdsyc5huxj4n2rct4dfnsp4kmh84xg9twwa5gel2qjf,https://www.balanceanalytics.io/api/groupdata.json,2026-05-18T17:17:32+00:00
pool1x6ss3e75d375300w8xa95ydwfp7y3rxals33gj2u7km22ju7534,pool1x6ss3e75d375300w8xa95ydwfp7y3rxals33gj2u7km22ju7534,https://www.balanceanalytics.io/api/groupdata.json,2026-05-18T17:17:32+00:00
pool1x7j89z3n7y7g8syk06nahcrwkdphhw6dymt8r3gf8ulyksrzh5t,pool1x7j89z3n7y7g8syk06nahcrwkdphhw6dymt8r3gf8ulyksrzh5t,https://www.balanceanalytics.io/api/groupdata.json,2026-05-18T17:17:32+00:00
pool1x89ssjp53eczthatft9w74749558nsz3pq5jn056634pgt5m58s,JOY,https://www.balanceanalytics.io/api/groupdata.json,2026-05-18T17:17:32+00:00
pool1x8z226hvsvw6l80f5qu0j6qlqustjcudna30pvk54tgqwd8lche,pool1x8z226hvsvw6l80f5qu0j6qlqustjcudna30pvk54tgqwd8lche,https://www.balanceanalytics.io/api/groupdata.json,2026-05-18T17:17:32+00:00
pool1x909haq22shn2479qtzkkr9ww2s9nr7v9xzyhxefg50yyt3lzfy,pool1x909haq22shn2479qtzkkr9ww2s9nr7v9xzyhxefg50yyt3lzfy,https://www.balanceanalytics.io/api/groupdata.json,2026-05-18T17:17:32+00:00
pool1x96hyvvamshl5ymcpdshz4ymqjp33vvz9s8dx06xxwpzzkhgra7,pool1x96hyvvamshl5ymcpdshz4ymqjp33vvz9s8dx06xxwpzzkhgra7,https://www.balanceanalytics.io/api/groupdata.json,2026-05-18T17:17:32+00:00
pool1x9ar8wy7ljw83ppe6y9p6h2yskrmf5dfa0td36ypk6vtgqzwqh7,pool1x9ar8wy7ljw83ppe6y9p6h2yskrmf5dfa0td36ypk6vtgqzwqh7,https://www.balanceanalytics.io/api/groupdata.json,2026-05-18T17:17:32+00:00
pool1x9gsnq9pnu9vexrkc7009x4ak0d62vkm72my6vhfyqwj6sp5445,pool1x9gsnq9pnu9vexrkc7009x4ak0d62vkm72my6vhfyqwj6sp5445,https://www.balanceanalytics.io/api/groupdata.json,2026-05-18T17:17:32+00:00
pool1x9kerklpmyrzx22z944l9n8x9gn8s597vqy4hsllujetue8e5g8,pool1x9kerklpmyrzx22z944l9n8x9gn8s597vqy4hsllujetue8e5g8,https://www.balanceanalytics.io/api/groupdata.json,2026-05-18T17:17:32+00:00
pool1x9l9avk84wwu062687eel4jcdlt8t3ud27tq6rc0ulp9yq4p2v9,pool1x9l9avk84wwu062687eel4jcdlt8t3ud27tq6rc0ulp9yq4p2v9,https://www.balanceanalytics.io/api/groupdata.json,2026-05-18T17:17:32+00:00
pool1x9q4jf3zwftwygeeulku8xtlywmtmzwxjk2g3fz3j5mlwjqnr3p,pool1x9q4jf3zwftwygeeulku8xtlywmtmzwxjk2g3fz3j5mlwjqnr3p,https://www.balanceanalytics.io/api/groupdata.json,2026-05-18T17:17:32+00:00
pool1x9tc05u8dqefrdyw9pgxn72szr7p2peyd7xgqs3l28s76f59c0y,STBL,https://www.balanceanalytics.io/api/groupdata.json,2026-05-18T17:17:32+00:00
pool1xa7zku52cj6aagevv5z685jm2ljhpqsekrrcrulpmkqrknnt2kz,pool1xa7zku52cj6aagevv5z685jm2ljhpqsekrrcrulpmkqrknnt2kz,https://www.balanceanalytics.io/api/groupdata.json,2026-05-18T17:17:32+00:00
pool1xamkqfkkfm4eldv88jhdcm5uzs8kd3p776e789hqv8yfzjgqh9s,pool1xamkqfkkfm4eldv88jhdcm5uzs8kd3p776e789hqv8yfzjgqh9s,https://www.balanceanalytics.io/api/groupdata.json,2026-05-18T17:17:32+00:00
pool1xaudqyen24fz02vhu9qa2ry44suzfk8z3lh7sc6qx7c3gpweww2,OCEAN,https://www.balanceanalytics.io/api/groupdata.json,2026-05-18T17:17:32+00:00
pool1xaxps54m30n35fegcweum3c86pr7xp2mmcvfsd007v9ps9xu8js,pool1xaxps54m30n35fegcweum3c86pr7xp2mmcvfsd007v9ps9xu8js,https://www.balanceanalytics.io/api/groupdata.json,2026-05-18T17:17:32+00:00
pool1xc6la5z92seku86c4rdnuvxjdc3fh8pdtanlgxdy99cxjrkhzkd,LEO,https://www.balanceanalytics.io/api/groupdata.json,2026-05-18T17:17:32+00:00
pool1xcesfga2h2fh7s4es4v2nsu4npc3ayg5x93m4mvt7whn2pfswma,pool1xcesfga2h2fh7s4es4v2nsu4npc3ayg5x93m4mvt7whn2pfswma,https://www.balanceanalytics.io/api/groupdata.json,2026-05-18T17:17:32+00:00
pool1xcn2yddehm5ncjx0p24vkguth4rta7zv3getcztflxs3kh9rexd,pool1xcn2yddehm5ncjx0p24vkguth4rta7zv3getcztflxs3kh9rexd,https://www.balanceanalytics.io/api/groupdata.json,2026-05-18T17:17:32+00:00
pool1xcslzgl6t2pcdr0u8ef2zkjhdyxy8xmgvzp0mcdgrw4k5gtg94s,pool1xcslzgl6t2pcdr0u8ef2zkjhdyxy8xmgvzp0mcdgrw4k5gtg94s,https://www.balanceanalytics.io/api/groupdata.json,2026-05-18T17:17:32+00:00
pool1xcy8wtzrmzdhr2sqjjm8qe0hrxr4dc23zsv9mdfegahv5t0jud9,pool1xcy8wtzrmzdhr2sqjjm8qe0hrxr4dc23zsv9mdfegahv5t0jud9,https://www.balanceanalytics.io/api/groupdata.json,2026-05-18T17:17:32+00:00
pool1xdcg6kg0g4y3wqf92f8uh44urz06suglhff036k5yak2g0m8zlc,pool1xdcg6kg0g4y3wqf92f8uh44urz06suglhff036k5yak2g0m8zlc,https://www.balanceanalytics.io/api/groupdata.json,2026-05-18T17:17:32+00:00
pool1xdgzul0qespnz56zzrckwf4hcryyql9ypc4tya2dlu9a22h43ag,pool1xdgzul0qespnz56zzrckwf4hcryyql9ypc4tya2dlu9a22h43ag,https://www.balanceanalytics.io/api/groupdata.json,2026-05-18T17:17:32+00:00
pool1xdwe294ntvnken52vsaar7edxpxeths4dvsm84pm4chyq70r0ny,LEO,https://www.balanceanalytics.io/api/groupdata.json,2026-05-18T17:17:32+00:00
pool1xed948ze4guhrkt9zxjmecjvgkvgf8gd8skkzgtacz6gsyk9m5c,COINBASE,https://www.balanceanalytics.io/api/groupdata.json,2026-05-18T17:17:32+00:00
pool1xfj4dazvq0fszalwm30zr85ka9t65mwpq3vfrprdw35mwan3vq9,KID,https://www.balanceanalytics.io/api/groupdata.json,2026-05-18T17:17:32+00:00
pool1xftlxx9slpz59thcgtwgdj3k9e0ntn3p4qnmzs3r84dkx0hccjc,SPS,https://www.balanceanalytics.io/api/groupdata.json,2026-05-18T17:17:32+00:00
pool1xgqwmz4nydmn6ng6vsen5rtehy7u3uaytsml3q2pudp3w35uaxu,BINANCE,https://www.balanceanalytics.io/api/groupdata.json,2026-05-18T17:17:32+00:00
pool1xh4gz3yu408dv4u8km24kwdg7r50nl2qwu9we6tx4cuc7qn2jfx,pool1xh4gz3yu408dv4u8km24kwdg7r50nl2qwu9we6tx4cuc7qn2jfx,https://www.balanceanalytics.io/api/groupdata.json,2026-05-18T17:17:32+00:00
pool1xj5f7a79lnc9v0gjn00fkf2lyzexngka59tpcew5rrkyqveagpt,pool1xj5f7a79lnc9v0gjn00fkf2lyzexngka59tpcew5rrkyqveagpt,https://www.balanceanalytics.io/api/groupdata.json,2026-05-18T17:17:32+00:00
pool1xjhzgchsl2ccvc5pj3aqytv9hh0jnaz63wtfnw4th07tjypm46x,SECUR,https://www.balanceanalytics.io/api/groupdata.json,2026-05-18T17:17:32+00:00
pool1xjlu0k6spdhzkm0n4lr64pq8k7w8s67czxj92wlfju7t62d2pgd,pool1xjlu0k6spdhzkm0n4lr64pq8k7w8s67czxj92wlfju7t62d2pgd,https://www.balanceanalytics.io/api/groupdata.json,2026-05-18T17:17:32+00:00
pool1xjqjwe0t7uw7wfdygvt99e5wjcuz6ex6rcx2p067aqxp6tsgwgm,NVETECH,https://www.balanceanalytics.io/api/groupdata.json,2026-05-18T17:17:32+00:00
pool1xk0nt3wmlyfp0pycsd2hwyz5l6uusttp68etzgnvaf2ysc4f3hx,pool1xk0nt3wmlyfp0pycsd2hwyz5l6uusttp68etzgnvaf2ysc4f3hx,https://www.balanceanalytics.io/api/groupdata.json,2026-05-18T17:17:32+00:00
pool1xk3ck79lra9c9x5c684lylvg8vlexmh0eh7w90t6s0zvw6k5vn7,NEW GUY,https://www.balanceanalytics.io/api/groupdata.json,2026-05-18T17:17:32+00:00
pool1xk8xt05lck3sm86yzwu2xgrser0t7g4jzrvqhks9u9tg2tca52s,pool1xk8xt05lck3sm86yzwu2xgrser0t7g4jzrvqhks9u9tg2tca52s,https://www.balanceanalytics.io/api/groupdata.json,2026-05-18T17:17:32+00:00
pool1xkrqy49edygfumvw9jxna55c373cmckzqq92m57ng82ycpykcmz,pool1xkrqy49edygfumvw9jxna55c373cmckzqq92m57ng82ycpykcmz,https://www.balanceanalytics.io/api/groupdata.json,2026-05-18T17:17:32+00:00
pool1xkwnlr34tjrnkz6u4c0p36cju3xuls4dyynsdkf6cv22ksuhz6q,EMURGO,https://www.balanceanalytics.io/api/groupdata.json,2026-05-18T17:17:32+00:00
pool1xl208zapjg640pwk94ay8l5wk6ulfxfz6uhsw5uxlun6kxjvh8u,pool1xl208zapjg640pwk94ay8l5wk6ulfxfz6uhsw5uxlun6kxjvh8u,https://www.balanceanalytics.io/api/groupdata.json,2026-05-18T17:17:32+00:00
pool1xlfty06hg6q23qvcaxwv3p9ke7ff9n34qpr8tpxt2zflyq20ceh,pool1xlfty06hg6q23qvcaxwv3p9ke7ff9n34qpr8tpxt2zflyq20ceh,https://www.balanceanalytics.io/api/groupdata.json,2026-05-18T17:17:32+00:00
pool1xlgmew766a2ndakrn4sn63t00sf5z99w4ncd7k75r5thxqyln92,pool1xlgmew766a2ndakrn4sn63t00sf5z99w4ncd7k75r5thxqyln92,https://www.balanceanalytics.io/api/groupdata.json,2026-05-18T17:17:32+00:00
pool1xlphlhnjvfeh40vcqf9fdewztsj6kyxq6604kaccpv00umjfu0d,pool1xlphlhnjvfeh40vcqf9fdewztsj6kyxq6604kaccpv00umjfu0d,https://www.balanceanalytics.io/api/groupdata.json,2026-05-18T17:17:32+00:00
pool1xlra52x2es7dmsvpmcp2922h89h346awe7yuu664e50yvrzaaqe,pool1xlra52x2es7dmsvpmcp2922h89h346awe7yuu664e50yvrzaaqe,https://www.balanceanalytics.io/api/groupdata.json,2026-05-18T17:17:32+00:00
pool1xlst0jw9safmz3c8m56zvl4m65y306dcp48hdks8ursmsz2awm2,COINBASE,https://www.balanceanalytics.io/api/groupdata.json,2026-05-18T17:17:32+00:00
pool1xm4nalvh3yd7pzczlr84w4jlzymwqrnshlpv80u8s6zex997kc6,pool1xm4nalvh3yd7pzczlr84w4jlzymwqrnshlpv80u8s6zex997kc6,https://www.balanceanalytics.io/api/groupdata.json,2026-05-18T17:17:32+00:00
pool1xmftxwzqqkug8uzl2n2yvxhm6k0tx4rjtel92wjgvrlfk0uqy8c,pool1xmftxwzqqkug8uzl2n2yvxhm6k0tx4rjtel92wjgvrlfk0uqy8c,https://www.balanceanalytics.io/api/groupdata.json,2026-05-18T17:17:32+00:00
pool1xmn8ag7jctcpdqk9jtrzk9s7qgs4f3cehkxhtelgpag6c7fjxdm,pool1xmn8ag7jctcpdqk9jtrzk9s7qgs4f3cehkxhtelgpag6c7fjxdm,https://www.balanceanalytics.io/api/groupdata.json,2026-05-18T17:17:32+00:00
pool1xmsdhync6k6grkkj7tuycskjpseykpr24luhlazl5nsngsy87gm,EVE,https://www.balanceanalytics.io/api/groupdata.json,2026-05-18T17:17:32+00:00
pool1xmtmp6cmmmaatkn3jd9dlht8xjyf7xnqmrurs59kj2ygxuz2jkd,pool1xmtmp6cmmmaatkn3jd9dlht8xjyf7xnqmrurs59kj2ygxuz2jkd,https://www.balanceanalytics.io/api/groupdata.json,2026-05-18T17:17:32+00:00
pool1xn4kqt45xh3udf87kmtkdfz8xh9qn6trlqsf39eusk23ufmxhgr,WAVE,https://www.balanceanalytics.io/api/groupdata.json,2026-05-18T17:17:32+00:00
pool1xn63858ej0gcs4tkjm2e3a2fgjrecfxtvzq3465ypl8ywkx7gcv,OCCAM,https://www.balanceanalytics.io/api/groupdata.json,2026-05-18T17:17:32+00:00
pool1xn6rwtc6m7hnf66006uk3r0yp3yt5cq7u95esu3xg4mk52cva8w,pool1xn6rwtc6m7hnf66006uk3r0yp3yt5cq7u95esu3xg4mk52cva8w,https://www.balanceanalytics.io/api/groupdata.json,2026-05-18T17:17:32+00:00
pool1xnaxushl47aeha3mr3uwnxcfkvzj0um6c4zxdr064d3y68z646c,pool1xnaxushl47aeha3mr3uwnxcfkvzj0um6c4zxdr064d3y68z646c,https://www.balanceanalytics.io/api/groupdata.json,2026-05-18T17:17:32+00:00
pool1xnfdjhn03jefkng49cajuvg5j4xtkm5f6fk2utncxgxzkgvdxxa,pool1xnfdjhn03jefkng49cajuvg5j4xtkm5f6fk2utncxgxzkgvdxxa,https://www.balanceanalytics.io/api/groupdata.json,2026-05-18T17:17:32+00:00
pool1xnfhm27l9sts2mq85qp2dp0yhw5xw0nt7vxxaa4a89zngykvxu4,pool1xnfhm27l9sts2mq85qp2dp0yhw5xw0nt7vxxaa4a89zngykvxu4,https://www.balanceanalytics.io/api/groupdata.json,2026-05-18T17:17:32+00:00
pool1xnr8rwjrh22lw49t6j4etaavgj2wknlhgn5dn5s2wqxd2s4d5sn,pool1xnr8rwjrh22lw49t6j4etaavgj2wknlhgn5dn5s2wqxd2s4d5sn,https://www.balanceanalytics.io/api/groupdata.json,2026-05-18T17:17:32+00:00
pool1xpd294wkl9uh7jj57ak93v5dxgyvg33cmdl326s9skyzjq5m0fq,pool1xpd294wkl9uh7jj57ak93v5dxgyvg33cmdl326s9skyzjq5m0fq,https://www.balanceanalytics.io/api/groupdata.json,2026-05-18T17:17:32+00:00
pool1xpfe5q3v3axrjdc8h38taaa93frq3m9pfewxk46x4r6jgy2yj5n,pool1xpfe5q3v3axrjdc8h38taaa93frq3m9pfewxk46x4r6jgy2yj5n,https://www.balanceanalytics.io/api/groupdata.json,2026-05-18T17:17:32+00:00
pool1xply0kq63yvhwl6v090yuf4mxwrq37rse75w69ddw4k7sxwnxd8,pool1xply0kq63yvhwl6v090yuf4mxwrq37rse75w69ddw4k7sxwnxd8,https://www.balanceanalytics.io/api/groupdata.json,2026-05-18T17:17:32+00:00
pool1xpptvfwpqau6qg7j8e4qatkzeartxm7ezux95evgv4zm6xxd3px,pool1xpptvfwpqau6qg7j8e4qatkzeartxm7ezux95evgv4zm6xxd3px,https://www.balanceanalytics.io/api/groupdata.json,2026-05-18T17:17:32+00:00
pool1xrpnsm80uy43tjsa3zlxvmdezlj34ps8y2gna3q93jp4jvzvph9,pool1xrpnsm80uy43tjsa3zlxvmdezlj34ps8y2gna3q93jp4jvzvph9,https://www.balanceanalytics.io/api/groupdata.json,2026-05-18T17:17:32+00:00
pool1xrrrr8gldqz8pjxj6j8c638a9py04xuv66kfgn2dlsx9g52te0t,YUTA,https://www.balanceanalytics.io/api/groupdata.json,2026-05-18T17:17:32+00:00
pool1xru6f3fflzwkptgm68pncrsncg9ngllv0jk8jnz40m7wusfhazk,pool1xru6f3fflzwkptgm68pncrsncg9ngllv0jk8jnz40m7wusfhazk,https://www.balanceanalytics.io/api/groupdata.json,2026-05-18T17:17:32+00:00
pool1xs34q2z06a46nk7hl48d27dj5gzc6hh9trugw2ehs9ajsevqffx,pool1xs34q2z06a46nk7hl48d27dj5gzc6hh9trugw2ehs9ajsevqffx,https://www.balanceanalytics.io/api/groupdata.json,2026-05-18T17:17:32+00:00
pool1xsdyumcr76y28mptmjc46ru6sz45xj83y6ud9jngm9fg6en6zjh,pool1xsdyumcr76y28mptmjc46ru6sz45xj83y6ud9jngm9fg6en6zjh,https://www.balanceanalytics.io/api/groupdata.json,2026-05-18T17:17:32+00:00
pool1xsj9s3mfpztls97x7jjql0msmeh5v3wa5vyqhmmmsx8jzsqxrsv,BD,https://www.balanceanalytics.io/api/groupdata.json,2026-05-18T17:17:32+00:00
pool1xt0gxs63r5vgjsrzhm7jfuhuqzga9pf8kqvp38qmdzn3wjxudvr,pool1xt0gxs63r5vgjsrzhm7jfuhuqzga9pf8kqvp38qmdzn3wjxudvr,https://www.balanceanalytics.io/api/groupdata.json,2026-05-18T17:17:32+00:00
pool1xt0z35f0ms6xt5r8swhtd2xcymqxvk42m8fk5q8fnw8hjhr6yax,pool1xt0z35f0ms6xt5r8swhtd2xcymqxvk42m8fk5q8fnw8hjhr6yax,https://www.balanceanalytics.io/api/groupdata.json,2026-05-18T17:17:32+00:00
pool1xt2nyju82ea3pz33e5sqwgjx05ks623tkmuw8jvlca3kzmz9mud,pool1xt2nyju82ea3pz33e5sqwgjx05ks623tkmuw8jvlca3kzmz9mud,https://www.balanceanalytics.io/api/groupdata.json,2026-05-18T17:17:32+00:00
pool1xt7mjrtnsew3v33lu8sf93upf20sxhmcrfnpm82ra46yxk7uy45,ETORO,https://www.balanceanalytics.io/api/groupdata.json,2026-05-18T17:17:32+00:00
pool1xtrwqwu6jn896szjwsyxxjczl6hc9sq4lh5ax68f7dt3gc0y9rx,NERD,https://www.balanceanalytics.io/api/groupdata.json,2026-05-18T17:17:32+00:00
pool1xucruwwxsym3u9v0m4ex3az5d4vpz9xu877vsl9udpt0q237e9m,COINBASE,https://www.balanceanalytics.io/api/groupdata.json,2026-05-18T17:17:32+00:00
pool1xumcqukwpgkhhrquzxqnnr2auzutjkfn76x9qy80w8jxzy47hze,pool1xumcqukwpgkhhrquzxqnnr2auzutjkfn76x9qy80w8jxzy47hze,https://www.balanceanalytics.io/api/groupdata.json,2026-05-18T17:17:32+00:00
pool1xvaagsvl9prlr20hvg2qv434yss5c88r2ml6n43wcpepxmw85lj,pool1xvaagsvl9prlr20hvg2qv434yss5c88r2ml6n43wcpepxmw85lj,https://www.balanceanalytics.io/api/groupdata.json,2026-05-18T17:17:32+00:00
pool1xvfzclnwf0jyc9ekqmamshha9dmw8mpzd9ykgxjjpxnuwdv6mzk,pool1xvfzclnwf0jyc9ekqmamshha9dmw8mpzd9ykgxjjpxnuwdv6mzk,https://www.balanceanalytics.io/api/groupdata.json,2026-05-18T17:17:32+00:00
pool1xwqye6mlftwjg706acz5fjqz7gmf4qdye99zsjl03a4ru68ghee,pool1xwqye6mlftwjg706acz5fjqz7gmf4qdye99zsjl03a4ru68ghee,https://www.balanceanalytics.io/api/groupdata.json,2026-05-18T17:17:32+00:00
pool1xwy9ulstsdfwuh0q0jc76hjalvmh2mfal004ep6ka38k5z4zmh3,pool1xwy9ulstsdfwuh0q0jc76hjalvmh2mfal004ep6ka38k5z4zmh3,https://www.balanceanalytics.io/api/groupdata.json,2026-05-18T17:17:32+00:00
pool1xx3wxlhxu2l8qcvdvealhsry8r0ge966lmpp45ztkte77lx3qq0,pool1xx3wxlhxu2l8qcvdvealhsry8r0ge966lmpp45ztkte77lx3qq0,https://www.balanceanalytics.io/api/groupdata.json,2026-05-18T17:17:32+00:00
pool1xxhs2zw5xa4g54d5p62j46nlqzwp8jklqvuv2agjlapwjx9qkg9,EMURGO,https://www.balanceanalytics.io/api/groupdata.json,2026-05-18T17:17:32+00:00
pool1xxjcu9djguspkrctjgszvzcagy7pzy8vxqfaqtl5xy9824fz2qg,pool1xxjcu9djguspkrctjgszvzcagy7pzy8vxqfaqtl5xy9824fz2qg,https://www.balanceanalytics.io/api/groupdata.json,2026-05-18T17:17:32+00:00
pool1xxvcz8dem4xufzn74v2y7fs709mfw3tpq963thzg5en5jrkv67a,pool1xxvcz8dem4xufzn74v2y7fs709mfw3tpq963thzg5en5jrkv67a,https://www.balanceanalytics.io/api/groupdata.json,2026-05-18T17:17:32+00:00
pool1xy24e74lkxnu0cm8hp70cfdkdqfj9qm2544wtmeh6swqssq6ltt,pool1xy24e74lkxnu0cm8hp70cfdkdqfj9qm2544wtmeh6swqssq6ltt,https://www.balanceanalytics.io/api/groupdata.json,2026-05-18T17:17:32+00:00
pool1xytvsd9qnvqxpthh9p8k85e823trvn3npxeur8kr9zhkqz5uls9,ADV,https://www.balanceanalytics.io/api/groupdata.json,2026-05-18T17:17:32+00:00
pool1xzf8epy6wa5cuvx74jq0llmwpuu48cre8ld67alwyyu7xjerfm4,pool1xzf8epy6wa5cuvx74jq0llmwpuu48cre8ld67alwyyu7xjerfm4,https://www.balanceanalytics.io/api/groupdata.json,2026-05-18T17:17:32+00:00
pool1xzpjn9f5nk52lnfzskuxey3r3h5fh8z78389qsd6vwyfcqum796,pool1xzpjn9f5nk52lnfzskuxey3r3h5fh8z78389qsd6vwyfcqum796,https://www.balanceanalytics.io/api/groupdata.json,2026-05-18T17:17:32+00:00
pool1xzsckz6hd64pnle2c88e3gccccyfs7w6eauxuffpcc5sx2mtekx,pool1xzsckz6hd64pnle2c88e3gccccyfs7w6eauxuffpcc5sx2mtekx,https://www.balanceanalytics.io/api/groupdata.json,2026-05-18T17:17:32+00:00
pool1xzu4pva0k4y6geukd9uvvl3t3s8q8alzwahf575y5fj6cnkd5y2,pool1xzu4pva0k4y6geukd9uvvl3t3s8q8alzwahf575y5fj6cnkd5y2,https://www.balanceanalytics.io/api/groupdata.json,2026-05-18T17:17:32+00:00
pool1y046n8u3uz552nmhz9wx7jv2gn9lytyvwlntetkyavvq52nzqzs,pool1y046n8u3uz552nmhz9wx7jv2gn9lytyvwlntetkyavvq52nzqzs,https://www.balanceanalytics.io/api/groupdata.json,2026-05-18T17:17:32+00:00
pool1y0lq6rjckxxly36gf3wdsxzjzg97mq9c90una3vfq8pu77g7zkf,pool1y0lq6rjckxxly36gf3wdsxzjzg97mq9c90una3vfq8pu77g7zkf,https://www.balanceanalytics.io/api/groupdata.json,2026-05-18T17:17:32+00:00
pool1y0mz6yevqk34gk4tml37a62h69tg59sfz6vslzv4sf5fvsjhvpw,pool1y0mz6yevqk34gk4tml37a62h69tg59sfz6vslzv4sf5fvsjhvpw,https://www.balanceanalytics.io/api/groupdata.json,2026-05-18T17:17:32+00:00
pool1y0s5vwg2rdvfnynyhhgh08hdrd74p6rfhwxzvrxvfnrvjuddyf2,pool1y0s5vwg2rdvfnynyhhgh08hdrd74p6rfhwxzvrxvfnrvjuddyf2,https://www.balanceanalytics.io/api/groupdata.json,2026-05-18T17:17:32+00:00
pool1y2433yepkpw5xwps004zlz23xuja9xp2ckplak5lp72qss37333,pool1y2433yepkpw5xwps004zlz23xuja9xp2ckplak5lp72qss37333,https://www.balanceanalytics.io/api/groupdata.json,2026-05-18T17:17:32+00:00
pool1y24nj4qdkg35nvvnfawukauggsxrxuy74876cplmxsee29w5axc,pool1y24nj4qdkg35nvvnfawukauggsxrxuy74876cplmxsee29w5axc,https://www.balanceanalytics.io/api/groupdata.json,2026-05-18T17:17:32+00:00
pool1y3f9qvq2umfqnm0w20ayux8lczchcakh3v5wz4j5z89aqfc73ea,pool1y3f9qvq2umfqnm0w20ayux8lczchcakh3v5wz4j5z89aqfc73ea,https://www.balanceanalytics.io/api/groupdata.json,2026-05-18T17:17:32+00:00
pool1y44fkeps7ftnnf495a7grfrwtt7hxcntaenyzu4x4vah5cud0mt,pool1y44fkeps7ftnnf495a7grfrwtt7hxcntaenyzu4x4vah5cud0mt,https://www.balanceanalytics.io/api/groupdata.json,2026-05-18T17:17:32+00:00
pool1y49e700dnx8lpvznmysgzw203mjq6l7um85ka4ys6x0zcwgs77w,NAP,https://www.balanceanalytics.io/api/groupdata.json,2026-05-18T17:17:32+00:00
pool1y4xd29wp3wj5884sek35mvxsflxfdtev8jvc8xafmfkk62wwgk4,pool1y4xd29wp3wj5884sek35mvxsflxfdtev8jvc8xafmfkk62wwgk4,https://www.balanceanalytics.io/api/groupdata.json,2026-05-18T17:17:32+00:00
pool1y4yyg9zq2000akup68w68r0m42td2h2h5cz282ua4u985nzszkv,pool1y4yyg9zq2000akup68w68r0m42td2h2h5cz282ua4u985nzszkv,https://www.balanceanalytics.io/api/groupdata.json,2026-05-18T17:17:32+00:00
pool1y53awxsm6cmksp8qht8qfq5f5c69t6mrgrdcresk5y0ecv2yj93,KIWI,https://www.balanceanalytics.io/api/groupdata.json,2026-05-18T17:17:32+00:00
pool1y5fze58uu0cpkmu9zr56kfyzjgff80mjr8g43nsm48ymxeezq8f,pool1y5fze58uu0cpkmu9zr56kfyzjgff80mjr8g43nsm48ymxeezq8f,https://www.balanceanalytics.io/api/groupdata.json,2026-05-18T17:17:32+00:00
pool1y6gnk7t3n6rvpr67f68mehxgqs5x24n0esz9l5j7m4aqzn4e0qw,COINBASE,https://www.balanceanalytics.io/api/groupdata.json,2026-05-18T17:17:32+00:00
pool1y75j30mj2cwdw0cgcvthkcu7vxu592xenxzt8c50zxhqzf3xncg,pool1y75j30mj2cwdw0cgcvthkcu7vxu592xenxzt8c50zxhqzf3xncg,https://www.balanceanalytics.io/api/groupdata.json,2026-05-18T17:17:32+00:00
pool1y7wn47wcnqnp5xvxp67qtmkhjyzfzhc94k0kjc94xrp6y0wyaxe,BINANCE,https://www.balanceanalytics.io/api/groupdata.json,2026-05-18T17:17:32+00:00
pool1y7zvpvxmu7dsdx6ple0kddltagy04rm7xzcpwvwqyfqxwtqkf7s,pool1y7zvpvxmu7dsdx6ple0kddltagy04rm7xzcpwvwqyfqxwtqkf7s,https://www.balanceanalytics.io/api/groupdata.json,2026-05-18T17:17:32+00:00
pool1y89sy2e927hvvt66wnukx5xnnrarzxrt55eypttaw3n06u0uam4,pool1y89sy2e927hvvt66wnukx5xnnrarzxrt55eypttaw3n06u0uam4,https://www.balanceanalytics.io/api/groupdata.json,2026-05-18T17:17:32+00:00
pool1y8g5sk4maqzpg6k04t0e8x296xtumuph7k4ya8rsfqh9xhc5a7h,pool1y8g5sk4maqzpg6k04t0e8x296xtumuph7k4ya8rsfqh9xhc5a7h,https://www.balanceanalytics.io/api/groupdata.json,2026-05-18T17:17:32+00:00
pool1y90zp3ysrwzttwqhm2gjc7gp4d7tg2n6zsw3sp3lyk7vjxc56d6,pool1y90zp3ysrwzttwqhm2gjc7gp4d7tg2n6zsw3sp3lyk7vjxc56d6,https://www.balanceanalytics.io/api/groupdata.json,2026-05-18T17:17:32+00:00
pool1y9rdlv5tksudwrx47afjx47grd4tyh24zccffjtp32u0cfpegvk,pool1y9rdlv5tksudwrx47afjx47grd4tyh24zccffjtp32u0cfpegvk,https://www.balanceanalytics.io/api/groupdata.json,2026-05-18T17:17:32+00:00
pool1y9tz9enfcrcvpxpga3qspfxx3xclns2g74ptqxftdmgq6ghyrn0,pool1y9tz9enfcrcvpxpga3qspfxx3xclns2g74ptqxftdmgq6ghyrn0,https://www.balanceanalytics.io/api/groupdata.json,2026-05-18T17:17:32+00:00
pool1y9xftc4cq0svcv0gjdtusnvllrg5v5rn0d24g8r4m7tnsem6ve8,IOG,https://www.balanceanalytics.io/api/groupdata.json,2026-05-18T17:17:32+00:00
pool1yafxktvszg85t5m20l8q8sufgcae6cxlk8cx96wrt8cdva7aknf,CHUCK BUX,https://www.balanceanalytics.io/api/groupdata.json,2026-05-18T17:17:32+00:00
pool1yc6f3cqsc7jfh07hcns64v5cp8720mve870pgxf2wkr3u8l7tse,pool1yc6f3cqsc7jfh07hcns64v5cp8720mve870pgxf2wkr3u8l7tse,https://www.balanceanalytics.io/api/groupdata.json,2026-05-18T17:17:32+00:00
pool1ycksh8m4ees8jf6f9muvpqxmprj7j2wk72h2qxcn7ykswv408w6,pool1ycksh8m4ees8jf6f9muvpqxmprj7j2wk72h2qxcn7ykswv408w6,https://www.balanceanalytics.io/api/groupdata.json,2026-05-18T17:17:32+00:00
pool1yd67ecxptd70flavhu9m4x9pj460fpy3pttlcfs5wvjlwzs79vw,pool1yd67ecxptd70flavhu9m4x9pj460fpy3pttlcfs5wvjlwzs79vw,https://www.balanceanalytics.io/api/groupdata.json,2026-05-18T17:17:32+00:00
pool1yd67lvc04eztwrpnefqh3g4dsydmezwgrg6ce4km728v6sg8zwf,pool1yd67lvc04eztwrpnefqh3g4dsydmezwgrg6ce4km728v6sg8zwf,https://www.balanceanalytics.io/api/groupdata.json,2026-05-18T17:17:32+00:00
pool1ydcx8pf36rttvgyak63kqpgkqgrwp94k6a723zsxer0sja9t3d8,pool1ydcx8pf36rttvgyak63kqpgkqgrwp94k6a723zsxer0sja9t3d8,https://www.balanceanalytics.io/api/groupdata.json,2026-05-18T17:17:32+00:00
pool1ydf0337sh8ct7ke59sf46ke9eygyj80wc9zqhkwjw7v6vmlxp59,BINANCE,https://www.balanceanalytics.io/api/groupdata.json,2026-05-18T17:17:32+00:00
pool1ydgmfmxpuateqwz028lpgypsdchs5m0tzes732qdragdg4jp0uf,pool1ydgmfmxpuateqwz028lpgypsdchs5m0tzes732qdragdg4jp0uf,https://www.balanceanalytics.io/api/groupdata.json,2026-05-18T17:17:32+00:00
pool1ydz2znwyh3409v55r3psgc70w2ykvqjkkagx3f5ep96vgp0vlmr,pool1ydz2znwyh3409v55r3psgc70w2ykvqjkkagx3f5ep96vgp0vlmr,https://www.balanceanalytics.io/api/groupdata.json,2026-05-18T17:17:32+00:00
pool1ye4zrxf0w7d7drq5wmat36dlzq270dxy9rhgcwufnaja644vwr9,ADALITE,https://www.balanceanalytics.io/api/groupdata.json,2026-05-18T17:17:32+00:00
pool1ye53d6kl460egekdnunjl4tx5zhs5puze8nqkfxyjuae7364w74,BINANCE,https://www.balanceanalytics.io/api/groupdata.json,2026-05-18T17:17:32+00:00
pool1yechqtexl9r7esg5scwynqalmjrpd5l69wkwrrw54y0x26eljpq,pool1yechqtexl9r7esg5scwynqalmjrpd5l69wkwrrw54y0x26eljpq,https://www.balanceanalytics.io/api/groupdata.json,2026-05-18T17:17:32+00:00
pool1yemdr25t4g3ev038yn433dt58d8p52nee7kmcykjlhye6hshu9m,pool1yemdr25t4g3ev038yn433dt58d8p52nee7kmcykjlhye6hshu9m,https://www.balanceanalytics.io/api/groupdata.json,2026-05-18T17:17:32+00:00
pool1yenqraf3znn07qmvtd8wg23fymsr0vsme7ry2475r48vk6ss0z2,PS,https://www.balanceanalytics.io/api/groupdata.json,2026-05-18T17:17:32+00:00
pool1yeqcw6v9t4ma3x0aqzfrh7as4yzj4ppmczc00fdffw78xw9qvz4,pool1yeqcw6v9t4ma3x0aqzfrh7as4yzj4ppmczc00fdffw78xw9qvz4,https://www.balanceanalytics.io/api/groupdata.json,2026-05-18T17:17:32+00:00
pool1yet04d4ykpp7me8uc2jx2glxrx88kt9uhmv6jeh7xkmtu5zucna,NGINE,https://www.balanceanalytics.io/api/groupdata.json,2026-05-18T17:17:32+00:00
pool1yfacynd0va3rw27tjldfz05f6hfjhfv36wwdhn3dy2hfqq00w8y,pool1yfacynd0va3rw27tjldfz05f6hfjhfv36wwdhn3dy2hfqq00w8y,https://www.balanceanalytics.io/api/groupdata.json,2026-05-18T17:17:32+00:00
pool1yff3j4xqhmunrccjsdh0u9qxrws7xdqhagjx5lqktklwj67u5s3,pool1yff3j4xqhmunrccjsdh0u9qxrws7xdqhagjx5lqktklwj67u5s3,https://www.balanceanalytics.io/api/groupdata.json,2026-05-18T17:17:32+00:00
pool1yffj4e9g8hkfzwrmrgxa6vcxuzrtsrandt59pc3hd46m7vm3pa2,pool1yffj4e9g8hkfzwrmrgxa6vcxuzrtsrandt59pc3hd46m7vm3pa2,https://www.balanceanalytics.io/api/groupdata.json,2026-05-18T17:17:32+00:00
pool1yfxhjwwlzr5da82h77jy83nkuryh970ey6zypd89fy6qyuxfppe,pool1yfxhjwwlzr5da82h77jy83nkuryh970ey6zypd89fy6qyuxfppe,https://www.balanceanalytics.io/api/groupdata.json,2026-05-18T17:17:32+00:00
pool1ygamv2t9lw03khcxpe75rjd4p8lnn36hux3deeg3hrc3jwrx43z,IOG,https://www.balanceanalytics.io/api/groupdata.json,2026-05-18T17:17:32+00:00
pool1ygkgjut5uqwl7tvpgmfdtrw4ap3nxdsf9uzu4z246hnngl9glx7,pool1ygkgjut5uqwl7tvpgmfdtrw4ap3nxdsf9uzu4z246hnngl9glx7,https://www.balanceanalytics.io/api/groupdata.json,2026-05-18T17:17:32+00:00
pool1ygrwdlhn46gehyay2duxp8ynh57drxg0lgf9huymxlpvukdv0k6,pool1ygrwdlhn46gehyay2duxp8ynh57drxg0lgf9huymxlpvukdv0k6,https://www.balanceanalytics.io/api/groupdata.json,2026-05-18T17:17:32+00:00
pool1ygsyw93csvam58nf63gttknj9dvj3zxh54h4eh0kals7kdf0nx6,pool1ygsyw93csvam58nf63gttknj9dvj3zxh54h4eh0kals7kdf0nx6,https://www.balanceanalytics.io/api/groupdata.json,2026-05-18T17:17:32+00:00
pool1yh7ksvg54nger73ldnf22cgwyh0dnm4aerahdd0kdukjqeacy32,COINBASE,https://www.balanceanalytics.io/api/groupdata.json,2026-05-18T17:17:32+00:00
pool1yjz9nhtlvnl9rx46t2kfufwxd338m0kw0jxaj86pqfthse837z8,pool1yjz9nhtlvnl9rx46t2kfufwxd338m0kw0jxaj86pqfthse837z8,https://www.balanceanalytics.io/api/groupdata.json,2026-05-18T17:17:32+00:00
pool1ykhaur63wqk2wcnun4dx9gzlvcdylk6hzpvku48v2dc7vhsynkq,pool1ykhaur63wqk2wcnun4dx9gzlvcdylk6hzpvku48v2dc7vhsynkq,https://www.balanceanalytics.io/api/groupdata.json,2026-05-18T17:17:32+00:00
pool1yl6w8scfvk0cyspx3yacz8wkuupn9zqcvl9jewjfwsv3cprqmwz,pool1yl6w8scfvk0cyspx3yacz8wkuupn9zqcvl9jewjfwsv3cprqmwz,https://www.balanceanalytics.io/api/groupdata.json,2026-05-18T17:17:32+00:00
pool1yl76e0fhq0kcfy2jqs2mt6hl9xeyrnesehqp0p4s896lwv7hrta,1PCT,https://www.balanceanalytics.io/api/groupdata.json,2026-05-18T17:17:32+00:00
pool1ylcl727memzjqypjaxg0jl0l40l3gy3vmtt0llwpjufwwdmptks,BD,https://www.balanceanalytics.io/api/groupdata.json,2026-05-18T17:17:32+00:00
pool1ylhh4u260wz52zpct0ce8txh8alm0zmjaf4fn69yz09xs68y70v,pool1ylhh4u260wz52zpct0ce8txh8alm0zmjaf4fn69yz09xs68y70v,https://www.balanceanalytics.io/api/groupdata.json,2026-05-18T17:17:32+00:00
pool1ylkps8vax4nzxe507a0mx2svu3p8w2mkvdhyjqu7rl78q9rehh9,pool1ylkps8vax4nzxe507a0mx2svu3p8w2mkvdhyjqu7rl78q9rehh9,https://www.balanceanalytics.io/api/groupdata.json,2026-05-18T17:17:32+00:00
pool1ymmhkw7r5xj372w7gwel66fwtvqw4uv08j0fs2wycee96qv32j5,ASTRL,https://www.balanceanalytics.io/api/groupdata.json,2026-05-18T17:17:32+00:00
pool1ymqwfp9p8m6g09a6ca0mkm0nmc0ezgnvhtj0vpsvnmyjvy8zh7z,pool1ymqwfp9p8m6g09a6ca0mkm0nmc0ezgnvhtj0vpsvnmyjvy8zh7z,https://www.balanceanalytics.io/api/groupdata.json,2026-05-18T17:17:32+00:00
pool1ynxx88cq0y8vg8yrq3jrw6epm7rq9a8859v34sq9lzjy7ztg90u,EVE,https://www.balanceanalytics.io/api/groupdata.json,2026-05-18T17:17:32+00:00
pool1yp3f9645g70ncfrjfw4gw77gpnf80q7xpzwlce987g48k9lxsh9,pool1yp3f9645g70ncfrjfw4gw77gpnf80q7xpzwlce987g48k9lxsh9,https://www.balanceanalytics.io/api/groupdata.json,2026-05-18T17:17:32+00:00
pool1yp85j5tmfwwlj8hmsxcrp2dnxuu0fu858qvl6tpeedpckt9zvkj,BINANCE,https://www.balanceanalytics.io/api/groupdata.json,2026-05-18T17:17:32+00:00
pool1ypa0zl2q8lvvsujjfaust9jz0lla3mt3czzwhy58l0ku2r92rxn,pool1ypa0zl2q8lvvsujjfaust9jz0lla3mt3czzwhy58l0ku2r92rxn,https://www.balanceanalytics.io/api/groupdata.json,2026-05-18T17:17:32+00:00
pool1ype75xven042a8mwzpkxq5l02a2dkxqu098favvapr8vcjk36s0,pool1ype75xven042a8mwzpkxq5l02a2dkxqu098favvapr8vcjk36s0,https://www.balanceanalytics.io/api/groupdata.json,2026-05-18T17:17:32+00:00
pool1yqd4ln05uj7qd0fs657yufwa29an8lu49farezn0x6a9xph9h49,pool1yqd4ln05uj7qd0fs657yufwa29an8lu49farezn0x6a9xph9h49,https://www.balanceanalytics.io/api/groupdata.json,2026-05-18T17:17:32+00:00
pool1yqw3cxc8c9v34305ccz5sx5r4c7tx04ph4w2x8n2hczhurt9j0h,pool1yqw3cxc8c9v34305ccz5sx5r4c7tx04ph4w2x8n2hczhurt9j0h,https://www.balanceanalytics.io/api/groupdata.json,2026-05-18T17:17:32+00:00
pool1yr0cv3dtmhcfgqa6yetvmf769ngk89e6tepecmjrmjl2jzcw2lm,pool1yr0cv3dtmhcfgqa6yetvmf769ngk89e6tepecmjrmjl2jzcw2lm,https://www.balanceanalytics.io/api/groupdata.json,2026-05-18T17:17:32+00:00
pool1yraracv4ntq9azvjw2nkw8g4xluujalz8fpt2stz8rw6k0zueuv,ADALITE,https://www.balanceanalytics.io/api/groupdata.json,2026-05-18T17:17:32+00:00
pool1yrprrg6segrjprav2xjnvtgl57w6er3ttjskg70fjtwc524u0k4,pool1yrprrg6segrjprav2xjnvtgl57w6er3ttjskg70fjtwc524u0k4,https://www.balanceanalytics.io/api/groupdata.json,2026-05-18T17:17:32+00:00
pool1yrqdah7qxdlk9p4ht49gvpjumwlekke6ey9vuxfxeq3eys3sydt,pool1yrqdah7qxdlk9p4ht49gvpjumwlekke6ey9vuxfxeq3eys3sydt,https://www.balanceanalytics.io/api/groupdata.json,2026-05-18T17:17:32+00:00
pool1yrqqa03ea5fdh5hnap99k4actjtj6ypeeauuwrvf8d3zw9ywvye,pool1yrqqa03ea5fdh5hnap99k4actjtj6ypeeauuwrvf8d3zw9ywvye,https://www.balanceanalytics.io/api/groupdata.json,2026-05-18T17:17:32+00:00
pool1yrycp4fjyd0al60xw826jdju35zazqmfny53r07efucuvlvnej7,pool1yrycp4fjyd0al60xw826jdju35zazqmfny53r07efucuvlvnej7,https://www.balanceanalytics.io/api/groupdata.json,2026-05-18T17:17:32+00:00
pool1ys6fndfj9r6e2waeqmy27raejcqzm4u8ztjrp2naz95kgwyv9qu,BINANCE,https://www.balanceanalytics.io/api/groupdata.json,2026-05-18T17:17:32+00:00
pool1ysnxzyr2ck49pxafgq52tt8wzdhpcsqw3jxdftf7u2whgtmry3k,pool1ysnxzyr2ck49pxafgq52tt8wzdhpcsqw3jxdftf7u2whgtmry3k,https://www.balanceanalytics.io/api/groupdata.json,2026-05-18T17:17:32+00:00
pool1yt868wrp9s2x5pehe96del9m3nwasme62yw02vww3kg6zwzspcz,RAY,https://www.balanceanalytics.io/api/groupdata.json,2026-05-18T17:17:32+00:00
pool1ytfsdx0zjdum8qwrk6urv6u6gxvlnd3r93j8p8ckj57wz3aaudu,pool1ytfsdx0zjdum8qwrk6urv6u6gxvlnd3r93j8p8ckj57wz3aaudu,https://www.balanceanalytics.io/api/groupdata.json,2026-05-18T17:17:32+00:00
pool1ytszp582dm9u5un6mevt9czgcnuqhflwfr9ly4ukpeqcughryqh,pool1ytszp582dm9u5un6mevt9czgcnuqhflwfr9ly4ukpeqcughryqh,https://www.balanceanalytics.io/api/groupdata.json,2026-05-18T17:17:32+00:00
pool1ytx6pf99xwa9m68ueakap9u6dxwqdvvx4dkcfupzethqqc5kpny,pool1ytx6pf99xwa9m68ueakap9u6dxwqdvvx4dkcfupzethqqc5kpny,https://www.balanceanalytics.io/api/groupdata.json,2026-05-18T17:17:32+00:00
pool1ytyw34lckr8k9dhn59h287wqry5lk6waqtfhxe6v94v4gsaa7vx,pool1ytyw34lckr8k9dhn59h287wqry5lk6waqtfhxe6v94v4gsaa7vx,https://www.balanceanalytics.io/api/groupdata.json,2026-05-18T17:17:32+00:00
pool1yu9y9qvqu2d399qvzcy2ugnrsw4vh8uzsufq8jhyfrsjk563jqc,pool1yu9y9qvqu2d399qvzcy2ugnrsw4vh8uzsufq8jhyfrsjk563jqc,https://www.balanceanalytics.io/api/groupdata.json,2026-05-18T17:17:32+00:00
pool1yuq5ck8d6fssa3ju004wn9nap3ll06hd60a6tau4ptj8sqhtgsn,pool1yuq5ck8d6fssa3ju004wn9nap3ll06hd60a6tau4ptj8sqhtgsn,https://www.balanceanalytics.io/api/groupdata.json,2026-05-18T17:17:32+00:00
pool1yv4s4v3rjgzfwj4zxm8sy24e2vq6zaexp8eudyrk9rx7yhwaxke,pool1yv4s4v3rjgzfwj4zxm8sy24e2vq6zaexp8eudyrk9rx7yhwaxke,https://www.balanceanalytics.io/api/groupdata.json,2026-05-18T17:17:32+00:00
pool1yv8lps0rx4xxppwpm0vea852wwu6lg78xh3qfss7dmftq2gqy3r,pool1yv8lps0rx4xxppwpm0vea852wwu6lg78xh3qfss7dmftq2gqy3r,https://www.balanceanalytics.io/api/groupdata.json,2026-05-18T17:17:32+00:00
pool1yvf4nxph69ztm0tgj73ummxq45kfjhecyad26e3xc2002xgzalg,CCV,https://www.balanceanalytics.io/api/groupdata.json,2026-05-18T17:17:32+00:00
pool1yvwry5gmqta5tug7gjmfr33c2whdjf88tfykqckaxsdcgcd482q,pool1yvwry5gmqta5tug7gjmfr33c2whdjf88tfykqckaxsdcgcd482q,https://www.balanceanalytics.io/api/groupdata.json,2026-05-18T17:17:32+00:00
pool1yw05sn4p9972p6lsdw9g4twvwxdf72rqtfuvwn0wp736vh4azfn,pool1yw05sn4p9972p6lsdw9g4twvwxdf72rqtfuvwn0wp736vh4azfn,https://www.balanceanalytics.io/api/groupdata.json,2026-05-18T17:17:32+00:00
pool1yw8qh0jnnl6eumgzt77fulfhgmyzda39zcndgvyc27ffu6jeh5w,pool1yw8qh0jnnl6eumgzt77fulfhgmyzda39zcndgvyc27ffu6jeh5w,https://www.balanceanalytics.io/api/groupdata.json,2026-05-18T17:17:32+00:00
pool1ywnfn6dacddtyjw4kvn6zlxx9nn2g42eytl78s5zsjd4yaff9e3,pool1ywnfn6dacddtyjw4kvn6zlxx9nn2g42eytl78s5zsjd4yaff9e3,https://www.balanceanalytics.io/api/groupdata.json,2026-05-18T17:17:32+00:00
pool1ywpt43nttzjd7883wafg255mh0hmjypwe65ercw6p2sxg5lt7ez,EVE,https://www.balanceanalytics.io/api/groupdata.json,2026-05-18T17:17:32+00:00
pool1ywt7jqfsmxg0yplku4mtdwtm476rp72z6fns9mhevf7u72pkupj,pool1ywt7jqfsmxg0yplku4mtdwtm476rp72z6fns9mhevf7u72pkupj,https://www.balanceanalytics.io/api/groupdata.json,2026-05-18T17:17:32+00:00
pool1ywwtv7clgpjs88ysgpcntc6gemlrsy4037eulquswmtlv55cuzx,pool1ywwtv7clgpjs88ysgpcntc6gemlrsy4037eulquswmtlv55cuzx,https://www.balanceanalytics.io/api/groupdata.json,2026-05-18T17:17:32+00:00
pool1yxhf37v04q6cyrf8a4g64xsmvepwg5t2zc0qcquqjlph55ye2ef,pool1yxhf37v04q6cyrf8a4g64xsmvepwg5t2zc0qcquqjlph55ye2ef,https://www.balanceanalytics.io/api/groupdata.json,2026-05-18T17:17:32+00:00
pool1yxkhe2zp9rccyc3a79lxev5u585r3z0qqyl3qpx0t04hxhmlqgp,BINANCE,https://www.balanceanalytics.io/api/groupdata.json,2026-05-18T17:17:32+00:00
pool1yxw56fdlgnf6ee7gfcd8ruu3hss5wvh9m3ru0l2ltaz3v2pqf7k,pool1yxw56fdlgnf6ee7gfcd8ruu3hss5wvh9m3ru0l2ltaz3v2pqf7k,https://www.balanceanalytics.io/api/groupdata.json,2026-05-18T17:17:32+00:00
pool1yy7vaszhqx7h02rp8ey0p84yy5zv2r2awzddzceeaurrs8klzxt,pool1yy7vaszhqx7h02rp8ey0p84yy5zv2r2awzddzceeaurrs8klzxt,https://www.balanceanalytics.io/api/groupdata.json,2026-05-18T17:17:32+00:00
pool1yyar66t9fw9dscj8huhredgwplcnf22zq7q7vugur0t5c9nzt97,CHUCK BUX,https://www.balanceanalytics.io/api/groupdata.json,2026-05-18T17:17:32+00:00
pool1yydna77k2j8yq4fw08d202z664g3fvavfvqjg5g4lxmwzsa9k9u,pool1yydna77k2j8yq4fw08d202z664g3fvavfvqjg5g4lxmwzsa9k9u,https://www.balanceanalytics.io/api/groupdata.json,2026-05-18T17:17:32+00:00
pool1yytrxcl3qsflq0gkak0f9frcq67v8ty432rnjd4mnkla7858699,pool1yytrxcl3qsflq0gkak0f9frcq67v8ty432rnjd4mnkla7858699,https://www.balanceanalytics.io/api/groupdata.json,2026-05-18T17:17:32+00:00
pool1yyv7vx5zhhsd60jp4tl72vpznwvpvjp35m4z7jr42ugkxmndyv5,pool1yyv7vx5zhhsd60jp4tl72vpznwvpvjp35m4z7jr42ugkxmndyv5,https://www.balanceanalytics.io/api/groupdata.json,2026-05-18T17:17:32+00:00
pool1yz3fnqnsqhqpkc2tjqn4dkws8nnr8a5kcs50g780nh0wk8tgnp2,pool1yz3fnqnsqhqpkc2tjqn4dkws8nnr8a5kcs50g780nh0wk8tgnp2,https://www.balanceanalytics.io/api/groupdata.json,2026-05-18T17:17:32+00:00
pool1yzd344e32exxzjnjet4l466zcfnte5rnzveywvztxdxug2yu7m4,pool1yzd344e32exxzjnjet4l466zcfnte5rnzveywvztxdxug2yu7m4,https://www.balanceanalytics.io/api/groupdata.json,2026-05-18T17:17:32+00:00
pool1yztpevpmfyyz2eu4dklmgfx8g0q0vme7ppdsnawcpnwxs3vfxy7,pool1yztpevpmfyyz2eu4dklmgfx8g0q0vme7ppdsnawcpnwxs3vfxy7,https://www.balanceanalytics.io/api/groupdata.json,2026-05-18T17:17:32+00:00
pool1yzu4lp7f8ua7negffj8mmwfylx4ckhsu00a4gtf630rlcwnl7gd,LEO,https://www.balanceanalytics.io/api/groupdata.json,2026-05-18T17:17:32+00:00
pool1z033qtxzsn7c9az4fzz8z0ewnynzcuq2dy54v6tfyqz5vfjkmv0,pool1z033qtxzsn7c9az4fzz8z0ewnynzcuq2dy54v6tfyqz5vfjkmv0,https://www.balanceanalytics.io/api/groupdata.json,2026-05-18T17:17:32+00:00
pool1z075ym5pdu9cmeqzassp97z36ctkvuvg7pcxjzluyv5zqgau4xg,pool1z075ym5pdu9cmeqzassp97z36ctkvuvg7pcxjzluyv5zqgau4xg,https://www.balanceanalytics.io/api/groupdata.json,2026-05-18T17:17:32+00:00
pool1z097wh0vrf5sng32yhxnvgr90348g3nrs78keudyp880jeqlefg,pool1z097wh0vrf5sng32yhxnvgr90348g3nrs78keudyp880jeqlefg,https://www.balanceanalytics.io/api/groupdata.json,2026-05-18T17:17:32+00:00
pool1z26udkezqtry8xtca2u9f807ptf0llcv70rnr3j2357gqgrs79f,pool1z26udkezqtry8xtca2u9f807ptf0llcv70rnr3j2357gqgrs79f,https://www.balanceanalytics.io/api/groupdata.json,2026-05-18T17:17:32+00:00
pool1z2m3n779dyqjat2m8a5vl94nrl43xm2tlk8dtey6txggx0a6fyp,pool1z2m3n779dyqjat2m8a5vl94nrl43xm2tlk8dtey6txggx0a6fyp,https://www.balanceanalytics.io/api/groupdata.json,2026-05-18T17:17:32+00:00
pool1z39sker5renxhep9m7z8aae2yh56940gwykptfcf053473mwy8t,pool1z39sker5renxhep9m7z8aae2yh56940gwykptfcf053473mwy8t,https://www.balanceanalytics.io/api/groupdata.json,2026-05-18T17:17:32+00:00
pool1z44fjvz77atzgwcwmwtls7skggnczlx8e30pugqn6ugajjrzgc3,pool1z44fjvz77atzgwcwmwtls7skggnczlx8e30pugqn6ugajjrzgc3,https://www.balanceanalytics.io/api/groupdata.json,2026-05-18T17:17:32+00:00
pool1z46azf72z9yjlq6rpngwn5syg5xup8jcwguu2t259ngl5cnv2ds,BINANCE,https://www.balanceanalytics.io/api/groupdata.json,2026-05-18T17:17:32+00:00
pool1z4d4s883ul7h6vsrmg9s3t64df2vcx02h8tqtm8sq5yqw62pu44,pool1z4d4s883ul7h6vsrmg9s3t64df2vcx02h8tqtm8sq5yqw62pu44,https://www.balanceanalytics.io/api/groupdata.json,2026-05-18T17:17:32+00:00
pool1z4f2vmmwckcm6c4fmhn3vmymhsg8gjukx5905g54hlhqs9kaht9,pool1z4f2vmmwckcm6c4fmhn3vmymhsg8gjukx5905g54hlhqs9kaht9,https://www.balanceanalytics.io/api/groupdata.json,2026-05-18T17:17:32+00:00
pool1z4qt2tr9hvchx4nkerh7e388c7ma5leu3leqnu797vf7yxt55vv,pool1z4qt2tr9hvchx4nkerh7e388c7ma5leu3leqnu797vf7yxt55vv,https://www.balanceanalytics.io/api/groupdata.json,2026-05-18T17:17:32+00:00
pool1z59y9zk6kvyzl9fv7evxpnry8sk6ymxuee0lc6kw2rkvzh6f077,pool1z59y9zk6kvyzl9fv7evxpnry8sk6ymxuee0lc6kw2rkvzh6f077,https://www.balanceanalytics.io/api/groupdata.json,2026-05-18T17:17:32+00:00
pool1z5h4jhmhqrd2ndrhn3w7kr8nvcqwunds53hrs6vpzr882x4n3la,pool1z5h4jhmhqrd2ndrhn3w7kr8nvcqwunds53hrs6vpzr882x4n3la,https://www.balanceanalytics.io/api/groupdata.json,2026-05-18T17:17:32+00:00
pool1z5rt6kn6yvuczj44qla73mfyln9l55lw0jkz6x4kjw00u32zec3,5BINARIES,https://www.balanceanalytics.io/api/groupdata.json,2026-05-18T17:17:32+00:00
pool1z5uqdk7dzdxaae5633fqfcu2eqzy3a3rgtuvy087fdld7yws0xt,pool1z5uqdk7dzdxaae5633fqfcu2eqzy3a3rgtuvy087fdld7yws0xt,https://www.balanceanalytics.io/api/groupdata.json,2026-05-18T17:17:32+00:00
pool1z67f7602nfugu5z05tn2t5p3nffafk9v9rfxkwrhdj4rv6dg3sm,pool1z67f7602nfugu5z05tn2t5p3nffafk9v9rfxkwrhdj4rv6dg3sm,https://www.balanceanalytics.io/api/groupdata.json,2026-05-18T17:17:32+00:00
pool1z724xxqgzf9a30eejsa4edznmv8hgy27ssxqfcpqz42sc6lfqwu,pool1z724xxqgzf9a30eejsa4edznmv8hgy27ssxqfcpqz42sc6lfqwu,https://www.balanceanalytics.io/api/groupdata.json,2026-05-18T17:17:32+00:00
pool1z7l2rgt7vdlkxqulpvtvq9tash3zgydstpyhe47rtxv0kggyzf2,pool1z7l2rgt7vdlkxqulpvtvq9tash3zgydstpyhe47rtxv0kggyzf2,https://www.balanceanalytics.io/api/groupdata.json,2026-05-18T17:17:32+00:00
pool1z7n2ruhmxmv77f6cqhd3wsy6774h2wuay77agxuf2y9mj8q55vw,1PCT,https://www.balanceanalytics.io/api/groupdata.json,2026-05-18T17:17:32+00:00
pool1z847n6rhljnzkel09jj2hyg9da38uap2yx3ev3k6p7ytqs3fpyp,pool1z847n6rhljnzkel09jj2hyg9da38uap2yx3ev3k6p7ytqs3fpyp,https://www.balanceanalytics.io/api/groupdata.json,2026-05-18T17:17:32+00:00
pool1z8rxpwrukslywg9s2wy4kvfhknqg7dnah5pszf7fcm0fu2valeh,BINANCE,https://www.balanceanalytics.io/api/groupdata.json,2026-05-18T17:17:32+00:00
pool1z9m2kxeat06t30yf6ar7sqpert0cjdgxzcv2dv36dcwcqcqtgk4,5BINARIES,https://www.balanceanalytics.io/api/groupdata.json,2026-05-18T17:17:32+00:00
pool1zafqrgf3e4nzz8kxplgujxmcztzj30kk6zjzu6glgc0wsqe8vp3,pool1zafqrgf3e4nzz8kxplgujxmcztzj30kk6zjzu6glgc0wsqe8vp3,https://www.balanceanalytics.io/api/groupdata.json,2026-05-18T17:17:32+00:00
pool1zc5l0d0j9d0969z7ssphjdq7rfexhnhrfdp2e88sv05ujlaxfk3,NKR,https://www.balanceanalytics.io/api/groupdata.json,2026-05-18T17:17:32+00:00
pool1zc7vxe3ymyej76h8wu8gm79chtt7w9c3adkza4uhrjvagr9w4zp,KAIZN,https://www.balanceanalytics.io/api/groupdata.json,2026-05-18T17:17:32+00:00
pool1zcdptx4spapxquc0rpeu33ucc3x08g9wxsmm0qchqg0dgxrh6g7,pool1zcdptx4spapxquc0rpeu33ucc3x08g9wxsmm0qchqg0dgxrh6g7,https://www.balanceanalytics.io/api/groupdata.json,2026-05-18T17:17:32+00:00
pool1zcdwn5z04gw7m0n7qzwx9gqn8a9l3wfcvejc3wrdxfuhc88usua,pool1zcdwn5z04gw7m0n7qzwx9gqn8a9l3wfcvejc3wrdxfuhc88usua,https://www.balanceanalytics.io/api/groupdata.json,2026-05-18T17:17:32+00:00
pool1zcfkct0ceppnf2wqtstdry7r7w8mswtygtc344j2rlp2wmgvxyu,pool1zcfkct0ceppnf2wqtstdry7r7w8mswtygtc344j2rlp2wmgvxyu,https://www.balanceanalytics.io/api/groupdata.json,2026-05-18T17:17:32+00:00
pool1zcsewd3lx0az3jqhf2myk56vj748h2z54jascwfn7keqgn6vah3,pool1zcsewd3lx0az3jqhf2myk56vj748h2z54jascwfn7keqgn6vah3,https://www.balanceanalytics.io/api/groupdata.json,2026-05-18T17:17:32+00:00
pool1zd5jmdvhgcqja28at800tle5qltucce5979x3jgdv0g9qcmw268,pool1zd5jmdvhgcqja28at800tle5qltucce5979x3jgdv0g9qcmw268,https://www.balanceanalytics.io/api/groupdata.json,2026-05-18T17:17:32+00:00
pool1zd728035u3406eff69h9a8gj8tg927qe62xwvg4leghwvs5hhmv,pool1zd728035u3406eff69h9a8gj8tg927qe62xwvg4leghwvs5hhmv,https://www.balanceanalytics.io/api/groupdata.json,2026-05-18T17:17:32+00:00
pool1zdl39pvapcaj5um8nyduaq2vmn64dqwz4qlhnzurnca8zetk74s,pool1zdl39pvapcaj5um8nyduaq2vmn64dqwz4qlhnzurnca8zetk74s,https://www.balanceanalytics.io/api/groupdata.json,2026-05-18T17:17:32+00:00
pool1zdn25g5v2qlcnerghvj60djfzzex9q6aysr3mdqz37x7qryesjj,pool1zdn25g5v2qlcnerghvj60djfzzex9q6aysr3mdqz37x7qryesjj,https://www.balanceanalytics.io/api/groupdata.json,2026-05-18T17:17:32+00:00
pool1zdtqtsu3l3ytatzyvrq48d4mpnll9c5evwfq6taxkmn9vvdz839,WEP,https://www.balanceanalytics.io/api/groupdata.json,2026-05-18T17:17:32+00:00
pool1ze57pe06f82s3v8ugjqxrny56sj63vs26sm5q879ahkkq69zn0c,pool1ze57pe06f82s3v8ugjqxrny56sj63vs26sm5q879ahkkq69zn0c,https://www.balanceanalytics.io/api/groupdata.json,2026-05-18T17:17:32+00:00
pool1zevtw8lsd6xh45v2mfw3ay5rqtgyt5dm77daglqwjnpgjgc0ynp,pool1zevtw8lsd6xh45v2mfw3ay5rqtgyt5dm77daglqwjnpgjgc0ynp,https://www.balanceanalytics.io/api/groupdata.json,2026-05-18T17:17:32+00:00
pool1zeya2r53sxmqh2ux3ssfsrqerergnw2hjxmp63r83ntwverpqwm,pool1zeya2r53sxmqh2ux3ssfsrqerergnw2hjxmp63r83ntwverpqwm,https://www.balanceanalytics.io/api/groupdata.json,2026-05-18T17:17:32+00:00
pool1zf7aswkv5ll0ej9fcg45jf6cqt2ee7tn3l2wq6zyx05t7a5srus,pool1zf7aswkv5ll0ej9fcg45jf6cqt2ee7tn3l2wq6zyx05t7a5srus,https://www.balanceanalytics.io/api/groupdata.json,2026-05-18T17:17:32+00:00
pool1zfhww5y28t303z6uyq3w47pkhfmxww9dsn89vrxteplg2zjkekl,pool1zfhww5y28t303z6uyq3w47pkhfmxww9dsn89vrxteplg2zjkekl,https://www.balanceanalytics.io/api/groupdata.json,2026-05-18T17:17:32+00:00
pool1zga7fc8swn5l4rha04ddq07m2rc8rh9vxqmc56j4k2l2xy4lw22,pool1zga7fc8swn5l4rha04ddq07m2rc8rh9vxqmc56j4k2l2xy4lw22,https://www.balanceanalytics.io/api/groupdata.json,2026-05-18T17:17:32+00:00
pool1zgjk3dzwcwd02juqntuzknr368hvxjxy8l8uzkxvgu4252d7ekf,BD,https://www.balanceanalytics.io/api/groupdata.json,2026-05-18T17:17:32+00:00
pool1zgxvcqf0dvh0ze56ev2ayjvuex3zdd3hgxzdrcezkx497mv3l7s,EVE,https://www.balanceanalytics.io/api/groupdata.json,2026-05-18T17:17:32+00:00
pool1zgzyp6nt5084e8renptskpyaksd79uvl4hrfvnszpxyfzdt86k8,pool1zgzyp6nt5084e8renptskpyaksd79uvl4hrfvnszpxyfzdt86k8,https://www.balanceanalytics.io/api/groupdata.json,2026-05-18T17:17:32+00:00
pool1zhy8k6aswdeshg5g4tr6xpchzsuec7re87d484ehptryyrpxe9j,pool1zhy8k6aswdeshg5g4tr6xpchzsuec7re87d484ehptryyrpxe9j,https://www.balanceanalytics.io/api/groupdata.json,2026-05-18T17:17:32+00:00
pool1zj4h7kc6v53q9r8x3fwzfuayf2frwme8u5k86gu0uzeeuvqxgul,pool1zj4h7kc6v53q9r8x3fwzfuayf2frwme8u5k86gu0uzeeuvqxgul,https://www.balanceanalytics.io/api/groupdata.json,2026-05-18T17:17:32+00:00
pool1zjecj80kehtj88py42j9hxvfspqnvc7vcqrev5kcsfyzyn0a4kn,pool1zjecj80kehtj88py42j9hxvfspqnvc7vcqrev5kcsfyzyn0a4kn,https://www.balanceanalytics.io/api/groupdata.json,2026-05-18T17:17:32+00:00
pool1zjjr7qm06ywwwd03fpc40u24uxt3kruesr6knpmdzj3ejxytjf0,pool1zjjr7qm06ywwwd03fpc40u24uxt3kruesr6knpmdzj3ejxytjf0,https://www.balanceanalytics.io/api/groupdata.json,2026-05-18T17:17:32+00:00
pool1zk6uxgptztrxxamzd0ugrtu84xg8mjymd2xcdvxqazpruqt9r3x,OCEAN,https://www.balanceanalytics.io/api/groupdata.json,2026-05-18T17:17:32+00:00
pool1zkdaju2rjefa52uh6yh6etsxla0x6aqs6p6wm245y5szk7k3msd,pool1zkdaju2rjefa52uh6yh6etsxla0x6aqs6p6wm245y5szk7k3msd,https://www.balanceanalytics.io/api/groupdata.json,2026-05-18T17:17:32+00:00
pool1zkdc6ve9nndk7vxnjlalhqt4hr5h8auz5qzjk7lrjrqtv23yuy5,pool1zkdc6ve9nndk7vxnjlalhqt4hr5h8auz5qzjk7lrjrqtv23yuy5,https://www.balanceanalytics.io/api/groupdata.json,2026-05-18T17:17:32+00:00
pool1zkq5fgc00wumz3zruusfj7pdvuy0q94tyzn0pmn8lpuwgkjrv7l,pool1zkq5fgc00wumz3zruusfj7pdvuy0q94tyzn0pmn8lpuwgkjrv7l,https://www.balanceanalytics.io/api/groupdata.json,2026-05-18T17:17:32+00:00
pool1zlp4zm0pcw7uw0f72uch3sdypg7x5qut4tc9d70v0n5g5xuazmx,pool1zlp4zm0pcw7uw0f72uch3sdypg7x5qut4tc9d70v0n5g5xuazmx,https://www.balanceanalytics.io/api/groupdata.json,2026-05-18T17:17:32+00:00
pool1zlsrcv64qzzahdky99r3e2m0wd68uav3d7f5nxegalhj66r8nnj,pool1zlsrcv64qzzahdky99r3e2m0wd68uav3d7f5nxegalhj66r8nnj,https://www.balanceanalytics.io/api/groupdata.json,2026-05-18T17:17:32+00:00
pool1zmfpd5r5vfwjmwm4cgy53exe58h7plnecny3t4948yw7zumzp4c,pool1zmfpd5r5vfwjmwm4cgy53exe58h7plnecny3t4948yw7zumzp4c,https://www.balanceanalytics.io/api/groupdata.json,2026-05-18T17:17:32+00:00
pool1zmhvvzlqp0xrhhqjhxyvfuct83wk4w85jckfkypz4fskcjzze2x,TKGEM,https://www.balanceanalytics.io/api/groupdata.json,2026-05-18T17:17:32+00:00
pool1zmj5rkpvhdknscjrgul4cxw4xhaqfhfcjqv9kffmhd0zvdx6rvd,pool1zmj5rkpvhdknscjrgul4cxw4xhaqfhfcjqv9kffmhd0zvdx6rvd,https://www.balanceanalytics.io/api/groupdata.json,2026-05-18T17:17:32+00:00
pool1zmtm8yef7725p9n7x433m50kvv9xpzjujnny9m5t960g5qm30ua,1PCT,https://www.balanceanalytics.io/api/groupdata.json,2026-05-18T17:17:32+00:00
pool1zn4wnk52kmfjy9mw4z85p6wn9kzrn94l9h5gys8r2k2w57mdnhh,pool1zn4wnk52kmfjy9mw4z85p6wn9kzrn94l9h5gys8r2k2w57mdnhh,https://www.balanceanalytics.io/api/groupdata.json,2026-05-18T17:17:32+00:00
pool1zn9hjcmfddhcp2aj9xxuvz7z40rasyatkgavr8ryyz72qdfwtrj,pool1zn9hjcmfddhcp2aj9xxuvz7z40rasyatkgavr8ryyz72qdfwtrj,https://www.balanceanalytics.io/api/groupdata.json,2026-05-18T17:17:32+00:00
pool1zncpr3n2x29fwaec9a2jstltd8y87vam6swqtjmphypzgpzppgs,pool1zncpr3n2x29fwaec9a2jstltd8y87vam6swqtjmphypzgpzppgs,https://www.balanceanalytics.io/api/groupdata.json,2026-05-18T17:17:32+00:00
pool1znp7z30qfdgwcwel4htqmwapfm2h05ml32ttt8znevtz2vwnqwt,pool1znp7z30qfdgwcwel4htqmwapfm2h05ml32ttt8znevtz2vwnqwt,https://www.balanceanalytics.io/api/groupdata.json,2026-05-18T17:17:32+00:00
pool1znza67r0kmuy6l3gq34h5vqfygpdt82g8uss5td7upneqqyqwnr,pool1znza67r0kmuy6l3gq34h5vqfygpdt82g8uss5td7upneqqyqwnr,https://www.balanceanalytics.io/api/groupdata.json,2026-05-18T17:17:32+00:00
pool1zpdxs9nsrfrl9l2rywdfxsrqveqfzvqjsy2g24pmkpvkslky3v5,YUTA,https://www.balanceanalytics.io/api/groupdata.json,2026-05-18T17:17:32+00:00
pool1zpkqlcpu5gyk0s5e9263y5n7vzmkgrtpca0u4xpxan02w8ld0nr,pool1zpkqlcpu5gyk0s5e9263y5n7vzmkgrtpca0u4xpxan02w8ld0nr,https://www.balanceanalytics.io/api/groupdata.json,2026-05-18T17:17:32+00:00
pool1zpsk3ql6qgzkgqncrlzulf9dype3km52rcdnajn5ttddwhhc3vj,pool1zpsk3ql6qgzkgqncrlzulf9dype3km52rcdnajn5ttddwhhc3vj,https://www.balanceanalytics.io/api/groupdata.json,2026-05-18T17:17:32+00:00
pool1zqcz8zt9v07ygj06zr28lwm85s20f6w2qdcdltjyd0wuklydqnd,pool1zqcz8zt9v07ygj06zr28lwm85s20f6w2qdcdltjyd0wuklydqnd,https://www.balanceanalytics.io/api/groupdata.json,2026-05-18T17:17:32+00:00
pool1zqum2d8muc3wju35d3uwpvkkfmdmms6mzhfuvpd6hyvx624qwwa,pool1zqum2d8muc3wju35d3uwpvkkfmdmms6mzhfuvpd6hyvx624qwwa,https://www.balanceanalytics.io/api/groupdata.json,2026-05-18T17:17:32+00:00
pool1zsfyca7vnftr3ywzhwq07whjev9nau2j65mq6kehnpvvccstlzz,pool1zsfyca7vnftr3ywzhwq07whjev9nau2j65mq6kehnpvvccstlzz,https://www.balanceanalytics.io/api/groupdata.json,2026-05-18T17:17:32+00:00
pool1zsjkw3y0kyhce6esgat3r3vec9z9rwud79lpv00u84646pu7rvf,pool1zsjkw3y0kyhce6esgat3r3vec9z9rwud79lpv00u84646pu7rvf,https://www.balanceanalytics.io/api/groupdata.json,2026-05-18T17:17:32+00:00
pool1zst2k3wnmtq69vqzm086q9m7v7dn3gpsu9fgxy2vasew6l8nlt0,pool1zst2k3wnmtq69vqzm086q9m7v7dn3gpsu9fgxy2vasew6l8nlt0,https://www.balanceanalytics.io/api/groupdata.json,2026-05-18T17:17:32+00:00
pool1zsyqzr04g5pr3nv7vfk8ldc3uf0xljc8yftdsqpxxqpychpxj65,pool1zsyqzr04g5pr3nv7vfk8ldc3uf0xljc8yftdsqpxxqpychpxj65,https://www.balanceanalytics.io/api/groupdata.json,2026-05-18T17:17:32+00:00
pool1zt2d9aa8ck62uyy985yny47hr0f6cmf2hnxzke0up0lc7zcp65f,pool1zt2d9aa8ck62uyy985yny47hr0f6cmf2hnxzke0up0lc7zcp65f,https://www.balanceanalytics.io/api/groupdata.json,2026-05-18T17:17:32+00:00
pool1ztk6dcj2nc3plnujf3ek6jqngtx8hcryufz56lyumemlcy2xxn0,IAGON,https://www.balanceanalytics.io/api/groupdata.json,2026-05-18T17:17:32+00:00
pool1ztpwatlnzskuruwe7hxwvu6xjsv6l24835pyvpx7lslccy3xx9a,pool1ztpwatlnzskuruwe7hxwvu6xjsv6l24835pyvpx7lslccy3xx9a,https://www.balanceanalytics.io/api/groupdata.json,2026-05-18T17:17:32+00:00
pool1ztz3370gwds2v7hjzgtns33f7kw0qp0zjx34esg3dvlcycnnte5,pool1ztz3370gwds2v7hjzgtns33f7kw0qp0zjx34esg3dvlcycnnte5,https://www.balanceanalytics.io/api/groupdata.json,2026-05-18T17:17:32+00:00
pool1zvm45jj5wz6kgfr2xfg75rx0auzxaedu4ulddhnrzk4uwuyuvpn,CPU,https://www.balanceanalytics.io/api/groupdata.json,2026-05-18T17:17:32+00:00
pool1zvsanfncazr5udf0s0s07hzd0e0nkqhza9d8h48ujq65vuamnu3,pool1zvsanfncazr5udf0s0s07hzd0e0nkqhza9d8h48ujq65vuamnu3,https://www.balanceanalytics.io/api/groupdata.json,2026-05-18T17:17:32+00:00
pool1zw2jtdlmmnrq06sx78rnq8ha90d0xs3gyaxrqc3llxe9y4edtv8,pool1zw2jtdlmmnrq06sx78rnq8ha90d0xs3gyaxrqc3llxe9y4edtv8,https://www.balanceanalytics.io/api/groupdata.json,2026-05-18T17:17:32+00:00
pool1zwqrrwpr5zx7c3f4ukpu4r4fz5c2hkwx9vwqka5068urgqvpjzr,pool1zwqrrwpr5zx7c3f4ukpu4r4fz5c2hkwx9vwqka5068urgqvpjzr,https://www.balanceanalytics.io/api/groupdata.json,2026-05-18T17:17:32+00:00
pool1zwvfvst3jldarh3sgjn07c3vk5yw8jz6p9m9xty5cakgqed6c9t,pool1zwvfvst3jldarh3sgjn07c3vk5yw8jz6p9m9xty5cakgqed6c9t,https://www.balanceanalytics.io/api/groupdata.json,2026-05-18T17:17:32+00:00
pool1zx0lmhdymz23e702clzyywdw522nh66eqaseaye8sue3cyfzkar,pool1zx0lmhdymz23e702clzyywdw522nh66eqaseaye8sue3cyfzkar,https://www.balanceanalytics.io/api/groupdata.json,2026-05-18T17:17:32+00:00
pool1zx293a3jpjh9sln53uhlc34ccnppl6sze22rrcmt04enzapl935,pool1zx293a3jpjh9sln53uhlc34ccnppl6sze22rrcmt04enzapl935,https://www.balanceanalytics.io/api/groupdata.json,2026-05-18T17:17:32+00:00
pool1zx909vz9qe73avvpd0y7qqcwz8fffvnup6yuq2e8hql4svk9xr7,pool1zx909vz9qe73avvpd0y7qqcwz8fffvnup6yuq2e8hql4svk9xr7,https://www.balanceanalytics.io/api/groupdata.json,2026-05-18T17:17:32+00:00
pool1zxklu387uqpzpteqfk48enkuwyjvq0qawc2wvrdym540zk0yqps,BINANCE,https://www.balanceanalytics.io/api/groupdata.json,2026-05-18T17:17:32+00:00
pool1zxldj0cuqn7t6twn830eg5ye832z3yh7gszdkejc4f2sx02y84p,pool1zxldj0cuqn7t6twn830eg5ye832z3yh7gszdkejc4f2sx02y84p,https://www.balanceanalytics.io/api/groupdata.json,2026-05-18T17:17:32+00:00
pool1zy0mg8thm4au4cqaz5gz4ah9ms6894e2vqkl9a6l2uq4vas3yam,pool1zy0mg8thm4au4cqaz5gz4ah9ms6894e2vqkl9a6l2uq4vas3yam,https://www.balanceanalytics.io/api/groupdata.json,2026-05-18T17:17:32+00:00
pool1zydxfglzuvv6septzwzfgyslcdjsytealqmflft7kc57j9tqcvz,pool1zydxfglzuvv6septzwzfgyslcdjsytealqmflft7kc57j9tqcvz,https://www.balanceanalytics.io/api/groupdata.json,2026-05-18T17:17:32+00:00
pool1zyjvzvvkppsepsv4d75t2lmxt5p3cpn73pw7jk9gstxh78aa9ah,pool1zyjvzvvkppsepsv4d75t2lmxt5p3cpn73pw7jk9gstxh78aa9ah,https://www.balanceanalytics.io/api/groupdata.json,2026-05-18T17:17:32+00:00
pool1zytydvyy3qztrs8l2xyggvkfcjctp23m2hc3aj7sudnzgny79cg,pool1zytydvyy3qztrs8l2xyggvkfcjctp23m2hc3aj7sudnzgny79cg,https://www.balanceanalytics.io/api/groupdata.json,2026-05-18T17:17:32+00:00
pool1zyzfcyhtmes7j3f3avksy26yhf8ah3ywag2t7m9l9fh5g8yaerl,pool1zyzfcyhtmes7j3f3avksy26yhf8ah3ywag2t7m9l9fh5g8yaerl,https://www.balanceanalytics.io/api/groupdata.json,2026-05-18T17:17:32+00:00
pool1zz7x8ergn02chznayj9fjds2gk5q6prmpdr49faspd65kzqsrjs,NGINE,https://www.balanceanalytics.io/api/groupdata.json,2026-05-18T17:17:32+00:00
