pool_hash,pool_id,operator_group,source,source_detail
20d72d4a07d2e1951d9d1ef27b6bab3c810444d667b13387eae89d77,,0FEE,pool_groups_2021_01_06_99b3c61d,pool_list.json cluster_name; ticker=0FEE8; name=0 fee club
3255c0e0a0f673b09de6bd68dda3bb31a7cfc7959e316930642c107e,,0FEE,pool_groups_2021_01_06_99b3c61d,pool_list.json cluster_name; ticker=0FEE9; name=0 fee club
4ccf05ec7a62460384a951c590e58c7294a9031309d03834e3496f35,,0FEE,pool_groups_2021_01_06_99b3c61d,pool_list.json cluster_name; ticker=0FEE5; name=0 fee club
53228453540d4190af4cae49be60cc6e8219682ecc2bbbced7d8f20b,,0FEE,pool_groups_2021_01_06_99b3c61d,pool_list.json cluster_name; ticker=0FEE6; name=0 fee club
96b0dac2d1da7a46ef457c75121686cb083f592227cd414e0ec138b8,,0FEE,pool_groups_2021_01_06_99b3c61d,pool_list.json cluster_name; ticker=0FEE0; name=0 fee club
9f993ee3ed3cbb87e8096735bae69297cf34706e20720602a1804810,,0FEE,pool_groups_2021_01_06_99b3c61d,pool_list.json cluster_name; ticker=0FEE2; name=0 fee club
a5badbd63e2af0474baaa92cac4f2b847f0b333681ad53254253e7c6,,0FEE,pool_groups_2021_01_06_99b3c61d,pool_list.json cluster_name; ticker=0FEE1; name=0 fee club
af55538be1b01342af8b400d7f83844bfed9faf3e38fb5b9f6ff57c4,,0FEE,pool_groups_2021_01_06_99b3c61d,pool_list.json cluster_name; ticker=0FEE7; name=0 fee club
d01379b3dc768ece2a25f2c20b6b434d79dcd9bb16b1645e9a62d500,,0FEE,pool_groups_2021_01_06_99b3c61d,pool_list.json cluster_name; ticker=0FEE4; name=0 fee club
d51eb01bbfc128e557b51ea104983dc3825cd73e11fa1c33b950c66f,,0FEE,pool_groups_2021_01_06_99b3c61d,pool_list.json cluster_name; ticker=0FEE3; name=0 fee club
5606dd286691c8323217da1d630bbee6e3cbf48173659cfca7fcec9a,,0PCT,pool_groups_2021_01_06_99b3c61d,pool_list.json cluster_name; ticker=0PCT1; name=0 Percent Pool
657adbe7f383bbe0b98a9ca74b9ebd5b9e7dff1e2ffeacbbeab20d76,,0PCT,pool_groups_2021_01_06_99b3c61d,pool_list.json cluster_name; ticker=0PCT2; name=0 Percent Pools
f0e708ba4407cb2414d6138b739d2fb416dd1621deb8371b6ccc8088,,0PCT,pool_groups_2021_01_06_99b3c61d,pool_list.json cluster_name; ticker=0PCT; name=0 Percent Pool
03646a1b39e69473a57bbeda37e35be8adcefb6ff608dd8fc726d371,pool1qdjx5xeeu6288ftmhmdr0c6mazkua7m07cydmr78ymfhz7jj7g4,1PCT,pool_groups_current_HEAD,pool_clusters.json group; ticker=1PCT; balanceanalytics_group=1PCT; adastat_group=1percentpool.eu
16d7b39329f79540967e35631dd1f6630a608a5c94e642ee8b2e9e8a,pool1zmtm8yef7725p9n7x433m50kvv9xpzjujnny9m5t960g5qm30ua,1PCT,pool_groups_current_HEAD,pool_clusters.json group; ticker=1PCT1; balanceanalytics_group=1PCT; adastat_group=1percentpool.eu
17a6a1f2fb36d9ef275805db17409af7ab753b9d27bdd41b89510bb9,pool1z7n2ruhmxmv77f6cqhd3wsy6774h2wuay77agxuf2y9mj8q55vw,1PCT,pool_groups_current_HEAD,pool_clusters.json group; ticker=1PCT2; balanceanalytics_group=1PCT; adastat_group=1percentpool.eu
1d8988c2057d6efd6a094e468840a51942ab03b5b69b07a2bca71b53,pool1rkyc3ss904h066sffergss99r9p2kqa4k6ds0g4u5ud4x7yaajd,1PCT,pool_groups_current_HEAD,pool_clusters.json group; ticker=1PCT5; balanceanalytics_group=1PCT; adastat_group=1percentpool.eu
27fdacbd3703ed8491520415b5eaff29b241cf30cdc01786b03975f7,pool1yl76e0fhq0kcfy2jqs2mt6hl9xeyrnesehqp0p4s896lwv7hrta,1PCT,pool_groups_current_HEAD,pool_clusters.json group; ticker=1PCT9; balanceanalytics_group=1PCT; adastat_group=1percentpool.eu
38a7e77635a708b921b02dc819c65c44c405a775c4c9eece16b63687,pool18zn7wa345uytjgds9hypn3jugnzqtfm4cny7anskkcmgwwxtwca,1PCT,pool_groups_current_HEAD,pool_clusters.json group; ticker=1PCT7; balanceanalytics_group=1PCT; adastat_group=1percentpool.eu
3ef28c9dcc109acb9f0636a789808cee3f5f9b96754b4c1fc6d88e0c,pool18mege8wvzzdvh8cxx6ncnqyvacl4lxukw495c87xmz8qcdl6lj8,1PCT,pool_groups_current_HEAD,pool_clusters.json group; ticker=1PCT6; balanceanalytics_group=1PCT; adastat_group=1percentpool.eu
41c8a40ab0b78d727655d165f946722728dfb01df2fcc2e148b3c98d,pool1g8y2gz4sk7xhyaj469jlj3njyu5dlvqa7t7v9c2gk0yc69879z8,1PCT,pool_groups_current_HEAD,pool_clusters.json group; ticker=1PCT0; balanceanalytics_group=1PCT; adastat_group=1percentpool.eu
43e608ee299b1aaad2d54f5986717379598cbc90ba291a27476a8dda,pool1g0nq3m3fnvd245k4favcvutn09vce0yshg535f68d2xa54vy0cc,1PCT,pool_groups_current_HEAD,pool_clusters.json group; ticker=1PCT3; balanceanalytics_group=1PCT; adastat_group=1percentpool.eu
463e481957f266d93e4decbfb73003380ab17223e0e569f71c7a525a,pool1gclysx2h7fndj0jdajlmwvqr8q9tzu3rurjknacu0ff954fsg9a,1PCT,pool_groups_current_HEAD,pool_clusters.json group; ticker=1PCT0; balanceanalytics_group=1PCT; adastat_group=1percentpool.eu
550e404e1946236f0fa0c36c6e54e58f41931bf24ff682a0ba226fd5,pool1258yqnsegc3k7raqcdkxu4893aqexxljflmg9g96yfha2qytayv,1PCT,pool_groups_current_HEAD,pool_clusters.json group; ticker=1PCT2; balanceanalytics_group=1PCT; adastat_group=1percentpool.eu
56f78c5478524496790461eefd4d9380f71dfb231358736902648dfe,pool12mmcc4rc2fzfv7gyv8h06nvnsrm3m7erzdv8x6gzvjxlu2lf09n,1PCT,pool_groups_current_HEAD,pool_clusters.json group; ticker=1PCT3; balanceanalytics_group=1PCT; adastat_group=1percentpool.eu
64e09628015d1065e4a11f032c90f677ba1f2f583ff0f55a158450b0,pool1vnsfv2qpt5gxte9prupjey8kw7ap7t6c8lc02ks4s3gtqplhgd3,1PCT,pool_groups_current_HEAD,pool_clusters.json group; ticker=1PCT4; balanceanalytics_group=1PCT; adastat_group=1percentpool.eu
6b5180a258275c671690c94c704f074190e90ea900ed565b4c29abe8,pool1ddgcpgjcyawxw95se9x8qnc8gxgwjr4fqrk4vk6v9x47s0ggpjp,1PCT,pool_groups_current_HEAD,pool_clusters.json group; ticker=1PCT8; balanceanalytics_group=1PCT; adastat_group=1percentpool.eu
6b9da81e0b66fcdfaa67f55f08b28399b70e031f3cb13e6aa8f61b0a,pool1dww6s8stvm7dl2n8740s3v5rnxmsuqcl8jcnu64g7cds5w29pft,1PCT,pool_groups_current_HEAD,pool_clusters.json group; ticker=1PCT3; balanceanalytics_group=1PCT; adastat_group=1percentpool.eu
71efddeabf5dd8211853a5ed30548391ccb54fa3b55e5828db9afee6,pool1w8ham64lthvzzxzn5hknq4yrj8xt2nark409s2xmntlwvt4ag3r,1PCT,pool_groups_current_HEAD,pool_clusters.json group; ticker=1PCT7; balanceanalytics_group=1PCT; adastat_group=1percentpool.eu
757bbac0aeaa2cb38deaad2dbd298b9cd85bdc1a968f930aea093a63,pool1w4am4s9w4gkt8r0245km62vtnnv9hhq6j68exzh2pyaxxfaq0gc,1PCT,pool_groups_current_HEAD,pool_clusters.json group; ticker=1PCT2; balanceanalytics_group=1PCT; adastat_group=1percentpool.eu
844540411ea37a35689620b02570eec2a0e403c1207c92c1b7a4dfa0,pool1s3z5qsg75dar26ykyzcz2u8wc2swgq7pyp7f9sdh5n06qh3jhq2,1PCT,pool_groups_current_HEAD,pool_clusters.json group; ticker=1PCT1; balanceanalytics_group=1PCT; adastat_group=1percentpool.eu
87021d7881cff6817040033a3c6b0246d11421c198e69195e60a7000,pool1supp67ypelmgzuzqqvarc6czgmg3ggwpnrnfr90xpfcqqf8h05t,1PCT,pool_groups_current_HEAD,pool_clusters.json group; ticker=1PCT; balanceanalytics_group=1PCT; adastat_group=1percentpool.eu
99127328c3fed20710b0b807f32b10ccd731125b30de38b9ff973a01,pool1nyf8x2xrlmfqwy9shqrlx2csentnzyjmxr0r3w0ljuaqz5ek7qz,1PCT,pool_groups_current_HEAD,pool_clusters.json group; ticker=1PCT6; balanceanalytics_group=1PCT; adastat_group=1percentpool.eu
a19199571e9c14f2502bf37146034491fd08521f5253cc6ef497b5a9,pool15xgej4c7ns20y5pt7dc5vq6yj87ss5sl2ffucmh5j766j90ppur,1PCT,pool_groups_current_HEAD,pool_clusters.json group; ticker=1PCT5; balanceanalytics_group=1PCT; adastat_group=1percentpool.eu
a75f5263ca05569b3baecf0fafbfdaaf07076727c44460e4641b415b,pool15a04yc72q4tfkwaweu86l0764urswee8c3zxperyrdq4kx8nvua,1PCT,pool_groups_current_HEAD,pool_clusters.json group; ticker=1PCT4; balanceanalytics_group=1PCT; adastat_group=1percentpool.eu
b59366e330a6db8260ad9aae8446ba8c908931d1b9cb3cca5d1d84aa,pool1kkfkdces5mdcyc9dn2hgg3463jggjvw3h89nejjarkz25uavaqu,1PCT,pool_groups_current_HEAD,pool_clusters.json group; ticker=1PCT9; balanceanalytics_group=1PCT; adastat_group=1percentpool.eu
cd5721fe2ccf9b803bbe787266c3493fff67acc67951b88ebbaf9599,pool1e4tjrl3ve7dcqwa70pexds6f8llk0txx09gm3r4m472ej4p6473,1PCT,pool_groups_current_HEAD,pool_clusters.json group; ticker=1PCT8; balanceanalytics_group=1PCT; adastat_group=1percentpool.eu
e0bfd78fd14b0336186ff6ca79a45f3619102b5bb484f7e0124dfdc0,pool1uzla0r73fvpnvxr07m98nfzlxcv3q26mkjz00cqjfh7uqsyjkju,1PCT,pool_groups_current_HEAD,pool_clusters.json group; ticker=1PCT1; balanceanalytics_group=1PCT; adastat_group=1percentpool.eu
e75ff353a1a2e454d3fe59249f87dad63b4270b16caf4b819bae5f69,pool1ua0lx5ap5tj9f5l7tyjflp766ca5yu93djh5hqvm4e0kjgw5k7v,1PCT,pool_groups_current_HEAD,pool_clusters.json group; ticker=1PCT6; balanceanalytics_group=1PCT; adastat_group=1percentpool.eu
e9132dcc6ca311a5a5bcc30909c74f1e7404bb8c50ef8a86fa95a311,pool1ayfjmnrv5vg6tfducvysn360re6qfwuv2rhc4ph6jk33ztuxlhq,1PCT,pool_groups_current_HEAD,pool_clusters.json group; ticker=1PCT5; balanceanalytics_group=1PCT; adastat_group=1percentpool.eu
f018942907ac50ed7f831f14755ad93698188492d09d229655e6ade1,pool17qvfg2g843gw6lurru282kkex6vp3pyj6zwj99j4u6k7zvmva5a,1PCT,pool_groups_current_HEAD,pool_clusters.json group; ticker=1PCT4; balanceanalytics_group=1PCT; adastat_group=1percentpool.eu
ffffb02a48c007d4531ef7c38a6e354c013d47f9eb4862ac463d553d,pool1lllmq2jgcqrag5c77lpc5m34fsqn63leadyx9tzx842n66ly3ql,1PCT,pool_groups_current_HEAD,pool_clusters.json group; ticker=None; balanceanalytics_group=1PCT; adastat_group=None
8bd3e5cffcd9b34270500003723df8efce4e22f436b4244c55388042,,2PCT,pool_groups_2021_01_06_99b3c61d,pool_list.json cluster_name; ticker=2PCT; name=2 Percent Pool
3c647453fb1929284f9dd6dd495dcdee1d7b0e604851da958f0234e9,,2percentpools.live,pool_groups_2020_11_27_793e6094,pool_list.json cluster_name; ticker=2PCT1; name=2 Percent Pool - #1
d026c269eea21d619fc0207ae548689b5637e36eef19a7ed41a7cc20,,2percentpools.live,pool_groups_2020_11_27_793e6094,pool_list.json cluster_name; ticker=2PCT2; name=2 Percent Pool - #2
2bfa5943dfb17ecd8e681e7ce568e22ac45340a417bdde358e3f5159,,307P,pool_groups_2021_01_06_99b3c61d,pool_list.json cluster_name; ticker=307; name=307Pool
7e53c234d29f6037c5e5f82dfdc8a6edf816cc406d0a3a3412cdeab7,pool10efuydxjnasr0309lqklmj9xahupdnzqd59r5dqjeh4twz06tr0,4ADA,pool_groups_current_HEAD,pool_clusters.json group; ticker=F4ADA; balanceanalytics_group=4ADA; adastat_group=staking4ada.org
a631b46315b1567ef0ce2b2ad4cb63faac09f32ceba6716a7e331e5e,pool15ccmgcc4k9t8auxw9v4dfjmrl2kqnuevawn8z6n7xv09utw9hh3,4ADA,pool_groups_current_HEAD,pool_clusters.json group; ticker=4ADA; balanceanalytics_group=4ADA; adastat_group=staking4ada.org
bbfb301cad22e7a62f6fea6e3c93aec4e6f714aef66b0a828e792f12,,4ADA,pool_groups_2021_01_06_99b3c61d,pool_list.json cluster_name; ticker=W4ADA; name=Whales4ADA
0f292fcaa02b8b2f9b3c8f9fd8e0bb21abedb692a6d5058df3ef2735,pool1pu5jlj4q9w9jlxeu370a3c9myx47md5j5m2str0naunn2q3lkdy,5BINARIES,pool_groups_current_HEAD,pool_clusters.json group; ticker=NUTS; balanceanalytics_group=SINGLEPOOL; adastat_group=None
1176ab1b3d5bf4b8bc89d747e800391adf8935061618a6b23a6e1d80,pool1z9m2kxeat06t30yf6ar7sqpert0cjdgxzcv2dv36dcwcqcqtgk4,5BINARIES,pool_groups_current_HEAD,pool_clusters.json group; ticker=None; balanceanalytics_group=5BINARIES; adastat_group=stake1u9km8m02yjujqj2at4v7ekehyzenrwkp3jszkka8psp4nmc6wqm9j
1506bd5a7a2339814ab507fbe8ed24fccbfa53ee7cac2d1ab6939efe,pool1z5rt6kn6yvuczj44qla73mfyln9l55lw0jkz6x4kjw00u32zec3,5BINARIES,pool_groups_current_HEAD,pool_clusters.json group; ticker=None; balanceanalytics_group=5BINARIES; adastat_group=stake1u9km8m02yjujqj2at4v7ekehyzenrwkp3jszkka8psp4nmc6wqm9j
894ff15d8bef5f740a2fa3552157834d9d6b2f5a232bed3819d756b5,pool1398lzhvtaa0hgz305d2jz4urfkwkkt66yv476wqe6att2f7dphh,5BINARIES,pool_groups_current_HEAD,pool_clusters.json group; ticker=None; balanceanalytics_group=5BINARIES; adastat_group=stake1u9km8m02yjujqj2at4v7ekehyzenrwkp3jszkka8psp4nmc6wqm9j
9def0b9497f8d922e633c65e2099e6da8df5e966f201db5c7abcb077,pool1nhhsh9yhlrvj9e3nce0zpx0xm2xlt6tx7gqakhr6hjc8wy84sat,5BINARIES,pool_groups_current_HEAD,pool_clusters.json group; ticker=None; balanceanalytics_group=5BINARIES; adastat_group=stake1u9km8m02yjujqj2at4v7ekehyzenrwkp3jszkka8psp4nmc6wqm9j
b2817f8c6ecf0e9ce1b5b9ab79a95f63df31b623934d2d3783e9bdbf,pool1k2qhlrrweu8fecd4hx4hn22lv00nrd3rjdxj6durax7m78q7ynu,5BINARIES,pool_groups_current_HEAD,pool_clusters.json group; ticker=None; balanceanalytics_group=5BINARIES; adastat_group=stake1u9km8m02yjujqj2at4v7ekehyzenrwkp3jszkka8psp4nmc6wqm9j
08b0c54264e2713931ba9de737e8bc9189d45ebf60983cb8dc7e3573,,8BALL,pool_groups_2021_01_06_99b3c61d,pool_list.json cluster_name; ticker=8BLOX; name=8BLOX
8ba11724b0b39f34223d166a752da604269db13562095d6386a14bb3,,8BALL,pool_groups_2021_01_06_99b3c61d,pool_list.json cluster_name; ticker=8BALL; name=8BALL
ec7871705e483ac323f53c0f68f9c776a72b785967c444c9bf119393,,AAA,pool_groups_2021_01_06_99b3c61d,pool_list.json cluster_name; ticker=AAA2; name=AAA2
fcbfb4a3c18f890de7a51f68603b18e654f8b432abdda17c53a0d586,,AAA,pool_groups_2021_01_06_99b3c61d,pool_list.json cluster_name; ticker=AAA; name=AAA
4bae51055777821b4fa7d4fdbf130816b4d9d9b7b9000edeec8e95d4,pool1fwh9zp2hw7ppkna86n7m7ycgz66dnkdhhyqqahhv362agxj2u7g,AADA,pool_groups_current_HEAD,pool_clusters.json group; ticker=ISPO2; balanceanalytics_group=AADA; adastat_group=aada.finance
c48ed34a5f24ca6dcbac194e45ed9f0b6ac720018eac038ffa9488bd,pool1cj8dxjjlyn9xmjavr98ytmvlpd4vwgqp36kq8rl6jjyt6k2adfh,AADA,pool_groups_current_HEAD,pool_clusters.json group; ticker=None; balanceanalytics_group=AADA; adastat_group=aada.finance
0c2e0c5a062389a3fd6fafddae26344d490866d7a34cad981b20f96b,pool1pshqcksxywy68lt04lw6uf35f4yssekh5dx2mxqmyrukke2z5y3,ACL,pool_groups_current_HEAD,pool_clusters.json group; ticker=ACL; balanceanalytics_group=ACL; adastat_group=cardanoland.com
0e773f93f9dab25a991cbb62922e4579ea7b0595ea183d0d7732961a,pool1pemnlylem2e94xguhd3fytj90848kpv4agvr6rthx2tp58z79ek,ACL,pool_groups_current_HEAD,pool_clusters.json group; ticker=ACL; balanceanalytics_group=ACL; adastat_group=cardanoland.com
5f6ea5224bc7a6b1b722654b724328c3822ea73d8d17a4d6f38b86a2,pool1tah22gjtc7ntrdezv49hysegcwpzafea35t6f4hn3wr2y4hz3vz,ACL,pool_groups_current_HEAD,pool_clusters.json group; ticker=ACL; balanceanalytics_group=ACL; adastat_group=cardanoland.com
bdd750e173f3d606c1af13b8661da7c0b5fa43121741c593cceec822,pool1hht4pctn70tqdsd0zwuxv8d8cz6l5scjzaquty7vamyzy78eqvc,ACL,pool_groups_current_HEAD,pool_clusters.json group; ticker=ACL; balanceanalytics_group=ACL; adastat_group=cardanoland.com
688548655448745d74c4b61da7383127ea9b56b2c6944ca7e3071893,,ACP,pool_groups_2021_01_06_99b3c61d,pool_list.json cluster_name; ticker=ACP2; name=AdaCryptoPool2
6e67b485616dc8a604e02a96b1efbf4c6c49919eea39c6805901e2df,,ACP,pool_groups_2021_01_06_99b3c61d,pool_list.json cluster_name; ticker=ACP1; name=AdaCryptoPool1
804865a3987aa337f3d99b1b7b8eae32c80a786af20f5bbca134c5f5,,ADA4G,pool_groups_2021_01_06_99b3c61d,pool_list.json cluster_name; ticker=ADA4G; name=A4GADAPool
ae3bc5a76ac9e46678ab650a81cc6491a074a9d970b5a7703a2d0c8e,,ADA4G,pool_groups_2021_01_06_99b3c61d,pool_list.json cluster_name; ticker=996; name=真正的中国池
01832116a90b9ae9fd73425f1d1256bea331fe9435a17e229aef2c00,pool1qxpjz94fpwdwnltngf036yjkh63nrl55xkshug56aukqqwn6gsn,ADALITE,pool_groups_current_HEAD,pool_clusters.json group; ticker=TW002; balanceanalytics_group=None; adastat_group=trustwallet.com
03fbee96b84daa1bf91c44b51d2e1cbdda53fd504c98aeb6fd4a55b6,pool1q0a7a94cfk4ph7gugj636tsuhhd98l2sfjv2adhaff2mvs7kmtl,ADALITE,pool_groups_current_HEAD,pool_clusters.json group; ticker=NUFI8; balanceanalytics_group=ADALITE; adastat_group=nu.fi
04c60c78417132a195cbb74975346462410f72612952a7c4ade7e438,pool1qnrqc7zpwye2r9wtkayh2dryvfqs7unp99f2039duljrsaffq5c,ADALITE,pool_groups_current_HEAD,pool_clusters.json group; ticker=NUFI; balanceanalytics_group=ADALITE; adastat_group=nu.fi
19521342b6c4cefb13f091a075a221a3e765435a0646902dd5379f3a,pool1r9fpxs4kcn80kylsjxs8tg3p50nk2s66qerfqtw4x70n5740nj9,ADALITE,pool_groups_current_HEAD,pool_clusters.json group; ticker=None; balanceanalytics_group=ADALITE; adastat_group=None
20fa3ee1959ac05e899272a7671d1537f9c977e23a42b5416238ddab,pool1yraracv4ntq9azvjw2nkw8g4xluujalz8fpt2stz8rw6k0zueuv,ADALITE,pool_groups_current_HEAD,pool_clusters.json group; ticker=None; balanceanalytics_group=ADALITE; adastat_group=None
266a21992f779be68c1476fab8e9bf1015e7b4c428ee8c3b899f65dd,pool1ye4zrxf0w7d7drq5wmat36dlzq270dxy9rhgcwufnaja644vwr9,ADALITE,pool_groups_current_HEAD,pool_clusters.json group; ticker=NUFIH; balanceanalytics_group=ADALITE; adastat_group=nu.fi
2d93bd7c54e3bd327c0af41c38ebdb03498df11e5b325aff5789a02d,pool19kfm6lz5uw7nylq27swr367mqdycmug7tve94l6h3xsz64seqtc,ADALITE,pool_groups_current_HEAD,pool_clusters.json group; ticker=KILN8; balanceanalytics_group=ADALITE; adastat_group=kiln.fi
4744b317cba46d5f247e51d4df3d72c9e2a8b18231c30ba1708bd65b,pool1gaztx97t53k47fr7282d70tje8323vvzx8pshgts30t9krw62tm,ADALITE,pool_groups_current_HEAD,pool_clusters.json group; ticker=TW001; balanceanalytics_group=ADALITE; adastat_group=trustwallet.com
481d305a21bbbaa85177413676ba350b1e2d7b7456b8008e72b96386,pool1fqwnqk3phwa2s5thgym8dw34pv0z67m526uqprnjh93cvzxymef,ADALITE,pool_groups_current_HEAD,pool_clusters.json group; ticker=NUFI9; balanceanalytics_group=ADALITE; adastat_group=nu.fi
49f23c86547526bbd0c9320d3704542c84472f426b923a3e429392eb,pool1f8erepj5w5nth5xfxgxnwpz59jzywt6zdwfr50jzjwfwksmg9ek,ADALITE,pool_groups_current_HEAD,pool_clusters.json group; ticker=NUFIE; balanceanalytics_group=ADALITE; adastat_group=nu.fi
4e0356a826bbf3e0525cd4612061a1304710b0c8d12df5457ac17cdf,pool1fcp4d2pxh0e7q5ju63sjqcdpxpr3pvxg6ykl23t6c97d7dnvjvw,ADALITE,pool_groups_current_HEAD,pool_clusters.json group; ticker=KILN1; balanceanalytics_group=ADALITE; adastat_group=kiln.fi
66958f34aa3334825ea628ee90d9c2f85ca204d62a8cc1759db22262,pool1v62c7d92xv6gyh4x9rhfpkwzlpw2ypxk92xvzavakg3xypatklv,ADALITE,pool_groups_current_HEAD,pool_clusters.json group; ticker=KILN2; balanceanalytics_group=ADALITE; adastat_group=kiln.fi
78da8fa2f5089964963a0ab7ad1402e8c656f203bef622cf9f5ee3c6,pool10rdglgh4pzvkf936p2m669qzarr9dusrhmmz9nultm3uvq4eh5k,ADALITE,pool_groups_current_HEAD,pool_clusters.json group; ticker=KILN0; balanceanalytics_group=ADALITE; adastat_group=kiln.fi
7b75bdba3b996dc88fdc00099d794d1460cf6bf7a5997a0da1197f4e,pool10d6mmw3mn9ku3r7uqqye672dz3sv76lh5kvh5rdpr9l5ug5yknr,ADALITE,pool_groups_current_HEAD,pool_clusters.json group; ticker=KILN4; balanceanalytics_group=ADALITE; adastat_group=kiln.fi
7d7ac07a2f2a25b7a4db868a40720621c4939cf6aefbb9a11464f1a6,pool104avq7309gjm0fxms69yqusxy8zf888k4mamngg5vnc6vculpzq,ADALITE,pool_groups_current_HEAD,pool_clusters.json group; ticker=NUFIB; balanceanalytics_group=ADALITE; adastat_group=nu.fi
879ad8338e795acb7b2bd2cf5532ed4e3603962439c91cb0bd5ae7af,pool1s7ddsvuw09dvk7et6t842vhdfcmq893y88y3ev9attn67mruf5m,ADALITE,pool_groups_current_HEAD,pool_clusters.json group; ticker=None; balanceanalytics_group=ADALITE; adastat_group=nu.fi
92229dcf782ce8a82050fdeecb9334cc4d906c6eb66cdbdcea86fb5f,pool1jg3fmnmc9n52sgzslhhvhye5e3xeqmrwkekdhh82sma47r47zg0,ADALITE,pool_groups_current_HEAD,pool_clusters.json group; ticker=NUFI3; balanceanalytics_group=ADALITE; adastat_group=nu.fi
936f24e391afc0738c816ae1f1388957b977de3d0e065dc9ba38af8d,pool1jdhjfcu34lq88rypdtslzwyf27uh0h3apcr9mjd68zhc69r29fy,ADALITE,pool_groups_current_HEAD,pool_clusters.json group; ticker=NUFI5; balanceanalytics_group=ADALITE; adastat_group=nu.fi
a0fc643d831b144e1dd289f5acf4274aedc331b6a0e4257ef5376520,pool15r7xg0vrrv2yu8wj3866eap8ftkuxvdk5rjz2lh4xajjq5v3p5d,ADALITE,pool_groups_current_HEAD,pool_clusters.json group; ticker=NUFI0; balanceanalytics_group=ADALITE; adastat_group=nu.fi
a374a14d2fa809b5e999a474b5d085b10be2fc95e6e82da045d9e8f6,pool15d62znf04qymt6ve536tt5y9ky979ly4um5zmgz9m850vu7wuv7,ADALITE,pool_groups_current_HEAD,pool_clusters.json group; ticker=NUFID; balanceanalytics_group=ADALITE; adastat_group=nu.fi
b46764f69c475830b4b373630d1086ad2a034c1c33b7c354624f27ff,pool1k3nkfa5ugavrpd9nwd3s6yyx454qxnquxwmux4rzfunl7q0z38t,ADALITE,pool_groups_current_HEAD,pool_clusters.json group; ticker=KILN9; balanceanalytics_group=None; adastat_group=kiln.fi
b6f7db82bc0ef7491d36bc4dd2b1be43529b04e16d7a6e6137abaad7,pool1kmmahq4upmm5j8fkh3xa9vd7gdffkp8pd4axucfh4w4dw549yqe,ADALITE,pool_groups_current_HEAD,pool_clusters.json group; ticker=None; balanceanalytics_group=ADALITE; adastat_group=None
c5d7ddd302cb05652d785b3eb0c3075bbee4e84225fd69465617948b,pool1chtam5czevzk2ttctvltpsc8twlwf6zzyh7kj3jkz72gks975sn,ADALITE,pool_groups_current_HEAD,pool_clusters.json group; ticker=NUFIC; balanceanalytics_group=ADALITE; adastat_group=nu.fi
c779f67a0f3a1f2985626e345013015f71cf245dbcc8ac8457f42e56,pool1caulv7s08g0jnptzdc69qycptacu7fzahny2epzh7sh9vhqz6xz,ADALITE,pool_groups_current_HEAD,pool_clusters.json group; ticker=NUFI1; balanceanalytics_group=ADALITE; adastat_group=nu.fi
ce19882fd62e79faa113fcaef93950a4f0a5913b20a0689911b6f62d,pool1ecvcst7k9eul4ggnljh0jw2s5nc2tyfmyzsx3xg3kmmz6ptgfwj,ADALITE,pool_groups_current_HEAD,pool_clusters.json group; ticker=NUFI2; balanceanalytics_group=ADALITE; adastat_group=nu.fi
cf69a3eca039d537acd46d5864a54dd8953f0c14be957350905834aa,pool1ea568m9q882n0tx5d4vxff2dmz2n7rq5h62hx5ystq625m4tcfu,ADALITE,pool_groups_current_HEAD,pool_clusters.json group; ticker=NUFI6; balanceanalytics_group=ADALITE; adastat_group=nu.fi
d5e0f919debe82e4447cf0f0089188ae212f7efbc065a3d819daa17a,pool16hs0jxw7h6pwg3ru7rcq3yvg4csj7lhmcpj68kqem2sh5nt8mwk,ADALITE,pool_groups_current_HEAD,pool_clusters.json group; ticker=NUFI7; balanceanalytics_group=ADALITE; adastat_group=nu.fi
d785ff6a030ae9d521770c00f264a2aa423e928c85fc620b13d46eda,pool167zl76srpt5a2gthpsq0ye9z4fpray5vsh7xyzcn63hd5mnw7fa,ADALITE,pool_groups_current_HEAD,pool_clusters.json group; ticker=NUFI4; balanceanalytics_group=ADALITE; adastat_group=nu.fi
dacdbb3e160587423dc699830ace34969d3280ed48cea25551633e1a,pool1mtxmk0skqkr5y0wxnxps4n35j6wn9q8dfr82y423vvlp53vccux,ADALITE,pool_groups_current_HEAD,pool_clusters.json group; ticker=KILN3; balanceanalytics_group=ADALITE; adastat_group=kiln.fi
daf97e5cf7b24fddbc0235684a1edff9c078c257d05df90d3fc6dc5f,pool1mtuhuh8hkf8am0qzx45y58kll8q83sjh6pwljrflcmw970d82f3,ADALITE,pool_groups_current_HEAD,pool_clusters.json group; ticker=KILN6; balanceanalytics_group=ADALITE; adastat_group=kiln.fi
e5c947f0a4f6a6dd0946d8971dafaf263c88a1b086527fdf24223c21,pool1uhy50u9y76nd6z2xmzt3mta0yc7g3gdssef8lheyyg7zzymgzm8,ADALITE,pool_groups_current_HEAD,pool_clusters.json group; ticker=NUFIA; balanceanalytics_group=ADALITE; adastat_group=nu.fi
e81076184cf505790a526960a7a79a1bcc2f3c9f3fed15e7b8713c02,pool1aqg8vxzv75zhjzjjd9s20fu6r0xz70yl8lk3teacwy7qyc2p2j7,ADALITE,pool_groups_current_HEAD,pool_clusters.json group; ticker=KILN7; balanceanalytics_group=ADALITE; adastat_group=kiln.fi
bd80e49e7d10514fae8832ccc21620efdd1cfa2e56337e3c4d31e37f,,ADAST,pool_groups_2021_01_06_99b3c61d,pool_list.json cluster_name; ticker=ADAST; name=Adastrong Two
77b0a93c26ac65be36e9a9f220f9a43cbc57d705fc5d8f1de5fdeea1,,ADASTAT,pool_groups_2021_01_06_99b3c61d,pool_list.json cluster_name; ticker=STAT; name=AdaStat Pool
adb8f11466290d1a8bef7c9665848cd66e45a7e74e5c25f586f0192e,,ADASTAT,pool_groups_2021_01_06_99b3c61d,pool_list.json cluster_name; ticker=BOT; name=Rewards Notifications Bot Pool
00000110093effbf3ce788aebd3e7506b80322bd3995ad432e61fad5,pool1qqqqzyqf8mlm70883zht60n4q6uqxg4a8x266sewv8ad2grkztl,ADOSIA,pool_groups_current_HEAD,pool_clusters.json group; ticker=FROG; balanceanalytics_group=ADOSIA; adastat_group=adafrog.io
000001b844f4e4c900ae0dfdc84a8845f71090b82fb473e6c70a31ee,pool1qqqqrwzy7njvjq9wph7usj5gghm3py9c97688ek8pgc7uem9cfz,ADOSIA,pool_groups_current_HEAD,pool_clusters.json group; ticker=FROG2; balanceanalytics_group=ADOSIA; adastat_group=adafrog.io
00000368a25a58d3c46bea611ddabf77679b8d1fd854c75a41ea399c,pool1qqqqx69ztfvd83rtafs3mk4lwanehrglmp2vwkjpaguecs2t4c2,ADOSIA,pool_groups_current_HEAD,pool_clusters.json group; ticker=WOLF; balanceanalytics_group=ADOSIA; adastat_group=adafrog.io
0000066c3b2b15f7aece355a112ef141e9fe84d2e2152d4398986e40,pool1qqqqvmpm9v2l0tkwx4dpzth3g85lapxjug2j6sucnphyqlt4fuu,ADOSIA,pool_groups_current_HEAD,pool_clusters.json group; ticker=SALUD; balanceanalytics_group=ADOSIA; adastat_group=adafrog.io
000007aa46044059162dcb0250ae057e17b3ba2378d19b17d3472419,pool1qqqq02jxq3q9j93devp9pts90ctm8w3r0rgek97ngujpjgpw46j,ADOSIA,pool_groups_current_HEAD,pool_clusters.json group; ticker=ZENY; balanceanalytics_group=ADOSIA; adastat_group=adafrog.io
00000a1e448bdd902bb3884d1df7f26efaec3afadfeb719f65cf0051,pool1qqqq58jy30weq2an3px3maljdmawcwh6ml4hr8m9euq9z2n7wyz,ADOSIA,pool_groups_current_HEAD,pool_clusters.json group; ticker=COAST; balanceanalytics_group=SINGLEPOOL; adastat_group=adafrog.io
065761de502a7ff8cd77e1ada105f08766988e02451d739bc5da35e4,pool1qetkrhjs9fll3nthuxk6zp0ssanf3rszg5wh8x79mg67gsg7vjv,ADOSIA,pool_groups_current_HEAD,pool_clusters.json group; ticker=CARAT; balanceanalytics_group=SINGLEPOOL; adastat_group=adafrog.io
4e23b3ddb297b53d7fe6c9961c69eb5ea2ea110e4312acd8438d94a5,pool1fc3m8hdjj76n6llxextpc60tt63w5ygwgvf2ekzr3k222kxxdkg,ADOSIA,pool_groups_current_HEAD,pool_clusters.json group; ticker=BUNNY; balanceanalytics_group=SINGLEPOOL; adastat_group=adafrog.io
55ee36d7a20861491821c020a0a164ff568f1ad7e8373cad0c514e7b,pool12hhrd4azpps5jxppcqs2pgtylatg7xkhaqmnetgv2988k3t4drf,ADOSIA,pool_groups_current_HEAD,pool_clusters.json group; ticker=YAM; balanceanalytics_group=ADOSIA; adastat_group=adafrog.io
fd2ce4f1b300eee8dabf70b010f23a9f2650f18c1f8d3ecf823f5423,pool1l5kwfudnqrhw3k4lwzcppu36nun9puvvr7xnanuz8a2zx4jaek5,ADOSIA,pool_groups_current_HEAD,pool_clusters.json group; ticker=ADOPT; balanceanalytics_group=ADOSIA; adastat_group=adafrog.io
2d8a81b805c360e9d6de6185b763f0556528d75a4561530e8ce6337c,pool19k9grwq9cdswn4k7vxzmwcls24jj3466g4s4xr5vucehcqpslfy,ADV,pool_groups_current_HEAD,pool_clusters.json group; ticker=ADV4; balanceanalytics_group=ADV; adastat_group=adavault.com
3116c834a09b0060aef7284f63d3275456364e3309b3c19ec328af60,pool1xytvsd9qnvqxpthh9p8k85e823trvn3npxeur8kr9zhkqz5uls9,ADV,pool_groups_current_HEAD,pool_clusters.json group; ticker=ADV; balanceanalytics_group=ADV; adastat_group=adavault.com
3b3327c0a885ba7c1ebeec8b44158aab79c32148d45b4c701344cd97,pool18vej0s9gska8c847aj95g9v24duuxg2g63d5cuqngnxew643jw9,ADV,pool_groups_current_HEAD,pool_clusters.json group; ticker=ADV2; balanceanalytics_group=ADV; adastat_group=adavault.com
edfa208d441511f9595ba80e8f3a7b07b6a80cbc9dda9d8e9d1dc039,pool1ahazpr2yz5gljk2m4q8g7wnmq7m2sr9unhdfmr5arhqrjnntwdz,ADV,pool_groups_current_HEAD,pool_clusters.json group; ticker=ADV3; balanceanalytics_group=ADV; adastat_group=adavault.com
0001a003afb844ce6d9409fc49e049db654a78dc77f1151cb6cd548f,,AHL,pool_groups_2021_01_06_99b3c61d,pool_list.json cluster_name; ticker=AHL; name=AHLNET #1 🇸🇪
0001a007008ad930089e1be2de42ef058ac18ce761e8dd2651740b7a,,AHL,pool_groups_2021_01_06_99b3c61d,pool_list.json cluster_name; ticker=AHL; name=AHLNET #2 🇸🇪
970e9a7ae4677b152c27a0eba3db996b372de094d24fc2974768f3da,pool1ju8f57hyvaa32tp85r468kuedvmjmcy56f8u9968drea57p50l5,AICHI,pool_groups_current_HEAD,pool_clusters.json group; ticker=AICHI; balanceanalytics_group=AICHI; adastat_group=aichi-stakepool.com
c27db049e669c55902e3f4d34d5366e3321b1f3c6517acdf7c766a5b,pool1cf7mqj0xd8z4jqhr7nf565mxuvepk8euv5t6ehmuwe49kfz9llr,AICHI,pool_groups_current_HEAD,pool_clusters.json group; ticker=TOKAI; balanceanalytics_group=AICHI; adastat_group=aichi-stakepool.com
1d6f28d31f664d603e4fc751830d652d6980fba8143ec91829e9528d,,ALIEN,pool_groups_2021_01_06_99b3c61d,pool_list.json cluster_name; ticker=SLICE; name=Cardano Pizza - Slice #1
cf5d7e0cd794e1fac808633f589070b6e37e062b5107aad612b7b769,,ALIEN,pool_groups_2021_01_06_99b3c61d,pool_list.json cluster_name; ticker=ALIEN; name=Cardano Pizza - Slice #2
40e5daacb89e62565395417ae78392dee9b0ccc00c2e0253f3031f91,,AMS,pool_groups_2021_01_06_99b3c61d,pool_list.json cluster_name; ticker=AMS02; name=Cardano.Amsterdam
46b81236bd193afa31ebb94477ee05b7becdee914c673f02c80dfc97,,AMS,pool_groups_2021_01_06_99b3c61d,pool_list.json cluster_name; ticker=AMS03; name=Cardano.Amsterdam
e11427a833aff02b782a0fd93b087bfacdb0414b7d5a545cd45bd8ed,,AMS,pool_groups_2021_01_06_99b3c61d,pool_list.json cluster_name; ticker=AMS01; name=Cardano.Amsterdam
00004614332ac81201d8302d4cb8262502af229256e143dc2156156e,pool1qqqyv9pn9typyqwcxqk5ewpxy5p27g5j2ms58hpp2c2kuzs5z77,ANGEL,pool_groups_current_HEAD,pool_clusters.json group; ticker=ANGEL; balanceanalytics_group=ANGEL; adastat_group=angelstakepool.net
0000558092d1645b110130bb1b9d449dced79bfccf313e2880e6cf38,pool1qqq9tqyj69j9kygpxza3h82ynh8d0xlueucnu2yqum8nse8hj7y,ANGEL,pool_groups_current_HEAD,pool_clusters.json group; ticker=SION; balanceanalytics_group=ANGEL; adastat_group=angelstakepool.net
452cf4da07afbac289bd221f4bae723b8cfedfd2dcdce07d7a88e4d1,pool1g5k0fks847av9zdayg05htnj8wx0ah7jmnwwqlt63rjdzyjr93n,ARCADIA,pool_groups_current_HEAD,pool_clusters.json group; ticker=None; balanceanalytics_group=ARCADIA; adastat_group=arcadiastakepool.com
472314c0412e6cf715366ad460cc3560a6c6314cbd9787b481e9d23a,pool1gu33fszp9ek0w9fkdt2xpnp4vznvvv2vhktc0dypa8fr53lc9pc,ARCADIA,pool_groups_current_HEAD,pool_clusters.json group; ticker=None; balanceanalytics_group=ARCADIA; adastat_group=arcadiastakepool.com
26f77b3bc3a1a51f29de43b3fd692e5b00eaf18f3c9e9829c4c6725d,pool1ymmhkw7r5xj372w7gwel66fwtvqw4uv08j0fs2wycee96qv32j5,ASTRL,pool_groups_current_HEAD,pool_clusters.json group; ticker=None; balanceanalytics_group=ASTRL; adastat_group=None
5c9b561a53194b267e63bc688da3c606c3734889585a99c77f6444ed,pool1tjd4vxjnr99jvlnrh35gmg7xqmphxjyftpdfn3mlv3zw60yw5y4,ASTRL,pool_groups_current_HEAD,pool_clusters.json group; ticker=None; balanceanalytics_group=ASTRL; adastat_group=None
96692d1db846df724d954b54b51a01fefadabfad9e79a3b031bd67fc,pool1je5j68dcgm0hynv4fd2t2xsplmad40adneu68vp3h4nlcdaznwc,ASTRL,pool_groups_current_HEAD,pool_clusters.json group; ticker=None; balanceanalytics_group=ASTRL; adastat_group=None
a49177494e8f50f21af5a39fd3b55dc9be3b8638cc5194eebd0bfd08,pool15jghwj2w3ag0yxh45w0a8d2aexlrhp3ce3gefm4ap07ssehz8qj,ASTRL,pool_groups_current_HEAD,pool_clusters.json group; ticker=None; balanceanalytics_group=ASTRL; adastat_group=None
bf0df7e8bb6b5827ccb4120b4e690437898611e9789e3b9f6d2bb562,pool1huxl069mddvz0n95zg95u6gyx7ycvy0f0z0rh8md9w6kyvur9h6,ASTRL,pool_groups_current_HEAD,pool_clusters.json group; ticker=None; balanceanalytics_group=ASTRL; adastat_group=None
dfdd1e5ebb3808f97f0733fbb350e872e8612bde2774f35b46651bd3,pool1mlw3uh4m8qy0jlc8x0amx58gwt5xz277ya60xk6xv5daxjzt2gs,ASTRL,pool_groups_current_HEAD,pool_clusters.json group; ticker=None; balanceanalytics_group=ASTRL; adastat_group=None
ee05f8313fa3ccb227894d5968b5ec55ca3f1ee3568a4c19c833dedc,pool1aczlsvfl50xtyfuff4vk3d0v2h9r78hr269ycxwgx00dcng4u9d,ASTRL,pool_groups_current_HEAD,pool_clusters.json group; ticker=None; balanceanalytics_group=ASTRL; adastat_group=None
f0ab7131f4ad78631c1e25f2d6406b6f58b15753138040a8685db953,pool17z4hzv0544uxx8q7yhedvsrtdavtz46nzwqyp2rgtku4x6d0zcn,ASTRL,pool_groups_current_HEAD,pool_clusters.json group; ticker=None; balanceanalytics_group=ASTRL; adastat_group=None
f7f9952465883f05a64e44161b2d4a253e8d5eb51922317a46cbf600,pool17lue2fr93qlstfjwgstpkt22y5lg6h44ry3rz7jxe0mqqnq53wf,ASTRL,pool_groups_current_HEAD,pool_clusters.json group; ticker=None; balanceanalytics_group=ASTRL; adastat_group=None
f890ff23ad69119de934c5f4f231ff7a154517a93fae043b48b01bb8,pool1lzg07gaddygem6f5ch60yv0l0g2529af87hqgw6gkqdmsfs39z9,ASTRL,pool_groups_current_HEAD,pool_clusters.json group; ticker=None; balanceanalytics_group=ASTRL; adastat_group=None
00000036d515e12e18cd3c88c74f09a67984c2c279a5296aa96efe89,pool1qqqqqdk4zhsjuxxd8jyvwncf5eucfskz0xjjj64fdmlgj735lr9,ATADA,pool_groups_current_HEAD,pool_clusters.json group; ticker=ATADA; balanceanalytics_group=ATADA; adastat_group=stakepool.at
2ba96bc27be2bdde3ec11b9f696cf21fad39e49097be9b0193e6b572,pool19w5khsnmu27au0kprw0kjm8jr7knneysj7lfkqvnu66hyz0jxsx,ATADA,pool_groups_current_HEAD,pool_clusters.json group; ticker=ATAD2; balanceanalytics_group=ATADA; adastat_group=stakepool.at
34fa6e42ffafbb9bf63b1c78e99b09b30527f37ac544668dfaab624d,pool1xnaxushl47aeha3mr3uwnxcfkvzj0um6c4zxdr064d3y68z646c,ATADA,pool_groups_current_HEAD,pool_clusters.json group; ticker=ALPEN; balanceanalytics_group=SINGLEPOOL; adastat_group=None
43ef09ca6b7b791b063144b9d8cc33c4d0389115ed9424b6eda899b2,pool1g0hsnjnt0du3kp33gjua3npncngr3yg4ak2zfdhd4zvmy6r8hyd,ATADA,pool_groups_current_HEAD,pool_clusters.json group; ticker=EGGS; balanceanalytics_group=SINGLEPOOL; adastat_group=stakepool.at
3d2294baebe5bbeaa920af59e8461068582bb6c17522bbc7308e8567,pool1853ffwhtuka742fq4av7s3ssdpvzhdkpw53th3es36zkwrllj9g,ATLAS,pool_groups_current_HEAD,pool_clusters.json group; ticker=ATLAS; balanceanalytics_group=ATLAS; adastat_group=atlasstakepool.com
e6ac159ee8063742eadcb48be45f29d9a67b4158439070032f42d10c,pool1u6kpt8hgqcm596kukj97ghefmxn8ks2cgwg8qqe0gtgscnufk5p,ATLAS,pool_groups_current_HEAD,pool_clusters.json group; ticker=ATLAS; balanceanalytics_group=ATLAS; adastat_group=atlasstakepool.com
8f67312cb7927075292fcc986927c986ccdd630a3bae1b52dd4671a4,pool13annzt9hjfc822f0ejvxjf7fsmxd6cc28whpk5kagec6ggfmm7u,AWP,pool_groups_current_HEAD,pool_clusters.json group; ticker=STSH3; balanceanalytics_group=AWP; adastat_group=stakeshark.io
a3ac6ca0694fc5825f831c8d0d97f202c4f298741ae60874730fafb8,pool15wkxegrfflzcyhurrjxsm9ljqtz09xr5rtnqsarnp7hmsz5um3t,AWP,pool_groups_current_HEAD,pool_clusters.json group; ticker=STSH1; balanceanalytics_group=AWP; adastat_group=stakeshark.io
ae66e56ab11ccb39e882669f220a37956c683e4ce84fefd910012d7a,pool14enw2643rn9nn6yzv60jyz3hj4kxs0jvap87lkgsqykh508jxm6,AWP,pool_groups_current_HEAD,pool_clusters.json group; ticker=STSH2; balanceanalytics_group=AWP; adastat_group=stakeshark.io
bce696401137ff3d305e6a8dbb6ac0cd9b41570bda42deb4e83d86f2,pool1hnnfvsq3xlln6vz7d2xmk6kqekd5z4ctmfpdad8g8kr0yk8kdfd,AZUR,pool_groups_current_HEAD,pool_clusters.json group; ticker=AZDFM; balanceanalytics_group=AZUR; adastat_group=None
122568b44ec39af54b809af82b4c71d1eec348c43fcfc158cc472aaa,pool1zgjk3dzwcwd02juqntuzknr368hvxjxy8l8uzkxvgu4252d7ekf,BD,pool_groups_current_HEAD,pool_clusters.json group; ticker=None; balanceanalytics_group=BD; adastat_group=None
27f1ff2bdbcec5201032e990f97dffabff14122cdad6fffdc19712e7,pool1ylcl727memzjqypjaxg0jl0l40l3gy3vmtt0llwpjufwwdmptks,BD,pool_groups_current_HEAD,pool_clusters.json group; ticker=None; balanceanalytics_group=BD; adastat_group=blockdaemon.com
34245847690897f817c6f4a40fbf70de6f4645dda3080bef7b818f21,pool1xsj9s3mfpztls97x7jjql0msmeh5v3wa5vyqhmmmsx8jzsqxrsv,BD,pool_groups_current_HEAD,pool_clusters.json group; ticker=None; balanceanalytics_group=BD; adastat_group=None
3e695a66ff6e2ed3806701bc0f6e8dfc85db114b71864999425147c5,pool18e545ehldchd8qr8qx7q7m5dljzaky2twxrynx2z29ru2mt6pv4,BD,pool_groups_current_HEAD,pool_clusters.json group; ticker=BD4; balanceanalytics_group=BD; adastat_group=blockdaemon.com
494b1adec5eb9aaa6f66fbdad55fa0637a59fc1c74ef40b355bc2aa1,pool1f9934hk9awd25mmxl0dd2haqvda9nlquwnh5pv64hs42znl07zj,BD,pool_groups_current_HEAD,pool_clusters.json group; ticker=None; balanceanalytics_group=BD; adastat_group=blockdaemon.com
4a5571be1cb000df524350ef170f73cc0c0404155350dd0f71e4d130,pool1ff2hr0sukqqd75jr2rh3wrmnesxqgpq42dgd6rm3ungnqp904ue,BD,pool_groups_current_HEAD,pool_clusters.json group; ticker=BD3; balanceanalytics_group=BD; adastat_group=blockdaemon.com
5eb362978a68a4780f4fd701b8f04f5aeb990eb80b1cb025d99e82a1,pool1t6ek99u2dzj8sr606uqm3uz0tt4ejr4cpvwtqfwen6p2z57rrst,BD,pool_groups_current_HEAD,pool_clusters.json group; ticker=BD0; balanceanalytics_group=BD; adastat_group=blockdaemon.com
6feba2d1c9ff8b6f216259fc8824e8803202f882e33a07b6a235c5ac,pool1dl4695wfl79k7gtzt87gsf8gsqeq97yzuvaq0d4zxhz6c0nlf4g,BD,pool_groups_current_HEAD,pool_clusters.json group; ticker=BD2; balanceanalytics_group=BD; adastat_group=blockdaemon.com
9632b8093185e25be0f3c8a5408a51e59154dd3273416db907c8e67e,pool1jcetszf3sh39hc8nezj5pzj3ukg4fhfjwdqkmwg8ern8u3c4y7v,BD,pool_groups_current_HEAD,pool_clusters.json group; ticker=None; balanceanalytics_group=BD; adastat_group=None
b1e1a8dd86fd393abe297fdc0d9fc9f418e9aa5e60729fa38165ae0b,pool1k8s63hvxl5un403f0lwqm87f7svwn2j7vpeflgupvkhqkjpknut,BD,pool_groups_current_HEAD,pool_clusters.json group; ticker=None; balanceanalytics_group=BD; adastat_group=None
b4ae1414f2bede7e4008ac2f431730ed0b4e848ef501811241889554,pool1kjhpg98jhm08usqg4sh5x9esa595apyw75qczyjp3z24g0cdate,BD,pool_groups_current_HEAD,pool_clusters.json group; ticker=None; balanceanalytics_group=BD; adastat_group=None
bf7908ea0ef61c441e4dca0e756f335c33459bb8f2779cb8f6caf8eb,pool1haus36sw7cwyg8jdeg882mentse5txac7fmeew8ketuwky6q602,BD,pool_groups_current_HEAD,pool_clusters.json group; ticker=BD1; balanceanalytics_group=BD; adastat_group=blockdaemon.com
d54cc1cdc643ccebdb1b7a613f8b6b9442b0d21ebcf3155aad2334f3,pool164xvrnwxg0xwhkcm0fsnlzmtj3ptp5s7hne32k4dyv60x4utfje,BD,pool_groups_current_HEAD,pool_clusters.json group; ticker=None; balanceanalytics_group=BD; adastat_group=None
da482311081902f95d08bb05d878126904a1e133dd06901e05e652ce,pool1mfyzxyggryp0jhgghvzas7qjdyz2rcfnm5rfq8s9uefvukrlps5,BD,pool_groups_current_HEAD,pool_clusters.json group; ticker=None; balanceanalytics_group=BD; adastat_group=blockdaemon.com
bc7b9907c9fcfd5dbba3e8253d51998ca827007e759e1ec30b3f9c1b,pool1h3aejp7fln74mwaraqjn65ve3j5zwqr7wk0pasct87wpkv0aspm,BEAST,pool_groups_current_HEAD,pool_clusters.json group; ticker=BEAST; balanceanalytics_group=BEAST; adastat_group=beastlyorion.github.io
c01546efeba17d531d60447356fc4c19b29c632aeac3377d21f75b4e,pool1cq25dmlt5974x8tqg3e4dlzvrxefcce2atpnwlfp7ad5ugec9fp,BEAST,pool_groups_current_HEAD,pool_clusters.json group; ticker=BEAST; balanceanalytics_group=BEAST; adastat_group=beastlyorion.github.io
85e055f4c777392bd43a8d8c40aad6b3e67b1f23faf4c24d12f4c5f4,,BEBO,pool_groups_2021_01_06_99b3c61d,pool_list.json cluster_name; ticker=BCOOL; name=BCOLL ADA Pool
95ef4e541a1e89b38ffefe125060ff441b03c0d77dbfaff656bd1d64,,BEBO,pool_groups_2021_01_06_99b3c61d,pool_list.json cluster_name; ticker=BEBOP; name=BeBop ADA Pool
021e8d5d8acd1eecb2c0946a87e09daa4bde370be90413b80eb996d9,pool1qg0g6hv2e50wevkqj34g0cya4f9audctayzp8wqwhxtdjnhn3tt,BINANCE,pool_groups_current_HEAD,pool_clusters.json group; ticker=None; balanceanalytics_group=BINANCE; adastat_group=binance.com
02628b1252ace3adaea5d7da6b432eae66fa072e1b064e9a6e29a87b,,BINANCE,pool_groups_2021_01_06_99b3c61d,pool_list.json cluster_name; ticker=BNP; name=Binance Staking - 23
0ac5fabd6b2f75f5583a4de5b141115ab7d036ee66b13070f6968c81,pool1ptzl40tt9a6l2kp6fhjmzsg3t2maqdhwv6cnqu8kj6xgz3vw9us,BINANCE,pool_groups_current_HEAD,pool_clusters.json group; ticker=BNP; balanceanalytics_group=BINANCE; adastat_group=binance.com
0f581255fdb8e8e88d3676a3cbede33e1f2456171cbe39266b3db679,,BINANCE,pool_groups_2021_01_06_99b3c61d,pool_list.json cluster_name; ticker=BNP; name=Binance Staking - 37
11adfe44fee00220af204daa7ccedc7124c03c1d7614e60da4dd2af1,pool1zxklu387uqpzpteqfk48enkuwyjvq0qawc2wvrdym540zk0yqps,BINANCE,pool_groups_current_HEAD,pool_clusters.json group; ticker=None; balanceanalytics_group=BINANCE; adastat_group=binance.com
1575d127ca11492f83430cd0e9d204450dc09e587239c52d542cd1fa,pool1z46azf72z9yjlq6rpngwn5syg5xup8jcwguu2t259ngl5cnv2ds,BINANCE,pool_groups_current_HEAD,pool_clusters.json group; ticker=BNP; balanceanalytics_group=BINANCE; adastat_group=binance.com
182acedff9cf6a4c44f81d0f6ff03fd21eef63aff7f1ab118bc0a61d,pool1rq4vahleea4yc38cr58klupl6g0w7ca07lc6kyvtcznp6649j5p,BINANCE,pool_groups_current_HEAD,pool_clusters.json group; ticker=None; balanceanalytics_group=BINANCE; adastat_group=binance.com
18532512ac6b647e89dc297deeea305625f8faa1c84a7fe9b7e02f4e,pool1rpfj2y4vddj8azwu9977a63s2cjl374pep98l6dhuqh5u9jctj0,BINANCE,pool_groups_current_HEAD,pool_clusters.json group; ticker=BNP; balanceanalytics_group=BINANCE; adastat_group=binance.com
21ad7ca84128f182623df17e6cb29ca1e83889e0013f1004cf5beb73,,BINANCE,pool_groups_2021_01_06_99b3c61d,pool_list.json cluster_name; ticker=BNP; name=Binance Staking - 43
243499b53228f5953bb906c8af0fb996002dd78712e430aa7d116964,,BINANCE,pool_groups_2021_01_06_99b3c61d,pool_list.json cluster_name; ticker=BNP; name=Binance Staking - 32
266916eadfae9f9466cd9f272fd566a0af0a0782c9e60b24c4973b9f,pool1ye53d6kl460egekdnunjl4tx5zhs5puze8nqkfxyjuae7364w74,BINANCE,pool_groups_current_HEAD,pool_clusters.json group; ticker=None; balanceanalytics_group=BINANCE; adastat_group=binance.com
2b8947643348d28cc439a7c28812a8c8b00567a81479c0db77f64e6e,,BINANCE,pool_groups_2021_01_06_99b3c61d,pool_list.json cluster_name; ticker=BNP; name=Binance Staking - 26
2c08d16625e9db8c13f81032add67387c23c9166fca89e55ef980d64,pool19sydze39a8dccylczqe2m4nnslpreytxlj5fu400nqxkg8wvgx8,BINANCE,pool_groups_current_HEAD,pool_clusters.json group; ticker=BNP; balanceanalytics_group=BINANCE; adastat_group=binance.com
2cf87fadec7130c7e41910492073ae4dbe65ca462c1fdc3d2a56d015,,BINANCE,pool_groups_2021_01_06_99b3c61d,pool_list.json cluster_name; ticker=BNP; name=Binance Staking - 39
2d4b292a16151000089cd462dfc6e21c0ac2ebdd373070fb0c511f12,,BINANCE,pool_groups_2021_01_06_99b3c61d,pool_list.json cluster_name; ticker=BNP; name=Binance Staking - 28
2ef1a87059981acd82308263348995333b1723e788b5027378c34212,pool19mc6suzenqdvmq3ssf3nfzv4xva3wgl83z6syumccdppyar0vga,BINANCE,pool_groups_current_HEAD,pool_clusters.json group; ticker=BNP; balanceanalytics_group=BINANCE; adastat_group=binance.com
3200ed8ab323773d4d1a64333a0d79b93dc8f3a45c37f88141e34317,,BINANCE,pool_groups_2021_01_06_99b3c61d,pool_list.json cluster_name; ticker=BNP; name=Binance Staking - 36
39b60916e5f2ccaad362b09e907d9d85050cbd22b94db9943a17bdd9,pool18xmqj9h97tx245mzkz0fqlvas5zse0fzh9xmn9p6z77aj5jegsx,BINANCE,pool_groups_current_HEAD,pool_clusters.json group; ticker=BNP; balanceanalytics_group=BINANCE; adastat_group=binance.com
3b09246a5f22d5223bb9f4da263d3e35870c98c825f9330fe8dc45db,pool18vyjg6jlyt2jywae7ndzv0f7xkrsexxgyhunxrlgm3zaku0327k,BINANCE,pool_groups_current_HEAD,pool_clusters.json group; ticker=None; balanceanalytics_group=BINANCE; adastat_group=binance.com
411b5ec759f36ebf143d99151909896671fbed8d3244dad1d496f6ed,,BINANCE,pool_groups_2021_01_06_99b3c61d,pool_list.json cluster_name; ticker=BNP; name=Binance Staking - 25
43d6ae9628a6552f3a4fc7f76f453769f12c4aa69c4f122fc6634970,pool1g0t2a93g5e2j7wj0clmk73fhd8cjcj4xn383yt7xvdyhq37m0kk,BINANCE,pool_groups_current_HEAD,pool_clusters.json group; ticker=None; balanceanalytics_group=BINANCE; adastat_group=binance.com
49cb80cc9bad4696515291ce98a14fe987d7550547ba8fcc1044bea5,pool1f89cpnym44rfv52jj88f3g20axraw4g9g7aglnqsgjl220lpdd8,BINANCE,pool_groups_current_HEAD,pool_clusters.json group; ticker=BNP; balanceanalytics_group=BINANCE; adastat_group=binance.com
4b5e02dce5f549a0c332d8b02f91c43a506311fe1cd4498ddcf46bd0,pool1fd0q9h8974y6psejmzczlywy8fgxxy07rn2ynrwu734aqwq540p,BINANCE,pool_groups_current_HEAD,pool_clusters.json group; ticker=None; balanceanalytics_group=BINANCE; adastat_group=infstones.com
4c316a5b23e0a93a80998575028d8399b0399efcb676837442f9821d,pool1fsck5keruz5n4qyes46s9rvrnxcrn8hukemgxazzlxpp6g66fzh,BINANCE,pool_groups_current_HEAD,pool_clusters.json group; ticker=None; balanceanalytics_group=BINANCE; adastat_group=binance.com
4d675db60ca11a6e6224aac48e6c0c4f4e637c833cbfe7801ceefafe,pool1f4n4mdsv5ydxuc3y4tzgumqvfa8xxlyr8jl70qquama0ug2pmhf,BINANCE,pool_groups_current_HEAD,pool_clusters.json group; ticker=BNP; balanceanalytics_group=BINANCE; adastat_group=binance.com
518dc473199d020fbfa4f3f9db2012e982e4cb5828487cf09ca82215,pool12xxugucen5pql0ay70uakgqjaxpwfj6c9py8euyu4q3p23s0fyg,BINANCE,pool_groups_current_HEAD,pool_clusters.json group; ticker=BNP; balanceanalytics_group=BINANCE; adastat_group=binance.com
556e4281187cee08332ad1ed2a0e910b05e0850a2d01a1a9af848d07,pool124hy9qgc0nhqsve268kj5r53pvz7ppg295q6r2d0sjxswchljf0,BINANCE,pool_groups_current_HEAD,pool_clusters.json group; ticker=BNP; balanceanalytics_group=BINANCE; adastat_group=binance.com
576f80a12815b6a28bb271d284825beea6885a1e136d558fc051de17,pool12ahcpgfgzkm29zajw8fgfqjma6ngsks7zdk4tr7q280pwfvtlek,BINANCE,pool_groups_current_HEAD,pool_clusters.json group; ticker=BNP; balanceanalytics_group=BINANCE; adastat_group=binance.com
5b0f169af28ad3081982499878bec888e848139b27c86ff517c9161c,,BINANCE,pool_groups_2021_01_06_99b3c61d,pool_list.json cluster_name; ticker=BNP; name=Binance Staking - 2
5dd01c89cba8580bdbf72426618f1f0bf6922968a8330320f0a27d24,pool1thgpezwt4pvqhklhysnxrrclp0mfy2tg4qesxg8s5f7jg7802y0,BINANCE,pool_groups_current_HEAD,pool_clusters.json group; ticker=None; balanceanalytics_group=BINANCE; adastat_group=binance.com
5e964c17799de9ce9a2791cb2434927efa2d66bb418af9f8d6c7fdbe,pool1t6tyc9menh5uax38j89jgdyj0maz6e4mgx90n7xkcl7mu8fzqxu,BINANCE,pool_groups_current_HEAD,pool_clusters.json group; ticker=BNP; balanceanalytics_group=BINANCE; adastat_group=binance.com
60014da0f8c033b90e9cb27b53f7daf3412877d3ec0e69853ebf1981,pool1vqq5mg8ccqemjr5ukfa48a767dqjsa7nas8xnpf7huvcz7amlv9,BINANCE,pool_groups_current_HEAD,pool_clusters.json group; ticker=BNP; balanceanalytics_group=BINANCE; adastat_group=binance.com
625ae8c8aaaead6ceebf262f380245cb61b4a3e96199b27eb9b01ad9,,BINANCE,pool_groups_2021_01_06_99b3c61d,pool_list.json cluster_name; ticker=BNP; name=Binance Staking - 35
639288b5e4bf267ece78e9a4941dd794f50ec54785f84c687b4ab086,,BINANCE,pool_groups_2021_01_06_99b3c61d,pool_list.json cluster_name; ticker=BNP; name=Binance Staking - 38
65b0f6b38938cc3c5cfee6d3d2770847c773a4e7ca5e9d54c36f334e,pool1vkc0dvuf8rxrch87umfayacgglrh8f88ef0f64xrdue5u2xjwfm,BINANCE,pool_groups_current_HEAD,pool_clusters.json group; ticker=IFS1; balanceanalytics_group=SINGLEPOOL; adastat_group=infstones.com
6c6b50bb29f10374de53797c8246c8ced9f3fdb66f5a78e195567906,pool1d344pwef7yphfhjn097gy3kgemvl8ldkdad83cv42eusvj7kqsl,BINANCE,pool_groups_current_HEAD,pool_clusters.json group; ticker=None; balanceanalytics_group=BINANCE; adastat_group=binance.com
6ef88ef4638cc0fd78a9ebd560727f4ef04334c92441cc14c5868a20,pool1dmugaarr3nq0679fa02kqunlfmcyxdxfy3quc9x9s69zquty478,BINANCE,pool_groups_current_HEAD,pool_clusters.json group; ticker=BNP; balanceanalytics_group=BINANCE; adastat_group=binance.com
704a1d0fe11f573478771b082d6f12043efaffa63319ce3f5cde28c4,pool1wp9p6rlpratng7rhrvyz6mcjqsl04laxxvvuu06umc5vghacqa4,BINANCE,pool_groups_current_HEAD,pool_clusters.json group; ticker=BNP; balanceanalytics_group=BINANCE; adastat_group=binance.com
7858e168a015747df8a4838e0963aca08f17c19516f2118f8a9d7b32,pool10pvwz69qz468m79ysw8qjcav5z830sv4zmeprru2n4anyuxwj9l,BINANCE,pool_groups_current_HEAD,pool_clusters.json group; ticker=None; balanceanalytics_group=BINANCE; adastat_group=binance.com
79ac7906bb5604b4e8a62a1888ca31351a3b0c4abf3f09660a2bacbc,pool10xk8jp4m2cztf69x9gvg3j33x5drkrz2hulsjes29wktcfcxdls,BINANCE,pool_groups_current_HEAD,pool_clusters.json group; ticker=None; balanceanalytics_group=BINANCE; adastat_group=binance.com
79bc3877f1fb79bb131cc793e1c3e68b314e9ae2a484e9a13847aedd,pool10x7rsal3ldumkycuc7f7rslx3vc5axhz5jzwngfcg7hd6t2p7sc,BINANCE,pool_groups_current_HEAD,pool_clusters.json group; ticker=BNP; balanceanalytics_group=BINANCE; adastat_group=binance.com
7a990e7ee931f9d548a977d5cf2194f26f7e2f1158752e0bb94a073f,,BINANCE,pool_groups_2021_01_06_99b3c61d,pool_list.json cluster_name; ticker=BNP; name=Binance Staking - 34
7c8e931dbba0ea3ca557ef2ce09ed4136760d3b613bca3c8439a78c0,,BINANCE,pool_groups_2021_01_06_99b3c61d,pool_list.json cluster_name; ticker=BNP; name=Binance Staking - 27
7d636b630ae3b6d4fb4e46a443bd764384b104790a87db1081dbb15d,pool1043kkcc2uwmdf76wg6jy80tkgwztzprep2rakyypmwc4637c2xe,BINANCE,pool_groups_current_HEAD,pool_clusters.json group; ticker=BNP; balanceanalytics_group=BINANCE; adastat_group=binance.com
7ea4b5bf56a3a4106283a26c27e82875dddfc850d2abb9a79d3a6d70,pool106jtt06k5wjpqc5r5fkz06pgwhwaljzs624mnfua8fkhq0fl9am,BINANCE,pool_groups_current_HEAD,pool_clusters.json group; ticker=None; balanceanalytics_group=BINANCE; adastat_group=binance.com
8d5b59b6d7782b1d92c0b954ab3ed718edbf0fe1b48f1acb9ab3a5dd,pool134d4ndkh0q43mykqh922k0khrrkm7rlpkj834ju6kwja6dmu2f6,BINANCE,pool_groups_current_HEAD,pool_clusters.json group; ticker=BNP; balanceanalytics_group=BINANCE; adastat_group=binance.com
90264742df54caa49b545dd7971c5f9458048c0617844979eb5f9b10,pool1jqnywskl2n92fx65thtew8zlj3vqfrqxz7zyj70tt7d3qmn0m9t,BINANCE,pool_groups_current_HEAD,pool_clusters.json group; ticker=BNP; balanceanalytics_group=BINANCE; adastat_group=binance.com
9418abb33c7cf50778598371bc1f09fe5460d1dedf740faea665f4ac,,BINANCE,pool_groups_2021_01_06_99b3c61d,pool_list.json cluster_name; ticker=BNP; name=Binance Staking - 40
943bfed06dc3ef2cbb0ce15bc96047905260fafd680711c6e286a30b,pool1jsala5rdc0hjewcvu9dujcz8jpfxp7hadqr3r3hzs63skhhtpqs,BINANCE,pool_groups_current_HEAD,pool_clusters.json group; ticker=BNP; balanceanalytics_group=BINANCE; adastat_group=binance.com
986e3e2b19a43848a6ec9be2e0c75b74a7b39cbc4c321aaa7d5aa2a8,,BINANCE,pool_groups_2021_01_06_99b3c61d,pool_list.json cluster_name; ticker=BNP; name=Binance Staking - 5
9a21931c6ff17b080892cb4165103b495f2349e2d09457f492430d88,,BINANCE,pool_groups_2021_01_06_99b3c61d,pool_list.json cluster_name; ticker=BNP; name=Binance Staking - 22
9b991c441a57c186a03e83e4bfd4df6a13394d6f80acdc7ed558a401,pool1nwv3c3q62lqcdgp7s0jtl4xldgfnjnt0szkdclk4tzjqzv6kv7n,BINANCE,pool_groups_current_HEAD,pool_clusters.json group; ticker=BNP; balanceanalytics_group=BINANCE; adastat_group=binance.com
9fff445c67c36dfd043330796d634c1a0ada5811584edd1a4d6c281c,pool1nll5ghr8cdkl6ppnxpuk6c6vrg9d5kq3tp8d6xjdds5pct6pxj9,BINANCE,pool_groups_current_HEAD,pool_clusters.json group; ticker=BNP; balanceanalytics_group=BINANCE; adastat_group=binance.com
a7df170f18255d8888a34aeeda915b112b44666ea0f3efb2dbe926ee,,BINANCE,pool_groups_2021_01_06_99b3c61d,pool_list.json cluster_name; ticker=BNP; name=Binance Staking - 1
b21ddee9370f41c3b2b71da34f8a57943ba59034a777b80aed503c2b,,BINANCE,pool_groups_2021_01_06_99b3c61d,pool_list.json cluster_name; ticker=BNP; name=Binance Staking - 33
b3a4abea31bd646040b2769f76db5c53e7d5a7c34f0cf8075437e856,,BINANCE,pool_groups_2021_01_06_99b3c61d,pool_list.json cluster_name; ticker=BNP; name=Binance Staking - 3
c1bef45a2abbb3a862cdd9142236dff38763cc32e91fc8f282823ee6,,BINANCE,pool_groups_2021_01_06_99b3c61d,pool_list.json cluster_name; ticker=BNP; name=Binance Staking - 31
c4891c1594178d705eed3c77f5db2a826a7cc38f926420ac8fb3fc4f,,BINANCE,pool_groups_2021_01_06_99b3c61d,pool_list.json cluster_name; ticker=BNP; name=Binance Staking - 29
c543d69a39a14c7720c185e2a79c7649d2cab35912866a3e2dc96335,,BINANCE,pool_groups_2021_01_06_99b3c61d,pool_list.json cluster_name; ticker=BNP; name=Binance Staking - 0
c974db0e14dc25c261c2aed2fb034922fe279aa7dcc7c1d108e24161,pool1e96dkrs5msjuycwz4mf0kq6fytlz0x48mnrur5ggufqkzs2a4kp,BINANCE,pool_groups_current_HEAD,pool_clusters.json group; ticker=BNP; balanceanalytics_group=BINANCE; adastat_group=binance.com
cab7018701efaabd47d272f91f07a6e8c0a6f54bda96b723c9babbcc,pool1e2msrpcpa74t637jwtu37paxarq2da2tm2ttwg7fh2auc5vcl39,BINANCE,pool_groups_current_HEAD,pool_clusters.json group; ticker=None; balanceanalytics_group=BINANCE; adastat_group=binance.com
cb91386ed557e497bdc45f5c9c7e2dc76172a4f457289195598f9c03,pool1ewgnsmk42ljf00wytawfcl3dcash9f852u5fr92e37wqxutyksl,BINANCE,pool_groups_current_HEAD,pool_clusters.json group; ticker=BNP; balanceanalytics_group=BINANCE; adastat_group=binance.com
cb9a5414581696cf9176787e99472790355a7de61d67a5643da95a86,,BINANCE,pool_groups_2021_01_06_99b3c61d,pool_list.json cluster_name; ticker=BNP; name=Binance Staking - 30
d31b91228fc1dedbc3c795d3f7a0201e8eb1af60255e60fdd12acbb4,pool16vdezg50c80dhs78jhfl0gpqr68trtmqy40xplw39t9mgk6vrkd,BINANCE,pool_groups_current_HEAD,pool_clusters.json group; ticker=BNP; balanceanalytics_group=BINANCE; adastat_group=binance.com
d4970177385f7c3c90f51af3dbc4a865221778b48f23e4dc60dd4a67,,BINANCE,pool_groups_2021_01_06_99b3c61d,pool_list.json cluster_name; ticker=BNP; name=Binance Staking - 42
d60a72f6f3a1d42a47a292763ca0884f305b56bc880be701049bc46e,pool16c989ahn582z53azjfmregygfuc9k44u3q97wqgyn0zxuzp3dn4,BINANCE,pool_groups_current_HEAD,pool_clusters.json group; ticker=BNP; balanceanalytics_group=BINANCE; adastat_group=binance.com
de747d8ac5b643793c8027746e16594c98b43dacdfc91d9604d7b191,pool1me68mzk9kephj0yqya6xu9jefjvtg0dvmly3m9sy67cezrexalx,BINANCE,pool_groups_current_HEAD,pool_clusters.json group; ticker=BNP; balanceanalytics_group=BINANCE; adastat_group=binance.com
e0d44ad70881125fd5e4a99b8f3a38710e7623722d1b9eafab102600,pool1ur2y44cgsyf9l40y4xdc7w3cwy88vgmj95deatatzqnqqhrfp7f,BINANCE,pool_groups_current_HEAD,pool_clusters.json group; ticker=BNP; balanceanalytics_group=BINANCE; adastat_group=binance.com
e454652db4bb4a07aac51df90cc4f082cd28526ac990b7ddf7466ed2,,BINANCE,pool_groups_2021_01_06_99b3c61d,pool_list.json cluster_name; ticker=BNP; name=Binance Staking - 4
e69e8670e01e8a2ab0c577019f9937c7192e1b8c31245cb5271db738,pool1u60gvu8qr69z4vx9wuqelxfhcuvjuxuvxyj9edf8rkmns0405ny,BINANCE,pool_groups_current_HEAD,pool_clusters.json group; ticker=None; balanceanalytics_group=BINANCE; adastat_group=binance.com
e6ca6ff4ddeb8e81fe3574faa1f2929f0a8741d6d04b7eaf50265048,,BINANCE,pool_groups_2021_01_06_99b3c61d,pool_list.json cluster_name; ticker=BNP; name=Binance Staking - 24
e83506c6c38e272b14b45a577b912f8717788f74afac1d0591a0bce4,pool1aq6sd3kr3cnjk995tfthhyf0suth3rm547kp6pv35z7wgqu6twn,BINANCE,pool_groups_current_HEAD,pool_clusters.json group; ticker=BNP; balanceanalytics_group=BINANCE; adastat_group=binance.com
f62bc8f972c4bb926df8853694b1b62119ea8ed7c0af38203fca6b09,pool17c4u37tjcjaeym0cs5mffvdkyyv74rkhczhnsgplef4sjglkwpj,BINANCE,pool_groups_current_HEAD,pool_clusters.json group; ticker=BNP; balanceanalytics_group=BINANCE; adastat_group=binance.com
f7b96ff0848ac1ad86f60fac90e756e54e381cd53ff3e22a20e672f3,pool177ukluyy3tq6mphkp7kfpe6ku48rs8x48le7y23quee0xqmal06,BINANCE,pool_groups_current_HEAD,pool_clusters.json group; ticker=BNP; balanceanalytics_group=BINANCE; adastat_group=binance.com
f80c43e32943a0187ddb64b0ce68cd6ec0e61292d9f75153acc92583,,BINANCE,pool_groups_2021_01_06_99b3c61d,pool_list.json cluster_name; ticker=BNP; name=Binance Staking - 6
f85ca74e4a60f1ea259e4d65348916033e337fbb08a93db78e666be3,pool1lpw2wnj2vrc75fv7f4jnfzgkqvlrxlampz5nmduwve47xgnckns,BINANCE,pool_groups_current_HEAD,pool_clusters.json group; ticker=BNP; balanceanalytics_group=BINANCE; adastat_group=binance.com
fa610fe0a56f4f2bca9d08b0b84d3bf6ad2c6a6d263579927d462473,pool1lfsslc99da8jhj5apzctsnfm76kjc6ndyc6hnynagcj8xexvjsr,BINANCE,pool_groups_current_HEAD,pool_clusters.json group; ticker=BNP; balanceanalytics_group=BINANCE; adastat_group=binance.com
fb110d21b847e3f4631ef38dbe120b39ab72a0d85ddfe0886478d306,pool1lvgs6gdcgl3lgcc77wxmuyst8x4h9gxcth07pzry0rfsv5ntl3r,BINANCE,pool_groups_current_HEAD,pool_clusters.json group; ticker=BNP; balanceanalytics_group=BINANCE; adastat_group=binance.com
fcc675f8266022c4a0f8a7f1e24b00896fd742b35f147304c2354442,pool1lnr8t7pxvq3vfg8c5lc7yjcq39haws4ntu28xpxzx4zyya9ntny,BINANCE,pool_groups_current_HEAD,pool_clusters.json group; ticker=KKS; balanceanalytics_group=BINANCE; adastat_group=None
fece558da7c7e3ab1e72fdd10cefac1915226e776b42c5dbc9b787e4,pool1lm89trd8cl36k8njlhgsemavry2jymnhddpvtk7fk7r7g4e3fep,BINANCE,pool_groups_current_HEAD,pool_clusters.json group; ticker=BNP; balanceanalytics_group=BINANCE; adastat_group=binance.com
ff8ce26a1076026c64292eeb186455b390341b8ea66d7b75928d95f6,pool1l7xwy6sswcpxcepf9m43sez4kwgrgxuw5ekhkavj3k2lv6njvec,BINANCE,pool_groups_current_HEAD,pool_clusters.json group; ticker=BNP; balanceanalytics_group=BINANCE; adastat_group=binance.com
ffb3fe58689ae0d70d6fb939a842ee78ecfa10eab561274327e78b7b,,BINANCE,pool_groups_2021_01_06_99b3c61d,pool_list.json cluster_name; ticker=BNP; name=Binance Staking - 41
8db4b0de498200d07aeaf06a63e87cc5f0d428cff47fc71c336de3d9,pool13k6tphjfsgqdq7h27p4x86ruchcdg2x073luw8pndh3ajxvwvja,BLC,pool_groups_current_HEAD,pool_clusters.json group; ticker=BLC; balanceanalytics_group=BLC; adastat_group=biglazycat.com
ebec1ab3f54dde178e0783ce3df8008b2d28e42e1f7a4b460d46cf01,pool1a0kp4vl4fh0p0rs8s08rm7qq3vkj3epwraayk3sdgm8sz0zwt7t,BLC,pool_groups_current_HEAD,pool_clusters.json group; ticker=None; balanceanalytics_group=BLC; adastat_group=biglazycat.com
28cf6c6c01ecbfbd5e807fd879132f07b2c6f0712b930442a229d380,pool19r8kcmqpajlm6h5q0lv8jye0q7evdur39wfsgs4z98fcqpz9lct,BLOOM,pool_groups_current_HEAD,pool_clusters.json group; ticker=BLOOM; balanceanalytics_group=BLOOM; adastat_group=bloompool.io
53215c471b7ac752e3ddf8f2c4c1e6ed111857bfaa675d5e31ce8bce,pool12vs4c3cm0tr49c7alrevfs0xa5g3s4al4fn46h33e69uusat04v,BLOOM,pool_groups_current_HEAD,pool_clusters.json group; ticker=BLOOM; balanceanalytics_group=BLOOM; adastat_group=bloompool.io
8e06d57e463f8a73f37652b23d126eeb52e6838168700d0478d32851,pool13crd2ljx87988umk22er6ynwadfwdqupdpcq6prc6v59z62kxse,BLOOM,pool_groups_current_HEAD,pool_clusters.json group; ticker=BLOOM; balanceanalytics_group=BLOOM; adastat_group=bloompool.io
8e0bb9b126acd8e65a023602377d9a7a6f15af394d1f7bdd852182b8,pool13c9mnvfx4nvwvkszxcprwlv60fh3tteef50hhhv9yxptsua2v70,BLOOM,pool_groups_current_HEAD,pool_clusters.json group; ticker=DARK; balanceanalytics_group=BLOOM; adastat_group=None
bcd7cf751b59f949170a7e6599f9ac03e49b32c19f3f1d8dad3ac210,pool1hntu7agmt8u5j9c20ejen7dvq0jfkvkpnul3mrdd8tppqvwfvt2,BLOOM,pool_groups_current_HEAD,pool_clusters.json group; ticker=BLOOM; balanceanalytics_group=BLOOM; adastat_group=bloompool.io
e118432cb62a1f13de9af18f7eff32a98fe97b751d444117f7655b86,pool1uyvyxt9k9g038h567x8halej4x87j7m4r4zyz9lhv4dcv83husk,BLOOM,pool_groups_current_HEAD,pool_clusters.json group; ticker=BLOOM; balanceanalytics_group=BLOOM; adastat_group=bloompool.io
f5b2ef0d7db63c8d00446cd7d9ce9cdb9e73023ffaa5e806decceb66,pool17kew7rtakc7g6qzydntann5umw08xq3ll2j7spk7en4kvff69fa,BLOOM,pool_groups_current_HEAD,pool_clusters.json group; ticker=BLOOM; balanceanalytics_group=BLOOM; adastat_group=bloompool.io
730978fb63da87837a886054ac3470251d17bfb23fd1f98886125579,,BLUE,pool_groups_2021_01_06_99b3c61d,pool_list.json cluster_name; ticker=BLUE2; name=Blueskystaking
d154d3001887584db84a3bab55aa5724a7db3255fc50e129a01f47bc,,BLUE,pool_groups_2021_01_06_99b3c61d,pool_list.json cluster_name; ticker=BLUE; name=Blueskystaking
0a5ad3b4f3f48cf34ed5e659134750c9fd8f57ced7d4da1bc9ecef47,pool1pfdd8d8n7jx0xnk4uev3x36se87c747w6l2d5x7fanh5w9evhw2,BRAVO,pool_groups_current_HEAD,pool_clusters.json group; ticker=BRAVO; balanceanalytics_group=BRAVO; adastat_group=bravostakepool.nl
50a251d84927d932b9393cb462f300d215faedd5e8a5e791e869f32c,pool12z39rkzfylvn9wfe8j6x9ucq6g2l4mw4azj70y0gd8ejczznyj3,BRAVO,pool_groups_current_HEAD,pool_clusters.json group; ticker=BRAVO; balanceanalytics_group=BRAVO; adastat_group=bravostakepool.nl
41b59eb92c9df16cb37f15d222ca3c148aa929c8739fb6b549e51b51,pool1gx6eawfvnhckevmlzhfz9j3uzj92j2wgww0mdd2fu5d4zd4wvaa,BSSP,pool_groups_current_HEAD,pool_clusters.json group; ticker=BSSP2; balanceanalytics_group=BSSP; adastat_group=blackstarpool.com
68f866aa0448d8066426be9e913c171f7f8cc07c0def4eaf92e5df2b,pool1druxd2syfrvqvepxh60fz0qhralcesruphh5atujuh0jktjy0ma,BSSP,pool_groups_current_HEAD,pool_clusters.json group; ticker=BSSP; balanceanalytics_group=BSSP; adastat_group=blackstarpool.com
8e6f0aa0582af4b90e830926059027ee1759240bbd2b7e137d8721f9,pool13ehs4gzc9t6tjr5rpynqtyp8act4jfqth54huymasuslj05fu8z,BTCS,pool_groups_current_HEAD,pool_clusters.json group; ticker=None; balanceanalytics_group=BTCS; adastat_group=bitcoinsuisse.com
c8a15d64b34aed5d3bca88915ceb53533a45ee1487c7b2398df24d42,pool1ezs46e9nftk46w723zg4e66n2vaytms5slrmywvd7fx5y65zkru,BTCS,pool_groups_current_HEAD,pool_clusters.json group; ticker=None; balanceanalytics_group=BTCS; adastat_group=bitcoinsuisse.com
dbf4df9da9c134d7d7d44f6697ed739854b15dc71f47cdc1f550232e,pool1m06dl8dfcy6d0475fanf0mtnnp2tzhw8rarums042q3jux23q0j,BTCS,pool_groups_current_HEAD,pool_clusters.json group; ticker=BTCS; balanceanalytics_group=SINGLEPOOL; adastat_group=bitcoinsuisse.com
000022b3f0b748a43239c5024c58f852c05593cd0a77a798f0bb3a14,,BUFFY,pool_groups_2021_01_06_99b3c61d,pool_list.json cluster_name; ticker=BUFFY; name=BUFFY Crypto2099 Corp
00003e2c67a19f5cec109ffb840b4d1ac41604ec8db7fb38e80cc432,,BUFFY,pool_groups_2021_01_06_99b3c61d,pool_list.json cluster_name; ticker=SPIKE; name=SPIKE Crypto2099 Corp
28e31e89ea8a27199c2a3469703df2534d83b1df9be7d98709e3307f,,BULL,pool_groups_2021_01_06_99b3c61d,pool_list.json cluster_name; ticker=BULL; name=Crypto Stakehouse Pool-1
f49ab3d905832835d10aaa49ed0f11caa5221e1754d64f529ee263c9,,BULL,pool_groups_2021_01_06_99b3c61d,pool_list.json cluster_name; ticker=BULL2; name=Crypto Stakehouse Pool-2
6bf7a699ac063eb6119295faa652e4054664d4c287a45a31efb84cc1,,BULPR,pool_groups_2021_01_06_99b3c61d,pool_list.json cluster_name; ticker=BULPF; name=Bullet Proof Investing Club 2
f37a8ad3edc8598b01a6630217349571c181404feb97c580925045d8,,BULPR,pool_groups_2021_01_06_99b3c61d,pool_list.json cluster_name; ticker=BULPR; name=Bullet Proof Investing Club
9a2c4d02d84b9152682d15367d8f6bb4c215418fd26effddea483796,,BYTE,pool_groups_2021_01_06_99b3c61d,pool_list.json cluster_name; ticker=BYTE; name=Byte Stake Pools
dc2be21a6f44e5f2516600f6f130b46343e3ea22737ae4ab18dfd9f4,,BYTE,pool_groups_2021_01_06_99b3c61d,pool_list.json cluster_name; ticker=BYTE1; name=Byte Stake Pools
74fc8f26079dc13b5858ea45cc7f46d403dd0e453bed6b21e3c4c9d9,pool1wn7g7fs8nhqnkkzcafzucl6x6spa6rj980kkkg0rcnyajg62lur,Brosmetheus,pool_groups_current_HEAD,pool_clusters.json group; ticker=None; balanceanalytics_group=SINGLEPOOL; adastat_group=Brosmetheus
90e1b6f74ae747a8b8736eda88cb816af7b5c0db9817ad0e3bdc62e9,pool1jrsmda62uar63wrndmdg3jupdtmmtsxmnqt66r3mm33wj2fd2yh,Brosmetheus,pool_groups_current_HEAD,pool_clusters.json group; ticker=None; balanceanalytics_group=SINGLEPOOL; adastat_group=Brosmetheus
3fe5cbddcaf2cf4135a278590dc250152cfdfc4f88450322e7074788,pool18ljuhhw27t85zddz0pvsmsjsz5k0mlz03pzsxgh8qarcsw5wycc,CAFE,pool_groups_current_HEAD,pool_clusters.json group; ticker=CAFE3; balanceanalytics_group=CAFE; adastat_group=cardanocafe.org
5b60373e718a3647ec57f610b9942f91286748ddeaa0ad226acb927b,pool1tdsrw0n33gmy0mzh7cgtn9p0jy5xwjxaa2s26gn2ewf8kg4nrzx,CAFE,pool_groups_current_HEAD,pool_clusters.json group; ticker=CAFE; balanceanalytics_group=CAFE; adastat_group=cardanocafe.org
e24313f4a277d8c18b04374cd1b3aca3e6df7454f9382bd56fbc4015,pool1ufp38a9zwlvvrzcyxaxdrvav50nd7az5lyuzh4t0h3qp2gqamsx,CAFE,pool_groups_current_HEAD,pool_clusters.json group; ticker=CAFE2; balanceanalytics_group=CAFE; adastat_group=cardanocafe.org
2a70a609a9506d55738a3d4e11884fa71bc68ffb759688315069f76d,,CANUK,pool_groups_2021_01_06_99b3c61d,pool_list.json cluster_name; ticker=CNUK3; name=Cardano Canucks Pool Three
90b265d73d812200a842f90bd01bc9f943a713b0dc936238c686c0a9,,CANUK,pool_groups_2021_01_06_99b3c61d,pool_list.json cluster_name; ticker=CNUK2; name=Cardano Canucks Pool Two
2efcfd92f766bbeaa79ad07ab4ff648f11ec17c029e66d2abe343937,,CAPEX,pool_groups_2021_01_06_99b3c61d,pool_list.json cluster_name; ticker=CAPEY; name=CArdano Pools EXplained - 2
4042098128e6161d238f01ff474ae4cbe6451c82498b1bd8713d7098,,CAPEX,pool_groups_2021_01_06_99b3c61d,pool_list.json cluster_name; ticker=CAPEX; name=CArdano Pools EXplained
2313599837d144bdbd6897a3cdecc0ad2c995f38275aad6626c29ef5,pool1yvf4nxph69ztm0tgj73ummxq45kfjhecyad26e3xc2002xgzalg,CCV,pool_groups_current_HEAD,pool_clusters.json group; ticker=CCV4; balanceanalytics_group=CCV; adastat_group=ccv3000.github.io
849cdde779a0a0faaa4276dac342f762bd6c84d6cbf637a92a20bb88,pool1sjwdmeme5zs042jzwmdvxshhv27kepxke0mr02f2yzacsyd4wtu,CCV,pool_groups_current_HEAD,pool_clusters.json group; ticker=CCV; balanceanalytics_group=CCV; adastat_group=ccv3000.github.io
903c38e5905f1587d5ecf8c875a181725fb4b12b3eb06ce1d20bb1c6,pool1jq7r3evstu2c040vlry8tgvpwf0mfvft86cxecwjpwcuvvqfu2r,CCV,pool_groups_current_HEAD,pool_clusters.json group; ticker=CCV3; balanceanalytics_group=CCV; adastat_group=ccv3000.github.io
ddeb342bed35ab00242117343ada661db593fb25c55c818f2d3d784f,pool1mh4ng2ldxk4sqfppzu6r4knxrk6e87e9c4wgrred84uy7xauzlh,CCV,pool_groups_current_HEAD,pool_clusters.json group; ticker=CCV2; balanceanalytics_group=CCV; adastat_group=ccv3000.github.io
e0d0ce6856aa952a99cb376b4f882dd376aa6e095dc36c886faaa19c,pool1urgvu6zk422j4xwtxa45lzpd6dm25msfthpkezr042secrtuwzc,CCV,pool_groups_current_HEAD,pool_clusters.json group; ticker=CCV1; balanceanalytics_group=CCV; adastat_group=ccv3000.github.io
cd29aa2b5003b8833a7bcf36b2fef2a4b96b7d07632249dbd432cac8,pool1e556526sqwugxwnmeumt9lhj5jukklg8vv3ynk75xt9vs7adr5y,CHEAP,pool_groups_current_HEAD,pool_clusters.json group; ticker=CHEAP; balanceanalytics_group=CHEAP; adastat_group=cheapstaking.com
e7234026db910ce0ee214056940de0474b252456c3d70907f831eaf3,pool1uu35qfkmjyxwpm3pgptfgr0qga9j2fzkc0tsjplcx840x295xj9,CHEAP,pool_groups_current_HEAD,pool_clusters.json group; ticker=CHEAP; balanceanalytics_group=CHEAP; adastat_group=cheapstaking.com
01cd4b51c0d0a10bb658d9058409dd034bb4a0a9207bdcb8e6850be8,pool1q8x5k5wq6zsshdjcmyzcgzwaqd9mfg9fypaaew8xs597svmeyk4,CHUCK BUX,pool_groups_current_HEAD,pool_clusters.json group; ticker=None; balanceanalytics_group=CHUCK BUX; adastat_group=None
194bdd07976b1461612e7d252032d089afb22bf57426d316fbbf1ace,pool1r99a6puhdv2xzcfw05jjqvks3xhmy2l4wsndx9hmhudvu4yevz5,CHUCK BUX,pool_groups_current_HEAD,pool_clusters.json group; ticker=None; balanceanalytics_group=CHUCK BUX; adastat_group=None
1c8e2b0ad16edffdce4bea70202427842fbecd07420f4c9032cdd59d,pool1rj8zkzk3dm0lmnjtafczqfp8sshmang8gg85eypjeh2e6cve0vl,CHUCK BUX,pool_groups_current_HEAD,pool_clusters.json group; ticker=STKD; balanceanalytics_group=CHUCK BUX; adastat_group=None
213a3d69654b8ad86247bf2e3cb50e0ff134a9420781e6711c1bd74c,pool1yyar66t9fw9dscj8huhredgwplcnf22zq7q7vugur0t5c9nzt97,CHUCK BUX,pool_groups_current_HEAD,pool_clusters.json group; ticker=None; balanceanalytics_group=CHUCK BUX; adastat_group=None
27526b2d90120f45d36a7fce03c389463b9d60dfb1f062e9c359f0d6,pool1yafxktvszg85t5m20l8q8sufgcae6cxlk8cx96wrt8cdva7aknf,CHUCK BUX,pool_groups_current_HEAD,pool_clusters.json group; ticker=None; balanceanalytics_group=CHUCK BUX; adastat_group=None
28acd2df764365b328c37861ceace7e71caa3a03b2c6a0674562b820,pool19zkd9hmkgdjmx2xr0psuat88uuw25wsrktr2qe69v2uzqldfnmj,CHUCK BUX,pool_groups_current_HEAD,pool_clusters.json group; ticker=None; balanceanalytics_group=CHUCK BUX; adastat_group=stake1u8ww9v63kydymm7hslk4mxyte36str9ehdz06lzsu5r4jlq0e2shk
299782c0854785818fa21d91586ba495ad72f493627ba4027d72dbde,pool19xtc9sy9g7zcrrazrkg4s6ayjkkh9aynvfa6gqnawtdauulqxck,CHUCK BUX,pool_groups_current_HEAD,pool_clusters.json group; ticker=None; balanceanalytics_group=CHUCK BUX; adastat_group=None
39b954dce76567d053913149da772c4d8696fba7ed50ed43326b2538,pool18xu4fh88v4naq5u3x9ya5aevfkrfd7a8a4gw6sejdvjnsrpud2a,CHUCK BUX,pool_groups_current_HEAD,pool_clusters.json group; ticker=None; balanceanalytics_group=CHUCK BUX; adastat_group=stake1u8ww9v63kydymm7hslk4mxyte36str9ehdz06lzsu5r4jlq0e2shk
3c2dedcde37e09c92571a2beeb091408bd9d79998860a80c837770d5,pool18sk7mn0r0cyujft352lwkzg5pz7e67ve3ps2sryrwacd2r5zhp6,CHUCK BUX,pool_groups_current_HEAD,pool_clusters.json group; ticker=None; balanceanalytics_group=CHUCK BUX; adastat_group=None
4728a525f1ceba2b2a8ca4f5be0ca227ce8be55cf9d4a8883162661f,pool1gu522f03e6azk25v5n6mur9zyl8ghe2ul8223zp3vfnp77fagfa,CHUCK BUX,pool_groups_current_HEAD,pool_clusters.json group; ticker=None; balanceanalytics_group=CHUCK BUX; adastat_group=None
65c47f523eecdd5e3c7c0409c4ac97f08d31982b1d67363f7adc919e,pool1vhz87537anw4u0ruqsyuftyh7zxnrxptr4nnv0m6mjgeu8kp83z,CHUCK BUX,pool_groups_current_HEAD,pool_clusters.json group; ticker=None; balanceanalytics_group=CHUCK BUX; adastat_group=None
9afe4196e31b511405b6d8d5af5c15d120a1fe5422a8d11a23cf3384,pool1ntlyr9hrrdg3gpdkmr267hq46ys2rlj5y25dzx3reuecgd7p5sh,CHUCK BUX,pool_groups_current_HEAD,pool_clusters.json group; ticker=None; balanceanalytics_group=CHUCK BUX; adastat_group=None
b06f6b15e956f1cfdf13685ad8f7dcb302b1006820cb25f18ed62825,pool1kphkk90f2mculhcndpdd3a7ukvptzqrgyr9jtuvw6c5z2dptuph,CHUCK BUX,pool_groups_current_HEAD,pool_clusters.json group; ticker=None; balanceanalytics_group=CHUCK BUX; adastat_group=None
b9aaec5680bdc98bb580e5f3b7823beb71056c351bddffdbcf158261,pool1hx4wc45qhhychdvquhem0q3madcs2mp4r0wllk70zkpxz7jhyf4,CHUCK BUX,pool_groups_current_HEAD,pool_clusters.json group; ticker=None; balanceanalytics_group=CHUCK BUX; adastat_group=None
bb285eb816215e1fb3473726ab446df4809cd08ac54643a7c1798a13,pool1hv59awqky90plv68xun2k3rd7jqfe5y2c4ry8f7p0x9pxhd7wqr,CHUCK BUX,pool_groups_current_HEAD,pool_clusters.json group; ticker=None; balanceanalytics_group=CHUCK BUX; adastat_group=None
c1a4046a73a1cfc1f543357815b823409c7548e592912471d75f2752,pool1cxjqg6nn588ura2rx4uptwprgzw82j89j2gjguwhtun4ypw2sh4,CHUCK BUX,pool_groups_current_HEAD,pool_clusters.json group; ticker=None; balanceanalytics_group=CHUCK BUX; adastat_group=None
ed3ed7e79f9c8ce0a34024a1ab9840749f98257eb3c104ea72386c93,pool1a5ld0eulnjxwpg6qyjs6hxzqwj0esft7k0qsf6nj8pkfxy5lml3,CHUCK BUX,pool_groups_current_HEAD,pool_clusters.json group; ticker=None; balanceanalytics_group=CHUCK BUX; adastat_group=None
802441a365ac93b54344d716c1a7db865c1c0d33cf804f8d29cdb0f9,,CMAN,pool_groups_2021_01_06_99b3c61d,pool_list.json cluster_name; ticker=CMAN1; name=CryptoMan Stake Pool
ace6b013121b0af9bd944bafe54ac3e3ea36d92895f63a677cbc4e10,,CMAN,pool_groups_2021_01_06_99b3c61d,pool_list.json cluster_name; ticker=CMAN3; name=CryptoMan Stake Pool
d7c3af0c92d7d9ca061cf43a24099b5f43e0387585ee0f55e9fd74cb,,CMAN,pool_groups_2021_01_06_99b3c61d,pool_list.json cluster_name; ticker=CMAN2; name=CryptoMan Stake Pool
0775f0139af22e1ebf2c3278598816946e750029b70eace3c5135c3e,pool1qa6lqyu67ghpa0evxfu9nzqkj3h82qpfku82ec79zdwru4pd25m,CNODE,pool_groups_current_HEAD,pool_clusters.json group; ticker=CNODE; balanceanalytics_group=CNODE; adastat_group=cardanode.io
971212db48d9390662faa0fa725950f3b9ac1a898227f5fcf1096399,pool1jufp9k6gmyusvch65ra8yk2s7wu6cx5fsgnltl83p93ejg6h3xg,CNODE,pool_groups_current_HEAD,pool_clusters.json group; ticker=FUND; balanceanalytics_group=CNODE; adastat_group=cardanode.io
f3a168b9c5ec32cf59362d96972b06c00faa480aff8baef33ad1bed7,pool17wsk3ww9asev7kfk9ktfw2cxcq865jq2l796aue66xldwx6cy82,CNODE,pool_groups_current_HEAD,pool_clusters.json group; ticker=FUND3; balanceanalytics_group=CNODE; adastat_group=cardanode.io
fdb0d8ba88d434c8dd3ab3974a3401efc7b016e54c7387c63398aec4,pool1lkcd3w5g6s6v3hf6kwt55dqpalrmq9h9f3ec033nnzhvgjgl860,CNODE,pool_groups_current_HEAD,pool_clusters.json group; ticker=FUND2; balanceanalytics_group=CNODE; adastat_group=cardanode.io
02e183451978d1b0a52806674e702719d73eb3dd5332de3b30b00de4,pool1qtscx3ge0rgmpffgqen5uup8r8tnav7a2veduweskqx7gf8gjec,COINBASE,pool_groups_current_HEAD,pool_clusters.json group; ticker=N/A; balanceanalytics_group=None; adastat_group=n
0322ccfd1f68a8a288057d64428123bb6efed9d6b5c9fe2864db7507,pool1qv3velgldz529zq904jy9qfrhdh0akwkkhylu2rymd6sw9m02cc,COINBASE,pool_groups_current_HEAD,pool_clusters.json group; ticker=RVH; balanceanalytics_group=COINBASE; adastat_group=None
050111fdb59ffef538f005d25a1d52c254a594a45abc278416830336,pool1q5q3rld4nll02w8sqhf9582jcf22t99yt27z0pqksvpnv4rdra9,COINBASE,pool_groups_current_HEAD,pool_clusters.json group; ticker=N/A; balanceanalytics_group=COINBASE; adastat_group=n
061f4c7b5de2c1554690029e2e559272ff4dbcd3aecc02d91aceb5c7,pool1qc05c76autq4235sq20zu4vjwtl5m0xn4mxq9kg6e66uwz95kd4,COINBASE,pool_groups_current_HEAD,pool_clusters.json group; ticker=EGH; balanceanalytics_group=COINBASE; adastat_group=None
07c30535c3781afef83200ebee872e4abe0aa8cc7c448ccd68730bb8,pool1qlps2dwr0qd0a7pjqr47apewf2lq42xv03zgentgwv9mspeh57g,COINBASE,pool_groups_current_HEAD,pool_clusters.json group; ticker=None; balanceanalytics_group=COINBASE; adastat_group=None
1af3ab3195145354f01a9862086cd788792cef439e028a1d7c361f54,pool1rte6kvv4z3f4fuq6np3qsmxh3pujem6rncpg58tuxc04gwmc2xn,COINBASE,pool_groups_current_HEAD,pool_clusters.json group; ticker=None; balanceanalytics_group=COINBASE; adastat_group=None
25fd683114acd191fa3f6cd2a5610e25ded9eebdc8fb76b5f66f2d20,pool1yh7ksvg54nger73ldnf22cgwyh0dnm4aerahdd0kdukjqeacy32,COINBASE,pool_groups_current_HEAD,pool_clusters.json group; ticker=N/A; balanceanalytics_group=COINBASE; adastat_group=n
26913b79719e86c08f5e4e8fbcdcc8042865566fcc045fd25edd7a01,pool1y6gnk7t3n6rvpr67f68mehxgqs5x24n0esz9l5j7m4aqzn4e0qw,COINBASE,pool_groups_current_HEAD,pool_clusters.json group; ticker=N/A; balanceanalytics_group=COINBASE; adastat_group=n
2885a48f88db36756708fd2f7a30117962dad843add43a313b5ebfdf,pool19zz6frugmvm82ecgl5hh5vq3093d4kzr4h2r5vfmt6la7trk929,COINBASE,pool_groups_current_HEAD,pool_clusters.json group; ticker=CVM; balanceanalytics_group=COINBASE; adastat_group=None
2fa7df39f73de583b9ac7121e9c3bfbac385e53d8ed51e372030536d,pool197na7w0h8hjc8wdvwys7nsalhtpctefa3m23udeqxpfk6nzq8l9,COINBASE,pool_groups_current_HEAD,pool_clusters.json group; ticker=N/A; balanceanalytics_group=COINBASE; adastat_group=n
365a5a9c59aa3971d96511a5bce24c4598849d0d3c2d61217dc0b488,pool1xed948ze4guhrkt9zxjmecjvgkvgf8gd8skkzgtacz6gsyk9m5c,COINBASE,pool_groups_current_HEAD,pool_clusters.json group; ticker=WGM; balanceanalytics_group=COINBASE; adastat_group=None
37303e39c681371e158fdd7268f4546d581114dc3fbcc87cbc6856f0,pool1xucruwwxsym3u9v0m4ex3az5d4vpz9xu877vsl9udpt0q237e9m,COINBASE,pool_groups_current_HEAD,pool_clusters.json group; ticker=KLF; balanceanalytics_group=COINBASE; adastat_group=None
37e0b7c9c58753b14707dd34267ebbd50917e9b80d4f76da07e0e1b8,pool1xlst0jw9safmz3c8m56zvl4m65y306dcp48hdks8ursmsz2awm2,COINBASE,pool_groups_current_HEAD,pool_clusters.json group; ticker=OOH; balanceanalytics_group=COINBASE; adastat_group=None
3a203ec1a8bae5098be953c3759e9fae42eea3d5714293500c6b3013,pool18gsrasdghtjsnzlf20pht85l4epwag74w9pfx5qvdvcpxw68sl6,COINBASE,pool_groups_current_HEAD,pool_clusters.json group; ticker=GCD; balanceanalytics_group=COINBASE; adastat_group=None
4594f67c08f0007d1fac243169624b710375cb834bbe81f6b4d79f32,pool1gk20vlqg7qq868avysckjcjtwyphtjurfwlgra45670ny6r4fww,COINBASE,pool_groups_current_HEAD,pool_clusters.json group; ticker=GCN; balanceanalytics_group=COINBASE; adastat_group=None
483b0d11a79c52d088f93e8a0930999c1bb17f2b04b26c7167d9bb0e,pool1fqas6yd8n3fdpz8e869qjvyensdmzletqjexcut8mxasu2sk72r,COINBASE,pool_groups_current_HEAD,pool_clusters.json group; ticker=LAG; balanceanalytics_group=COINBASE; adastat_group=None
4987d8a81c1e79f600771b4331fe84ce2f700f2855ae345d915dbf51,pool1fxra32qureulvqrhrdpnrl5yechhqreg2khrghv3tkl4z66t0rm,COINBASE,pool_groups_current_HEAD,pool_clusters.json group; ticker=N/A; balanceanalytics_group=COINBASE; adastat_group=n
4fd4f6b6c164e0bf9b514f7facc6dcae87ed4eca857605da92990d35,pool1fl20ddkpvnstlx63fal6e3ku46r76nk2s4mqtk5jnyxn2vt7hg6,COINBASE,pool_groups_current_HEAD,pool_clusters.json group; ticker=KOH; balanceanalytics_group=COINBASE; adastat_group=None
56fc2287d2013661b181d0bccda5bcd4b5cd12b10bf7a254ddf8ab18,pool12m7z9p7jqymxrvvp6z7vmfdu6j6u6y43p0m6y4xalz43sc8s4t9,COINBASE,pool_groups_current_HEAD,pool_clusters.json group; ticker=N/A; balanceanalytics_group=COINBASE; adastat_group=n
5cfc3c3314ffe6748ff3a4ca34b4b841ed81caacfee24c341c21a905,pool1tn7rcvc5lln8frln5n9rfd9cg8kcrj4vlm3ycdquyx5s2mlhmtk,COINBASE,pool_groups_current_HEAD,pool_clusters.json group; ticker=N/A; balanceanalytics_group=COINBASE; adastat_group=n
661d04fdb7aa2c2476bbc6827d11ec22ec04ecb953495ade0f7b2352,pool1vcwsfldh4gkzga4mc6p86y0vytkqfm9e2dy44hs00v34yeqnfaf,COINBASE,pool_groups_current_HEAD,pool_clusters.json group; ticker=FVG; balanceanalytics_group=COINBASE; adastat_group=None
6804118fe78be9bf9213b9e829803952be87814d28b305fa52bf11d9,pool1dqzprrl8305mlysnh85znqpe22lg0q2d9zest7jjhugajuf46kv,COINBASE,pool_groups_current_HEAD,pool_clusters.json group; ticker=COIN; balanceanalytics_group=COINBASE; adastat_group=None
733b28bfd9c9e49cb98504968b3c11cff61cd3e2acd4dce1517c5fa5,pool1wvaj307ee8jfewv9qjtgk0q3elmpe5lz4n2dec2303062f7dc4c,COINBASE,pool_groups_current_HEAD,pool_clusters.json group; ticker=N/A; balanceanalytics_group=COINBASE; adastat_group=n
779b6f0e6fc27e212475481920f43378ec2a5a1bc8cd45a1c1da90b9,pool1w7dk7rn0cflzzfr4fqvjpapn0rkz5ksmerx5tgwpm2gtj2gly97,COINBASE,pool_groups_current_HEAD,pool_clusters.json group; ticker=N/A; balanceanalytics_group=COINBASE; adastat_group=n
7968d7e067205f0cff731c174bcf893cb1fd33f637c6a96ac0a9b408,pool1095d0cr8yp0selmnrst5hnuf8jcl6vlkxlr2j6kq4x6qs4yxuwt,COINBASE,pool_groups_current_HEAD,pool_clusters.json group; ticker=N/A; balanceanalytics_group=COINBASE; adastat_group=n
7d45120fc9e82f8b69d886057d80630b721e8f033cb8e3f26621d7bd,pool104z3yr7faqhck6wcsczhmqrrpdeparcr8juw8unxy8tm6xp447d,COINBASE,pool_groups_current_HEAD,pool_clusters.json group; ticker=None; balanceanalytics_group=COINBASE; adastat_group=None
81e35f1248da51c4bc93968b9e3bc3f51dee41a34df38b070390eca2,pool1s8347yjgmfguf0ynj69euw7r75w7usdrfheckpcrjrk2yfvnpwq,COINBASE,pool_groups_current_HEAD,pool_clusters.json group; ticker=N/A; balanceanalytics_group=COINBASE; adastat_group=n
8244c76006f79362261bb84975daeaca6810e45f50163ffa41cf814e,pool1sfzvwcqx77fkyfsmhpyhtkh2ef5ppezl2qtrl7jpe7q5up96ux9,COINBASE,pool_groups_current_HEAD,pool_clusters.json group; ticker=N/A; balanceanalytics_group=None; adastat_group=n
837a3cf8c96e97bed8e8be6deb390144b46171e3c843b75575d0f788,pool1sdare7xfd6tmak8ghek7kwgpgj6xzu0reppmw4t46rmcs0h6vr2,COINBASE,pool_groups_current_HEAD,pool_clusters.json group; ticker=UTA; balanceanalytics_group=COINBASE; adastat_group=None
8c289ee3b1b591a95c18ffce66957d1f07115afdf939c2a9b441fc22,pool13s5faca3kkg6jhqcll8xd9tarur3zkhalyuu92d5g87zyj4wrrc,COINBASE,pool_groups_current_HEAD,pool_clusters.json group; ticker=TZD; balanceanalytics_group=COINBASE; adastat_group=None
92bda83eb105d569b23cb6fa1d407dd42de0d2d7e6562718b7ac5c02,pool1j276s043qh2knv3ukmap6sra6sk7p5khuetzwx9h43wqydzsx8c,COINBASE,pool_groups_current_HEAD,pool_clusters.json group; ticker=UBE; balanceanalytics_group=COINBASE; adastat_group=None
968c91930b19b75e87ee8b2635a130601a38d326cccc08669611b69e,pool1j6xfryctrxm4aplw3vnrtgfsvqdr35exenxqse5kzxmfue7qqmr,COINBASE,pool_groups_current_HEAD,pool_clusters.json group; ticker=N/A; balanceanalytics_group=COINBASE; adastat_group=n
9ca4378a7ee308d910efd7a611a1df2181314c25723ff4cfa855664c,pool1njjr0zn7uvydjy8067nprgwlyxqnznp9wgllfnag24nycgkda25,COINBASE,pool_groups_current_HEAD,pool_clusters.json group; ticker=FMD; balanceanalytics_group=COINBASE; adastat_group=None
a5b36528fbbb2709e1b29fbdc3816399ef2bd1c916efa416aa325f1a,pool15kek228mhvnsncdjn77u8qtrn8hjh5wfzmh6g942xf0353yc77j,COINBASE,pool_groups_current_HEAD,pool_clusters.json group; ticker=TIA; balanceanalytics_group=COINBASE; adastat_group=None
a79f362a5947f002a9087837627e8d720aadcab1f5655c7b3d41abeb,pool1570nv2jeglcq92gg0qmkyl5dwg92mj4374j4c7eagx47kdm0r4l,COINBASE,pool_groups_current_HEAD,pool_clusters.json group; ticker=None; balanceanalytics_group=COINBASE; adastat_group=None
a9807616077f17a66dc12c562bfc8dbc1a0b9ad1c96591fd56ffafb5,pool14xq8v9s80ut6vmwp93tzhlydhsdqhxk3e9jerl2kl7hm2dq6pru,COINBASE,pool_groups_current_HEAD,pool_clusters.json group; ticker=ARH; balanceanalytics_group=COINBASE; adastat_group=None
ac5ba151fae6889e25021acc723b0e34655828bf3328b6f1180e1d65,pool143d6z506u6yfufgzrtx8ywcwx3j4s29lxv5tdugcpcwk2l83gck,COINBASE,pool_groups_current_HEAD,pool_clusters.json group; ticker=None; balanceanalytics_group=COINBASE; adastat_group=None
accd28c048ea968ffdd99c91d927f125574f3c88bdc968e9aabe7806,pool14nxj3szga2tgllwenjgajfl3y4t570yghhyk36d2heuqvy63wl3,COINBASE,pool_groups_current_HEAD,pool_clusters.json group; ticker=None; balanceanalytics_group=COINBASE; adastat_group=None
af972e56a75497f5523f400073a6d94b788c72fde6d27dbc7891f823,pool147tju4482jtl253lgqq88fkefdugcuhaumf8m0rcj8uzxu846qm,COINBASE,pool_groups_current_HEAD,pool_clusters.json group; ticker=N/A; balanceanalytics_group=COINBASE; adastat_group=n
b619d366a0acc2e5a8e0f8e373d6eb926a01811f05a381aaa7a8564c,pool1kcvaxe4q4npwt28qlr3h84htjf4qrqglqk3cr2484ptycr0ldut,COINBASE,pool_groups_current_HEAD,pool_clusters.json group; ticker=RRC; balanceanalytics_group=COINBASE; adastat_group=None
b7d4ce778e4e2967f5893faa4dd178dbea47754a48ff980afc967189,pool1kl2vuauwfc5k0avf874ym5tcm04ywa22frleszhujeccj4va3lt,COINBASE,pool_groups_current_HEAD,pool_clusters.json group; ticker=N/A; balanceanalytics_group=None; adastat_group=n
b900dfcf894c473620bf379f8c63aa300d8c8842a94a758758bdcd33,pool1hyqdlnuff3rnvg9lx70ccca2xqxcezzz4998tp6chhxnx2st257,COINBASE,pool_groups_current_HEAD,pool_clusters.json group; ticker=FCS; balanceanalytics_group=COINBASE; adastat_group=None
cb40e0cff388865448b04c364ff941ccf576bb2c7f8c804bdc153769,pool1edqwpnln3zr9gj9sfsmyl72pen6hdwev07xgqj7uz5mkjrgfj6h,COINBASE,pool_groups_current_HEAD,pool_clusters.json group; ticker=TBG; balanceanalytics_group=COINBASE; adastat_group=None
d5b425b62bd53cdc1ce0c45160ee6b7124cb744fab631a25c1fd2589,pool16k6ztd3t657dc88qc3gkpmntwyjvkaz04d335fwpl5jcj5hxyjg,COINBASE,pool_groups_current_HEAD,pool_clusters.json group; ticker=None; balanceanalytics_group=None; adastat_group=n
d66b1218d56cb0c9c3937207b3ae61bbff21ae212ae791722062f0e1,pool16e43yxx4djcvnsunwgrm8tnph0ljrt3p9tnezu3qvtcwzh4zwwa,COINBASE,pool_groups_current_HEAD,pool_clusters.json group; ticker=FBA; balanceanalytics_group=COINBASE; adastat_group=None
e293c14533a3521ba5f8e3e1976ea39e47dad69d6666847f2587eb72,pool1u2fuz3fn5dfphf0cu0sewm4rnera445avenggle9sl4hy7rjzgv,COINBASE,pool_groups_current_HEAD,pool_clusters.json group; ticker=N/A; balanceanalytics_group=COINBASE; adastat_group=n
f747045bf6584b0e92d4b0bbdb399f8c9c4c082ff239c3288d7f0280,pool17arsgklktp9sayk5kzaakwvl3jwyczp07guux2yd0upgqh04qjl,COINBASE,pool_groups_current_HEAD,pool_clusters.json group; ticker=RMH; balanceanalytics_group=COINBASE; adastat_group=None
fe59e220d8036bd7533bf393e26abde56ec7d49fa632e57bf696d134,pool1lev7ygxcqd4aw5em7wf7y64au4hv04yl5cew27lkjmgngj46vqk,COINBASE,pool_groups_current_HEAD,pool_clusters.json group; ticker=TLK; balanceanalytics_group=COINBASE; adastat_group=None
8a42c15c5e0bd35c174fb56b91a4964fc7e03427d2f5299be9eeee0c,pool13fpvzhz7p0f4c960k44erfykflr7qdp86t6jnxlfamhqcmfha42,COINEX,pool_groups_current_HEAD,pool_clusters.json group; ticker=CET; balanceanalytics_group=COINEX; adastat_group=coinex.com
f36c85c5e0f0291cf58b19117a86952bb7f2e40a8c4a14db99c6889f,pool17dkgt30q7q53eavtrygh4p549wml9eq2339pfkuec6yf7x7h5rz,COINEX,pool_groups_current_HEAD,pool_clusters.json group; ticker=None; balanceanalytics_group=COINEX; adastat_group=coinex.com
0840d05089b5bff1e24fe57c1ed905cd6fda68e1147a5b5863d39562,pool1ppqdq5yfkkllrcj0u47pakg9e4ha568pz3a9kkrr6w2kyw8gxv7,COOL,pool_groups_current_HEAD,pool_clusters.json group; ticker=COOL3; balanceanalytics_group=COOL; adastat_group=stakecool.io
0ec6869e13bb1f39c8be3611e7cc00ba1ec2a22d7e4b197cec9aa2e3,pool1pmrgd8snhv0nnj97xcg70nqqhg0v9g3d0e93jl8vn23wxtsxz53,COOL,pool_groups_current_HEAD,pool_clusters.json group; ticker=CALM; balanceanalytics_group=COOL; adastat_group=stakecool.io
6198d2070b6e70cc2a5e370a43dd49699960c88a084ffe390abe9a6a,pool1vxvdypctdecvc2j7xu9y8h2fdxvkpjy2pp8luwg2h6dx5jlv0nk,COOL,pool_groups_current_HEAD,pool_clusters.json group; ticker=COOL; balanceanalytics_group=COOL; adastat_group=stakecool.io
6371c7935c90ddb9b2bca3e5ae04d69711ec1bc28749393116c6d44c,pool1vdcu0y6ujrwmnv4u50j6upxkjug7cx7zsaynjvgkcm2ycmajelc,COOL,pool_groups_current_HEAD,pool_clusters.json group; ticker=COOL5; balanceanalytics_group=COOL; adastat_group=stakecool.io
7782b3a9574a1d179a767064213e03a061995a006e1aeafdfb8463f8,pool1w7pt822hfgw30xnkwpjzz0sr5psejksqdcdw4l0ms33lsgynp2e,COOL,pool_groups_current_HEAD,pool_clusters.json group; ticker=COOL4; balanceanalytics_group=COOL; adastat_group=stakecool.io
d918835729aaab9d4dca82c60079a6c643d65141f909730ecfeb3aef,pool1myvgx4ef424e6nw2strqq7dxcepav52plyyhxrk0avaw7y098l2,COOL,pool_groups_current_HEAD,pool_clusters.json group; ticker=COOL2; balanceanalytics_group=COOL; adastat_group=stakecool.io
1edd8fef3c5e1adf25f0b2f1963bbacbba1b9b2246416a5f0983981b,,CP,pool_groups_2021_01_06_99b3c61d,pool_list.json cluster_name; ticker=CP1; name=CrimsonPool1
dcf43cff10f366a4804905092fb8dda95a57bc348342ed2a5f356965,,CP,pool_groups_2021_01_06_99b3c61d,pool_list.json cluster_name; ticker=CP0; name=CrimsonPool0
13375a4a5470b564246a3251ea0ccfef046ee5bcaf3ed6de6315abc7,pool1zvm45jj5wz6kgfr2xfg75rx0auzxaedu4ulddhnrzk4uwuyuvpn,CPU,pool_groups_current_HEAD,pool_clusters.json group; ticker=ERA; balanceanalytics_group=CPU; adastat_group=None
19cb138eab81d3559e70094df2b6cb1742bf275e920300d5c3972253,pool1r8938r4ts8f4t8nsp9xl9dktzapt7f67jgpsp4wrju39xrdnaye,CPU,pool_groups_current_HEAD,pool_clusters.json group; ticker=VENUS; balanceanalytics_group=CPU; adastat_group=None
3e5fcbaf750c0291cecb72384091724a1c2d35da10a71473e16c926f,pool18e0uhtm4pspfrnktwguypytjfgwz6dw6zzn3gulpdjfx7qd0439,CPU,pool_groups_current_HEAD,pool_clusters.json group; ticker=MINES; balanceanalytics_group=CPU; adastat_group=None
3ee7ce97d36822f511cac6bbd76b70350684f8bb4ced5366842a96c9,pool18mnua97ndq302yw2c6aaw6msx5rgf79mfnk4xe5y92tvjl45etl,CPU,pool_groups_current_HEAD,pool_clusters.json group; ticker=CAHLI; balanceanalytics_group=CPU; adastat_group=None
9f38b462566102fe9bc1061131f298164d51ea54464ad984d486ce87,,CPU,pool_groups_2021_01_06_99b3c61d,pool_list.json cluster_name; ticker=UDP; name=Utterly Determined Pool
b45c1860e038baa0642b352ccf447ed5e14430342a11dd75bae52f39,pool1k3wpsc8q8za2qeptx5kv73r76hs5gvp59gga6ad6u5hnj3scy3q,CPU,pool_groups_current_HEAD,pool_clusters.json group; ticker=CPU; balanceanalytics_group=CPU; adastat_group=None
397f04eb0ae0497d8c4d691844c8c6b026bc942e3f406f26b8e24f48,pool189lsf6c2upyhmrzddyvyfjxxkqnte9pw8aqx7f4cuf85sjxlm02,CRDNS,pool_groups_current_HEAD,pool_clusters.json group; ticker=None; balanceanalytics_group=CRDNS; adastat_group=cardanians.io
618ab17ec8ea7239b4ac0c826b667c599489e25524ce74841a29d510,pool1vx9tzlkgafernd9vpjpxkenutx2gncj4yn88fpq69823qlwcqrt,CRDNS,pool_groups_current_HEAD,pool_clusters.json group; ticker=None; balanceanalytics_group=CRDNS; adastat_group=cardanians.io
6ab1fd13a4e182f731ecf356ce3e145311f43cd512be2579ba3572e9,pool1d2cl6yayuxp0wv0v7dtvu0s52vglg0x4z2lz27d6x4ewj72nk2a,CRDNS,pool_groups_current_HEAD,pool_clusters.json group; ticker=None; balanceanalytics_group=CRDNS; adastat_group=cardanians.io
b6e038fb50202dfe5ccc61ecae9b8803bdc9cb7fb3ae9348cb97b0ef,pool1kmsr376syqkluhxvv8k2axugqw7unjmlkwhfxjxtj7cw7qcn0jn,CRDNS,pool_groups_current_HEAD,pool_clusters.json group; ticker=None; balanceanalytics_group=CRDNS; adastat_group=cardanians.io
c3798f717a40ee027583dee28161a9a812d84ade635d8310b878e892,pool1cduc7ut6grhqyavrmm3gzcdf4qfdsjk7vdwcxy9c0r5fyaxh2sq,CRDNS,pool_groups_current_HEAD,pool_clusters.json group; ticker=None; balanceanalytics_group=CRDNS; adastat_group=cardanians.io
c4532b7e1e6abbc971a7250c4a65fd171fccf56e9c6bcf489107cf41,pool1c3fjkls7d2aujud8y5xy5e0azu0ueatwn34u7jy3ql85ze3xya8,CRDNS,pool_groups_current_HEAD,pool_clusters.json group; ticker=MANDA; balanceanalytics_group=SINGLEPOOL; adastat_group=cardanians.io
e069112add6af5fa1a11a1716357de1848c22229eb2eaa007702d5c9,pool1up53z2kadt6l5xs359ckx477rpyvyg3favh25qrhqt2ujclpq3h,CRDNS,pool_groups_current_HEAD,pool_clusters.json group; ticker=None; balanceanalytics_group=CRDNS; adastat_group=None
e5b20e8f9661506710a159e561d40ceb54449fdea1d1130b3bdb36bb,pool1ukeqarukv9gxwy9pt8jkr4qvad2yf87758g3xzemmvmtk8lrynp,CRDNS,pool_groups_current_HEAD,pool_clusters.json group; ticker=None; balanceanalytics_group=CRDNS; adastat_group=cardanians.io
ed24d8995c6fd81d976baa03de565fea21a02d77d49b047064ba8445,pool1a5jd3x2udlvpm9mt4gpau4jlags6qtth6jdsguryh2zy27f5ttj,CRDNS,pool_groups_current_HEAD,pool_clusters.json group; ticker=None; balanceanalytics_group=CRDNS; adastat_group=cardanians.io
7df262feae9201d1b2e32d4c825ca91b29fbafb2b8e556f6efb7f549,pool10hex9l4wjgqarvhr94xgyh9frv5lhtajhrj4dah0kl65jtws30k,CSN,pool_groups_current_HEAD,pool_clusters.json group; ticker=CSN1; balanceanalytics_group=CSN; adastat_group=csn.cardanoscan.io
da50099e7aa1d926e1888990b1c404caf554dd6f68a1cb0322999d1d,pool1mfgqn8n658vjdcvg3xgtr3qyet64fht0dzsukqeznxw36z8g2k6,CSN,pool_groups_current_HEAD,pool_clusters.json group; ticker=CSN2; balanceanalytics_group=CSN; adastat_group=csn.cardanoscan.io
55962d29056c55303f0db16442011ab0392f7e7b37bdaeae97a14f0e,pool12ktz62g9d32nq0cdk9jyyqg6kquj7lnmx776at5h598supql0t2,CTEC,pool_groups_current_HEAD,pool_clusters.json group; ticker=CTEC2; balanceanalytics_group=CTEC; adastat_group=crown-tech.co.jp
a56e07cb5cd11a2d2b6bff3c6ecbc7ddc79205e2831560792f06e795,pool154hq0j6u6ydz62mtlu7xaj78mhreyp0zsv2kq7f0qmne2fu4t7y,CTEC,pool_groups_current_HEAD,pool_clusters.json group; ticker=CTEC; balanceanalytics_group=CTEC; adastat_group=crown-tech.co.jp
0fb775cf7882d45e79d0f37cffdf884578d23b776a108256db7b6734,pool1p7mhtnmcst29u7ws7d70lhugg4udywmhdgggy4km0dnnga0tymr,CardanoVietNam,pool_groups_current_HEAD,pool_clusters.json group; ticker=None; balanceanalytics_group=SINGLEPOOL; adastat_group=CardanoVietNam
7ce992df81b19e9844a9ddc41e41b76aa8cbe96e3100a9d1b3c6501b,pool10n5e9hupkx0fs39fmhzpusdhd25vh6twxyq2n5dncegpkumhuz5,CardanoVietNam,pool_groups_current_HEAD,pool_clusters.json group; ticker=None; balanceanalytics_group=SINGLEPOOL; adastat_group=CardanoVietNam
9dff03e4b074c90bfda895a76e56611e7a67fa9373feb1db63e8ef57,pool1nhls8e9swnyshldgjknku4npreax075nw0ltrkmrarh4w3skxt9,DAN,pool_groups_current_HEAD,pool_clusters.json group; ticker=DAN; balanceanalytics_group=DAN; adastat_group=cardanodan.github.io
c8ae7865c04089e56bc4611f28404707bbbc663e345b7da7ea548ff7,pool1ezh8sewqgzy7267yvy0jssz8q7amce37x3dhmfl22j8lwz6wjrd,DAN,pool_groups_current_HEAD,pool_clusters.json group; ticker=DAN2; balanceanalytics_group=DAN; adastat_group=cardanodan.github.io
076c483d263502a49b138614b24820e9ce0f010b6de8b8f62ab87ecd,pool1qakys0fxx5p2fxcnsc2tyjpqa88q7qgtdh5t3a32hplv6fg25r9,DAPP,pool_groups_current_HEAD,pool_clusters.json group; ticker=DAPP; balanceanalytics_group=DAPP; adastat_group=dappcentral.net
548446c24a24a53a14594b102502be1b1362d1e6c5b7435732c359cc,pool12jzydsj2yjjn59zefvgz2q47rvfk950xckm5x4ejcdvucueg5c8,DAPP,pool_groups_current_HEAD,pool_clusters.json group; ticker=ZILLA; balanceanalytics_group=SINGLEPOOL; adastat_group=dappcentral.net
56dec7ec811a1534b3e4d8ba8bb24315e7f15aea0c2718706a9ded2a,pool12m0v0myprg2nfvlymzaghvjrzhnlzkh2psn3sur2nhkj5wpkdmh,DAPP,pool_groups_current_HEAD,pool_clusters.json group; ticker=DAPP; balanceanalytics_group=DAPP; adastat_group=dappcentral.net
5dcfd4cc44f16591ba487e008dc49530a81486eb4d908201cfbac478,pool1th8afnzy79jerwjg0cqgm3y4xz5pfphtfkggyqw0htz8ssujvf5,DAPP,pool_groups_current_HEAD,pool_clusters.json group; ticker=None; balanceanalytics_group=SINGLEPOOL; adastat_group=dappcentral.net
79c4d4fe108f480fee98f307adac12571df2959651f833b595141cd1,pool108zdflss3ayqlm5c7vr6mtqj2uwl99vk28ur8dv4zswdzt6yauc,DAPP,pool_groups_current_HEAD,pool_clusters.json group; ticker=AZUR; balanceanalytics_group=AZUR; adastat_group=dappcentral.net
881e3af880ac65f96cbf9b85d3f054f72aa7bb9c77fe365bbf36f4c7,,DAPP,pool_groups_2021_01_06_99b3c61d,pool_list.json cluster_name; ticker=D360; name=DApp360
89858b765180d1f68f5e6da063fab23663829a785568620eb50fb0d3,pool13xzckaj3srgldr67dksx874jxe3c9xnc245xyr44p7cdxh07hft,DAPP,pool_groups_current_HEAD,pool_clusters.json group; ticker=LGC; balanceanalytics_group=DAPP; adastat_group=dappcentral.net
bdadf198bdc79d4f37c5dcd9ed0cdf402bdc2299c3ae4c87d688a6fe,pool1hkklrx9ac7w57d79mnv76rxlgq4acg5ecwhyep7k3zn0u5cz2k9,DAPP,pool_groups_current_HEAD,pool_clusters.json group; ticker=AZUR3; balanceanalytics_group=AZUR; adastat_group=dappcentral.net
c17aeb0a9ed80d498bb2199f5f3002787448ec6f588f8cbed6ce3ae7,,DAPP,pool_groups_2021_01_06_99b3c61d,pool_list.json cluster_name; ticker=D360B; name=DApp360
dd7330d29709deb4e8dff5b49d50b174c9c884678992cca4a68d96d7,pool1m4enp55hp80tf6xl7k6f6593wnyu3pr83xfvef9x3ktdw9m0em5,DAPP,pool_groups_current_HEAD,pool_clusters.json group; ticker=AZUR2; balanceanalytics_group=AZUR; adastat_group=dappcentral.net
ee3fd28910d73dd6476b4e6ce2a00d09cc9a3c7cc1562d289f1f89d8,,DAPP,pool_groups_2021_01_06_99b3c61d,pool_list.json cluster_name; ticker=D360A; name=DApp360
08453273401b3ee2f380ec570f8c926d5f3bd3522337d03b566a6b61,pool1ppznyu6qrvlw9uuqa3tslryjd40nh56jyvmaqw6kdf4kzq3y8kh,DIGI,pool_groups_current_HEAD,pool_clusters.json group; ticker=DIGI3; balanceanalytics_group=DIGI; adastat_group=digi.pro
1b268f4cba3faa7e36d8a0cc4adca2096fb856119412ee7330f692b5,pool1rvng7n968748udkc5rxy4h9zp9hms4s3jsfwuues76ft28uc056,DIGI,pool_groups_current_HEAD,pool_clusters.json group; ticker=DIGI; balanceanalytics_group=DIGI; adastat_group=digi.pro
8857ee40b59bbc752e8cab4e5808e204cf7c4ce338fd7b86f4db0cc6,pool13pt7us94nw782t5v4d89sz8zqn8hcn8r8r7hhph5mvxvvp3c76v,DIGI,pool_groups_current_HEAD,pool_clusters.json group; ticker=DIGI6; balanceanalytics_group=DIGI; adastat_group=digi.pro
903e554b27f6c66a2032bedc3d74fdf6b58b2f09a05e13b9af71807f,pool1jql92je87mrx5gpjhmwr6a8a766cktcf5p0p8wd0wxq87nu80yf,DIGI,pool_groups_current_HEAD,pool_clusters.json group; ticker=DIGI5; balanceanalytics_group=DIGI; adastat_group=digi.pro
90a9f94272aa45bb1eb27bb0e2fda43eb4d9bfd31010ab2c9c249896,pool1jz5ljsnj4fzmk84j0wcw9ldy866dn07nzqg2ktyuyjvfvr3jgtq,DIGI,pool_groups_current_HEAD,pool_clusters.json group; ticker=DIGI4; balanceanalytics_group=DIGI; adastat_group=digi.pro
fb21d3e5ed7684742936778239a7bed2bcee1292964ddeb716d3a903,pool1lvsa8e0dw6z8g2fkw7prnfa7627wuy5jjexaadck6w5sxw5xkvm,DIGI,pool_groups_current_HEAD,pool_clusters.json group; ticker=DIGI2; balanceanalytics_group=DIGI; adastat_group=digi.pro
206292eab4479f3c24724baa877bc80cd27783c6089dfc64a7f22a7b,,DIV,pool_groups_2021_01_06_99b3c61d,pool_list.json cluster_name; ticker=IDIV; name=IDIV Stake Pool
614bb865b1902f54b540209b37ad404eef1db1589a5d9eafe7a6db71,pool1v99msed3jqh4fd2qyzdn0t2qfmh3mv2cnfweatl85mdhz6l0ewc,DIVY,pool_groups_current_HEAD,pool_clusters.json group; ticker=None; balanceanalytics_group=DIVY; adastat_group=None
654d96593e499e70889eeae16a15ad8682f8349fd1b77726bbbf8a6d,pool1v4xevkf7fx08pzy7atsk59dds6p0sdyl6xmhwf4mh79x6l5p6kx,DIVY,pool_groups_current_HEAD,pool_clusters.json group; ticker=DIVY; balanceanalytics_group=DIVY; adastat_group=julienadatrain.github.io
74e1795dc06165e4a1b55d8930c00379b029c2a145ff225255154129,pool1wnshjhwqv9j7fgd4tkynpsqr0xczns4pghljy5j4z4qjj7qy4d4,DIVY,pool_groups_current_HEAD,pool_clusters.json group; ticker=GXY; balanceanalytics_group=DIVY; adastat_group=julienadatrain.github.io
b42eae6ad659bd5e2187975a36816b712422bfd5b64ea32f52781096,pool1ksh2u6kktx74ugv8jadrdqttwyjz9074ke82xt6j0qgfvdn43a5,DIVY,pool_groups_current_HEAD,pool_clusters.json group; ticker=None; balanceanalytics_group=DIVY; adastat_group=None
2ee658bc6437e77e492d2216191e28dd076d88c7f0c0c4949092fe34,,DMK,pool_groups_2021_01_06_99b3c61d,pool_list.json cluster_name; ticker=DMK; name=Donmueang international airport Thailand
727ceb44ef548cbb6f36d7023dfbd8400d48aea0c84b675beff1dd12,pool1wf7wk3802jxtkmek6uprm77cgqx53t4qep9kwkl078w3yw0ff69,DNEWS,pool_groups_current_HEAD,pool_clusters.json group; ticker=DNEWS; balanceanalytics_group=DNEWS; adastat_group=danteachescrypto.com
9b97ad981c8456110e17b1297a58961147209b7dc0d8e78b44ed8bcb,pool1nwt6mxqus3tpzrshky5h5kykz9rjpxmacrvw0z6yak9uk5p5045,DNEWS,pool_groups_current_HEAD,pool_clusters.json group; ticker=DNEWS; balanceanalytics_group=DNEWS; adastat_group=danteachescrypto.com
7ca6f74bf72922e511003d78affd9f999228ff1543e1007f610c5d12,,EARN,pool_groups_2021_01_06_99b3c61d,pool_list.json cluster_name; ticker=EARN; name=Earn Stakepool
a2afdf17baf7a0a85874997195dd68a54b3fc8db533e20251d49ee0d,,EARN,pool_groups_2021_01_06_99b3c61d,pool_list.json cluster_name; ticker=EARN2; name=Earn2 Stakepool
06dfa4d66abb91900b65fc3111b480c418b5a9be17b58e8dc6931f95,pool1qm06f4n2hwgeqzm9lsc3rdyqcsvtt2d7z76carwxjv0e274mu24,ECO,pool_groups_current_HEAD,pool_clusters.json group; ticker=ECO; balanceanalytics_group=ECO; adastat_group=ecopool.io
72de14d78a359617a7dd0b33c5554ed4edbafd768ece87c4bf672ee0,pool1wt0pf4u2xktp0f7apveu242w6nkm4ltk3m8g039lvuhwq4zdtf3,ECO,pool_groups_current_HEAD,pool_clusters.json group; ticker=ECO; balanceanalytics_group=ECO; adastat_group=ecopool.io
7c6b4a731eec6bef00e16ec4c990e7a817f61597dab1033006563ad7,pool103455uc7a3477q8pdmzvny884qtlv9vhm2csxvqx2cadwuk36sq,EDEN,pool_groups_current_HEAD,pool_clusters.json group; ticker=EDEN; balanceanalytics_group=EDEN; adastat_group=garden-pool.com
aa8ce95c3862c3e5f6e1dccebfcf36f4379484ae9eb42d7a476483b9,pool142xwjhpcvtp7tahpmn8tlnek7smefp9wn66z67j8vjpmjxqdg56,EDEN,pool_groups_current_HEAD,pool_clusters.json group; ticker=EDEN; balanceanalytics_group=EDEN; adastat_group=garden-pool.com
c6fbd4e484a28211695206e1b53f1409e7cef8c62d3f6b24bab2f600,pool1cmaafeyy52ppz62jqmsm20c5p8nua7xx95lkkf96ktmqqj3w5td,EDEN,pool_groups_current_HEAD,pool_clusters.json group; ticker=EDEN; balanceanalytics_group=EDEN; adastat_group=garden-pool.com
c7a434e33111ad62c0b99882c748e9e748c3442d161565661ad8dda4,pool1c7jrfce3zxkk9s9enzpvwj8fuayvx3pdzc2k2es6mrw6gsfcjep,EDEN,pool_groups_current_HEAD,pool_clusters.json group; ticker=EDEN; balanceanalytics_group=EDEN; adastat_group=garden-pool.com
d5b90a198d2411b5c82fbdfee5f94b86de49a8589bfa7720b9de358f,pool16kus5xvdysgmtjp0hhlwt72tsm0yn2zcn0a8wg9emc6c75lxvmc,EDEN,pool_groups_current_HEAD,pool_clusters.json group; ticker=EDEN; balanceanalytics_group=EDEN; adastat_group=garden-pool.com
9a89fa7284c102ff765a987d8fbaee6dfccf46b070c6122af866ef79,,ELEPH,pool_groups_2021_01_06_99b3c61d,pool_list.json cluster_name; ticker=ELEP🐘; name=Elephant Pool
f8db1f8bbe1abb1e26a22928a127c555b7b4002647cf0e74473a3c94,,ELEPH,pool_groups_2021_01_06_99b3c61d,pool_list.json cluster_name; ticker=ELEPH; name=AdaElephant
03ba735795ea8294bccd63efd305168ac8367e9d6fd5f0a6225e12b0,pool1qwa8x4u4a2pff0xdv0haxpgk3tyrvl5adl2lpf3ztcftqruhea0,ELITE,pool_groups_current_HEAD,pool_clusters.json group; ticker=ELITE; balanceanalytics_group=ELITE; adastat_group=elitestakepool.com
b6bbf5a7b34420b56f6641fa5731116842480b87c59226c78cd74487,pool1k6altfangsst2mmxg8a9wvg3dppyszu8ckfzd3uv6azgw3z2txy,ELITE,pool_groups_current_HEAD,pool_clusters.json group; ticker=ELITE; balanceanalytics_group=ELITE; adastat_group=elitestakepool.com
4c419cdf15bae400b98aa9ec9a7d3de6dafc9eb258b31f172c891dd5,pool1f3qeehc4htjqpwv248kf5lfaumd0e84jtze379ev3ywa2w69aam,EMP,pool_groups_current_HEAD,pool_clusters.json group; ticker=AFCH2; balanceanalytics_group=EMP; adastat_group=poapool.com
683e89fa1bcde139504b11fbfd914f8ebe9b8db2678b3da0abdcb2f1,pool1dqlgn7smehsnj5ztz8almy2036lfhrdjv79nmg9tmje0zzt620h,EMP,pool_groups_current_HEAD,pool_clusters.json group; ticker=POA; balanceanalytics_group=SINGLEPOOL; adastat_group=poapool.com
cf635c0a032bc98d453b65512aaf2b0f9b0f62b2b865a6011523aaf7,pool1ea34czsr90yc63fmv4gj4tetp7ds7c4jhpj6vqg4yw40wvygdl3,EMP,pool_groups_current_HEAD,pool_clusters.json group; ticker=SMILE; balanceanalytics_group=SINGLEPOOL; adastat_group=poapool.com
d27af8f35c3d336500ff190011cd01edd1f84254002fad053d326356,pool16fa03u6u85ek2q8lryqprngpahglssj5qqh66pfaxf34vgu5rhl,EMP,pool_groups_current_HEAD,pool_clusters.json group; ticker=AFCH1; balanceanalytics_group=EMP; adastat_group=poapool.com
033a87edb0478f47318210a7b38aa7b0ccdb4c7de73ca605553eda26,,EMURGO,pool_groups_2021_01_06_99b3c61d,pool_list.json cluster_name; ticker=EMURL; name=Emurgo Private L
04357793d81097a7d2c15ec6cd6067a58cdd2fb21aaf07e56c306ecf,,EMURGO,pool_groups_2021_01_06_99b3c61d,pool_list.json cluster_name; ticker=EMUR2; name=Emurgo #2
0544810c1e75cafe8e5364473349c7518ed0def7a198f348f9e92bc6,,EMURGO,pool_groups_2021_01_06_99b3c61d,pool_list.json cluster_name; ticker=EMURH; name=Emurgo Private H
0555a337e82d7f80a073da6076d825bf1e7d928363a9eaef9b2ea574,pool1q426xdlg94lcpgrnmfs8dkp9hu08my5rvw574mum96jhg8yhd5v,EMURGO,pool_groups_current_HEAD,pool_clusters.json group; ticker=None; balanceanalytics_group=EMURGO; adastat_group=d5935b72a1770a1a34f5.github.io
0cd6076ed8892e1438e0a28efc5f325352ecb3b0c1ce0fbce04b11ac,pool1pntqwmkc3yhpgw8q5280chej2dfwevasc88ql08qfvg6cny8s6l,EMURGO,pool_groups_current_HEAD,pool_clusters.json group; ticker=None; balanceanalytics_group=EMURGO; adastat_group=d5935b72a1770a1a34f5.github.io
0ef7aa564933ce75b695cdad66be4a39b43a22726de7c58908e0e033,pool1pmm654jfx088td54ekkkd0j28x6r5gnjdhnutzggursrxjnpk2y,EMURGO,pool_groups_current_HEAD,pool_clusters.json group; ticker=EMUR4; balanceanalytics_group=EMURGO; adastat_group=emurgo.io
1634c08e606f0f68bed8d88ba0ab87980994a5872ce68afdd0064e40,,EMURGO,pool_groups_2021_01_06_99b3c61d,pool_list.json cluster_name; ticker=EMURE; name=Emurgo Private E
18f2fef01a1ba073827e8a6caec02af32f130a50a3b1254da50095b1,,EMURGO,pool_groups_2021_01_06_99b3c61d,pool_list.json cluster_name; ticker=EMURM; name=Emurgo Private M
26c0e484a13ef48797bac75fbb6df3de1f91226cbae4f6060c9ec926,pool1ymqwfp9p8m6g09a6ca0mkm0nmc0ezgnvhtj0vpsvnmyjvy8zh7z,EMURGO,pool_groups_current_HEAD,pool_clusters.json group; ticker=EMGAL; balanceanalytics_group=SINGLEPOOL; adastat_group=emurgo.io
2a8294ad7538b15353b9ffd81e26dafe846ffc3f6b9e331d4c1dc030,pool192pfftt48zc4x5aellvpufk6l6zxllpldw0rx82vrhqrqfhhqs2,EMURGO,pool_groups_current_HEAD,pool_clusters.json group; ticker=EMUR5; balanceanalytics_group=EMURGO; adastat_group=emurgo.io
2dd68004efab62c52b1fbb3ce999ee48aefe5c78e168495afd43cce4,,EMURGO,pool_groups_2021_01_06_99b3c61d,pool_list.json cluster_name; ticker=EMURI; name=Emurgo Private I
31af0509d4376a8a55b40e952aea7f009c13cadf0338c57512ff42e9,pool1xxhs2zw5xa4g54d5p62j46nlqzwp8jklqvuv2agjlapwjx9qkg9,EMURGO,pool_groups_current_HEAD,pool_clusters.json group; ticker=SWIM; balanceanalytics_group=EMURGO; adastat_group=theswim.net
359d3f8e355c873b0b5cae1e18eb12e44dcfc2ad212706d93ac314ab,pool1xkwnlr34tjrnkz6u4c0p36cju3xuls4dyynsdkf6cv22ksuhz6q,EMURGO,pool_groups_current_HEAD,pool_clusters.json group; ticker=EMUR2; balanceanalytics_group=EMURGO; adastat_group=emurgo.io
3da6b08e874c428851db118f590cc08ad8b51fbcdc0b28256410849e,,EMURGO,pool_groups_2021_01_06_99b3c61d,pool_list.json cluster_name; ticker=EMURK; name=Emurgo Private K
45822f964089d86a48f9630e0187f26b4dbba9013ac7b1e04c443c82,,EMURGO,pool_groups_2021_01_06_99b3c61d,pool_list.json cluster_name; ticker=EMURC; name=Emurgo Private C
6a2eecc8015c24b496c70f60141477f9efcd98cf9dfd0b47d27f5bd5,pool1dghwejqptsjtf9k8paspg9rhl8humxx0nh7sk37j0ada2dr9mqh,EMURGO,pool_groups_current_HEAD,pool_clusters.json group; ticker=YOROI; balanceanalytics_group=EMURGO; adastat_group=emurgo.io
6b85c15dd478aa4a74fc0057c092b2e3e8b86ea4767e92e40240b4da,,EMURGO,pool_groups_2021_01_06_99b3c61d,pool_list.json cluster_name; ticker=EMURJ; name=Emurgo Private J
875acc163537a9629bfafcf64703077ef91b63f395c5402ed65fa67b,,EMURGO,pool_groups_2021_01_06_99b3c61d,pool_list.json cluster_name; ticker=EMURG; name=Emurgo Private G
8efb053977341471256685b1069d67f4aca7166bc3f94e27ebad217f,pool13mas2wthxs28zftxskcsd8t87jk2w9ntc0u5uflt45sh7lcvs8h,EMURGO,pool_groups_current_HEAD,pool_clusters.json group; ticker=EMUR3; balanceanalytics_group=EMURGO; adastat_group=emurgo.io
a1a13e86037a489911c0983887b675b859e7f499b88e91d8a01a05d8,,EMURGO,pool_groups_2021_01_06_99b3c61d,pool_list.json cluster_name; ticker=EMURD; name=Emurgo Private D
af22f95915a19cd57adb14c558dcc4a175f60c6193dc23b8bd2d8beb,,EMURGO,pool_groups_2021_01_06_99b3c61d,pool_list.json cluster_name; ticker=EMUR1; name=Emurgo #1
b19f2d9498845652ae6eea5da77952b37e2bca9f59b2a98c56694cae,pool1kx0jm9ycs3t99tnwafw6w72jkdlzhj5ltxe2nrzkd9x2u5x343h,EMURGO,pool_groups_current_HEAD,pool_clusters.json group; ticker=EMUR6; balanceanalytics_group=EMURGO; adastat_group=emurgo.io
bc0aa0bf4b0128cf9f1ef99ed999c93e4d92aab478c052b2d1e5218b,,EMURGO,pool_groups_2021_01_06_99b3c61d,pool_list.json cluster_name; ticker=EMURF; name=Emurgo Private F
c34a7f59c556633dc88ec25c9743c5ebca3705e179a54db5638941cb,,EMURGO,pool_groups_2021_01_06_99b3c61d,pool_list.json cluster_name; ticker=EMUR3; name=Emurgo #3
c5293f2ba88ac474787358b9c2f4fae7b3c4408f79cdf89a12c9ece4,,EMURGO,pool_groups_2021_01_06_99b3c61d,pool_list.json cluster_name; ticker=EMUR4; name=Emurgo #4
cabbeb8f216da6fecd3aa365fd88f20931c961159ed2281dca4ad986,pool1e2a7hrepdkn0anf65djlmz8jpycujcg4nmfzs8w2ftvcvlnrw0g,EMURGO,pool_groups_current_HEAD,pool_clusters.json group; ticker=EMGHW; balanceanalytics_group=EMURGO; adastat_group=emurgo.io
d854986d64cb440f9554576eee79542ddd86afa49008f9223da2549e,,EMURGO,pool_groups_2021_01_06_99b3c61d,pool_list.json cluster_name; ticker=EMURB; name=Emurgo Private B
dbda39c8d064ff9801e376f8350efafe67c07e9e9244dd613aee5125,pool1m0drnjxsvnlesq0rwmur2rh6lenuql57jfzd6cf6aegj2cv7ugy,EMURGO,pool_groups_current_HEAD,pool_clusters.json group; ticker=EMUR1; balanceanalytics_group=EMURGO; adastat_group=emurgo.io
df1750df9b2df285fcfb50f4740657a18ee3af42727d410c37b86207,,EMURGO,pool_groups_2021_01_06_99b3c61d,pool_list.json cluster_name; ticker=YOROI; name=Yoroi
eb7d911eb4c0ca066badadab42d80d5b59a5ce996389523a26edb64a,,EMURGO,pool_groups_2021_01_06_99b3c61d,pool_list.json cluster_name; ticker=EMURA; name=Emurgo Private A
fbc3b43604dedb35f09d9d61391ce03cf65e9b3b7653ca1376e0150d,pool1l0pmgdsymmdntuyan4snj88q8nm9axemwefu5ymkuq2s6gr90cn,EMURGO,pool_groups_current_HEAD,pool_clusters.json group; ticker=SWIM2; balanceanalytics_group=EMURGO; adastat_group=theswim.net
07377c78a5d32467d98c0387c97ba92ba8807ad72beb4e8025bf061f,,EPYC,pool_groups_2021_01_06_99b3c61d,pool_list.json cluster_name; ticker=EPYC2; name=EPYC
0a627257cebd81cebc366f8796e6fa9dfec4a756c58c7316e617cc72,,EPYC,pool_groups_2021_01_06_99b3c61d,pool_list.json cluster_name; ticker=EPYC; name=EPYC
14a43f036fd11ce735f1487157f155e1971b0f9980f569876d14a399,pool1zjjr7qm06ywwwd03fpc40u24uxt3kruesr6knpmdzj3ejxytjf0,ETORO,pool_groups_current_HEAD,pool_clusters.json group; ticker=None; balanceanalytics_group=SINGLEPOOL; adastat_group=etoro.com
194783a7465fce936c6c1472b2e66f09d612f40f18a1f4e05d7035bf,pool1r9rc8f6xtl8fxmrvz3et9en0p8tp9aq0rzslfczawq6m7udqd33,ETORO,pool_groups_current_HEAD,pool_clusters.json group; ticker=ETO17; balanceanalytics_group=None; adastat_group=etoro.com
2bf5a031b46b34c07937a769ff6f82b6a78a25c71022eaaf1f20eec9,pool19066qvd5dv6vq7fh5a5l7muzk6nc5fw8zq3w4tclyrhvjvlyeuc,ETORO,pool_groups_current_HEAD,pool_clusters.json group; ticker=ETO2; balanceanalytics_group=ETORO; adastat_group=etoro.com
2fd4fd5fbfe773a7105bf2e415c51f9943ded365855396e70ae3ca90,pool19l206haluae6wyzm7tjpt3gln9paa5m9s4fedec2u09fqz300ht,ETORO,pool_groups_current_HEAD,pool_clusters.json group; ticker=ETO10; balanceanalytics_group=ETORO; adastat_group=etoro.com
32fdb90d73865d16463fe1e092c7814a9f035f781a661d9d43ed7443,pool1xt7mjrtnsew3v33lu8sf93upf20sxhmcrfnpm82ra46yxk7uy45,ETORO,pool_groups_current_HEAD,pool_clusters.json group; ticker=ETO3; balanceanalytics_group=ETORO; adastat_group=etoro.com
4b11b32e3a39fb417f5dddd9d058abdb2d1fdcd64360bee8928e05c2,pool1fvgmxt3688a5zl6amhvaqk9tmvk3lhxkgdsta6yj3czuy5hjwfy,ETORO,pool_groups_current_HEAD,pool_clusters.json group; ticker=ETO12; balanceanalytics_group=ETORO; adastat_group=etoro.com
689a60c22ae02ece9405e0cd5fefdb7ceffc0a52c61c42d9955a9b1b,pool1dzdxps32uqhva9q9urx4lm7m0nhlczjjccwy9kv4t2d3krsn4m7,ETORO,pool_groups_current_HEAD,pool_clusters.json group; ticker=ETO5; balanceanalytics_group=ETORO; adastat_group=etoro.com
737929797be1a93e3a61cda089e33368e3b91f3884b0d684462a32ec,pool1wdujj7tmux5nuwnpeksgncendr3mj8ecsjcddpzx9gewc3flp4r,ETORO,pool_groups_current_HEAD,pool_clusters.json group; ticker=ETO6; balanceanalytics_group=ETORO; adastat_group=etoro.com
770c0659e9f816d950fde8267d9dca05f3d705881df6098c9ee5b41c,pool1wuxqvk0flqtdj58aaqn8m8w2qheawpvgrhmqnry7uk6pcrwnp4a,ETORO,pool_groups_current_HEAD,pool_clusters.json group; ticker=ETO21; balanceanalytics_group=None; adastat_group=etoro.com
7d3dcf02af6c7a2776c72bc1928d7125e94af1ab049123cedcb3db4e,pool1057u7q40d3azwak890qe9rt3yh554udtqjgj8nkuk0d5unenspe,ETORO,pool_groups_current_HEAD,pool_clusters.json group; ticker=ETO16; balanceanalytics_group=ETORO; adastat_group=etoro.com
83b8495a77cb960c6ef43c6520b3f8fbc25b96e35d3ea4c58abff48c,pool1swuyjknhewtqcmh583jjpvlcl0p9h9hrt5l2f3v2hl6gchqrn40,ETORO,pool_groups_current_HEAD,pool_clusters.json group; ticker=ETO4; balanceanalytics_group=ETORO; adastat_group=etoro.com
842dd6ff41539eb5a47a7915082458d8e7d592ae5e8eca23e26c7346,pool1sskadl6p2w0ttfr60y2ssfzcmrnaty4wt68v5glzd3e5vwkh7z5,ETORO,pool_groups_current_HEAD,pool_clusters.json group; ticker=ETO8; balanceanalytics_group=ETORO; adastat_group=etoro.com
90ac71b92a4c29f7a9bbde83ba2e6e2c17b69e41db204a55e7a338ae,pool1jzk8rwf2fs5l02dmm6pm5tnw9stmd8jpmvsy54085vu2u2656re,ETORO,pool_groups_current_HEAD,pool_clusters.json group; ticker=ETO11; balanceanalytics_group=ETORO; adastat_group=etoro.com
95beb97c96a9eae0b477ca9f096d0041aee788c7f9b4bdfeaeb046ba,pool1jkltjlyk484wpdrhe20sjmgqgxhw0zx8lx6tml4wkprt5z28tvw,ETORO,pool_groups_current_HEAD,pool_clusters.json group; ticker=ETO19; balanceanalytics_group=None; adastat_group=etoro.com
964d8d35d91603e0dcfbc64891ee8ffeba0e503ca96bf627bc8bcb55,pool1jexc6dwezcp7ph8mceyfrm50l6aqu5pu494lvfau309422t9c6z,ETORO,pool_groups_current_HEAD,pool_clusters.json group; ticker=None; balanceanalytics_group=None; adastat_group=etoro.com
9924e7d74f73a8092c3cb64dc238cd157e2b934bdf88444fd5fcff8c,pool1nyjw0460ww5qjtpukexuywxdz4lzhy6tm7yygn74lnlcc62hnc8,ETORO,pool_groups_current_HEAD,pool_clusters.json group; ticker=ETO13; balanceanalytics_group=ETORO; adastat_group=etoro.com
a3e71398e80739522e907c35b8f652064e5268e62e9b78a9603f6b98,pool150n38x8gquu4yt5s0s6m3ajjqe89y68x96dh32tq8a4es2l6dvp,ETORO,pool_groups_current_HEAD,pool_clusters.json group; ticker=ETO1; balanceanalytics_group=ETORO; adastat_group=etoro.com
b83ec9c4136a2d3cd15cbe691afa7f2437bce3d1240ac6f2c5d0e159,pool1hqlvn3qndgkne52uhe5347nlysmmec73ys9vduk96rs4jzjjyxm,ETORO,pool_groups_current_HEAD,pool_clusters.json group; ticker=ETO7; balanceanalytics_group=ETORO; adastat_group=etoro.com
d679d78bbfefe7e03e05e7a42f9088075af0f15f501a631c67e64037,pool16eua0zalaln7q0s9u7jzlyygqad0pu2l2qdxx8r8ueqrw2jdhqf,ETORO,pool_groups_current_HEAD,pool_clusters.json group; ticker=ETO9; balanceanalytics_group=ETORO; adastat_group=etoro.com
dd8239a0e8ebabc159af3142193a84a290c5026ee65656ad9b69349b,pool1mkprng8gaw4uzkd0x9ppjw5y52gv2qnwuet9dtvmdy6fkjuv9u3,ETORO,pool_groups_current_HEAD,pool_clusters.json group; ticker=ETO15; balanceanalytics_group=ETORO; adastat_group=etoro.com
e7599640136b50441663b4df54f8a0f9b463fbb52418d62cddc32c9e,pool1uavevsqnddgyg9nrkn04f79qlx6x87a4ysvdvtxacvkfuzpva08,ETORO,pool_groups_current_HEAD,pool_clusters.json group; ticker=ETO18; balanceanalytics_group=None; adastat_group=etoro.com
e962d87ebaa9381b7d225bf3d60d86040a95b5a6ae6f78af3d914d5f,pool1a93dsl464yupklfzt0eavrvxqs9ftddx4ehh3teaj9x47kt273f,ETORO,pool_groups_current_HEAD,pool_clusters.json group; ticker=None; balanceanalytics_group=None; adastat_group=etoro.com
f92e7cf95462d73b0e9927d09e87c1dcf761d9ee14c364fce0376e40,pool1lyh8e725vttnkr5eylgfap7pmnmkrk0wznpkfl8qxahyqe2agcu,ETORO,pool_groups_current_HEAD,pool_clusters.json group; ticker=ETO14; balanceanalytics_group=ETORO; adastat_group=etoro.com
ff25b9db61f779c606e3bfcd92997003965658e2ced070db2258e3af,pool1lujmnkmp7auuvphrhlxe9xtsqwt9vk8zemg8pkeztr367f0grq6,ETORO,pool_groups_current_HEAD,pool_clusters.json group; ticker=ETO20; balanceanalytics_group=None; adastat_group=etoro.com
120ccc012f6b2ef1669acb15d2499cc9a226b6374184d1e322b1aa5f,pool1zgxvcqf0dvh0ze56ev2ayjvuex3zdd3hgxzdrcezkx497mv3l7s,EVE,pool_groups_current_HEAD,pool_clusters.json group; ticker=RSTK; balanceanalytics_group=EVE; adastat_group=everstake.one
2382bac66b58a4df1cf1775285529bbbefb9102ecea991e1da0aa064,pool1ywpt43nttzjd7883wafg255mh0hmjypwe65ercw6p2sxg5lt7ez,EVE,pool_groups_current_HEAD,pool_clusters.json group; ticker=EVE4; balanceanalytics_group=EVE; adastat_group=everstake.one
24cc639f00790ec41c830464376b21df8602f4e7a1591ac005f8a44f,pool1ynxx88cq0y8vg8yrq3jrw6epm7rq9a8859v34sq9lzjy7ztg90u,EVE,pool_groups_current_HEAD,pool_clusters.json group; ticker=EVE; balanceanalytics_group=EVE; adastat_group=everstake.one
327f9bb05d6d5c3d0c6c4eb39eea9282e9d4bc75b3c77a999b9810cb,pool1xflehvzad4wr6rrvf6eea65jst5af0r4k0rh4xvmnqgvkzt3xjt,EVE,pool_groups_current_HEAD,pool_clusters.json group; ticker=EVE9; balanceanalytics_group=None; adastat_group=everstake.one
36e0db9278d5b481dad2f2f84c42d20c324b046aaff97ff45fa4e134,pool1xmsdhync6k6grkkj7tuycskjpseykpr24luhlazl5nsngsy87gm,EVE,pool_groups_current_HEAD,pool_clusters.json group; ticker=EVE3; balanceanalytics_group=EVE; adastat_group=everstake.one
446109cdad3e7dfc6e0bb4be5ecf25df02fcc2ec8f6df46a3ca2c537,pool1g3ssnndd8e7lcmstkjl9ane9mup0eshv3aklg63u5tznwl4ch87,EVE,pool_groups_current_HEAD,pool_clusters.json group; ticker=VRSTK; balanceanalytics_group=EVE; adastat_group=everstake.one
57eb48cdf25980039f087207af09fafb4970018e322d37c11c9a2496,pool12l453n0jtxqq88cgwgr67z06ldyhqqvwxgkn0sgungjfvhtp2el,EVE,pool_groups_current_HEAD,pool_clusters.json group; ticker=EVERS; balanceanalytics_group=EVE; adastat_group=everstake.one
8120831fd871a6023c2099d05f21b76bdbb1e4a37464c0cd56f743c7,pool1sysgx87cwxnqy0pqn8g97gdhd0dmre9rw3jvpn2k7apuwa7cgkn,EVE,pool_groups_current_HEAD,pool_clusters.json group; ticker=EVE6; balanceanalytics_group=None; adastat_group=everstake.one
88d719a2d9b57e7f68a77e70b3e8b8e17c76c74dc12ea52e159bb89f,pool13rt3ngkek4l876980ect869cu978d36dcyh22ts4nwuf7ncq02u,EVE,pool_groups_current_HEAD,pool_clusters.json group; ticker=EVE8; balanceanalytics_group=None; adastat_group=everstake.one
9417e18efcc4c258df21c89942009a498a751a0a63f8d72714cf75b2,pool1jst7rrhucnp93hepezv5yqy6fx982xs2v0udwfc5ea6my3kfak7,EVE,pool_groups_current_HEAD,pool_clusters.json group; ticker=ESTK; balanceanalytics_group=EVE; adastat_group=everstake.one
9a22c008779c455a124d86191047d35690a0ca2c094a34d90cd29542,pool1ng3vqzrhn3z45yjdscv3q37n26g2pj3vp99rfkgv6225y8lqg8j,EVE,pool_groups_current_HEAD,pool_clusters.json group; ticker=EVE2; balanceanalytics_group=EVE; adastat_group=everstake.one
9bf86442804da9329bfe0300592ce2e71eac4d6384a72e925f02f322,pool1n0uxgs5qfk5n9xl7qvq9jt8zuu02cntrsjnjayjlqtejyffnemj,EVE,pool_groups_current_HEAD,pool_clusters.json group; ticker=EVE7; balanceanalytics_group=None; adastat_group=everstake.one
aa687b2685ce3c4ddbdbdd1cff75ac4a21aea91ce0e28a0889ad38c2,pool14f58kf59ec7ymk7mm5w07advfgs6a2guur3g5zyf45uvyvl80t4,EVE,pool_groups_current_HEAD,pool_clusters.json group; ticker=EVE5; balanceanalytics_group=EVE; adastat_group=everstake.one
ac2d2d66a30cbb3163e68a7073bcd3f9cdd4a11a8af6e2c5653402c7,pool14skj6e4rpjanzclx3fc880xnl8xafgg63tmw93t9xspvwx985qu,EVE,pool_groups_current_HEAD,pool_clusters.json group; ticker=EVRST; balanceanalytics_group=EVE; adastat_group=everstake.one
e4abcf4408584601e7c707a8902996c0c291e1a3c8300b327ae3f6ab,pool1uj4u73qgtprqre78q75fq2vkcrpfrcdreqcqkvn6u0m2k6nk2yp,EVE,pool_groups_current_HEAD,pool_clusters.json group; ticker=EVE1; balanceanalytics_group=EVE; adastat_group=everstake.one
516fe4e20724ad0a9f8ace8b9be7ca778417a5e71cf500717d175792,,FABLE,pool_groups_2021_01_06_99b3c61d,pool_list.json cluster_name; ticker=FABLE; name=Fable 寓話
597cbfdfbfd88ddf1d55afe46eba40fdccf1a39b315e025a226e53c5,,FABLE,pool_groups_2021_01_06_99b3c61d,pool_list.json cluster_name; ticker=RONIN; name=浪人 Rōnin
0725ac07ceaafa307ae3c361237d18dcf93da8cc9859b929ff2cc3fe,,FAST,pool_groups_2021_01_06_99b3c61d,pool_list.json cluster_name; ticker=FXP; name=Fast-X-Pool
7da9c85e1a6e9e757b22dcf0369ce841e53108d856a5dbf534357a30,,FAST,pool_groups_2021_01_06_99b3c61d,pool_list.json cluster_name; ticker=FGP; name=Fast-G-Pool
0f9f0648a21a3df40acd99f8dfc3e323d6af0207195622fc65a518a2,pool1p70svj9zrg7lgzkdn8udlslry0t27qs8r9tz9lr955v2yfna2rl,FIGMENT,pool_groups_current_HEAD,pool_clusters.json group; ticker=BTV1; balanceanalytics_group=FIGMENT; adastat_group=ledger.com
1f550e7b0c9ec67887859b182af4b8e8e08c1728c47344f2deb9424c,pool1ra2su7cvnmr83pu9nvvz4a9carsgc9egc3e5fuk7h9pycyp5ela,FIGMENT,pool_groups_current_HEAD,pool_clusters.json group; ticker=LBF4; balanceanalytics_group=FIGMENT; adastat_group=ledger.com
290401c779b426c134d7a193aeda69bfda40365ecf41c32312676bb1,pool19yzqr3meksnvzdxh5xf6aknfhldyqdj7eaquxgcjva4mzt5kg3v,FIGMENT,pool_groups_current_HEAD,pool_clusters.json group; ticker=gjp7a; balanceanalytics_group=FIGMENT; adastat_group=ledger.com
450ad3ab67c1ea95361afd1fb9a0fa8dcb8327673dae625e7d57ca31,pool1g59d82m8c84f2ds6l50mng863h9cxfm88khxyhna2l9rzgv6030,FIGMENT,pool_groups_current_HEAD,pool_clusters.json group; ticker=FGMTB; balanceanalytics_group=None; adastat_group=ledger.com
4a9c9902c9538da900b10b716d5d1b214487455fdb06028b32ffa180,pool1f2wfjqkf2wx6jq93pdck6hgmy9zgw32lmvrq9zejl7scqxjqfze,FIGMENT,pool_groups_current_HEAD,pool_clusters.json group; ticker=None; balanceanalytics_group=FIGMENT; adastat_group=ledger.com
4f119ab7982dd28d94cce463ffc26bdcd38e6e04729afebba4a95874,pool1fuge4duc9hfgm9xvu33llsntmnfcumsyw2d0away49v8gmphfzs,FIGMENT,pool_groups_current_HEAD,pool_clusters.json group; ticker=FGMTK; balanceanalytics_group=None; adastat_group=ledger.com
550ea6eedff1bb337f699b9b54e43b3556ba5ace8abdbddbf8934d34,pool12582dmkl7xanxlmfnwd4fepmx4tt5kkw327mmklcjdxngwaxvh2,FIGMENT,pool_groups_current_HEAD,pool_clusters.json group; ticker=FGMTF; balanceanalytics_group=None; adastat_group=ledger.com
6174af7935a780b75f808efa524bfdc02bb938b7aca324928392243e,pool1v96277f457qtwhuq3ma9yjlacq4mjw9h4j3jfy5rjgjru5lyxea,FIGMENT,pool_groups_current_HEAD,pool_clusters.json group; ticker=FGMT8; balanceanalytics_group=None; adastat_group=ledger.com
64dfb37d97dd7e70e12b8c83409af59dee72832c6a146e6a1a8340c6,pool1vn0mxlvhm4l8pcft3jp5pxh4nhh89qevdg2xu6s6sdqvvs4ft28,FIGMENT,pool_groups_current_HEAD,pool_clusters.json group; ticker=FGMTD; balanceanalytics_group=None; adastat_group=ledger.com
689a8fa72346cb6dfaafa527ac14d009e7e3e70712e16fa0c8a62882,pool1dzdglfergm9km74055n6c9xsp8n78ec8ztsklgxg5c5gyrfz9zc,FIGMENT,pool_groups_current_HEAD,pool_clusters.json group; ticker=FGMTJ; balanceanalytics_group=None; adastat_group=ledger.com
6f4bb812e14ed743b06db5bdf0890efb5987afc0aeacc0e08c60529f,pool1da9msyhpfmt58vrdkk7lpzgwldvc0t7q46kvpcyvvpff7347lsp,FIGMENT,pool_groups_current_HEAD,pool_clusters.json group; ticker=None; balanceanalytics_group=None; adastat_group=ledger.com
6f5a984e5de0ae8c3054bd87cfbb2c0e4bbb2ba51c0cb5543d7609e1,pool1dadfsnjauzhgcvz5hkrulwevpe9mk2a9rsxt24pawcy7zndhll3,FIGMENT,pool_groups_current_HEAD,pool_clusters.json group; ticker=zzcf1; balanceanalytics_group=SINGLEPOOL; adastat_group=ledger.com
70fc59938b279d245b24a33e93147379a99c1908cd360ad1214ac172,pool1wr79nyuty7wjgkey5vlfx9rn0x5ecxgge5mq45fpftqhye2shc0,FIGMENT,pool_groups_current_HEAD,pool_clusters.json group; ticker=BTV4; balanceanalytics_group=FIGMENT; adastat_group=ledger.com
7179a1ad9c15b25c0280a9943f20e6faf5f06f0d52f8810641951d43,pool1w9u6rtvuzke9cq5q4x2r7g8xlt6lqmcd2tugzpjpj5w5xv0eyws,FIGMENT,pool_groups_current_HEAD,pool_clusters.json group; ticker=FGMTG; balanceanalytics_group=None; adastat_group=ledger.com
76e819f3caca5b864b71a8fc4b58c655e952c1cd6c873d0d5d0122b6,pool1wm5pnu72efdcvjm34r7ykkxx2h549swddjrn6r2aqy3tvjc4l57,FIGMENT,pool_groups_current_HEAD,pool_clusters.json group; ticker=FGMT6; balanceanalytics_group=None; adastat_group=ledger.com
88a8b3bbf75a7d8c61f7e34e19b032ce6d26c093f401a2a7064c6dab,pool13z5t8wlhtf7ccc0hud8pnvpjeekjdsyn7sq69fcxf3k6kpnlm74,FIGMENT,pool_groups_current_HEAD,pool_clusters.json group; ticker=BTV2; balanceanalytics_group=FIGMENT; adastat_group=ledger.com
8dde7fa5554cb66321fbdf3ab5c9876b08f1e938adc604541b944e68,pool13h08lf24fjmxxg0mmuattjv8dvy0r6fc4hrqg4qmj38xsweexrv,FIGMENT,pool_groups_current_HEAD,pool_clusters.json group; ticker=qzsbu; balanceanalytics_group=BD; adastat_group=ledger.com
9559b47429a29fcf9d6c708b434373cd7bf093660ef134bc5ca32ac1,pool1j4vmgapf520ul8tvwz95xsmne4alpymxpmcnf0zu5v4vz2pej34,FIGMENT,pool_groups_current_HEAD,pool_clusters.json group; ticker=FGMTL; balanceanalytics_group=None; adastat_group=ledger.com
a1614a1fb54a6e12cc12095a67d4ff0ddbf34b0736c940e369cd657e,pool159s558a4ffhp9nqjp9dx048lphdlxjc8xmy5pcmfe4jhuxe4a2u,FIGMENT,pool_groups_current_HEAD,pool_clusters.json group; ticker=FGMT9; balanceanalytics_group=None; adastat_group=ledger.com
a314a18528d00c5fbd067ecb4a212cf2f307c83d2c08f44a11ebebf6,pool15v22rpfg6qx9l0gx0m955gfv7tes0jpa9sy0gjs3a04lv6x9jdr,FIGMENT,pool_groups_current_HEAD,pool_clusters.json group; ticker=None; balanceanalytics_group=FIGMENT; adastat_group=ledger.com
b25f8d7627610abf6f9854829ca5b87935921e27d724b9e86bf91542,pool1kf0c6a38vy9t7muc2jpfefdc0y6ey8386ujtn6rtly25y5yxwqf,FIGMENT,pool_groups_current_HEAD,pool_clusters.json group; ticker=FGMTC; balanceanalytics_group=None; adastat_group=ledger.com
bd3b1788c8ec7c90ddd15cac13f67c89b7a2f547b1178c8422504648,pool1h5a30zxga37fphw3tjkp8anu3xm69a28kytceppz2prysfzfcjv,FIGMENT,pool_groups_current_HEAD,pool_clusters.json group; ticker=FGMTP; balanceanalytics_group=None; adastat_group=ledger.com
c05c4d9b2a4c86a7f23549fd5ca81a17623e8acf1ad70f8cc0be2abe,pool1cpwymxe2fjr20u34f874e2q6za3razk0rttslrxqhc4tu3zxau8,FIGMENT,pool_groups_current_HEAD,pool_clusters.json group; ticker=BTV3; balanceanalytics_group=FIGMENT; adastat_group=ledger.com
c726c9da5615d5f9f6858c25bb13f81c4741eccd08ce32f3414f323f,pool1cunvnkjkzh2lna593sjmkylcr3r5rmxdpr8r9u6pfuer72p24x4,FIGMENT,pool_groups_current_HEAD,pool_clusters.json group; ticker=None; balanceanalytics_group=FIGMENT; adastat_group=ledger.com
c77922d618151c1a1db94b4c00227c977bf61b3139c3923148378a4d,pool1cauj94scz5wp58defdxqqgnujaalvxe388peyv2gx79y6suzl55,FIGMENT,pool_groups_current_HEAD,pool_clusters.json group; ticker=FGMTA; balanceanalytics_group=None; adastat_group=ledger.com
ccd99529daf5f53dd4877e3ef83315cb7fb56afec654ad7286f981ee,pool1enve22w67h6nm4y80cl0svc4edlm26h7ce226u5xlxq7ucawt07,FIGMENT,pool_groups_current_HEAD,pool_clusters.json group; ticker=FGMTR; balanceanalytics_group=None; adastat_group=ledger.com
db166e045843570fb15073ff14d45fbb63dd153cce91c7b2e0157cef,pool1mvtxupzcgdtslv2sw0l3f4zlhd3a69fue6gu0vhqz47w7j5zryx,FIGMENT,pool_groups_current_HEAD,pool_clusters.json group; ticker=FGMT5; balanceanalytics_group=None; adastat_group=ledger.com
db4465d07f54113cdf2d44fef93ac76737047f20e0fa15680843f8e4,pool1mdzxt5rl2sgnehedgnl0jwk8vumsglequrap26qgg0uwg4cuq52,FIGMENT,pool_groups_current_HEAD,pool_clusters.json group; ticker=FGMT4; balanceanalytics_group=None; adastat_group=ledger.com
dd7aeffcbeb4f060f66b32b0c83971226ef802d71091eda87059091d,pool1m4awll97kncxpantx2cvswt3yfh0sqkhzzg7m2rstyy36udnt29,FIGMENT,pool_groups_current_HEAD,pool_clusters.json group; ticker=FGMTN; balanceanalytics_group=None; adastat_group=ledger.com
e1d27f246d8db58217e1af2d44f6548b922b9e1b349a159f9dad12f3,pool1u8f87frd3k6cy9lp4uk5faj53wfzh8smxjdpt8ua45f0x8s5v58,FIGMENT,pool_groups_current_HEAD,pool_clusters.json group; ticker=FGMT7; balanceanalytics_group=None; adastat_group=ledger.com
e6f9631c1224b9d5b9e214d97c7b7d7e9dfd05b857c947b7dc6460cb,pool1umukx8qjyjuatw0zznvhc7ma06wl6pdc2ly50d7uv3svkkefjml,FIGMENT,pool_groups_current_HEAD,pool_clusters.json group; ticker=FGMTO; balanceanalytics_group=None; adastat_group=ledger.com
ecccb5f669a22b8923a89c3584bcf5703462d941491126c8968c1c9f,pool1anxttanf5g4cjgagns6cf084wq6x9k2pfygjdjyk3swf77wj2ax,FIGMENT,pool_groups_current_HEAD,pool_clusters.json group; ticker=FGMTM; balanceanalytics_group=None; adastat_group=ledger.com
edf49a5e8684220c628e6521b659d000c025314caf1e166c635ac50d,pool1ah6f5h5xss3qcc5wv5smvkwsqrqz2v2v4u0pvmrrttzs6z52kx8,FIGMENT,pool_groups_current_HEAD,pool_clusters.json group; ticker=FGMTE; balanceanalytics_group=None; adastat_group=ledger.com
f7386f6a7c3961de3982e10a5fced47bba3d4784c9d5a8030a7f6a48,pool17uux76nu89sauwvzuy99lnk50war63uye826sqc20a4ysekegd6,FIGMENT,pool_groups_current_HEAD,pool_clusters.json group; ticker=FGMTQ; balanceanalytics_group=None; adastat_group=ledger.com
f954c3751087118872ae25d93935ebd37e094923359676541de611b0,pool1l92vxagssugcsu4wyhvnjd0t6dlqjjfrxkt8v4qaucgmq8t3j3s,FIGMENT,pool_groups_current_HEAD,pool_clusters.json group; ticker=FGMTI; balanceanalytics_group=None; adastat_group=ledger.com
f9633b22b3a484d837d68c507643ac05679d5ba7565ad594909f2346,pool1l93nkg4n5jzdsd7k33g8vsavq4ne6ka82eddt9ysnu35vy6883j,FIGMENT,pool_groups_current_HEAD,pool_clusters.json group; ticker=LBF6; balanceanalytics_group=None; adastat_group=ledger.com
fa4d292149df73d8b66ce69c1313e358c40786c897172cc382767753,pool1lfxjjg2fmaea3dnvu6wpxylrtrzq0pkgjutjesuzwem4xymtqaj,FIGMENT,pool_groups_current_HEAD,pool_clusters.json group; ticker=FGMTH; balanceanalytics_group=None; adastat_group=ledger.com
fb3fa0a5192fd12e767c8d29a328a247d3a8452e57d2ad9d51315bc9,pool1lvl6pfge9lgjuanu3556x29zglf6s3fw2lf2m823x9duj9gz6tu,FIGMENT,pool_groups_current_HEAD,pool_clusters.json group; ticker=LBF5; balanceanalytics_group=None; adastat_group=ledger.com
1e174471d30ea762a6bf6ce8b1c615549f3dd066cf48ca6be6e7698b,pool1rct5guwnp6nk9f4ldn5tr3s42j0nm5rxeayv56lxua5ck47ex39,FIMI,pool_groups_current_HEAD,pool_clusters.json group; ticker=FIMI; balanceanalytics_group=FIMI; adastat_group=fimi.vn
4ed1c8475cc3e497bbf00a5827266faec51ad9c3cce1b02122b33cba,pool1fmgus36uc0jf0wlspfvzwfn04mz34kwrensmqgfzkv7t58dejw4,FIMI,pool_groups_current_HEAD,pool_clusters.json group; ticker=GRAB; balanceanalytics_group=FIMI; adastat_group=None
608ab3036db99d94049ee0870e84f5145e5667370323cbd61a781c6b,pool1vz9txqmdhxwegpy7uzrsap84z309veehqv3uh4s60qwxk0u7h06,FIMI,pool_groups_current_HEAD,pool_clusters.json group; ticker=BOOM; balanceanalytics_group=FIMI; adastat_group=None
66b6d414db2f4ef941ef11a91c6a7d461d4dbf65f3e7baec950d87f2,,FIMI,pool_groups_2021_01_06_99b3c61d,pool_list.json cluster_name; ticker=FIMI; name=FIMI.VN
6d043d8910b0050cd4f497834c7c8a515e62252352c802b4f3458443,pool1d5zrmzgskqzse485j7p5cly2290xyffr2tyq9d8ngkzyxjjxwtm,FIMI,pool_groups_current_HEAD,pool_clusters.json group; ticker=ELLY7; balanceanalytics_group=KID; adastat_group=fimi.vn
887caa7fcc065a6658705f41ed911ccbb165c91fe85df84479f3bb63,pool13p725l7vqedxvkrstaq7myguewcktjglapwls3re7wakxdv90fw,FIMI,pool_groups_current_HEAD,pool_clusters.json group; ticker=ANCO; balanceanalytics_group=SINGLEPOOL; adastat_group=t.me/StakingADA
9495762e111912925166df9cfeee225fa1e866ed49c637273096c7e8,pool1jj2hvts3ryffy5txm7w0am3zt7s7sehdf8rrwfesjmr7shv0mgl,FIMI,pool_groups_current_HEAD,pool_clusters.json group; ticker=FIDA; balanceanalytics_group=FIMI; adastat_group=t.me/StakingADA
a86b685a2d6817d315f48121ee4bb6099cc4c26b94d9fe1c256c5c62,pool14p4ksk3ddqtax905sys7ujakpxwvfsntjnvlu8p9d3wxycy7pv3,FIMI,pool_groups_current_HEAD,pool_clusters.json group; ticker=None; balanceanalytics_group=FIMI; adastat_group=fimi.vn
bef6ba74ac2497613d76d11c4272fcdae9ebae14d9cbb2f588213816,pool1hmmt5a9vyjtkz0tk6ywyyuhumt57hts5m89m9avgyyupveaejfr,FIMI,pool_groups_current_HEAD,pool_clusters.json group; ticker=AOTA; balanceanalytics_group=FIMI; adastat_group=None
db3ef28510cc87c6a2f2b83c50707c40d8024438c8a61f24ac16a33f,pool1mvl09pgsejrudghjhq79qurugrvqy3pceznp7f9vz63n7ku7jqx,FIMI,pool_groups_current_HEAD,pool_clusters.json group; ticker=AMZ1; balanceanalytics_group=FIMI; adastat_group=None
72a0739824ff3ee8fcf3ef41f2b8460387d7ea67c2beeb7f61baa829,pool1w2s88xpylulw3l8naaql9wzxqwra06n8c2lwklmph25zjkvwuvj,FLAIR,pool_groups_current_HEAD,pool_clusters.json group; ticker=FLR2; balanceanalytics_group=FLAIR; adastat_group=flairstaking.io
f9188d72c00f3701e9c27c997f1b8bc21abc108dcd5d66056227ce30,pool1lyvg6ukqpumsr6wz0jvh7xutcgdtcyyde4wkvptzyl8rql4n3c6,FLAIR,pool_groups_current_HEAD,pool_clusters.json group; ticker=FLAIR; balanceanalytics_group=FLAIR; adastat_group=flairstaking.io
40efc97d08315ff9be5898f24af5b8b120669b43027662c3499dd785,pool1grhujlggx90ln0jcnrey4adckysxdx6rqfmx9s6fnhtc2g0qym0,GENS,pool_groups_current_HEAD,pool_clusters.json group; ticker=None; balanceanalytics_group=GENS; adastat_group=None
c485ab20bd3f105e59f3c50a0d3fbaf615a51f70a1c6d29d00a1fd27,pool1cjz6kg9a8ug9uk0nc59q60a67c2628ms58rd98gq587jwa2x5qt,GENS,pool_groups_current_HEAD,pool_clusters.json group; ticker=GENS1; balanceanalytics_group=GENS; adastat_group=None
c69e9d1c87abf4296fb8ff198e1f0fb0d1340757502d605da2aed7fd,pool1c60f68y8406zjmacluvcu8c0krgngp6h2qkkqhdz4mtl62ns0dq,GIFT,pool_groups_current_HEAD,pool_clusters.json group; ticker=MYUJK; balanceanalytics_group=GIFT; adastat_group=None
fdd8140cffbc13abbe2c28806dfaa1eea23698d527196025d55b0a9e,pool1lhvpgr8lhsf6h03v9zqxm74pa63rdxx4yuvkqfw4tv9fua8t37a,GIFT,pool_groups_current_HEAD,pool_clusters.json group; ticker=OSAKA; balanceanalytics_group=GIFT; adastat_group=None
7f6c103302f96390d478a170fe80938b76fccd8a23490e3b6ddebcf7,,GOAT,pool_groups_2021_01_06_99b3c61d,pool_list.json cluster_name; ticker=GOAT; name=Goat Stake
fc7c663438fd4b61c5d0c064128467a550fd4e721fe6d5f237f5b416,,GOAT,pool_groups_2021_01_06_99b3c61d,pool_list.json cluster_name; ticker=GOAT2; name=Goat Stake
63f7f40f094a9533193e8f751dc50fff7a8b4fab746372eb08be12f6,,GOLD,pool_groups_2021_01_06_99b3c61d,pool_list.json cluster_name; ticker=GOLD3; name=GOLD Pool
6fdd7d5c6f9e6b9828c208db7dc7f1fba8603a7f19c188c799413b4e,,GOLD,pool_groups_2021_01_06_99b3c61d,pool_list.json cluster_name; ticker=GOLD2; name=GOLD Pool
f8cd51b8ee69603e9e6578118674890646c2cc65d59824fce3c2943f,,GOLD,pool_groups_2021_01_06_99b3c61d,pool_list.json cluster_name; ticker=GOLD; name=GOLD Pool
e3ad58f8059878525e12a0e206cec0d0ebe730891482fc51458ab304,pool1uwk437q9npu9yhsj5r3qdnkq6r47wvyfzjp0c52932esg5rgnkx,HELP,pool_groups_current_HEAD,pool_clusters.json group; ticker=None; balanceanalytics_group=HELP; adastat_group=None
ffdcba293f969ec7354b6445500893e142a9c990d96984e9f11677fe,pool1llwt52flj60vwd2tv3z4qzynu9p2njvsm95cf603zemlua4f955,HELP,pool_groups_current_HEAD,pool_clusters.json group; ticker=None; balanceanalytics_group=HELP; adastat_group=None
159bd971439653da2b97d12facae06ff5e6d7410d074edaab425202b,pool1zkdaju2rjefa52uh6yh6etsxla0x6aqs6p6wm245y5szk7k3msd,HETZFIN,pool_groups_current_HEAD,pool_clusters.json group; ticker=A3C; balanceanalytics_group=SINGLEPOOL; adastat_group=None
4deb0ba979fe7af5a5a4896ef68cdae029ad116542555cb422f46348,pool1fh4sh2telea0tfdy39h0drx6uq566yt9gf24edpz7335sclx39z,HETZFIN,pool_groups_current_HEAD,pool_clusters.json group; ticker=CANUK; balanceanalytics_group=SINGLEPOOL; adastat_group=None
c3c27acc9633f75202050d99f475178cff31cfde6d059696cc2d97f9,pool1c0p84nykx0m4yqs9pkvlgagh3nlnrn77d5zed9kv9ktljh2cjcy,HETZFIN,pool_groups_current_HEAD,pool_clusters.json group; ticker=GOKEY; balanceanalytics_group=SINGLEPOOL; adastat_group=None
2f606921baedcad68bbc765b9ab82b2b201d42bd35262517ce5d7d96,pool19asxjgd6ah9ddzauwede4wpt9vsp6s4ax5nz297wt47evc9sn7z,HODLA,pool_groups_current_HEAD,pool_clusters.json group; ticker=None; balanceanalytics_group=HODLA; adastat_group=hodlada.today
ed40b0a319f639a70b1e2a4de00f112c4f7b7d4849f0abd25c4336a4,pool1a4qtpgce7cu6wzc79fx7qrc3938hkl2gf8c2h5jugvm2gnu86l7,HODLA,pool_groups_current_HEAD,pool_clusters.json group; ticker=None; balanceanalytics_group=HODLA; adastat_group=hodlada.today
cf7249855783f4ca98e0d5249da8c0c362dc1de36294f46ccc720fba,pool1eaeynp2hs06v4x8q65jfm2xqcd3dc80rv220gmxvwg8m5sd6e7a,HODLR,pool_groups_current_HEAD,pool_clusters.json group; ticker=HODLR; balanceanalytics_group=HODLR; adastat_group=hodlerstaking.com
f77670adece78413b79ecb7f3178c5802a1fcd4a1c2677a9161bf4a6,pool17am8pt0vu7zp8du7edlnz7x9sq4pln22rsn802gkr062vtp6fdp,HODLR,pool_groups_current_HEAD,pool_clusters.json group; ticker=HODLR; balanceanalytics_group=HODLR; adastat_group=hodlerstaking.com
be1078775557de6c9116130289c6099520a267820ba1eebd040909e4,pool1hcg8sa642l0xeygkzvpgn3sfj5s2yeuzpws7a0gypyy7grrjcje,HRMS,pool_groups_current_HEAD,pool_clusters.json group; ticker=None; balanceanalytics_group=HRMS; adastat_group=hermes-stakepool.com
d248ded3c18e0e80d07a46f00a2d808075b989ccb1a0e40a76e5cee1,pool16fyda57p3c8gp5r6gmcq5tvqsp6mnzwvkxswgznkuh8wztrp6vv,HRMS,pool_groups_current_HEAD,pool_clusters.json group; ticker=HRMS; balanceanalytics_group=HRMS; adastat_group=hermes-stakepool.com
a3a542bf3a44361dad63349afcef16797afb957d1354e77bc0d37846,pool15wj590e6gsmpmttrxjd0emck09a0h9tazd2ww77q6duyvg8lyum,HUSKY,pool_groups_current_HEAD,pool_clusters.json group; ticker=HUSKY; balanceanalytics_group=HUSKY; adastat_group=huskypool.com
c0401715513d541fe7489da5f7d942544fc76eb039af488c82363ace,pool1cpqpw923842ple6gnkjl0k2z238uwm4s8xh53ryzxcavu89rp9p,HUSKY,pool_groups_current_HEAD,pool_clusters.json group; ticker=HUSKY; balanceanalytics_group=HUSKY; adastat_group=huskypool.com
12eda6e24a9e221fcf924c736d481342cc7be064e2454d7c9cde77fc,pool1ztk6dcj2nc3plnujf3ek6jqngtx8hcryufz56lyumemlcy2xxn0,IAGON,pool_groups_current_HEAD,pool_clusters.json group; ticker=IAGL1; balanceanalytics_group=IAGON; adastat_group=iagon.com
718a38284f9f04d87bb22b5815bb03e183c5de2d63138eb26e1eaf69,pool1wx9rs2z0nuzds7aj9dvptwcruxputh3dvvfcavnwr6hkjvly20w,IAGON,pool_groups_current_HEAD,pool_clusters.json group; ticker=None; balanceanalytics_group=SINGLEPOOL; adastat_group=iagon.com
cd0b7a6e8c22110113a9cffc266270e916a6e7ce2189917c70deebdd,pool1e59h5m5vyggszyafel7zvcnsayt2de7wyxyezlrsmm4a679q3zr,IAGON,pool_groups_current_HEAD,pool_clusters.json group; ticker=IAGL2; balanceanalytics_group=IAGON; adastat_group=iagon.com
1990682d1a5fba2fc076ab39c705f247cb9f7b4d41f4200bbd7817a6,pool1rxgxstg6t7azlsrk4vuuwp0jgl9e776dg86zqzaa0qt6vz43n9r,IBEX,pool_groups_current_HEAD,pool_clusters.json group; ticker=RKD; balanceanalytics_group=IBEX; adastat_group=ibexpool.com
d31f204c4a1701068d3a116b9c50662b60f365178336d6f7825ea547,pool16v0jqnz2zuqsdrf6z94ec5rx9ds0xeghsvmddauzt6j5w2u7lsm,IBEX,pool_groups_current_HEAD,pool_clusters.json group; ticker=IBEX; balanceanalytics_group=IBEX; adastat_group=None
ec128b017b97390c7d06f28c11302e8c748b73f8bae0b818bf848bc0,pool1asfgkqtmjuusclgx72xpzvpw336gkulchtstsx9lsj9uqzjckv0,IBEX,pool_groups_current_HEAD,pool_clusters.json group; ticker=BASHO; balanceanalytics_group=IBEX; adastat_group=ibexpool.com
4059bcee51333f1ce01970e91ef989453b7cefa3c97e1e3e5b7d1445,,IOADA,pool_groups_2021_01_06_99b3c61d,pool_list.json cluster_name; ticker=IOADA; name=IOADA 8
4e747c047c237eb5dc036f715c592d820d33323a88a73d19e6d400c8,,IOADA,pool_groups_2021_01_06_99b3c61d,pool_list.json cluster_name; ticker=IOADA; name=IOADA 1
5495cd8cf4c50b22ad965a16183b2b5a2f42dfe94f546466242f687c,,IOADA,pool_groups_2021_01_06_99b3c61d,pool_list.json cluster_name; ticker=IOADA; name=IOADA 5
5ba20a27f1f3423a334563495607259c0641c0b0cb0e5e44611e7e56,,IOADA,pool_groups_2021_01_06_99b3c61d,pool_list.json cluster_name; ticker=IOADA; name=IOADA 2
68cc11a75ea1ba3489ceed5ccdb85223d9d6da18140b91f8618433b3,,IOADA,pool_groups_2021_01_06_99b3c61d,pool_list.json cluster_name; ticker=IOADA; name=IOADA 6
72a69774ce15efa362695b20e6d23481630baf2034f0978e726b4e38,,IOADA,pool_groups_2021_01_06_99b3c61d,pool_list.json cluster_name; ticker=IOADA; name=IOADA 7
72da07205d70cd58fb422c3892ad3cd2c07dc3a2be738dbef7c046b3,,IOADA,pool_groups_2021_01_06_99b3c61d,pool_list.json cluster_name; ticker=IOADA; name=IOADA 3
f2731a34131c71fcaf38449ddcb98903de4b3a6dd173f42ec7f4f069,,IOADA,pool_groups_2021_01_06_99b3c61d,pool_list.json cluster_name; ticker=IOADA; name=IOADA 4
046139b9d5423a419eedd21a78902629d44bbbf723bf8cbbc4302ba9,pool1q3snnww4ggayr8hd6gd83ypx982yhwlhywlcew7yxq46jzyst2g,IOG,pool_groups_current_HEAD,pool_clusters.json group; ticker=IOGP; balanceanalytics_group=IOG; adastat_group=iohk.io
0eed3810a405dfa4876de24ec16196107ff222523f05696308665cb0,pool1pmknsy9yqh06fpmduf8vzcvkzpllygjj8uzkjccgvewtq9uc53k,IOG,pool_groups_current_HEAD,pool_clusters.json group; ticker=IOGP; balanceanalytics_group=IOG; adastat_group=iohk.io
214c95e2b803e0cc31e89357c84d9ff8d14650737b55541c75df9738,pool1y9xftc4cq0svcv0gjdtusnvllrg5v5rn0d24g8r4m7tnsem6ve8,IOG,pool_groups_current_HEAD,pool_clusters.json group; ticker=IOGP; balanceanalytics_group=IOG; adastat_group=iohk.io
223bb62965fb9f1b5f060e7d41c9b509ff39c757e1a2dce511b8f119,pool1ygamv2t9lw03khcxpe75rjd4p8lnn36hux3deeg3hrc3jwrx43z,IOG,pool_groups_current_HEAD,pool_clusters.json group; ticker=IOGP; balanceanalytics_group=IOG; adastat_group=iohk.io
28eb94ea6f359d10b04be39b5a936310ec4f907dfcd341f1b3c7af36,pool19r4ef6n0xkw3pvztuwd44ymrzrkylyralnf5rudnc7hnvvddyqz,IOG,pool_groups_current_HEAD,pool_clusters.json group; ticker=IOGP; balanceanalytics_group=IOG; adastat_group=iohk.io
35119f1ed0d4b0f91e704b88005ecae58dfb305e11bfb2f168b6aafa,pool1x5ge78ks6jc0j8nsfwyqqhk2ukxlkvz7zxlm9utgk6405hh490n,IOG,pool_groups_current_HEAD,pool_clusters.json group; ticker=IOGP; balanceanalytics_group=IOG; adastat_group=iohk.io
3baad1072772ec6516184faa0dc2e34d0e647b4fde0dca07d07f446e,pool18w4dzpe8wtkx29scf74qmshrf58xg760mcxu5p7s0azxufwwgec,IOG,pool_groups_current_HEAD,pool_clusters.json group; ticker=IOGP; balanceanalytics_group=IOG; adastat_group=iohk.io
3ebd062968c015896c970220966736dc09415a1f6e8a2ba07fb7f9cb,pool1867sv2tgcq2cjmyhqgsfveekmsy5zksld69zhgrlkluukfydq29,IOG,pool_groups_current_HEAD,pool_clusters.json group; ticker=IOGP; balanceanalytics_group=IOG; adastat_group=iohk.io
4045672633587d62688c258870681cab49c0d09a6542614e9a271678,,IOG,pool_groups_2021_01_06_99b3c61d,pool_list.json cluster_name; ticker=IOGP; name=Input Output Global (IOHK) - Private
46179fe1365f666b813271cec904ac7f49cdb75f1c47989c32746cc6,pool1gctelcfktanxhqfjw88vjp9v0ayumd6lr3re38pjw3kvvc8tanq,IOG,pool_groups_current_HEAD,pool_clusters.json group; ticker=IOGP; balanceanalytics_group=IOG; adastat_group=iohk.io
465facf0ff6365a976c671c5c74a2432c3bce6c791c6870130bcbcc4,pool1ge06eu8lvdj6jakxw8zuwj3yxtpmeek8j8rgwqfshj7vg390fj0,IOG,pool_groups_current_HEAD,pool_clusters.json group; ticker=IOGP; balanceanalytics_group=IOG; adastat_group=iohk.io
503fa739c7ef4fc84ca7e8bf617b4d55d665ecb0777ec2770af0fe0d,pool12ql6www8aa8usn98azlkz76d2htxtm9swalvyac27rlq6mdkxc7,IOG,pool_groups_current_HEAD,pool_clusters.json group; ticker=IOGP; balanceanalytics_group=IOG; adastat_group=iohk.io
548091bafc62a537f09b76f8d537514068d1c9e74c93d1acad3203c5,pool12jqfrwhuv2jn0uymwmud2d63gp5drj08fjfart9dxgpu2tmj8a0,IOG,pool_groups_current_HEAD,pool_clusters.json group; ticker=IOGP; balanceanalytics_group=IOG; adastat_group=iohk.io
5cba23f74af5636a2c4d69fe46be084abf862ecf2ca022e56cec0ea1,pool1tjaz8a62743k5tzdd8lyd0sgf2lcvtk09jsz9etvas82zdamc2q,IOG,pool_groups_current_HEAD,pool_clusters.json group; ticker=IOGP; balanceanalytics_group=IOG; adastat_group=iohk.io
5d048776c64ec06473dfd5136ad3918a47f00d8883053f373b691f99,pool1t5zgwakxfmqxgu7l65fk45u33frlqrvgsvzn7demdy0ejgrhq9a,IOG,pool_groups_current_HEAD,pool_clusters.json group; ticker=IOGP; balanceanalytics_group=IOG; adastat_group=iohk.io
61500eea75ceebdf93d97296365d03eaef5d8e012ac98515ffd44f36,pool1v9gqa6n4em4aly7ew2trvhgrath4mrsp9tyc290l638nvqs5aej,IOG,pool_groups_current_HEAD,pool_clusters.json group; ticker=IOGP; balanceanalytics_group=IOG; adastat_group=iohk.io
61fe899e9b4b24fbde1f4c84ae3e7c5d63dbdafc15d38dd3b934ad97,pool1v8lgn85mfvj0hhslfjz2u0nut43ahkhuzhfcm5aexjkewn8krle,IOG,pool_groups_current_HEAD,pool_clusters.json group; ticker=IOGP; balanceanalytics_group=IOG; adastat_group=iohk.io
786cbd8d5a485835fbd2f6e9bc5c1f5bf72ded2c5f87c6372eb603d8,pool10pktmr26fpvrt77j7m5mchqlt0mjmmfvt7ruvdewkcpasp0nzkl,IOG,pool_groups_current_HEAD,pool_clusters.json group; ticker=IOGP; balanceanalytics_group=IOG; adastat_group=iohk.io
80903e036a6fef6bd017f0d2b51cc22a2c6968624cf10e03898b371f,pool1szgruqm2dlhkh5qh7rft28xz9gkxj6rzfncsuquf3vm37k63kqv,IOG,pool_groups_current_HEAD,pool_clusters.json group; ticker=IOGP; balanceanalytics_group=IOG; adastat_group=iohk.io
80cea8788c73a04d01e8cb33d70d1f59e10896578245e6bc35ed09ab,pool1sr82s7yvwwsy6q0geveawrglt8ss39jhsfz7d0p4a5y6kk30mdd,IOG,pool_groups_current_HEAD,pool_clusters.json group; ticker=IOGP; balanceanalytics_group=IOG; adastat_group=iohk.io
93e512ad4d4eec9fa66c1e60d81d9f4ddc8f500ee27a5a72949ba3ed,pool1j0j39t2dfmkflfnvresds8vlfhwg75qwufa95u55nw376ky29r8,IOG,pool_groups_current_HEAD,pool_clusters.json group; ticker=IOGP; balanceanalytics_group=IOG; adastat_group=iohk.io
9e734b6c2263c0917bfc550e9c949f41afa3fe000377243bd29df399,,IOG,pool_groups_2021_01_06_99b3c61d,pool_list.json cluster_name; ticker=IOGP; name=Input Output Global (IOHK) - Private
a532904ca60e13e88437b58e7c6ff66b8d5e7ec8d3f4b9e4be7820ec,,IOG,pool_groups_2021_01_06_99b3c61d,pool_list.json cluster_name; ticker=IOGP; name=Input Output Global (IOHK) - Private
a9fb2641de1177743ab158188da46c52ba266f513da76022e0654be3,pool148ajvsw7z9mhgw43tqvgmfrv22azvm638knkqghqv497xvdl2tk,IOG,pool_groups_current_HEAD,pool_clusters.json group; ticker=IOGP; balanceanalytics_group=IOG; adastat_group=iohk.io
b05eeffac69bc4ba197bfb7ca814e366b320f12cfc4a0b2b57296608,pool1kp0wl7kxn0zt5xtmld72s98rv6ejpufvl39qk26h99nqshmkmge,IOG,pool_groups_current_HEAD,pool_clusters.json group; ticker=IOGP; balanceanalytics_group=IOG; adastat_group=iohk.io
b61cab024af033e9ae022a6ec2308c0a7c11e3eec5240ae1cf011b7f,pool1kcw2kqj27qe7ntsz9fhvyvyvpf7prclwc5jq4cw0qydh7cygcek,IOG,pool_groups_current_HEAD,pool_clusters.json group; ticker=IOGP; balanceanalytics_group=IOG; adastat_group=iohk.io
ba4d2838d574c29db7add69f7608d5b4e574c55c7211a72213004a73,pool1hfxjswx4wnpfmdad660hvzx4knjhf32uwgg6wgsnqp98x9zz927,IOG,pool_groups_current_HEAD,pool_clusters.json group; ticker=IOGP; balanceanalytics_group=IOG; adastat_group=iohk.io
bd384c4b9e9d03c34d58b26c11769478d3a95aab70f594bef0d992bf,pool1h5uycju7n5puxn2ckfkpza550rf6jk4twr6ef0hsmxft78ajt6q,IOG,pool_groups_current_HEAD,pool_clusters.json group; ticker=IOGP; balanceanalytics_group=IOG; adastat_group=iohk.io
bf7cf0300e9ee6e0f7d9a7a842ad04357dd728a36585e8ee69aa8547,pool1ha70qvqwnmnwpa7e575y9tgyx47aw29rvkz73mnf42z5wet5dr3,IOG,pool_groups_current_HEAD,pool_clusters.json group; ticker=IOGP; balanceanalytics_group=IOG; adastat_group=iohk.io
c18f395d8e8d5d9012dfed12289e685c5a3ab5ff5b1f018240e9f881,pool1cx8njhvw34weqykla5fz38ngt3dr4d0ltv0srqjqa8ugzap937l,IOG,pool_groups_current_HEAD,pool_clusters.json group; ticker=IOGP; balanceanalytics_group=IOG; adastat_group=iohk.io
c9d5e490f94b7d328bb86da7758d53a0c1b1929c0be9b0201095b7b1,pool1e827fy8efd7n9zacdknhtr2n5rqmry5up05mqgqsjkmmzjmzrf3,IOG,pool_groups_current_HEAD,pool_clusters.json group; ticker=IOGP; balanceanalytics_group=IOG; adastat_group=iohk.io
d574cff47d83db9fc97702d3f2b42d728d09f7c52fdf6e909c2b2b5c,pool1646vlaras0deljthqtfl9dpdw2xsna799l0kayyu9v44cql4ky0,IOG,pool_groups_current_HEAD,pool_clusters.json group; ticker=IOGP; balanceanalytics_group=IOG; adastat_group=iohk.io
d9812f8d30b5db4b03e5b76cfd242db9cd2763da4671ed062be808a0,pool1mxqjlrfskhd5kql9kak06fpdh8xjwc76gec76p3taqy2qmfzs5z,IOG,pool_groups_current_HEAD,pool_clusters.json group; ticker=IOG1; balanceanalytics_group=IOG; adastat_group=iohk.io
f2930e8988d0861b4bd83badf807df1ce84349971f2b99b5ac626643,pool172fsazvg6zrpkj7c8wklsp7lrn5yxjvhru4enddvvfnyx343dyc,IOG,pool_groups_current_HEAD,pool_clusters.json group; ticker=IOGP; balanceanalytics_group=IOG; adastat_group=iohk.io
f9bd76a4558bd9b1baf61b506e1f0f363e94fd7d66ed99040210abd3,pool1lx7hdfz430vmrwhkrdgxu8c0xclffltavmkejpqzzz4ax0lnfvd,IOG,pool_groups_current_HEAD,pool_clusters.json group; ticker=NIGHT; balanceanalytics_group=IOG; adastat_group=None
663317cb93319fa42afd3b9cf5600826ab524b45cdee8518b4067d15,pool1vce30junxx06g2ha8ww02cqgy644yj69ehhg2x95qe7323zfznp,ISP,pool_groups_current_HEAD,pool_clusters.json group; ticker=ISPJ; balanceanalytics_group=ISP; adastat_group=infiniastakepool.com
a2563027d23bdd4f7f29ff566d68cf78137e54f1ea8af46c3e01e819,pool15ftrqf7j80w57leflatx66x00qfhu483a290gmp7q85pjxrf480,ISP,pool_groups_current_HEAD,pool_clusters.json group; ticker=ISPP; balanceanalytics_group=SINGLEPOOL; adastat_group=infiniastakepool.com
c58e3004c1f48f620b8bb1e9a4cd88d9cd006f972a94eb67288ab369,pool1ck8rqpxp7j8kyzutk856fnvgm8xsqmuh922wkeeg32ekjjrvtc0,ISP,pool_groups_current_HEAD,pool_clusters.json group; ticker=ISPF; balanceanalytics_group=ISP; adastat_group=infiniastakepool.com
0c2cfc283e0bbb85b9ef9d852c99ae7ee13f20f36b70fd648c6c3448,pool1psk0c2p7pwactw00nkzjexdw0msn7g8nddc06eyvds6yswr3tjg,ITC,pool_groups_current_HEAD,pool_clusters.json group; ticker=ITC2; balanceanalytics_group=ITC; adastat_group=itcpool.github.io
37a4728a33f13c83c0967ea7dbe06eb3437bbb4d26d671c5093f3e4b,pool1x7j89z3n7y7g8syk06nahcrwkdphhw6dymt8r3gf8ulyksrzh5t,ITC,pool_groups_current_HEAD,pool_clusters.json group; ticker=ALLIN; balanceanalytics_group=SINGLEPOOL; adastat_group=itcpool.github.io
380aae10d12fa3c8817aaccc9387dc850e87588b1cdf88e5aae94b0a,pool18q92uyx3973u3qt64nxf8p7us58gwkytrn0c3ed2a99s5uc9usc,ITC,pool_groups_current_HEAD,pool_clusters.json group; ticker=FREE; balanceanalytics_group=SINGLEPOOL; adastat_group=itcpool.github.io
89f7ebe5936075aae36b1f7f2e1e9e5d2decd5230cfb962d01e12c84,pool138m7hevnvp664cmtralju857t5k7e4frpnaevtgpuykggr50kne,ITC,pool_groups_current_HEAD,pool_clusters.json group; ticker=ITC; balanceanalytics_group=ITC; adastat_group=itcpool.github.io
d4a3b639d0f0b050cbfc25dad467af58355f31edbc4959db1cc59051,pool16j3mvwws7zc9pjluyhddgea0tq647v0dh3y4nkcuckg9znjcun2,ITC,pool_groups_current_HEAD,pool_clusters.json group; ticker=ITC3; balanceanalytics_group=ITC; adastat_group=itcpool.github.io
31cb0848348e7025dfab4acaef57d52d2879c051082929be9ad46a14,pool1x89ssjp53eczthatft9w74749558nsz3pq5jn056634pgt5m58s,JOY,pool_groups_current_HEAD,pool_clusters.json group; ticker=HOPE2; balanceanalytics_group=JOY; adastat_group=cardano.ipclub29.com
39654d8b4eebd091f6ce64d4be8fc05c5e50187b821b9a334076ce55,pool189j5mz6wa0gfrakwvn2tar7qt309qxrmsgde5v6qwm892n6re3v,JOY,pool_groups_current_HEAD,pool_clusters.json group; ticker=CCJ; balanceanalytics_group=CCJ; adastat_group=cardano.ipclub29.com
4a2aa209e00f2926bd0d8a286592bbdea4d35a593c05d41efe29e642,pool1fg42yz0qpu5jd0gd3g5xty4mm6jdxkje8szag8h798nyyxw6zd3,JOY,pool_groups_current_HEAD,pool_clusters.json group; ticker=CCJ3; balanceanalytics_group=CCJ; adastat_group=cardano.ipclub29.com
65ea43eab7c0143d6bb68f9d56c276bce09377bdc41e1a42ac9535ed,pool1vh4y864hcq2r66ak37w4dsnkhnsfxaaacs0p5s4vj5676m6txwm,JOY,pool_groups_current_HEAD,pool_clusters.json group; ticker=HOPE; balanceanalytics_group=JOY; adastat_group=cardano.ipclub29.com
7fbab5f400e70149e558bbee678313fd8421ab478c2a8dfea474c0c4,pool107attaqquuq5ne2ch0hx0qcnlkzzr2683s4gml4ywnqvgj6pak9,JOY,pool_groups_current_HEAD,pool_clusters.json group; ticker=CCJ5; balanceanalytics_group=CCJ; adastat_group=cardano.ipclub29.com
8871f659c6ce6a29afc0c52963cc872898db31235bead5b4a514b746,pool13pclvkwxee4znt7qc55k8ny89zvdkvfrt04dtd99zjm5vs2tws5,JOY,pool_groups_current_HEAD,pool_clusters.json group; ticker=CCJ2; balanceanalytics_group=CCJ; adastat_group=cardano.ipclub29.com
d1d6f37f6f6ada84f9b472b63dfb9f83ab8105ca2f88c186d928772c,pool168t0xlm0dtdgf7d5w2mrm7ulsw4czpw297yvrpke9pmjcc9hz7k,JOY,pool_groups_current_HEAD,pool_clusters.json group; ticker=CCJ4; balanceanalytics_group=CCJ; adastat_group=cardano.ipclub29.com
e36c628f68125e717842a87c4b05a0835949a5ee3f1313b8706ce8d1,pool1udkx9rmgzf08z7zz4p7ykpdqsdv5nf0w8uf38wrsdn5dzk9nq4g,JOY,pool_groups_current_HEAD,pool_clusters.json group; ticker=JOY2; balanceanalytics_group=JOY; adastat_group=cardano.ipclub29.com
fd832d27b5fbe0489409613f50e2139b54a21e613c8a7609dcff556e,pool1lkpj6fa4l0sy39qfvyl4pcsnnd22y8np8j98vzwula2kuxgers4,JOY,pool_groups_current_HEAD,pool_clusters.json group; ticker=JOY; balanceanalytics_group=JOY; adastat_group=cardano.ipclub29.com
5ca3c3845af455c22b8b8c0afcbe473be44e164f664ac5f0a2950c24,pool1tj3u8pz6732uy2ut3s90e0j880jyu9j0ve9vtu9zj5xzglhdlqy,JSP,pool_groups_current_HEAD,pool_clusters.json group; ticker=RPSP; balanceanalytics_group=JSP; adastat_group=ippei76.github.io
6dd356ae25a25f87f253863a26098ef4493121cc5a696a90b82bfd77,pool1dhf4dt395f0c0ujnscazvzvw73ynzgwvtf5k4y9c907hwjdyaq4,JSP,pool_groups_current_HEAD,pool_clusters.json group; ticker=JSP; balanceanalytics_group=JSP; adastat_group=ippei76.github.io
163cc36624d9332f6ae7770e8df8b8bad7e71711eb6c2ed7971c99d4,pool1zc7vxe3ymyej76h8wu8gm79chtt7w9c3adkza4uhrjvagr9w4zp,KAIZN,pool_groups_current_HEAD,pool_clusters.json group; ticker=KRSNA; balanceanalytics_group=KAIZN; adastat_group=kaizencrypto.com
9679eaa0fa242a9cdae4b030e714b66c0119fc9b3f7564b8f03a5316,pool1jeu74g86ys4fekhykqcww99kdsq3nlym8a6kfw8s8ff3vskad70,KAIZN,pool_groups_current_HEAD,pool_clusters.json group; ticker=KAIZN; balanceanalytics_group=KAIZN; adastat_group=kaizencrypto.com
ab8ab9d5d17b5cd57d2cae1d242baacc7964b5f300c8d347c99093e1,pool14w9tn4w30dwd2lfv4cwjg2a2e3ukfd0nqrydx37fjzf7z5f5jnk,KAIZN,pool_groups_current_HEAD,pool_clusters.json group; ticker=KOBE; balanceanalytics_group=KAIZN; adastat_group=kaizencrypto.com
ca4d7a55367b654e7159ae78f3dbe6fd0908c3a1bb236ce231b3a266,pool1efxh54fk0dj5uu2e4eu08klxl5ys3saphv3kec33kw3xv8738sc,KAIZN,pool_groups_current_HEAD,pool_clusters.json group; ticker=KRONO; balanceanalytics_group=KAIZN; adastat_group=kaizencrypto.com
326556f44c03d30177eedc5e219e96e957aa6dc1045891846d7469b7,pool1xfj4dazvq0fszalwm30zr85ka9t65mwpq3vfrprdw35mwan3vq9,KID,pool_groups_current_HEAD,pool_clusters.json group; ticker=CNFTA; balanceanalytics_group=KID; adastat_group=None
ad35f18c2fec51045b6433c7b3bacddb6dcf51696ff85330294b0db0,pool1456lrrp0a3gsgkmyx0rm8wkdmdku75tfdlu9xvpffvxmqmjkwee,KID,pool_groups_current_HEAD,pool_clusters.json group; ticker=ADPL; balanceanalytics_group=KID; adastat_group=None
b6300321f150f4dc000166d87f744b5e388a711ac70650f7c0b71d8a,pool1kccqxg032r6dcqqpvmv87azttcug5ug6cur9pa7qkuwc5ze4pxa,KID,pool_groups_current_HEAD,pool_clusters.json group; ticker=HUDO; balanceanalytics_group=KID; adastat_group=None
643808a16d63204df62860a87c5ec7e551ca11af8b8e15a6d08ad667,,KING,pool_groups_2021_01_06_99b3c61d,pool_list.json cluster_name; ticker=KING1; name=Global KING1 Staking KING Pool by AJG
df20194b13da05eb42b09d2430e3343f6ba835a403b172d3b3f4c7d2,,KING,pool_groups_2021_01_06_99b3c61d,pool_list.json cluster_name; ticker=CHINA; name=CHINA Staking Pool for Good Fortune
2523d71a1bd6376804e0bace048289a63455eb6340db81e616a11f9c,pool1y53awxsm6cmksp8qht8qfq5f5c69t6mrgrdcresk5y0ecv2yj93,KIWI,pool_groups_current_HEAD,pool_clusters.json group; ticker=RAMEN; balanceanalytics_group=KIWI; adastat_group=kiwipool.org
60397646d7d1ad6fe2ddccfe7efc9cba61f6d3d94d29e8f41de73240,pool1vquhv3kh6xkklckaenl8alyuhfsld57ef5573aqauueyqacx4ak,KIWI,pool_groups_current_HEAD,pool_clusters.json group; ticker=KIWI; balanceanalytics_group=KIWI; adastat_group=kiwipool.org
921dc3fc11681ad9ccde08c9bc23041808f4b7e8ba231be557db8ab5,pool1jgwu8lq3dqddnnx7prymcgcyrqy0fdlghg33he2hmw9t2gma3zd,KIWI,pool_groups_current_HEAD,pool_clusters.json group; ticker=KIWI; balanceanalytics_group=KIWI; adastat_group=kiwipool.org
c406bea064ed6f8a07385e14f81e1eeee39d302d94b5d9ac0264d5f4,pool1csrtagrya4hc5pectc20s8s7am3e6vpdjj6antqzvn2lgmm5afs,KOPI,pool_groups_current_HEAD,pool_clusters.json group; ticker=None; balanceanalytics_group=KOPI; adastat_group=None
fb4b7b76ea6d857f442cb9569d186f328fc846bb83222c3150ec3346,pool1ld9hkah2dkzh73pvh9tf6xr0x28us34msv3zcv2sase5vhvq962,KOPI,pool_groups_current_HEAD,pool_clusters.json group; ticker=KOPI; balanceanalytics_group=KOPI; adastat_group=None
9ffd5ceefaf338459f086690ebca63c2cc81841f1b4429cabf8fef49,,KTN,pool_groups_2021_01_06_99b3c61d,pool_list.json cluster_name; ticker=KTN; name=KTN
008a049b06862ba605031c8fa3c31b5ae41890a6ee6e49ead3b4f28c,pool1qz9qfxcxsc46vpgrrj868scmttjp3y9xaehyn6knknegcsphq6u,KTO,pool_groups_current_HEAD,pool_clusters.json group; ticker=KTO; balanceanalytics_group=KTO; adastat_group=myadapoolnamerocks.com
063951946e3d221231229a73c92446fdb9532d813e3b0d6144f16ece,pool1qcu4r9rw853pyvfznfeujfzxlku4xtvp8cas6c2y79hvuy22vl4,KTO,pool_groups_current_HEAD,pool_clusters.json group; ticker=MPOL; balanceanalytics_group=SINGLEPOOL; adastat_group=myadapoolnamerocks.com
4f161e8a4faf2d77fa95de9d930c6543722d8ffacbc36812e1c15120,pool1futpazj04ukh0754m6wexrr9gdezmrl6e0pksyhpc9gjql44l0y,KTO,pool_groups_current_HEAD,pool_clusters.json group; ticker=SMBU1; balanceanalytics_group=SINGLEPOOL; adastat_group=myadapoolnamerocks.com
76a9ddd886bfe0b9769b0bd89f015d6517b7ef42943650fff133a3a3,pool1w65amkyxhlstja5mp0vf7q2av5tm0m6zjsm9pll3xw36x6g8qte,KTO,pool_groups_current_HEAD,pool_clusters.json group; ticker=CRBN; balanceanalytics_group=SINGLEPOOL; adastat_group=myadapoolnamerocks.com
87dc693d71a7a9f33c69728d1179a04ab520fe14d682d711acfd9f24,pool1slwxj0t3575lx0rfw2x3z7dqf26jpls566pdwydvlk0jgw96lre,KTO,pool_groups_current_HEAD,pool_clusters.json group; ticker=MORH; balanceanalytics_group=SINGLEPOOL; adastat_group=myadapoolnamerocks.com
8d2fef46df5f9b2fcb64ebad739f27062b4f38c04df1a916fa216752,pool135h773klt7djljmyawkh88e8qc457wxqfhc6j9h6y9n4y3sgh7t,KTO,pool_groups_current_HEAD,pool_clusters.json group; ticker=None; balanceanalytics_group=KTO; adastat_group=myadapoolnamerocks.com
adc382b913711ee8c87fc01c959389d9cd0a0333ed61d352e6f6680f,pool14hpc9wgnwy0w3jrlcqwftyufm8xs5qena4sax5hx7e5q703uuml,KTO,pool_groups_current_HEAD,pool_clusters.json group; ticker=None; balanceanalytics_group=SINGLEPOOL; adastat_group=myadapoolnamerocks.com
b14d2db38d2f94c9a0f1d68bbb333dcb579e84734a7e063ebe26b5c4,pool1k9xjmvud972vng83669mkveaedteaprnfflqv047y66ugtqjyyq,KTO,pool_groups_current_HEAD,pool_clusters.json group; ticker=None; balanceanalytics_group=SINGLEPOOL; adastat_group=myadapoolnamerocks.com
c80ba3446dd81ed334867b9ce23f550aa421fd1a6863e1d38ebe6f39,pool1eq96x3rdmq0dxdyx0wwwy064p2jzrlg6dp37r5uwhehnja29fxq,KTO,pool_groups_current_HEAD,pool_clusters.json group; ticker=CRTR; balanceanalytics_group=SINGLEPOOL; adastat_group=myadapoolnamerocks.com
f5a9a386453680edb38b997c1a3902623724fb75d405160b8d069507,pool17k568pj9x6qwmvutn97p5wgzvgmjf7m46sz3vzudq62swqdfh4a,KTO,pool_groups_current_HEAD,pool_clusters.json group; ticker=KDK; balanceanalytics_group=SINGLEPOOL; adastat_group=myadapoolnamerocks.com
490353aa6b85efb28922acd9e0ee1dcf6d0c269b9f0583718b0274ba,pool1fyp482ntshhm9zfz4nv7pmsaeakscf5mnuzcxuvtqf6t56fc7l0,KYSN,pool_groups_current_HEAD,pool_clusters.json group; ticker=KYSN; balanceanalytics_group=KYSN; adastat_group=kysenpool.io
6fb41f0933511a0a7bc2aba0cdcfeaf9ab837630a303f4f2ec19c097,pool1d76p7zfn2ydq577z4wsvmnl2lx4cxa3s5vplfuhvr8qfw8hd05j,KYSN,pool_groups_current_HEAD,pool_clusters.json group; ticker=KYSN2; balanceanalytics_group=KYSN; adastat_group=kysenpool.io
e8e00995c7f3820fedf01e75a443c56e20f96ddcf9168b662ce2fdcd,,LATINO,pool_groups_2021_01_06_99b3c61d,pool_list.json cluster_name; ticker=LATIN; name=Latino_Staking_Pool
195a96523a7f7e1a36ef53ecfa3db59d4972dea8dc0bf4be03dd622a,pool1r9dfv5360alp5dh020k050d4n4yh9h4gms9lf0srm43z5zk4d3s,LEO,pool_groups_current_HEAD,pool_clusters.json group; ticker=None; balanceanalytics_group=LEO; adastat_group=staking-fm.site
20b95f87c93f3be9e5094c8fbdb924f9ab8b5e1c7bfb542d3a8bc7fc,pool1yzu4lp7f8ua7negffj8mmwfylx4ckhsu00a4gtf630rlcwnl7gd,LEO,pool_groups_current_HEAD,pool_clusters.json group; ticker=None; balanceanalytics_group=LEO; adastat_group=staking-fm.site
335d9516b35b276cce8a643bd1fb2d304d95de156b21b3d43bae2e40,pool1xdwe294ntvnken52vsaar7edxpxeths4dvsm84pm4chyq70r0ny,LEO,pool_groups_current_HEAD,pool_clusters.json group; ticker=None; balanceanalytics_group=LEO; adastat_group=staking-fm.site
3635fed04554336e1f58a8db3e30d26e229b9c2d5f67f419a4297069,pool1xc6la5z92seku86c4rdnuvxjdc3fh8pdtanlgxdy99cxjrkhzkd,LEO,pool_groups_current_HEAD,pool_clusters.json group; ticker=None; balanceanalytics_group=LEO; adastat_group=staking-fm.site
4a78ca15af1b42f94106e94d419c2cdf72667389cf2b1b04df8f140e,pool1ffuv59d0rdp0jsgxa9x5r8pvmaexvuufeu43kpxl3u2qut3ljq4,LEO,pool_groups_current_HEAD,pool_clusters.json group; ticker=None; balanceanalytics_group=LEO; adastat_group=staking-fm.site
5ea0be57485dfdd737e36ecdb95d03b1472be4450267fbdae9625e99,pool1t6stu46gth7awdlrdmxmjhgrk9rjhez9qfnlhkhfvf0fj4q3h2a,LEO,pool_groups_current_HEAD,pool_clusters.json group; ticker=None; balanceanalytics_group=LEO; adastat_group=staking-fm.site
81876111eb247d0500dad621803b98683ecced72f97590c75b02473b,pool1sxrkzy0ty37s2qx66cscqwucdqlvemtjl96ep36mqfrnku9lq8t,LEO,pool_groups_current_HEAD,pool_clusters.json group; ticker=None; balanceanalytics_group=LEO; adastat_group=staking-fm.site
86a1ac91997ff78ae5f9d892afe8f3293af1dc616e00f96edbdeccc5,pool1s6s6eyve0lmc4e0emzf2l68n9ya0rhrpdcq0jmkmmmxv2rkrx42,LEO,pool_groups_current_HEAD,pool_clusters.json group; ticker=None; balanceanalytics_group=LEO; adastat_group=staking-fm.site
c4a4b16b33b63da2117f4a84d3ea686f34fcf9f4603ce016af9e39aa,pool1cjjtz6enkc76yytlf2zd86ngdu60e705vq7wq940ncu6506s6n2,LEO,pool_groups_current_HEAD,pool_clusters.json group; ticker=None; balanceanalytics_group=LEO; adastat_group=staking-fm.site
e455088c9164ae075f0300bc1a7234c30433556c6b88d4301a06cfe5,pool1u32s3ry3vjhqwhcrqz7p5u35cvzrx4tvdwydgvq6qm8720qrg0s,LEO,pool_groups_current_HEAD,pool_clusters.json group; ticker=None; balanceanalytics_group=LEO; adastat_group=staking-fm.site
e98e298624ce6efe34635318bdd5d634bed732bb238989d3d1b6fc9e,pool1ax8znp3yeeh0udrr2vvtm4wkxjldwv4mywycn573km7fu20y5xa,LEO,pool_groups_current_HEAD,pool_clusters.json group; ticker=None; balanceanalytics_group=LEO; adastat_group=staking-fm.site
f8328a36320b8719b07da68f3b28f019feb5907ac26a42420d3680b3,pool1lqeg5d3jpwr3nvra568nk28sr8lttyr6cf4yyssdx6qtxea9nmr,LEO,pool_groups_current_HEAD,pool_clusters.json group; ticker=None; balanceanalytics_group=LEO; adastat_group=staking-fm.site
f83cb7810af45813ad4e16f2497a0d02997e2987f4a41fa3830a4d88,pool1lq7t0qg273vp8t2wzmeyj7sdq2vhu2v87jjplgurpfxcs9afnr3,LEO,pool_groups_current_HEAD,pool_clusters.json group; ticker=None; balanceanalytics_group=LEO; adastat_group=staking-fm.site
467063b09d8a4ff20f2a44caea4695f05e3bdb6079bc710dc5a6bf6c,pool1gecx8vya3f8lyre2gn9w53547p0rhkmq0x78zrw956lkcvn8uyp,LIQWID,pool_groups_current_HEAD,pool_clusters.json group; ticker=LQWD; balanceanalytics_group=LIQWID; adastat_group=liqwid.finance
d0f48f07e4e5eb8040a988085f7ea3bd32d71a2e2998d53e9bbc959a,pool16r6g7plyuh4cqs9f3qy97l4rh5edwx3w9xvd205mhj2e58cpp28,LIQWID,pool_groups_current_HEAD,pool_clusters.json group; ticker=LQWD; balanceanalytics_group=LIQWID; adastat_group=liqwid.finance
3b0a33f53dfde8ffd7f05e16aeb9b888a019b383c43cbad26c517985,pool18v9r8afalh50l4lstct2awdc3zspnvurcs7t45nv29uc2mnxc6c,LONDN,pool_groups_current_HEAD,pool_clusters.json group; ticker=LONDN; balanceanalytics_group=LONDN; adastat_group=londonpool.co.uk
81ab938d86519a6459ce524325ed839f52b48d69465453627e55efeb,pool1sx4e8rvx2xdxgkww2fpjtmvrnaftfrtfge29xcn72hh7kch5snf,LONDN,pool_groups_current_HEAD,pool_clusters.json group; ticker=UK1; balanceanalytics_group=LONDN; adastat_group=londonpool.co.uk
6226fce477c40a148f695fcd2de150dbd7566ee30137d7deda8071a4,,LOVE,pool_groups_2021_01_06_99b3c61d,pool_list.json cluster_name; ticker=AIJOU; name=StakeLove Japan
95c4956f7a137f7fe9c72f2e831e6038744b6307d00143b2447e6443,,LOVE,pool_groups_2021_01_06_99b3c61d,pool_list.json cluster_name; ticker=LOVE; name=StakeLove
c7cb0c4355e735c2843c0af609530869678e2bdbb1ae5e6a49ac162e,,LOVE,pool_groups_2021_01_06_99b3c61d,pool_list.json cluster_name; ticker=LIEBE; name=StakeLove Germany
1aee47982a812687e08d09e8e608be8c05b02a703f281addb96d9df2,pool1rthy0xp2syng0cydp85wvz973szmq2ns8u5p4hdedkwlyhry27w,MANGO,pool_groups_current_HEAD,pool_clusters.json group; ticker=MEDA🌌; balanceanalytics_group=SINGLEPOOL; adastat_group=git.io/JOkNh
1e9a280b52e5157467f05e5231e7f521d3022cf8b14084b19beed138,pool1r6dzsz6ju52hgelstefrrel4y8fsyt8ck9qgfvvmamgns4vh7w4,MANGO,pool_groups_current_HEAD,pool_clusters.json group; ticker=DAI; balanceanalytics_group=SINGLEPOOL; adastat_group=git.io/JOkNh
4b748c932c0c10ad43c0a1d2ce3159bd2859d0256323859a50f559a4,pool1fd6geyevpsg26s7q58fvuv2eh559n5p9vv3ctxjs74v6g7lkew4,MANGO,pool_groups_current_HEAD,pool_clusters.json group; ticker=ECO; balanceanalytics_group=SINGLEPOOL; adastat_group=git.io/JOkNh
9addc1ee114be55b0334724282e2ffec09f0bffbe3bcadd533d6993e,pool1ntwurms3f0j4kqe5wfpg9chlasylp0lmuw72m4fn66vnuyrvs8v,MANGO,pool_groups_current_HEAD,pool_clusters.json group; ticker=MANGO; balanceanalytics_group=MANGO; adastat_group=git.io/JOkNh
9d08bca04e8e670c25d559dd09116312947ea19b2e226ef478cf8289,pool1n5ytegzw3enscfw4t8wsjytrz228agvm9c3xaarce7pgjzftdtx,MANGO,pool_groups_current_HEAD,pool_clusters.json group; ticker=_Q_; balanceanalytics_group=MANGO; adastat_group=git.io/JOkNh
a4ac19aa597233380e7cfc36fb0172a1e7de311343c0c22b86afa4d7,pool15jkpn2jewgensrnulsm0kqtj58nauvgng0qvy2ux47jdwncsw9s,MANGO,pool_groups_current_HEAD,pool_clusters.json group; ticker=MERCY; balanceanalytics_group=SINGLEPOOL; adastat_group=git.io/JOkNh
bb224ee756ce73c513d9e43323560e6ab644db83fb57eff613503953,pool1hv3yae6keeeu2y7eusejx4swd2myfkurldt7lasn2qu4xk20j8m,MANGO,pool_groups_current_HEAD,pool_clusters.json group; ticker=BLESS; balanceanalytics_group=SINGLEPOOL; adastat_group=git.io/JOkNh
f29069bcfbd55844b0332ab4b880fb6d009780b68935600b561c8e32,pool172gxn08m64vyfvpn926t3q8md5qf0q9k3y6kqz6krj8ry0tntmz,MANGO,pool_groups_current_HEAD,pool_clusters.json group; ticker=None; balanceanalytics_group=SINGLEPOOL; adastat_group=git.io/JOkNh
f38375739aac5c4b6446dee394c7a785d11bb880509f04079a19618f,pool17wph2uu643wykezxmm3ef3a8shg3hwyq2z0sgpu6r9sc7um83d9,MANGO,pool_groups_current_HEAD,pool_clusters.json group; ticker=None; balanceanalytics_group=SINGLEPOOL; adastat_group=git.io/JOkNh
54f5f2618a3da4bb0b384895d8f3922189acbb8e9637201ebb26bc18,,MANT,pool_groups_2021_01_06_99b3c61d,pool_list.json cluster_name; ticker=MANT; name=MANTIS 1PERCENT
55ef56b00435fec8ff85dd88c0ce16df755526511323039bfde555db,,MANT,pool_groups_2021_01_06_99b3c61d,pool_list.json cluster_name; ticker=MANT2; name=MANTIS 1PERCENT
00000aedaa1a5abf500cbc4c5c23761a2dff570bc4a299983c893f8e,pool1qqqq4md2rfdt75qvh3x9cgmkrgkl74ctcj3fnxpu3ylcudl22ex,MASTR,pool_groups_current_HEAD,pool_clusters.json group; ticker=MASTR; balanceanalytics_group=MASTR; adastat_group=masterstake.com
9479b6e386c65d8308a776e30350c0720c67b3c28fb4624920ac9199,pool1j3umdcuxcewcxz98wm3sx5xqwgxx0v7z376xyjfq4jgejpvv8fz,MASTR,pool_groups_current_HEAD,pool_clusters.json group; ticker=MASTR; balanceanalytics_group=MASTR; adastat_group=masterstake.com
237795878bfa5352cca325012e073b344ce337a1dd752cd3d5ea4cdc,,MS,pool_groups_2021_01_06_99b3c61d,pool_list.json cluster_name; ticker=MS2; name=Moonstake 2
2fc479904f9482d1b573977a3af26bb5577545014521eee513f54ef1,pool19lz8nyz0jjpdrdtnjaar4untk4th23gpg5s7aegn7480zff4vgq,MS,pool_groups_current_HEAD,pool_clusters.json group; ticker=MS5; balanceanalytics_group=MS; adastat_group=moonstake.io
30432a0b85b6f80b3e9cd356d8b76b9793f5530c91050c1688da4922,,MS,pool_groups_2021_01_06_99b3c61d,pool_list.json cluster_name; ticker=MS3; name=Moonstake 3
3c68076a8b81226f6d7da352dda415db00299701624b6cf71d7cc086,,MS,pool_groups_2021_01_06_99b3c61d,pool_list.json cluster_name; ticker=MS10; name=Moonstake 10
48794370608c8d41cf4ad665833da210ad4fed6c6fd40b48bfad9ca8,pool1fpu5xurq3jx5rn626ejcx0dzzzk5lmtvdl2qkj9l4kw2sjp50dz,MS,pool_groups_current_HEAD,pool_clusters.json group; ticker=MS6; balanceanalytics_group=MS; adastat_group=moonstake.io
707725a41873178814530f39fb14a4b2842d05377e2b62a546fe2014,pool1wpmjtfqcwvtcs9znpuulk99yk2zz6pfh0c4k9f2xlcspgqjndk2,MS,pool_groups_current_HEAD,pool_clusters.json group; ticker=MS4; balanceanalytics_group=MS; adastat_group=moonstake.io
83ea16a7f183288173077c54a1e2b3cbcd0f2336e1bc85e2cc6397e0,pool1s04pdfl3sv5gzuc80322rc4ne0xs7gekux7gtckvvwt7qutjy6w,MS,pool_groups_current_HEAD,pool_clusters.json group; ticker=MS9; balanceanalytics_group=MS; adastat_group=moonstake.io
b573268bf369e3f3a4e6dd16fdd78ca01eb164c1daa29d611ef885d2,,MS,pool_groups_2021_01_06_99b3c61d,pool_list.json cluster_name; ticker=MS8; name=Moonstake 8
b62772f5982c919ff658977c4d3a0c937bcfd8127aba2c405266e217,,MS,pool_groups_2021_01_06_99b3c61d,pool_list.json cluster_name; ticker=MS7; name=Moonstake 7
ee98a72dfb3ba43e9de2e39ef825a69d5d45627d2e918ea3e260f2dd,,MS,pool_groups_2021_01_06_99b3c61d,pool_list.json cluster_name; ticker=MS1; name=Moonstake 1
a08fe0a8ba2477ec80e17738704357532ad561733448d53001fe966b,pool15z87p296y3m7eq8pwuu8qs6h2v4d2ctnx3yd2vqpl6txkkdvl5h,MUEN,pool_groups_current_HEAD,pool_clusters.json group; ticker=MUEN; balanceanalytics_group=MUEN; adastat_group=muen-project.com
c95db130a3506ccbb9adc47a4aaba6d97a845f3dceb95cd14b41b515,pool1e9wmzv9r2pkvhwddc3ay42axm9aggheae6u4e52tgx6326krg03,MUEN,pool_groups_current_HEAD,pool_clusters.json group; ticker=MUEN3; balanceanalytics_group=SINGLEPOOL; adastat_group=muen-project.com
fe98bee75e8e7eb818fa85aa630e299ccabb1f252cac36b31b903f8d,pool1l6vtae673eltsx86sk4xxr3fnn9tk8e99jkrdvcmjqlc6cca4nk,MUEN,pool_groups_current_HEAD,pool_clusters.json group; ticker=MUEN2; balanceanalytics_group=MUEN; adastat_group=muen-project.com
254b9f3ded998ff0b053d92081394f8ee40d7fdcd9e96ed490d19e2c,pool1y49e700dnx8lpvznmysgzw203mjq6l7um85ka4ys6x0zcwgs77w,NAP,pool_groups_current_HEAD,pool_clusters.json group; ticker=NAP2; balanceanalytics_group=NAP; adastat_group=publickey.co.jp
56b76df4f3653a6faf62f6f6838045cf9f3dde69a1eee353de526ee4,pool126mkma8nv5axltmz7mmg8qz9e70nmhnf58hwx5772fhwgkhk6ag,NAP,pool_groups_current_HEAD,pool_clusters.json group; ticker=NAP; balanceanalytics_group=NAP; adastat_group=publickey.co.jp
9f857159422300472655f6a15358b779853c4011f574569f04447df8,pool1n7zhzk2zyvqywfj476s4xk9h0xzncsq37469d8cyg37lsngvvqp,NAP,pool_groups_current_HEAD,pool_clusters.json group; ticker=PUB; balanceanalytics_group=SINGLEPOOL; adastat_group=publickey.co.jp
523484ee98a83c3139c66eeef334d67f96467241d34abb655baeade0,pool12g6gfm5c4q7rzwwxdmh0xdxk07tyvujp6d9tke2m46k7q7cz7p0,NDE,pool_groups_current_HEAD,pool_clusters.json group; ticker=NDE; balanceanalytics_group=NDE; adastat_group=nodeasy.com
b59cdd43a43adc0888b98e994f75ae7aa4a3515d861bacf3662504dd,pool1kkwd6say8twq3z9e36v57adw02j2x52ascd6eumxy5zd66qm4fa,NDE,pool_groups_current_HEAD,pool_clusters.json group; ticker=NDE; balanceanalytics_group=NDE; adastat_group=nodeasy.com
024dcb42f0aa6d81a7e26ccdd525a2ed3e9665d126b38ba0f8b77b50,pool1qfxukshs4fkcrflzdnxa2fdza5lfvew3y6echg8ckaa4q8m5hyf,NEDS,pool_groups_current_HEAD,pool_clusters.json group; ticker=NEDS1; balanceanalytics_group=NEDS; adastat_group=nedscave.io
47605a7c1fc5e8195335fb91e3a0df07adb2993c1a5b4a78d55a1d6a,pool1gas95lqlch5pj5e4lwg78gxlq7km9xfurfd557x4tgwk5kktd04,NEDS,pool_groups_current_HEAD,pool_clusters.json group; ticker=NEDS3; balanceanalytics_group=NEDS; adastat_group=nedscave.io
636fab1b0059766eb08c3bd089e71a949db856bb845e3bff31fad5ad,pool1vdh6kxcqt9mxavyv80ggnec6jjwms44ms30rhle3lt266aj8jgh,NEDS,pool_groups_current_HEAD,pool_clusters.json group; ticker=NEDS4; balanceanalytics_group=NEDS; adastat_group=nedscave.io
c4ded02c3f7275e4b6157dd164bf941eea0af4596501c5ed16752ed2,pool1cn0dqtplwf67fds40hgkf0u5rm4q4azev5qutmgkw5hdyvue2ue,NEDS,pool_groups_current_HEAD,pool_clusters.json group; ticker=NEDS2; balanceanalytics_group=NEDS; adastat_group=nedscave.io
32c6e03b9a94ce5d40527408634b02feaf82c015fde9d368e9f35714,pool1xtrwqwu6jn896szjwsyxxjczl6hc9sq4lh5ax68f7dt3gc0y9rx,NERD,pool_groups_current_HEAD,pool_clusters.json group; ticker=NERD2; balanceanalytics_group=NERD; adastat_group=stakewithnerd.com
e3f78291c937e8a2f5662765c1442804dc89db4ef7f3296e4852b986,pool1u0mc9ywfxl529atxyajuz3pgqnwgnk6w7lejjmjg22ucvn7z9vh,NERD,pool_groups_current_HEAD,pool_clusters.json group; ticker=NERD; balanceanalytics_group=NERD; adastat_group=stakewithnerd.com
00472a2a777ca2a0d180515e3ff1b848a87b72448097412d2c9289b3,pool1qprj52nh0j32p5vq290rludcfz58kujyszt5ztfvj2ymx43649f,NEW GUY,pool_groups_current_HEAD,pool_clusters.json group; ticker=None; balanceanalytics_group=NEW GUY; adastat_group=None
07cc67445f419f643158cfdf3d0a3dd12507b8e81b961a19d3e9d3b5,pool1qlxxw3zlgx0kgv2cel0n6z3a6yjs0w8grwtp5xwna8fm2g5tsda,NEW GUY,pool_groups_current_HEAD,pool_clusters.json group; ticker=None; balanceanalytics_group=NEW GUY; adastat_group=None
35a38b78bf1f4b829a98d1ebf27d883b3f936eefcdfce2bd7a83c4c7,pool1xk3ck79lra9c9x5c684lylvg8vlexmh0eh7w90t6s0zvw6k5vn7,NEW GUY,pool_groups_current_HEAD,pool_clusters.json group; ticker=None; balanceanalytics_group=NEW GUY; adastat_group=None
43bf2e2c7601bd6dfb38564fc2c48f5b1a773fdb4095dee412f52e50,pool1gwljutrkqx7km7ec2e8u93y0tvd8w07mgz2aaeqj75h9q7tntmq,NEW GUY,pool_groups_current_HEAD,pool_clusters.json group; ticker=None; balanceanalytics_group=NEW GUY; adastat_group=None
486d217a5ef6e9cb5e46a19900a56b1c1f4f1ec4374b744df5a1ef6a,pool1fpkjz7j77m5ukhjx5xvspfttrs0578kyxa9hgn0458hk55wp784,NEW GUY,pool_groups_current_HEAD,pool_clusters.json group; ticker=None; balanceanalytics_group=NEW GUY; adastat_group=None
4ae0fed71f173ce25da0754f80a1567320b1640d6add28d4264b8b24,pool1fts0a4clzu7wyhdqw48cpg2kwvstzeqddtwj34pxfw9jgvznu0q,NEW GUY,pool_groups_current_HEAD,pool_clusters.json group; ticker=None; balanceanalytics_group=NEW GUY; adastat_group=None
55eaf38bf6eb1c6755d67175b59f93940f09abd6792d525c55089903,pool12h408zlkavwxw4wkw96mt8unjs8sn27k0yk4yhz4pzvsx0wvmq5,NEW GUY,pool_groups_current_HEAD,pool_clusters.json group; ticker=None; balanceanalytics_group=NEW GUY; adastat_group=None
585a5de1da253667d10c28d09b7f447b20d83810381b936d27641760,pool1tpd9mcw6y5mx05gv9rgfkl6y0vsdswqs8qdexmf8vstkqk0snau,NEW GUY,pool_groups_current_HEAD,pool_clusters.json group; ticker=None; balanceanalytics_group=NEW GUY; adastat_group=None
68ac3c1be0477698b5c825ce598cca359dbf6132e1761a572403b9fb,pool1dzkrcxlqgamf3dwgyh89nrx2xkwm7cfju9mp54eyqwulku73jxs,NEW GUY,pool_groups_current_HEAD,pool_clusters.json group; ticker=None; balanceanalytics_group=NEW GUY; adastat_group=None
9390bd2c8d16935b3bdfeaae6301c203f67806511e492e3cf3dbfc69,pool1jwgt6tydz6f4kw7la2hxxqwzq0m8spj3reyju08nm07xjnlg3d0,NEW GUY,pool_groups_current_HEAD,pool_clusters.json group; ticker=None; balanceanalytics_group=NEW GUY; adastat_group=None
b7c07212231ead5c8bdc75842a5b912709b8e728d2153cc4254d6f31,pool1klq8yy3rr6k4ez7uwkzz5ku3yuym3eeg6g2ne3p9f4hnzfycfkl,NEW GUY,pool_groups_current_HEAD,pool_clusters.json group; ticker=None; balanceanalytics_group=NEW GUY; adastat_group=None
b91e740582b7166b2238c19dbb081de4cb86be0b27ead58401510c05,pool1hy08gpvzkutxkg3ccxwmkzqaun9cd0styl4dtpqp2yxq2rjxehj,NEW GUY,pool_groups_current_HEAD,pool_clusters.json group; ticker=None; balanceanalytics_group=NEW GUY; adastat_group=None
c7e431518477a4156c2a8cd6523a6a73514e7fbbbf7eed363b9a22ad,pool1cljrz5vyw7jp2mp23nt9ywn2wdg5ulamhalw6d3mng326laxs77,NEW GUY,pool_groups_current_HEAD,pool_clusters.json group; ticker=None; balanceanalytics_group=NEW GUY; adastat_group=None
dd47ad6a8fe21ca342e28a163cb74e69b13d519538de3d06ac26aad2,pool1m4r66650ugw2xshz3gtred6wdxcn65v48r0r6p4vy64dy276q8h,NEW GUY,pool_groups_current_HEAD,pool_clusters.json group; ticker=None; balanceanalytics_group=NEW GUY; adastat_group=None
dec7757e2ba0fcea7fd93a9999bf342d1974338fb91355ac68c13320,pool1mmrh2l3t5r7w5l7e82ven0e595vhgvu0hyf4ttrgcyejq8gwqcm,NEW GUY,pool_groups_current_HEAD,pool_clusters.json group; ticker=FKAI; balanceanalytics_group=NEW GUY; adastat_group=None
eff96bfccda465d5be2c42e97ab4c6013bd08b29bd8a41feafcd4713,pool1alukhlxd53jat03vgt5h4dxxqyaapzefhk9yrl40e4r3x5cr5au,NEW GUY,pool_groups_current_HEAD,pool_clusters.json group; ticker=None; balanceanalytics_group=NEW GUY; adastat_group=None
f17566678e30c1c75dd39e68829723a3c1aeff1d4f8924c6cdd18746,pool1796kveuwxrquwhwnne5g99er50q6alcaf7yjf3kd6xr5vemfaqc,NEW GUY,pool_groups_current_HEAD,pool_clusters.json group; ticker=None; balanceanalytics_group=NEW GUY; adastat_group=None
10bc63e4689bd58b8a7d248a99360a45a80d047b0b4752a7b00b754b,pool1zz7x8ergn02chznayj9fjds2gk5q6prmpdr49faspd65kzqsrjs,NGINE,pool_groups_current_HEAD,pool_clusters.json group; ticker=AUTO; balanceanalytics_group=NGINE; adastat_group=autostake.com
1c0e6221a71b41290e9cdc1ee2f02e2f1c31d99c6124c01dcc1c6d9b,,NGINE,pool_groups_2021_01_06_99b3c61d,pool_list.json cluster_name; ticker=XEON; name=BlockNgine
2656fab6a4b043ede4fcc2a46523e6198e7b2cbcbed9a966fe35b6be,pool1yet04d4ykpp7me8uc2jx2glxrx88kt9uhmv6jeh7xkmtu5zucna,NGINE,pool_groups_current_HEAD,pool_clusters.json group; ticker=AUTO; balanceanalytics_group=NGINE; adastat_group=autostake.com
2d790b2ae76601a238e53429d80d8e5290f3db0927946224739d91a0,pool194usk2h8vcq6yw89xs5asrvw22g08kcfy72xyfrnnkg6qrhtlfw,NGINE,pool_groups_current_HEAD,pool_clusters.json group; ticker=AUTO; balanceanalytics_group=NGINE; adastat_group=autostake.com
c2a9551cf5a0f7e80558974b2476e11d2dffa8b01c9a215cf50f0f5e,,NGINE,pool_groups_2021_01_06_99b3c61d,pool_list.json cluster_name; ticker=CODE; name=BlockNgine
fc88e862f18afc8ea5eaee720b003cb71f3405df2a76faafdca43f43,pool1ljywsch33t7gaf02aeeqkqpuku0ngpwl9fm04t7u5sl5xyunmgp,NGINE,pool_groups_current_HEAD,pool_clusters.json group; ticker=AUTO; balanceanalytics_group=NGINE; adastat_group=autostake.com
1629f7b5f22b5e5d145e840379341e1a726bcee34b42ac9cf063e9c9,pool1zc5l0d0j9d0969z7ssphjdq7rfexhnhrfdp2e88sv05ujlaxfk3,NKR,pool_groups_current_HEAD,pool_clusters.json group; ticker=WWW; balanceanalytics_group=NKR; adastat_group=None
231c32511b02fb45f11e44b691c63853aed924e75a496062dd341b84,pool1yvwry5gmqta5tug7gjmfr33c2whdjf88tfykqckaxsdcgcd482q,NKR,pool_groups_current_HEAD,pool_clusters.json group; ticker=ZENA; balanceanalytics_group=SINGLEPOOL; adastat_group=kazunaka.com
793bab987086c97fd34f4009dfdc06e36c84c9bfc3f35b0dced39d92,pool10ya6hxrssmyhl560gqyalhqxudkgfjdlc0e4krww6wweyaeajs8,NKR,pool_groups_current_HEAD,pool_clusters.json group; ticker=NKR; balanceanalytics_group=NKR; adastat_group=kazunaka.com
008371cdb3cb14331b4ccd3bac369274906a26c8a00604e9b2785890,,NODE,pool_groups_2021_01_06_99b3c61d,pool_list.json cluster_name; ticker=NODE2; name=Node Networks
de950fe87de4b25c5a63b5ddf89578adf92e36cdf2035f1da11797d4,,NODE,pool_groups_2021_01_06_99b3c61d,pool_list.json cluster_name; ticker=NODE; name=Node Networks
52e22df52e90370f639c99f5c760f0cd67d7f871cd0d0764fae47cd9,pool12t3zmafwjqms7cuun86uwc8se4na07r3e5xswe86u37djr5f0lx,NORTH,pool_groups_current_HEAD,pool_clusters.json group; ticker=NORTH; balanceanalytics_group=NORTH; adastat_group=nordicpool.org
988b7a8fa476f5be2987ffaebe740cdcdfafc7790f3a624c22fbbf28,pool1nz9h4raywm6mu2v8l7htuaqvmn06l3mepuaxynpzlwljsf8txhy,NORTH,pool_groups_current_HEAD,pool_clusters.json group; ticker=NORTH; balanceanalytics_group=NORTH; adastat_group=nordicpool.org
b6a310df0c12af2bcab4cb1ceef2aea7b52080f1ee114b9eae5465de,pool1k633phcvz2hjhj45evwwau4w576jpq83acg5h84w23jauqu56cw,NORTH,pool_groups_current_HEAD,pool_clusters.json group; ticker=NORTH; balanceanalytics_group=NORTH; adastat_group=nordicpool.org
f0e505f8f0d7beccffe83c287d0d2ff6a46ec5d38345e8bd35359427,pool17rjst78s67lvellg8s586rf076jxa3wnsdz730f4xk2zwuhrtej,NORTH,pool_groups_current_HEAD,pool_clusters.json group; ticker=NORTH; balanceanalytics_group=NORTH; adastat_group=nordicpool.org
fa58244068bef886049b3e8fbba8aa39f227ce78168efdf7629111c5,pool1lfvzgsrghmugvpym868mh29288ez0nncz680mamzjygu2jpuwcd,NORTH,pool_groups_current_HEAD,pool_clusters.json group; ticker=NORTH; balanceanalytics_group=NORTH; adastat_group=nordicpool.org
34812765ebf71de725a4431652e68e96382d64da1e0ca0bf5ee80c1d,pool1xjqjwe0t7uw7wfdygvt99e5wjcuz6ex6rcx2p067aqxp6tsgwgm,NVETECH,pool_groups_current_HEAD,pool_clusters.json group; ticker=NVET; balanceanalytics_group=NVETECH; adastat_group=nvetech.github.io
46b026f20833a16010f964266602c8577cf1864b63f7def3edfd39c8,pool1g6czdusgxwskqy8evsnxvqkg2a70rpjtv0maauldl5uusmhm94a,NVETECH,pool_groups_current_HEAD,pool_clusters.json group; ticker=ALRES; balanceanalytics_group=NVETECH; adastat_group=nvetech.github.io
30f9a4c529f89d60ad1bd1c33c0e13c20b347fec7cac794c557efcee,,OASIS,pool_groups_2021_01_06_99b3c61d,pool_list.json cluster_name; ticker=OASIS; name=Oasis Pool One
cf4bb687f9bfcd905d87e98bf6de3a47d6006fbec531b8be4e7946a2,,OASIS,pool_groups_2021_01_06_99b3c61d,pool_list.json cluster_name; ticker=OASIS; name=Oasis Pool Two
d49757950618ce3661b28098eb772f0d1e06b275b8962cf2da984b2e,,OASIS,pool_groups_2021_01_06_99b3c61d,pool_list.json cluster_name; ticker=OASIS; name=Oasis Pool Three
15b5c3202b12c66377626bf881af87a9907dc89b6a8d86b0c0e8823e,pool1zk6uxgptztrxxamzd0ugrtu84xg8mjymd2xcdvxqazpruqt9r3x,OCEAN,pool_groups_current_HEAD,pool_clusters.json group; ticker=OCEA1; balanceanalytics_group=OCEAN; adastat_group=adaocean.com
3778d01333555227a997e141d50c95ac3824d8e28fefe8634037b114,pool1xaudqyen24fz02vhu9qa2ry44suzfk8z3lh7sc6qx7c3gpweww2,OCEAN,pool_groups_current_HEAD,pool_clusters.json group; ticker=OCEA7; balanceanalytics_group=OCEAN; adastat_group=adaocean.com
4a463cd2a7ba953d1ff3514c1bc41910fa8888fd6bec83905cd642d8,pool1ffrre548h22n68ln29xph3qezrag3z8ad0kg8yzu6epds3qr58k,OCEAN,pool_groups_current_HEAD,pool_clusters.json group; ticker=OCEA6; balanceanalytics_group=OCEAN; adastat_group=adaocean.com
660f20fb9d419173ac623786ad3e6dc11a23951981e0e83e98233d29,pool1vc8jp7uagxgh8trzx7r260ndcydz89ges8sws05cyv7jj8q8gqs,OCEAN,pool_groups_current_HEAD,pool_clusters.json group; ticker=OCEA3; balanceanalytics_group=OCEAN; adastat_group=adaocean.com
83f09b0af923a095a1c17905e802a35d1044f974b25d2a755a2d8266,pool1s0cfkzheywsftgwp0yz7sq4rt5gyf7t5kfwj5a269kpxvndjn6q,OCEAN,pool_groups_current_HEAD,pool_clusters.json group; ticker=OCEA5; balanceanalytics_group=OCEAN; adastat_group=adaocean.com
c2c52eab0d713209b337d8ff8fe28e1ccae2f70eb7ed1ee27e8c866a,pool1ctzja2cdwyeqnvehmrlclc5wrn9w9acwklk3acn73jrx56d66vs,OCEAN,pool_groups_current_HEAD,pool_clusters.json group; ticker=OCEA2; balanceanalytics_group=OCEAN; adastat_group=adaocean.com
cfff13497008842ab170eae18ecf43be7eb4fa51bdd503821ddaaf19,pool1ell3xjtspzzz4vtsatscan6rheltf7j3hh2s8qsam2h3jvcxzm9,OCEAN,pool_groups_current_HEAD,pool_clusters.json group; ticker=OCEA4; balanceanalytics_group=OCEAN; adastat_group=adaocean.com
eaa778d97077ff7725fe4cbb70b514d840407a45a3c244ac05f6a83d,pool1a2nh3ktswllhwf07fjahpdg5mpqyq7j950pyftq9765r6t4cefl,OCEAN,pool_groups_current_HEAD,pool_clusters.json group; ticker=OCEAN; balanceanalytics_group=OCEAN; adastat_group=adaocean.com
052100e65f3fa89fe1e2d3ae521446b2013b3c91ef5c7961e1b1a1ac,pool1q5sspejl875flc0z6wh9y9zxkgqnk0y3aaw8jc0pkxs6cpavm4q,ONYX,pool_groups_current_HEAD,pool_clusters.json group; ticker=ONYX; balanceanalytics_group=ONYX; adastat_group=onyxstakepool.com
4690a6bcbfc9eedd4d8595c9d665cd9b8ebe3e6d82ebf0120d7bc7c5,pool1g6g2d09le8hd6nv9jhyavewdnw8tu0ndst4lqysd00ru24cav0a,ONYX,pool_groups_current_HEAD,pool_clusters.json group; ticker=ONYX; balanceanalytics_group=ONYX; adastat_group=onyxstakepool.com
5b5804135b07be6f3635a655ed1b68ddef1854523b45cd1840a6fc33,pool1tdvqgy6mq7lx7d345e276xmgmhh3s4zj8dzu6xzq5m7rx4tzkg2,ONYX,pool_groups_current_HEAD,pool_clusters.json group; ticker=ONYX; balanceanalytics_group=ONYX; adastat_group=onyxstakepool.com
f1b265f1e545da9c6e003c5d703fb5a23283c646cd40b2d619671e7f,pool17xextu09ghdfcmsq83whq0a45geg83jxe4qt94sevu087tzdzkl,ONYX,pool_groups_current_HEAD,pool_clusters.json group; ticker=ONYX; balanceanalytics_group=ONYX; adastat_group=onyxstakepool.com
5fab8b03bc76e65ca684cbefec51d0425b1d08caaf32573255648b4c,pool1t74ckqauwmn9ef5ye0h7c5wsgfd36zx24ue9wvj4vj95cl54aff,ORACL,pool_groups_current_HEAD,pool_clusters.json group; ticker=ORACL; balanceanalytics_group=ORACL; adastat_group=plutusoracle.com
c12fda4a04d21fa768a55babd711527790693fa2dc4e416563f0bf0f,pool1cyha5jsy6g06w699tw4awy2jw7gxj0azm38yzetr7zls7rkl0t0,ORACL,pool_groups_current_HEAD,pool_clusters.json group; ticker=PLUTS; balanceanalytics_group=ORACL; adastat_group=plutusoracle.com
2d7b9cc48f42146174e7097239d04fe7e05722d639b8b5fa2c62f2d6,,OTAKU,pool_groups_2021_01_06_99b3c61d,pool_list.json cluster_name; ticker=KODAI; name=KODAI Pool
39378894384bd8ad830f827d82f26d6fa5aaae11a1458a6bd5e4c460,,OTAKU,pool_groups_2021_01_06_99b3c61d,pool_list.json cluster_name; ticker=PEARL; name=The PEARL Pool
e62be741acba2d9f27a2fb6e1516a8dbe75e8686d64e42e1b158e172,,OTAKU,pool_groups_2021_01_06_99b3c61d,pool_list.json cluster_name; ticker=MANGA; name=MANGA Pool
fbc13e2e0c463f2f9663b2548996ee4a50fe420a5278e5ff8cd7f600,,OTAKU,pool_groups_2021_01_06_99b3c61d,pool_list.json cluster_name; ticker=OKITA; name=OKITA Pool
2810909ded541910aba2d910901fc8f33b58472e6ebbde7fb0d64102,pool19qgfp80d2sv3p2azmygfq87g7va4s3ewd6aaulas6eqsyz4r2yl,P2P,pool_groups_current_HEAD,pool_clusters.json group; ticker=None; balanceanalytics_group=None; adastat_group=p2p.org
33c1bf1a04ba85d8fd6119a08ee7f4ad659add075e2208b28862a2a1,pool1x0qm7xsyh2za3ltprxsgael544je4hg8tc3q3v5gv232z8jt4wp,P2P,pool_groups_current_HEAD,pool_clusters.json group; ticker=None; balanceanalytics_group=P2P; adastat_group=p2p.org
74405780f8da594fbe66cad6d287a90a6f97414bed3d9d1983d40ba8,pool1w3q90q8cmfv5l0nxettd9pafpfhews2ta57e6xvr6s96swfkrvz,P2P,pool_groups_current_HEAD,pool_clusters.json group; ticker=None; balanceanalytics_group=None; adastat_group=p2p.org
9dfeca095f80562460252072fd8438f08936ef5a2077583a9722bd97,pool1nhlv5z2lsptzgcp9ype0mppc7zyndm66ypm4sw5hy27ewdchqx0,P2P,pool_groups_current_HEAD,pool_clusters.json group; ticker=None; balanceanalytics_group=P2P; adastat_group=p2p.org
c29c92f8319150962650bc8a5e24d918491e8a7b3ac43525afe76baa,pool1c2wf97p3j9gfvfjshj99ufxerpy3aznm8tzr2fd0ua465s26th4,P2P,pool_groups_current_HEAD,pool_clusters.json group; ticker=P2P; balanceanalytics_group=P2P; adastat_group=p2p.org
ff15fe5f76274802ce573d4f64da73d658e16e7140a06e8fc28c16b4,pool1lu2luhmkyayq9njh848kfknn6evwzmn3gzsxar7z3sttg7grxcm,P2P,pool_groups_current_HEAD,pool_clusters.json group; ticker=None; balanceanalytics_group=None; adastat_group=p2p.org
86a19d5418cd07294af7d71386cf14a84e0478fbfde5b89fe4d98a58,pool1s6se64qce5rjjjhh6ufcdnc54p8qg78mlhjm38lymx99sqysvzx,PAUL,pool_groups_current_HEAD,pool_clusters.json group; ticker=PAUL1; balanceanalytics_group=PAUL; adastat_group=cardanowithpaul.com
a89b86373838360143aba3911eaae54bf9420868965d48d447e4510a,pool14zdcvdec8qmqzsat5wg3a2h9f0u5yzrgjew534z8u3gs5durnjz,PAUL,pool_groups_current_HEAD,pool_clusters.json group; ticker=PAUL; balanceanalytics_group=PAUL; adastat_group=cardanowithpaul.com
7b113eb1efa990e7c4160249a3eaa20523f14ad84be04cf2a88f2473,pool10vgnav004xgw03qkqfy6864zq53lzjkcf0syeu4g3uj8xaytlm8,PIERTWO,pool_groups_current_HEAD,pool_clusters.json group; ticker=Pier2; balanceanalytics_group=PIERTWO; adastat_group=piertwo.com
dd672b5fd10b645798d6474456cefe4252ece7814acf34f07f9ad1ac,pool1m4njkh73pdj90xxkgaz9dnh7gffweeupft8nfurlntg6cgqfmy8,PIERTWO,pool_groups_current_HEAD,pool_clusters.json group; ticker=Pier2; balanceanalytics_group=PIERTWO; adastat_group=piertwo.com
7d50b9c6ec097e2a7f4ecb2f2914f9ad21e1a7bda884cb143937a73f,pool104gtn3hvp9lz5l6wevhjj98e45s7rfaa4zzvk9pex7nn786qncr,PILOT,pool_groups_current_HEAD,pool_clusters.json group; ticker=PILOT; balanceanalytics_group=PILOT; adastat_group=adapilot.com
c83beb18d532234c72a304ab935982be670c22e771b227a3febc3a82,pool1eqa7kxx4xg35cu4rqj4exkvzhenscgh8wxez0gl7hsagygp79kr,PILOT,pool_groups_current_HEAD,pool_clusters.json group; ticker=PILOT; balanceanalytics_group=PILOT; adastat_group=adapilot.com
a062ad4f72ecabe6178a8954bfce6820e979cb481f0f5efe307f6cde,,PLUTUS,pool_groups_2021_01_06_99b3c61d,pool_list.json cluster_name; ticker=PLTUS; name=💰 Plutus Staking #2 💰
e00ff546b17eb7ed726411edc74eccdad9d176d0d338c21a3d8daf34,,PLUTUS,pool_groups_2021_01_06_99b3c61d,pool_list.json cluster_name; ticker=PLTUS; name=💰 Plutus Staking #1 💰
d93d0cb0cbc55a964b4ad01fc9001cb4d69ea98fe708d069cd398f76,pool1my7sevxtc4dfvj626q0ujqqukntfa2v0uuydq6wd8x8hvml03rn,POWER,pool_groups_current_HEAD,pool_clusters.json group; ticker=POWER; balanceanalytics_group=POWER; adastat_group=powerstakepool.com
e594951faeec31cb8efc70c3e36887f18f8bc62c718f25ec64807dfa,pool1uk2f28awascuhrhuwrp7x6y87x8ch33vwx8jtmrysp7l5ngq78j,POWER,pool_groups_current_HEAD,pool_clusters.json group; ticker=POWER; balanceanalytics_group=POWER; adastat_group=powerstakepool.com
0019cb5ac91c786a809f4d87622a29d2c7f57f4697f8c8e8457f4de4,pool1qqvukkkfr3ux4qylfkrky23f6trl2l6xjluv36z90ax7gfa8yxt,PS,pool_groups_current_HEAD,pool_clusters.json group; ticker=STAKE; balanceanalytics_group=PS; adastat_group=planetstake.com
266601f53114e6ff036c5b4ee42a2926e037b21bcf864557d41d4ecb,pool1yenqraf3znn07qmvtd8wg23fymsr0vsme7ry2475r48vk6ss0z2,PS,pool_groups_current_HEAD,pool_clusters.json group; ticker=STAKE; balanceanalytics_group=PS; adastat_group=planetstake.com
f8e96e3c3195c966a63d55b037ac83ec5e06086bfbd4d1eb84614e33,pool1lr5ku0p3jhykdf3a2kcr0tyra30qvzrtl02dr6uyv98rxdsy3k9,PS,pool_groups_current_HEAD,pool_clusters.json group; ticker=STAKE; balanceanalytics_group=PS; adastat_group=planetstake.com
4f38f66362c28ff06de5dd651ffd1aaa2e92ca3a5e2012b3048d8331,pool1fuu0vcmzc28lqm09m4j3llg64ghf9j36tcsp9vcy3kpnz9pg9hn,QUARASHI,pool_groups_current_HEAD,pool_clusters.json group; ticker=AID; balanceanalytics_group=QUARASHI; adastat_group=quarashi777.github.io
7f87068a0eed21121dd6a0b4a5a2f4fdf7e2bdb020241afc1ad26ebf,pool107rsdzswa5s3y8wk5z62tgh5lhm790dsyqjp4lq66fht7qnaq9d,QUARASHI,pool_groups_current_HEAD,pool_clusters.json group; ticker=WORLD; balanceanalytics_group=QUARASHI; adastat_group=quarashi777.github.io
067e5ba8e2e8f81aa28d31690de50848f8056ad5f7f07ce9db68bbd2,pool1qel9h28zarup4g5dx95smeggfruq26k47lc8e6wmdzaaywyj63r,RAID,pool_groups_current_HEAD,pool_clusters.json group; ticker=RAID1; balanceanalytics_group=RAID; adastat_group=raidpools.com
0c2256564f8d33210d1d50174d6137971c689dcccb4e36bf7c92c97d,pool1ps39v4j035ejzrga2qt56cfhjuwx38wved8rd0mujtyh6r5mt3c,RAID,pool_groups_current_HEAD,pool_clusters.json group; ticker=RAID4; balanceanalytics_group=RAID; adastat_group=raidpools.com
4ad28817e17febf7f91f66763170fa081861b05099e9fc46fd5dfe0a,pool1ftfgs9lp0l4l07glvemrzu86pqvxrvzsn85lc3hathlq5ddsw49,RAID,pool_groups_current_HEAD,pool_clusters.json group; ticker=RAID6; balanceanalytics_group=RAID; adastat_group=raidpools.com
636234f3f689a36d6fa9e41835cc44818a0b6118b40bd9abbfc0774a,pool1vd3rfulk3x3k6mafusvrtnzysx9qkcgcks9an2alcpm55msk63g,RAID,pool_groups_current_HEAD,pool_clusters.json group; ticker=RAID5; balanceanalytics_group=RAID; adastat_group=raidpools.com
bbe49b11205f94561ae03cda64a7009aba995c42fb819c0d90e251ca,pool1h0jfkyfqt729vxhq8ndxffcqn2afjhzzlwqecrvsufgu5sag0sj,RAID,pool_groups_current_HEAD,pool_clusters.json group; ticker=RAID3; balanceanalytics_group=RAID; adastat_group=raidpools.com
c7e29b935bcbe69a4a66edec52f86fa28bde6d65d7acea937fa307d0,pool1cl3fhy6me0nf5jnxahk997r0529aumt967kw4yml5vraq94mdk4,RAID,pool_groups_current_HEAD,pool_clusters.json group; ticker=RAID; balanceanalytics_group=RAID; adastat_group=raidpools.com
ce29f6348d2b5170e442c81229d4e463a354a75cd6cabfdde7b4a5d3,pool1ec5lvdyd9dghpezzeqfzn48yvw34ff6u6m9tlh08kjjaxx4nxmk,RAID,pool_groups_current_HEAD,pool_clusters.json group; ticker=RAID2; balanceanalytics_group=RAID; adastat_group=raidpools.com
d073c1c581df6dac53c5c9b0307369116a7d09b4d4190bb71fb8f31c,,RAT,pool_groups_2021_01_06_99b3c61d,pool_list.json cluster_name; ticker=RAT1; name=tHe rAt p0iSon p0oL
defdd6638e3b3493eb3002d7a31b43b750320d20528852d613cc0f15,,RAT,pool_groups_2021_01_06_99b3c61d,pool_list.json cluster_name; ticker=RAT2; name=tHe rAt p0iSon p0oL
1c8cd022e993a8366be641c17cb6d9c5d8944e00bfce3189d8b1515a,pool1rjxdqghfjw5rv6lxg8qhedkechvfgnsqhl8rrzwck9g45n43yql,RAY,pool_groups_current_HEAD,pool_clusters.json group; ticker=XRAY1; balanceanalytics_group=RAY; adastat_group=xray.app
1ea8f97684ac89e337501c847e4adcd90e60d8f602066e15488cdc4b,pool1r650ja5y4jy7xd6srjz8ujkumy8xpk8kqgrxu92g3nwyk5jf4zq,RAY,pool_groups_current_HEAD,pool_clusters.json group; ticker=XRAY6; balanceanalytics_group=RAY; adastat_group=xray.app
22cfa3b8612c146a0737c974dcfcbb8cddd86f3a511cf531ce8d91a1,pool1yt868wrp9s2x5pehe96del9m3nwasme62yw02vww3kg6zwzspcz,RAY,pool_groups_current_HEAD,pool_clusters.json group; ticker=XRAY3; balanceanalytics_group=RAY; adastat_group=xray.app
28f85efe5e9d3b3d8a0f4950117e47b7415a92f80d69bfb64cfb4d8b,pool19ru9alj7n5anmzs0f9gpzlj8kaq44yhcp45mldjvldxck8f6yg6,RAY,pool_groups_current_HEAD,pool_clusters.json group; ticker=XRAY4; balanceanalytics_group=RAY; adastat_group=xray.app
8088a5b6523f6bd6475475a20524082c07ffed6f89e39d30a1d6ab34,pool1szy2tdjj8a4av365wk3q2fqg9srllmt0383e6v9p664ng076x9e,RAY,pool_groups_current_HEAD,pool_clusters.json group; ticker=XRAY5; balanceanalytics_group=RAY; adastat_group=xray.app
9ad2692a4865c5999f27d65baf170be5ba38b25489c8e21007193edd,pool1ntfxj2jgvhzen8e86ed679ctukar3vj538ywyyq8ryld66jj4sx,RAY,pool_groups_current_HEAD,pool_clusters.json group; ticker=XRAY2; balanceanalytics_group=RAY; adastat_group=xray.app
ce8720c3f555e18a28582c15d75d8a6a68f209d589978f35ec1f661c,pool1e6rjpsl42hsc52zc9s2awhv2df50yzw43xtc7d0vranpc9ej8uj,RAY,pool_groups_current_HEAD,pool_clusters.json group; ticker=XRAY7; balanceanalytics_group=RAY; adastat_group=xray.app
d647f6ef66a4d8374f1c92c3af9a055ed883602bbb74f7873ae9b741,pool16erldmmx5nvrwncujtp6lxs9tmvgxcpthd600pe6axm5z3p6522,RAY,pool_groups_current_HEAD,pool_clusters.json group; ticker=XRAY8; balanceanalytics_group=RAY; adastat_group=xray.app
baefbadf60969a5ecc5cd40d34054984c5ae2d0012f86a063784e554,,RAZOR,pool_groups_2021_01_06_99b3c61d,pool_list.json cluster_name; ticker=RAZOR; name=RazorBlock52 Stake Pool
e5d987eb01bacd87e0a954a4c935faa3a15a77a602dd48fdb615bdd6,,RAZOR,pool_groups_2021_01_06_99b3c61d,pool_list.json cluster_name; ticker=SHARP; name=RazorBlock52 Stake Pool
7fdb903f78c04ebaa13b626ceda70cba82c156b792afbcb921b178d9,pool10ldeq0mccp8t4gfmvfkwmfcvh2pvz44hj2hmewfpk9udjxug58y,RNODE,pool_groups_current_HEAD,pool_clusters.json group; ticker=BREAD; balanceanalytics_group=SINGLEPOOL; adastat_group=None
07f25c26a4c304ac8d979432d800f6b19b9257a59189cbdf723bbb33,pool1qle9cf4ycvz2ervhjsedsq8kkxdey4a9jxyuhhmj8wanx2xjqgn,ROCKX,pool_groups_current_HEAD,pool_clusters.json group; ticker=None; balanceanalytics_group=ROCKX; adastat_group=rockx.com
0b7c68bd63fe1a7d5ca6393b4c5e32af945771a86dea01ec7a4f3f7a,pool1pd7x30trlcd86h9x8ya5ch3j4729wudgdh4qrmr6fulh5zm24w9,ROCKX,pool_groups_current_HEAD,pool_clusters.json group; ticker=RXC; balanceanalytics_group=ROCKX; adastat_group=rockx.com
4433cff6e704b99df397d392aea96ab2a7df58e61e5cd87f1f9047bc,pool1gseulah8qjuemuuh6wf2a2t2k2na7k8xrewdslcljprmcr2fqeq,ROCKX,pool_groups_current_HEAD,pool_clusters.json group; ticker=None; balanceanalytics_group=ROCKX; adastat_group=rockx.com
5ab66249808749527f4cdd100c8689f6a7b2bb338d68a11baf9f146e,pool1t2mxyjvqsay4yl6vm5gqep5f76nm9wen3452zxa0nu2xugmsm6k,ROCKX,pool_groups_current_HEAD,pool_clusters.json group; ticker=RXO; balanceanalytics_group=ROCKX; adastat_group=rockx.com
a2dec27db00f4dacf0fb079347c2a3959409a91eb71bf29d72e004b5,pool15t0vyldspax6eu8mq7f50s4rjk2qn2g7kudl98tjuqzt2a2zpmx,ROCKX,pool_groups_current_HEAD,pool_clusters.json group; ticker=RXE; balanceanalytics_group=ROCKX; adastat_group=rockx.com
b9bfc3d47135f19aa318a8da017dcd08c120adaa902c4a79488d2498,pool1hxlu84r3xhce4gcc4rdqzlwdprqjptd2jqky572g35jfsjrnzww,ROCKX,pool_groups_current_HEAD,pool_clusters.json group; ticker=RXP; balanceanalytics_group=ROCKX; adastat_group=None
c5dac06714fba06e65a36df0dc190a5168b00f192ff028ff83e5123e,pool1chdvqec5lwsxuedrdhcdcxg2295tqrce9lcz3luru5fruzjf3wr,ROCKX,pool_groups_current_HEAD,pool_clusters.json group; ticker=RXD; balanceanalytics_group=ROCKX; adastat_group=rockx.com
e53507a10734cfc010594b9b13cfa199e5b1c81de6eb5d77fb89e089,pool1u56s0gg8xn8uqyzefwd38napn8jmrjqaum446alm38sgj3248re,ROCKX,pool_groups_current_HEAD,pool_clusters.json group; ticker=RXG; balanceanalytics_group=ROCKX; adastat_group=rockx.com
f834fce190d76d98cd60ad20c89d8f3022b1f5315b31a7b0de56a33a,pool1lq60ecvs6ake3ntq45sv38v0xq3traf3tvc60vx7263n5c37df7,ROCKX,pool_groups_current_HEAD,pool_clusters.json group; ticker=None; balanceanalytics_group=ROCKX; adastat_group=rockx.com
ff09292fa594baf9b2f57080bac98bcc07f59cb16cab8f1a918b5890,pool1luyjjta9jja0nvh4wzqt4jvtesrlt893dj4c7x533dvfq9zshvp,ROCKX,pool_groups_current_HEAD,pool_clusters.json group; ticker=RXR; balanceanalytics_group=ROCKX; adastat_group=rockx.com
74a10b8241fc67a17e189a58421506b7edd629ac490234933afbed97,pool1wjsshqjpl3n6zlscnfvyy9gxklkav2dvfyprfye6l0kewyvv6yj,SAFEBLOCK,pool_groups_current_HEAD,pool_clusters.json group; ticker=SAFE; balanceanalytics_group=SINGLEPOOL; adastat_group=None
c63dab6d780a74cbae2a27696c9723f55b3092b2bd001256df03827f,pool1cc76kmtcpf6vht32ya5ke9er74dnpy4jh5qpy4klqwp87ygdsu6,SAFEBLOCK,pool_groups_current_HEAD,pool_clusters.json group; ticker=None; balanceanalytics_group=SINGLEPOOL; adastat_group=None
1ec2c7dde1ce090ee2e75c9fa618c575b8a0b77eaeec5c7266f50aca,pool1rmpv0h0pecysach8tj06vxx9wku2pdm74mk9cunx759v58q0hu2,SASA,pool_groups_current_HEAD,pool_clusters.json group; ticker=SASA; balanceanalytics_group=SASA; adastat_group=None
a4618aa70b8d7ba3be644caaf3d5c7687a6d61e25be503880c44612f,pool153sc4fct34a680nyfj4084w8dpax6c0zt0js8zqvg3sj7wtk486,SASA,pool_groups_current_HEAD,pool_clusters.json group; ticker=SASA2; balanceanalytics_group=SASA; adastat_group=None
8318582d4a691c12e4ce87d6bf61b8ab14d20d3517e0f7cb3062be26,pool1svv9st22dywp9exwsltt7cdc4v2dyrf4zls00jesv2lzvpz45jh,SCAR,pool_groups_current_HEAD,pool_clusters.json group; ticker=SCAR2; balanceanalytics_group=SCAR; adastat_group=scardano.io
e56066e8cf0409ecb3f25aaac5cc97099af29e7a79609c6fe4d61e5d,pool1u4sxd6x0qsy7evljt24vtnyhpxd098n609sfcmly6c096mr3jgq,SCAR,pool_groups_current_HEAD,pool_clusters.json group; ticker=SCAR; balanceanalytics_group=SCAR; adastat_group=scardano.io
34ae2462f0fab1866281947a022d85bddf29f45a8b9699baabbbfcb9,pool1xjhzgchsl2ccvc5pj3aqytv9hh0jnaz63wtfnw4th07tjypm46x,SECUR,pool_groups_current_HEAD,pool_clusters.json group; ticker=SECUR; balanceanalytics_group=SECUR; adastat_group=cardano.securestaking.io
881b67128439e781d00190ee7ba1692d5af13aaee5d1914911bb3e42,pool13qdkwy5y88ncr5qpjrh8hgtf94d0zw4wuhgezjg3hvlyyrh37c7,SECUR,pool_groups_current_HEAD,pool_clusters.json group; ticker=SECUR; balanceanalytics_group=SECUR; adastat_group=cardano.securestaking.io
a10865dae2d543ee9f13e98bff70ea81565bb6e4343b15b765f78174,pool15yyxtkhz64p7a8cnax9l7u82s9t9hdhyxsa3tdm977qhgpnsuhq,SECUR,pool_groups_current_HEAD,pool_clusters.json group; ticker=SECUR; balanceanalytics_group=SECUR; adastat_group=cardano.securestaking.io
acfdedecd7d754d2d9f4977626ba0e82ba465892c9f98f7f2d2d0e1d,pool14n77mmxh6a2d9k05jamzdwsws2ayvkyje8uc7led958p63at3aj,SECUR,pool_groups_current_HEAD,pool_clusters.json group; ticker=SECUR; balanceanalytics_group=SECUR; adastat_group=cardano.securestaking.io
fdc55442d4c89bfa42bb62ac640ed710afd6eb79531e6dbb8459eb46,pool1lhz4gsk5ezdl5s4mv2kxgrkhzzhad6me2v0xmwuyt845vensdlc,SECUR,pool_groups_current_HEAD,pool_clusters.json group; ticker=SECUR; balanceanalytics_group=SECUR; adastat_group=cardano.securestaking.io
61c3cf2cc02365b4df9040d226767508fa8ce22ee3f5ac27605183c6,pool1v8pu7txqydjmfhusgrfzvan4pragec3wu066cfmq2xpuvm2m8r5,SIMBA,pool_groups_current_HEAD,pool_clusters.json group; ticker=None; balanceanalytics_group=SIMBA; adastat_group=None
cd89cbb6a7b967326c0133f0f7afa2d111382335a3d43f675ec7c3e1,pool1ekyuhd48h9nnymqpx0c00taz6ygnsge4502r7e67clp7zy9cegv,SIMBA,pool_groups_current_HEAD,pool_clusters.json group; ticker=CASIA; balanceanalytics_group=SIMBA; adastat_group=None
0d25da9f80c78329f00c773d846e01618b1380334d440dbccab3e68b,pool1p5ja48uqc7pjnuqvwu7cgmspvx938qpnf4zqm0x2k0ngkh4lkjx,SIPO,pool_groups_current_HEAD,pool_clusters.json group; ticker=SIPO3; balanceanalytics_group=SIPO; adastat_group=sipo.tokyo
38ee2f8d878f7c444bd80d38c3b4cff02d3a3477c9e77d262065d9ad,pool18rhzlrv83a7ygj7cp5uv8dx07qkn5drhe8nh6f3qvhv66xcyj2m,SIPO,pool_groups_current_HEAD,pool_clusters.json group; ticker=SIPO2; balanceanalytics_group=SIPO; adastat_group=sipo.tokyo
76bfa1b2e6593740c3388ed881cbe851dbab8d8741652c9bad16cc94,pool1w6l6rvhxtym5psec3mvgrjlg28d6hrv8g9jjexadzmxfgndfg2f,SIPO,pool_groups_current_HEAD,pool_clusters.json group; ticker=SIPO; balanceanalytics_group=SIPO; adastat_group=sipo.tokyo
4288f97870679a1e1c3a92d4d6762332412fa85c7f5056b5f84ece8e,pool1g2y0j7rsv7dpu8p6jt2dva3rxfqjl2zu0ag9dd0cfm8guzg0lh0,SOCIOUS,pool_groups_current_HEAD,pool_clusters.json group; ticker=SOCIO; balanceanalytics_group=SOCIOUS; adastat_group=socious.io
744c4814bd39b6ec3a19aac0106c800089619138abbd86325c8664f6,pool1w3xys99a8xmwcwse4tqpqmyqqzykryfc4w7cvvjusej0vnxdlrf,SOCIOUS,pool_groups_current_HEAD,pool_clusters.json group; ticker=THANK; balanceanalytics_group=SOCIOUS; adastat_group=socious.io
2df92e9f9cbe0a719bb26f2fe264c829d435c40cd43ee0a623f7114b,,SPACE,pool_groups_2021_01_06_99b3c61d,pool_list.json cluster_name; ticker=SP₳CE; name=SPACE TWO: Infinite Rewards
69ac9f5a2074c2809809264e42c996f7d991c5363b41ec55a1164442,,SPACE,pool_groups_2021_01_06_99b3c61d,pool_list.json cluster_name; ticker=SP₳CE; name=SPACE ONE: Infinite Rewards
c548ffb862e41fec46a1254cf8cb8203bb138b6c6bd78f7db4b87de0,,SPACE,pool_groups_2021_01_06_99b3c61d,pool_list.json cluster_name; ticker=M₳RS; name=MARS is closing;Go to SPACE TWO
248a66f38e131b6c3b6ade0a639622068f537824edeb2e9c5b107e86,pool1yj9xduuwzvdkcwm2mc9x893zq684x7pyah4ja8zmzplgvxz6wgk,SPIRE,pool_groups_current_HEAD,pool_clusters.json group; ticker=SPIR2; balanceanalytics_group=None; adastat_group=spirestaking.com
7f95f046d15412681750282e334605ff54bd1d83039300fae504dd6a,pool1072lq3k32sfxs96s9qhrx3s9la2t68vrqwfsp7h9qnwk56yr2mv,SPIRE,pool_groups_current_HEAD,pool_clusters.json group; ticker=lSPF0; balanceanalytics_group=SPIRE; adastat_group=anetabtc.io
a5cc5b8b27e7f1076b3ec673f12839da911e170a2b819ae602b5e019,pool15hx9hze8ulcsw6e7ceelz2pem2g3u9c29wqe4eszkhspj3wcdlx,SPIRE,pool_groups_current_HEAD,pool_clusters.json group; ticker=NETA2; balanceanalytics_group=SPIRE; adastat_group=anetabtc.io
d7513627b3d50819c1c84687bfd15f02f00cd11c37d7935a67540089,pool16agnvfan65ypnswgg6rml52lqtcqe5guxltexkn82sqgj2crqtx,SPIRE,pool_groups_current_HEAD,pool_clusters.json group; ticker=SPIRE; balanceanalytics_group=SPIRE; adastat_group=spirestaking.com
f5f50f91a3d0da560380ec4e1a612530261c2aaed74a51dfffc485f9,pool17h6slydr6rd9vquqa38p5cf9xqnpc24w6a99rhllcjzljgugx6x,SPIRE,pool_groups_current_HEAD,pool_clusters.json group; ticker=NETA1; balanceanalytics_group=SPIRE; adastat_group=anetabtc.io
3257f318b0f84542aef842dc86ca362e5f35ce21a827b142233d5b63,pool1xftlxx9slpz59thcgtwgdj3k9e0ntn3p4qnmzs3r84dkx0hccjc,SPS,pool_groups_current_HEAD,pool_clusters.json group; ticker=SPS5; balanceanalytics_group=SPS; adastat_group=stakepoolservice.com
78380abbe8bb86cddda2c79190294125c594630e9535d32907b99f89,pool10quq4wlghwrvmhdzc7geq22pyhzegccwj56ax2g8hx0cjfahufs,SPS,pool_groups_current_HEAD,pool_clusters.json group; ticker=SPS2; balanceanalytics_group=SPS; adastat_group=stakepoolservice.com
a531c8c1fa9423ffa6eff3262c87ab4f18b8c290f71df6aca310a947,pool155cu3s06js3llfh07vnzepatfuvt3s5s7uwldt9rzz55wz7pugt,SPS,pool_groups_current_HEAD,pool_clusters.json group; ticker=SPS; balanceanalytics_group=SPS; adastat_group=stakepoolservice.com
d808aa16caa44c3226b76340f9f9535719d6e1018d46f499c100b6f1,pool1mqy259k253xryf4hvdq0n72n2uvadcgp34r0fxwpqzm0z5n0qp6,SPS,pool_groups_current_HEAD,pool_clusters.json group; ticker=SPS4; balanceanalytics_group=SPS; adastat_group=stakepoolservice.com
f839821b8c95969d853e4b547952b84a3bb20cd96c6b564ddfd95c0b,pool1lqucyxuvjktfmpf7fd28j54cfgamyrxed344vnwlm9wqkwjeqwk,SPS,pool_groups_current_HEAD,pool_clusters.json group; ticker=SPS3; balanceanalytics_group=SPS; adastat_group=stakepoolservice.com
167bbbba0897a7475ea52d87f8b66a684b55ef39bd220d2152fef4f9,pool1zeamhwsgj7n5wh499krl3dn2dp94tmeeh53q6g2jlm60jag2jwm,STBL,pool_groups_current_HEAD,pool_clusters.json group; ticker=SBP3; balanceanalytics_group=None; adastat_group=neoply.io
315787d387683291b48e285069f95010fc1507246f8c80423f51e1ed,pool1x9tc05u8dqefrdyw9pgxn72szr7p2peyd7xgqs3l28s76f59c0y,STBL,pool_groups_current_HEAD,pool_clusters.json group; ticker=STBL5; balanceanalytics_group=STBL; adastat_group=neoply.io
3a2c7b31a5024ea2cfed07205500a4d55f9d71f2691227d77bb2dc66,pool18gk8kvd9qf829nldqus92q9y640e6u0jdyfz04mmktwxvglgt06,STBL,pool_groups_current_HEAD,pool_clusters.json group; ticker=SBP1; balanceanalytics_group=STAKEBOWL; adastat_group=neoply.io
3f795319d8e528a5c88641130860b4fbb0979d15289ff9d13efbf4f0,pool18au4xxwcu552tjyxgyfssc95lwcf08g49z0ln5f7l060qh8r3wv,STBL,pool_groups_current_HEAD,pool_clusters.json group; ticker=STBL3; balanceanalytics_group=STBL; adastat_group=neoply.io
44b79182f571bf4a473306408c6b711c50bd12016a14591353e103dd,pool1gjmerqh4wxl553enqeqgc6m3r3gt6yspdg29jy6nuypa6k2tpdt,STBL,pool_groups_current_HEAD,pool_clusters.json group; ticker=None; balanceanalytics_group=SINGLEPOOL; adastat_group=neoply.io
485903de80a59c1156ca235ec715ed434ddc0e394d1e75885976df62,pool1fpvs8h5q5kwpz4k2yd0vw90dgdxacr3ef508tzzewm0kysdt4eq,STBL,pool_groups_current_HEAD,pool_clusters.json group; ticker=SBP2; balanceanalytics_group=STAKEBOWL; adastat_group=neoply.io
715428fcce193098db697fa8d975497676fff092c549062ba9bea08a,pool1w92z3lxwrycf3kmf075dja2fwem0luyjc4ysv2afh6sg554qjwn,STBL,pool_groups_current_HEAD,pool_clusters.json group; ticker=STBL1; balanceanalytics_group=STBL; adastat_group=neoply.io
756238399d566b7e7c7ae90ccaf7bd4bd2261a52a60f665286ded5de,pool1w43rswva2e4hulr6ayxv4aaaf0fzvxjj5c8kv55xmm2auey5xvz,STBL,pool_groups_current_HEAD,pool_clusters.json group; ticker=None; balanceanalytics_group=SINGLEPOOL; adastat_group=neoply.io
d6921660bfcfdc70b598ace26c8270a5976b6c5ca87fdccca52a5c45,pool166fpvc9lelw8pdvc4n3xeqns5ktkkmzu4plaen999fwy2xytgce,STBL,pool_groups_current_HEAD,pool_clusters.json group; ticker=STBL2; balanceanalytics_group=STBL; adastat_group=neoply.io
dfb3f960626d0b1c75c2705707bf7b99a72a2ac32b7a71ab551fb15b,pool1m7eljcrzd593cawzwpts00mmnxnj52kr9da8r264r7c4kfd4m0h,STBL,pool_groups_current_HEAD,pool_clusters.json group; ticker=None; balanceanalytics_group=SINGLEPOOL; adastat_group=neoply.io
ec826010110c7b8123a6e635afb96815c7d08b9a6f2c57b44f70a8b7,pool1ajpxqyq3p3aczgaxuc66lwtgzhrapzu6duk90dz0wz5twh9jzyw,STBL,pool_groups_current_HEAD,pool_clusters.json group; ticker=STBL4; balanceanalytics_group=STBL; adastat_group=neoply.io
9f1bd8718fffe41cbd70761991819fbbd9552b4c44c30e1a6fc96766,pool1nudasuv0lljpe0tswcverqvlh0v4226vgnpsuxn0e9nkvnvcvne,STI,pool_groups_current_HEAD,pool_clusters.json group; ticker=STI; balanceanalytics_group=STI; adastat_group=stakit.io
afb33d38e92e03f9ce86f0175cc33e487b8def0ee25235f1e40183d1,pool147en6w8f9cplnn5x7qt4ese7fpacmmcwuffrtu0yqxpaz4agppr,STI,pool_groups_current_HEAD,pool_clusters.json group; ticker=STI2; balanceanalytics_group=STI; adastat_group=stakit.io
ca7b80cf2dfa477c961dd42b2100f12c280a81a3ff9f9dbc5da78c8d,pool1efacpnedlfrhe9sa6s4jzq839s5q4qdrl70em0za57xg6t38d3s,STI,pool_groups_current_HEAD,pool_clusters.json group; ticker=ADACH; balanceanalytics_group=SINGLEPOOL; adastat_group=stakit.io
09d372205e474b745eeedd87aa86295cfdef9b85991ad640101756bc,pool1p8fhygz7ga9hghhwmkr64p3ftn77lxu9nyddvsqszattcdyajc0,SUNNY,pool_groups_current_HEAD,pool_clusters.json group; ticker=SUNNY; balanceanalytics_group=SUNNY; adastat_group=sunnyada.io
2d10d9ee5a86c5cedb75cacd033a2945cfd80315eb978858244cec1c,pool195gdnmj6smzuakm4etxsxw3fgh8asqc4awtcskpyfnkpcvh2v8t,SUNNY,pool_groups_current_HEAD,pool_clusters.json group; ticker=SUNNY; balanceanalytics_group=SUNNY; adastat_group=sunnyada.io
d2f12c2f3094ed0784f048fe93a62d8b061525b356e043be084470d9,,TAPSY,pool_groups_2021_01_06_99b3c61d,pool_list.json cluster_name; ticker=TAPSY; name=TapTap Vienna
ffdf1b8fe56f419eaf95f20df8ffa8e72c799e9571ef9ce1c9a997f3,,TAPSY,pool_groups_2021_01_06_99b3c61d,pool_list.json cluster_name; ticker=TAPSX; name=TapTap Vienna #2
50e113d1ada46a83a16d5ee6cfdc1a8baed6634c9f046ed30131eb11,pool12rs385dd534g8gtdtmnvlhq63whdvc6vnuzxa5cpx843zdy73qy,TERA,pool_groups_current_HEAD,pool_clusters.json group; ticker=TERA2; balanceanalytics_group=TERA; adastat_group=cardano-tera.com
7113de447fb62c38e3e3aeec434cac6fc76e05e997b84227e9c637b8,pool1wyfau3rlkckr3clr4mkyxn9vdlrkup0fj7uyyflfccmms24gm3a,TERA,pool_groups_current_HEAD,pool_clusters.json group; ticker=TERA; balanceanalytics_group=TERA; adastat_group=cardano-tera.com
a95b4f891edea1c877954d48968968b2c91a80786858d89110caf7f9,pool149d5lzg7m6susau4f4yfdztgkty34qrcdpvd3ygsetmljgxxf8g,TERA,pool_groups_current_HEAD,pool_clusters.json group; ticker=TERA3; balanceanalytics_group=TERA; adastat_group=cardano-tera.com
785b5ab754a1f43fb56d173873e7db9d6069616c6da1b5be93981220,pool10pd44d65586rldtdzuu88e7mn4sxjctvdksmt05nnqfzqu7g7hd,THC,pool_groups_current_HEAD,pool_clusters.json group; ticker=RDB; balanceanalytics_group=THC; adastat_group=thc-room335.com
99740fc5585c7d33b9ff2b5b79e14b3ad8fe11bab72e2e74fc313513,pool1n96ql32ct37n8w0l9ddhnc2t8tv0uyd6kuhzua8uxy63xs35wgl,THC,pool_groups_current_HEAD,pool_clusters.json group; ticker=None; balanceanalytics_group=SINGLEPOOL; adastat_group=thc-room335.com
9a5212687efd799ce5a2630505f54c590a8d6d795eafce5d222326db,pool1nffpy6r7l4ueeedzvvzsta2vty9g6mtet6huuhfzyvndkwd35dl,THC,pool_groups_current_HEAD,pool_clusters.json group; ticker=ALAB; balanceanalytics_group=THC; adastat_group=thc-room335.com
a0a6af80153d4bc92d7c5dfa4c07bb99067ee4b65066a4d87f488503,pool15zn2lqq4849ujttuthaycpamnyr8ae9k2pn2fkrlfzzsx4ek0tc,THC,pool_groups_current_HEAD,pool_clusters.json group; ticker=LABO; balanceanalytics_group=THC; adastat_group=thc-room335.com
a6bda93bfbd23b3c252282a482b1343385b804965bbd46feb6ef3048,pool15676jwlm6gancffzs2jg9vf5xwzmspyktw75dl4kaucyst4qt8q,THC,pool_groups_current_HEAD,pool_clusters.json group; ticker=None; balanceanalytics_group=THC; adastat_group=thc-room335.com
d6e3808faa3a1ef5aaf04eeb89156efd48f94131e41426ea64904542,pool16m3cpra28g00t2hsfm4cj9twl4y0jsf3us2zd6nyjpz5yuagmkn,THC,pool_groups_current_HEAD,pool_clusters.json group; ticker=None; balanceanalytics_group=SINGLEPOOL; adastat_group=thc-room335.com
dfcf79145765330fb6ad770c3b37afb2f1f755143250841f537477d9,pool1ml8hj9zhv5esld4dwuxrkda0ktclw4g5xfggg86nw3majud2uf6,THC,pool_groups_current_HEAD,pool_clusters.json group; ticker=None; balanceanalytics_group=SINGLEPOOL; adastat_group=thc-room335.com
000000f66e28b0f18aef20555f4c4954234e3270dfbbdcc13f54e799,pool1qqqqpanw9zc0rzh0yp247nzf2s35uvnsm7aaesfl2nnejaev0uc,TITAN,pool_groups_current_HEAD,pool_clusters.json group; ticker=TITAN; balanceanalytics_group=TITAN; adastat_group=titanstaking.io
28489654d3fcce6affdde39f37c2d68dda5f42fc9f9feb8dd46d614a,pool19pyfv4xnln8x4l7auw0n0skk3hd97shun707hrw5d4s553ys74x,TITAN,pool_groups_current_HEAD,pool_clusters.json group; ticker=TITAN; balanceanalytics_group=TITAN; adastat_group=titanstaking.io
16eec60be00bcc3bdc12b988c4f30b3c5d6ab8f4962c9b1022aa616c,pool1zmhvvzlqp0xrhhqjhxyvfuct83wk4w85jckfkypz4fskcjzze2x,TKGEM,pool_groups_current_HEAD,pool_clusters.json group; ticker=ASC; balanceanalytics_group=TKGEM; adastat_group=tkgems.com
5e35823f00b4e1ba970c809fbb43b24b3fbbc58cc04f342f70093083,pool1tc6cy0cqknsm49cvsz0mksajfvlmh3vvcp8ngtmspycgx932w6g,TKGEM,pool_groups_current_HEAD,pool_clusters.json group; ticker=TGEM; balanceanalytics_group=TKGEM; adastat_group=tkgems.com
b441428713e2077dfc71f59a3ba78fad02ec1b7c1f767ecbcc52a8e3,,TURIN,pool_groups_2021_01_06_99b3c61d,pool_list.json cluster_name; ticker=TURIN; name=Turing Pool Two
de2b7a06cf970096d3f279daf2b4ab4e48d3e99e866b602a44e164f9,,TURIN,pool_groups_2021_01_06_99b3c61d,pool_list.json cluster_name; ticker=TURIN; name=Turing Pool One
6c188ec88814c082e7f9ef29330adc79ddadb728839c81b8b5e1ccb7,,UBQT,pool_groups_2021_01_06_99b3c61d,pool_list.json cluster_name; ticker=UBQT; name=JACO Education
e443a1446a4521edf4587bb663b1f824a5d87208bae9116eb69563a6,,UBQT,pool_groups_2021_01_06_99b3c61d,pool_list.json cluster_name; ticker=UBQT; name=Ubiquity
4687c441061ffc4f827c7280cdf5f6e5b51762a46563daaf6e883bd7,pool1g6rugsgxrl7ylqnuw2qvma0kuk63wc4yv43a4tmw3qaawgu87c0,UP,pool_groups_current_HEAD,pool_clusters.json group; ticker=None; balanceanalytics_group=UP; adastat_group=ukrainianpool.com
a0b9cf234f8bdd04f53cd74ef0a74253b58cf2bde6f8a6ea792590bc,pool15zuu7g6030wsfafu6a80pf6z2w6ceu4aumu2d6neykgtcx650u2,UP,pool_groups_current_HEAD,pool_clusters.json group; ticker=None; balanceanalytics_group=UP; adastat_group=ukrainianpool.com
0e971c23e2f1dd152f3ff92b55e62da7e2f161e97ec23be6fbd4b90a,pool1p6t3cglz78w32telly44te3d5l30zc0f0mprhehm6jus59m9aaa,UPBIT,pool_groups_current_HEAD,pool_clusters.json group; ticker=UPBIT; balanceanalytics_group=None; adastat_group=upbit.com
196d0c94c7975fd9588e3b8ba13a9857419c93523d27b200d772de38,pool1r9kse9x8ja0ajkyw8w96zw5c2aqeey6j85nmyqxhwt0rs090fu4,UPBIT,pool_groups_current_HEAD,pool_clusters.json group; ticker=UPBIT; balanceanalytics_group=UPBIT; adastat_group=upbit.com
2e51045730239a101ff6a65e3ae0f0cc766d5b476e5415a9af4cc70f,pool19egsg4esywdpq8lk5e0r4c8se3mx6k68de2pt2d0fnrs7jntp6m,UPBIT,pool_groups_current_HEAD,pool_clusters.json group; ticker=UPBIT; balanceanalytics_group=None; adastat_group=upbit.com
3d0a287f918624a8b8d8eedcf87ed799deee99d66feb63d9fd811de8,pool1859zslu3scj23wxcamw0slkhn80waxwkdl4k8k0asyw7sfa8dv5,UPBIT,pool_groups_current_HEAD,pool_clusters.json group; ticker=UPBIT; balanceanalytics_group=UPBIT; adastat_group=upbit.com
4a0354d7a968c0ad74c0fcf677a4552ddb6202bddc71d88e3173dc78,pool1fgp4f4afdrq26axqlnm80fz49hdkyq4am3ca3r33w0w8sw2x8ap,UPBIT,pool_groups_current_HEAD,pool_clusters.json group; ticker=UPBIT; balanceanalytics_group=UPBIT; adastat_group=upbit.com
6c154b92a778b13149c21d7394a8f23d3ec0eebb0141ba5183aec03a,pool1ds25hy480zcnzjwzr4eef28j85lvpm4mq9qm55vr4mqr5h3l68y,UPBIT,pool_groups_current_HEAD,pool_clusters.json group; ticker=UPBIT; balanceanalytics_group=None; adastat_group=upbit.com
72ef065ee6e640969720936470a0811dc7540573a23511146d1af3fc,pool1wthsvhhxueqfd9eqjdj8pgyprhr4gptn5g63z9rdrtelcfumnvg,UPBIT,pool_groups_current_HEAD,pool_clusters.json group; ticker=UPBIT; balanceanalytics_group=UPBIT; adastat_group=upbit.com
84a77793762a6f79f21bf72d0e1a84b8524bc93b864149f38184b591,pool1sjnh0ymk9fhhnusm7uksux5yhpfyhjfmseq5nuupsj6ezskc0pj,UPBIT,pool_groups_current_HEAD,pool_clusters.json group; ticker=UPBIT; balanceanalytics_group=UPBIT; adastat_group=upbit.com
888bb4c1992ba2587e9db20543932eeb4ade930699e5daab445b4d92,pool13z9mfsve9w39sl5akgz58yewad9daycxn8ja426ytdxey47yatu,UPBIT,pool_groups_current_HEAD,pool_clusters.json group; ticker=UPBIT; balanceanalytics_group=UPBIT; adastat_group=upbit.com
8ace4ea6e68ed33340f39d98804f65651100dbd86cb146ec220adfdd,pool13t8yafhx3mfnxs8nnkvgqnm9v5gspk7cdjc5dmpzpt0a6h294yn,UPBIT,pool_groups_current_HEAD,pool_clusters.json group; ticker=UPBIT; balanceanalytics_group=UPBIT; adastat_group=upbit.com
8ecc6a94c3056e1d6f1d3806231b72ba46b83fa4bd27a4a4bc273900,pool13mxx49xrq4hp6mca8qrzxxmjhfrts0ayh5n6ff9uyuusq9cx4d8,UPBIT,pool_groups_current_HEAD,pool_clusters.json group; ticker=UPBIT; balanceanalytics_group=UPBIT; adastat_group=upbit.com
96a5399a13464ddf834f5826c9ab7c467cccb1b4e5b0fe4fb81d6b15,pool1j6jnnxsngexalq60tqnvn2muge7vevd5ukc0unacr4432t4lr28,UPBIT,pool_groups_current_HEAD,pool_clusters.json group; ticker=UPBIT; balanceanalytics_group=None; adastat_group=upbit.com
97db278a7238febb7255873600505a09e0d5c496a81b92bc15537a3e,pool1jldj0znj8rltkuj4sumqq5z6p8sdt3yk4qde90q42daru5kgfl6,UPBIT,pool_groups_current_HEAD,pool_clusters.json group; ticker=UPBIT; balanceanalytics_group=UPBIT; adastat_group=upbit.com
b294aade5ae5da8b27f2d4f0066d37032ffbc9eb3e077070d4d86ee7,pool1k2224hj6uhdgkflj6ncqvmfhqvhlhj0t8crhqux5mphwwumupec,UPBIT,pool_groups_current_HEAD,pool_clusters.json group; ticker=UPBIT; balanceanalytics_group=UPBIT; adastat_group=upbit.com
b2c1d4f8bc5bb24ccedacf9472afb40d0a58a22acee678d28336c2fb,pool1ktqaf79utweyenk6e7289ta5p5993g32emn8355rxmp0kgh2r0m,UPBIT,pool_groups_current_HEAD,pool_clusters.json group; ticker=UPBIT; balanceanalytics_group=None; adastat_group=upbit.com
bcf96cfc11e8741945d3cae55a9f299567dfcd04f5352fcca26ab728,pool1hnukelq3ap6pj3wnetj448efj4nalngy756jln9zd2mjsp73etg,UPBIT,pool_groups_current_HEAD,pool_clusters.json group; ticker=UPBIT; balanceanalytics_group=UPBIT; adastat_group=upbit.com
bcfa1854b74e63cfc835c7f3caf777cc34e6757c491885a9726ae513,pool1hnaps49hfe3uljp4cleu4amhes6wvatufyvgt2tjdtj3xjrgknk,UPBIT,pool_groups_current_HEAD,pool_clusters.json group; ticker=UPBIT; balanceanalytics_group=UPBIT; adastat_group=upbit.com
c06a0f395267d77e7cbbfc2d2d1b8b3146d1fa7560f80065e50a5142,pool1cp4q7w2jvlthul9mlskj6xutx9rdr7n4vruqqe09pfg5ywmzdzq,UPBIT,pool_groups_current_HEAD,pool_clusters.json group; ticker=UPBIT; balanceanalytics_group=UPBIT; adastat_group=upbit.com
cd8a1259e674b3f1bbdc0596c938123bbf80012b918190456a6252ef,pool1ek9pyk0xwjelrw7uqktvjwqj8wlcqqftjxqeq3t2vffw7qm8efs,UPBIT,pool_groups_current_HEAD,pool_clusters.json group; ticker=UPBIT; balanceanalytics_group=UPBIT; adastat_group=upbit.com
e769932732e56582d084a169825a57a9aba294e83dc636394ca5cb6f,pool1ua5exfeju4jc95yy595cykjh4x46998g8hrrvw2v5h9k7987a44,UPBIT,pool_groups_current_HEAD,pool_clusters.json group; ticker=UPBIT; balanceanalytics_group=UPBIT; adastat_group=upbit.com
d06d19e148f50ef63b839f97a02648cf9f8c1c9f602cb7e26284ecbc,,USMC,pool_groups_2021_01_06_99b3c61d,pool_list.json cluster_name; ticker=NAVY; name=Milpools
de3498ad820d0a44cd411893fb00a0d59ef43ee909316a2e8ebca070,,USMC,pool_groups_2021_01_06_99b3c61d,pool_list.json cluster_name; ticker=USMC; name=Milpools
91d030730d73b037e1c230d6e8bd80c05687c9bf1efbc051de22d803,pool1j8grqucdwwcr0cwzxrtw30vqcptg0jdlrmauq5w7ytvqx6nf5np,VINCE,pool_groups_current_HEAD,pool_clusters.json group; ticker=VINCI; balanceanalytics_group=VINCE; adastat_group=vincepool.com
f8024d90482a3f839c7ee0c2be31ed3ad4be1564f1970bb0db4078f9,pool1lqpymyzg9glc88r7urptuv0d8t2tu9ty7xtshvxmgpu0j4lp8p3,VINCE,pool_groups_current_HEAD,pool_clusters.json group; ticker=VINCE; balanceanalytics_group=VINCE; adastat_group=vincepool.com
0319357f4578b716282f4c58dd6be4d613053a40346a208306a05d03,pool1qvvn2l690zm3v2p0f3vd66ly6cfs2wjqx34zpqcx5pwsx3eprtp,VIPER,pool_groups_current_HEAD,pool_clusters.json group; ticker=VIPER; balanceanalytics_group=VIPER; adastat_group=viperstaking.com
d69b6b16c6a135c4157365ded9b0d772d44c7628a05b49741d3ae25c,pool166dkk9kx5y6ug9tnvh0dnvxhwt2yca3g5pd5jaqa8t39cgyqqlr,VIPER,pool_groups_current_HEAD,pool_clusters.json group; ticker=VIPER; balanceanalytics_group=VIPER; adastat_group=viperstaking.com
17111382071c508d881306c86b0a3511228c178e886742a2884c9d83,,VS,pool_groups_2021_01_06_99b3c61d,pool_list.json cluster_name; ticker=VS1; name=Adaverse Pool 🌌
4c15ba0f7f36b581e1ce18e095070695d96f584de0f00e41b16511bd,,VS,pool_groups_2021_01_06_99b3c61d,pool_list.json cluster_name; ticker=BIRD; name=Early Bird Pool 🐦
ca2c7abdcdfd4f2e085b8078e979c0fbdbde38c0ce81f3520c9831eb,,VS,pool_groups_2021_01_06_99b3c61d,pool_list.json cluster_name; ticker=PET; name=Cardano Pet Registry 🐾
0363772d576596a94cbfb2f12005b62e04fdd8e06f331a19ef0fb8da,,WAVE,pool_groups_2021_01_06_99b3c61d,pool_list.json cluster_name; ticker=CFD1; name=Cfund-1
2dc733ef313c5c5ead9b93b96918106b067e343b21bbc2d3576e2913,pool19hrn8me383w9atvmjwukjxqsdvr8udpmyxau956hdc53x669j8p,WAVE,pool_groups_current_HEAD,pool_clusters.json group; ticker=None; balanceanalytics_group=WAVE; adastat_group=wavepool.digital
34eb602eb435e3c6a4feb6d766a44735ca09e963f82098973c85951e,pool1xn4kqt45xh3udf87kmtkdfz8xh9qn6trlqsf39eusk23ufmxhgr,WAVE,pool_groups_current_HEAD,pool_clusters.json group; ticker=None; balanceanalytics_group=WAVE; adastat_group=wavepool.digital
4511bcca3896bcb6d43b66fb89fe079f00f44bed505c9ca232704dc9,pool1g5gmej3cj67td4pmvmacnls8nuq0gjld2pwfeg3jwpxujdx6lmu,WAVE,pool_groups_current_HEAD,pool_clusters.json group; ticker=None; balanceanalytics_group=WAVE; adastat_group=wavepool.digital
48bbedc23127b7306a3958d027e3a0bf5ca5c0dbcbd01a2beb615ce4,pool1fza7ms33y7mnq63etrgz0caqhaw2tsxme0gp52ltv9wwgwurged,WAVE,pool_groups_current_HEAD,pool_clusters.json group; ticker=WPBJ5; balanceanalytics_group=WAVE; adastat_group=wavepool.digital
675304517e38e66880714b3c4816f47866c302edafceb96945fd056f,pool1vafsg5t78rnx3qr3fv7ys9h50pnvxqhd4l8tj629l5zk7tc39ch,WAVE,pool_groups_current_HEAD,pool_clusters.json group; ticker=None; balanceanalytics_group=WAVE; adastat_group=wavepool.digital
757195821f22b022a40a5e4b45ceca1d35bbeb2ed37612270b62bed6,pool1w4cetqsly2cz9fq2te95tnk2r56mh6ew6dmpyfctv2ldv8xuj9g,WAVE,pool_groups_current_HEAD,pool_clusters.json group; ticker=None; balanceanalytics_group=WAVE; adastat_group=wavepool.digital
a503e42a2c6ef347d834fa404fa4d4bfa6dfb48256ff95b067483980,pool155p7g23vdme50kp5lfqylfx5h7ndldyz2mletvr8fqucqzyrk44,WAVE,pool_groups_current_HEAD,pool_clusters.json group; ticker=None; balanceanalytics_group=WAVE; adastat_group=wavepool.digital
aa3afa914dce3ccdf6e282daac537283bcc03d9a56dd8f80936114e8,pool14ga04y2dec7vmahzstd2c5mjsw7vq0v62mwclqynvy2wsc5g40p,WAVE,pool_groups_current_HEAD,pool_clusters.json group; ticker=WAV6; balanceanalytics_group=WAVE; adastat_group=wavemkr.github.io
ad3d89ffc0e5347b94e61b8f61a672b5d2fa6d37e815fa3f217123a2,pool1457cnl7qu568h98xrw8krfnjkhf05mfhaq2l50epwy36yuln20q,WAVE,pool_groups_current_HEAD,pool_clusters.json group; ticker=None; balanceanalytics_group=WAVE; adastat_group=wavepool.digital
aeee979966ad3a72f8bbc4fad3f03d81fa1777f59a40d2d3a3655df8,pool14mhf0xtx45a8979mcnad8upas8apwal4nfqd95arv4wlsuk6m9q,WAVE,pool_groups_current_HEAD,pool_clusters.json group; ticker=GMO2; balanceanalytics_group=WAVE; adastat_group=wavepool.digital
af5797205f66a7f564f68cda31396523fd0c8781fc8ace1ad158c429,pool14atewgzlv6nl2e8k3ndrzwt9y07sepuplj9vuxk3trzzj5lmg64,WAVE,pool_groups_current_HEAD,pool_clusters.json group; ticker=WAY; balanceanalytics_group=SINGLEPOOL; adastat_group=wavemkr.github.io
c1011645958df9e805df499bbd30056c83094b99c8effe500350d8da,pool1cyq3v3v43hu7spwlfxdm6vq9djpsjjueerhlu5qr2rvd57vqk84,WAVE,pool_groups_current_HEAD,pool_clusters.json group; ticker=None; balanceanalytics_group=WAVE; adastat_group=wavepool.digital
e14a650c7a58d229bbb663cb42fffb36d68c2a6cecf0fd7b9c47e399,pool1u99x2rr6trfznwakv0959llmxmtgc2nvanc067uugl3ejuvvnc8,WAVE,pool_groups_current_HEAD,pool_clusters.json group; ticker=None; balanceanalytics_group=WAVE; adastat_group=wavepool.digital
e985b5698de1386439e62b5b7ab2cc9f814b91b4a1fef5970f38694d,pool1axzm26vduyuxgw0x9ddh4vkvn7q5hyd558l0t9c08p556lf2zaj,WAVE,pool_groups_current_HEAD,pool_clusters.json group; ticker=None; balanceanalytics_group=WAVE; adastat_group=wavepool.digital
fbf6753d8405e810a8820b8be8804254679001a5f7b8fe60572a6051,pool1l0m820vyqh5pp2yzpw973qzz23neqqd977u0uczh9fs9zqvg0je,WAVE,pool_groups_current_HEAD,pool_clusters.json group; ticker=None; balanceanalytics_group=WAVE; adastat_group=wavepool.digital
fc812042cdaa6a2cd84d6b94faf28658ae412b1ff828ca37735784d7,pool1ljqjqskd4f4zekzddw204u5xtzhyz2cllq5v5dmn27zdwf9c70f,WAVE,pool_groups_current_HEAD,pool_clusters.json group; ticker=None; balanceanalytics_group=WAVE; adastat_group=wavepool.digital
135605c391fc48beac4460c153b6bb0cfff2e29963920d2fa6b6e656,pool1zdtqtsu3l3ytatzyvrq48d4mpnll9c5evwfq6taxkmn9vvdz839,WEP,pool_groups_current_HEAD,pool_clusters.json group; ticker=RANKT; balanceanalytics_group=WEP; adastat_group=ranket2.github.io
28c5a664f316b8c017c4805d78a58bf39f16c2509ed2bd37878dd8bc,pool19rz6ve8nz6uvq97yspwh3fvt7w03dsjsnmft6du83hvtc324dus,WEP,pool_groups_current_HEAD,pool_clusters.json group; ticker=DGK; balanceanalytics_group=WEP; adastat_group=None
37c7da28cacc3cddc181de02a2a957396f1aebaecf89ce6b55cd1e46,pool1xlra52x2es7dmsvpmcp2922h89h346awe7yuu664e50yvrzaaqe,WEP,pool_groups_current_HEAD,pool_clusters.json group; ticker=CTAX; balanceanalytics_group=SINGLEPOOL; adastat_group=ranket2.github.io
39580d748f45b855d81852e334cad199cfbdaa281ed3d81e8a90f8ed,pool189vq6ay0gku9tkqc2t3nfjk3n88mm23grmfas852jruw6fjlkaf,WEP,pool_groups_current_HEAD,pool_clusters.json group; ticker=WEP; balanceanalytics_group=WEP; adastat_group=None
a68e2b86e684e54da6027217da0bece7f9af20e9aca7a6c4d052d9d8,pool1568zhphxsnj5mfszwgta5zlvulu67g8f4jn6d3xs2tvas8ffu76,WEP,pool_groups_current_HEAD,pool_clusters.json group; ticker=PSPJ; balanceanalytics_group=SINGLEPOOL; adastat_group=ranket2.github.io
bd8286b7f327621459728c0cd1f7a731eaf7b2fd0df1c6b09b2932a5,pool1hkpgddlnya3pgktj3sxdraa8x8400vhaphcudvym9ye22esak43,WEP,pool_groups_current_HEAD,pool_clusters.json group; ticker=ISP; balanceanalytics_group=WEP; adastat_group=None
00beef0a9be2f6d897ed24a613cf547bb20cd282a04edfc53d477114,pool1qzlw7z5mutmd39ldyjnp8n650weqe55z5p8dl3fagac3ge0nx8l,WESTBERG,pool_groups_current_HEAD,pool_clusters.json group; ticker=BCSH; balanceanalytics_group=WESTBERG; adastat_group=bluecheesestakehouse.com
00beef284975ef87856c1343f6bf50172253177fdebc756524d43fc1,pool1qzlw72zfwhhc0ptvzdpld06szu39x9mlm6782efy6sluz932fx6,WESTBERG,pool_groups_current_HEAD,pool_clusters.json group; ticker=BCSH2; balanceanalytics_group=WESTBERG; adastat_group=bluecheesestakehouse.com
00beef373356ff27a77bd510f4cd35d309715afb6f52f49d9186a16e,pool1qzlw7den2mlj0fmm65g0fnf46vyhzkhmdaf0f8v3s6skuue6rlk,WESTBERG,pool_groups_current_HEAD,pool_clusters.json group; ticker=BCSH4; balanceanalytics_group=WESTBERG; adastat_group=bluecheesestakehouse.com
00beef534478b59ba0b2b646348c8d1f81f60bf40a2195c6378dd5db,pool1qzlw756y0z6ehg9jkerrfrydr7qlvzl5pgset33h3h2akst593a,WESTBERG,pool_groups_current_HEAD,pool_clusters.json group; ticker=BCSH5; balanceanalytics_group=WESTBERG; adastat_group=bluecheesestakehouse.com
00beef68425d90f50c8e2102476a0f42ec850836e9affd601ecf7804,pool1qzlw76zztkg02rywyypyw6s0gtkg2zpkaxhl6cq7eauqg8h9659,WESTBERG,pool_groups_current_HEAD,pool_clusters.json group; ticker=BCSH6; balanceanalytics_group=WESTBERG; adastat_group=bluecheesestakehouse.com
00beef8710427e328a29555283c74b202b40bec9a62630a9f03b1e18,pool1qzlwlpcsgflr9z3f24fg836tyq45p0kf5cnrp20s8v0psp6tdkx,WESTBERG,pool_groups_current_HEAD,pool_clusters.json group; ticker=BCSH0; balanceanalytics_group=WESTBERG; adastat_group=bluecheesestakehouse.com
00beef9385526062d41cd7293746048c6a9a13ab8b591920cf40c706,pool1qzlwlyu92fsx94qu6u5nw3sy334f5yat3dv3jgx0grrsv0kp422,WESTBERG,pool_groups_current_HEAD,pool_clusters.json group; ticker=BCSH1; balanceanalytics_group=WESTBERG; adastat_group=bluecheesestakehouse.com
5642f146ea05d38dc3febfbed0a135c265fe0cac2fc0ef9cd273620b,,WIRA,pool_groups_2021_01_06_99b3c61d,pool_list.json cluster_name; ticker=WIRA🏆; name=WIRA Pool (T1)
7bb4d04389fdc7816d9fcd3aec5c585e61635b31c65fd9ee6c175535,,WIRA,pool_groups_2021_01_06_99b3c61d,pool_list.json cluster_name; ticker=WIRA🌟; name=WIRA Pool (S1)
85a1b1fdce83908d3fb63bb5eba68ed3eef009680b282468e27e9c81,,WIRA,pool_groups_2021_01_06_99b3c61d,pool_list.json cluster_name; ticker=WIRA🌠; name=WIRA Pool (S2)
9f0daee27f33dbcf42054dd0a0de5fe8327f7eaec707f9d07a4bec73,,WIRA,pool_groups_2021_01_06_99b3c61d,pool_list.json cluster_name; ticker=WIRA👑; name=WIRA Pool (C1)
b5d030e4abece7e239210b1af14eba911af89013ee7a53de77072797,,WIRA,pool_groups_2021_01_06_99b3c61d,pool_list.json cluster_name; ticker=WIRA🌍; name=WIRA Pool (G2)
bee1c394dc9670ccaf70d1d73566e9d83c40311fd1a09f1742ab0bcb,,WIRA,pool_groups_2021_01_06_99b3c61d,pool_list.json cluster_name; ticker=WIRA🔥; name=WIRA Pool (F1)
ceb171ac6a0d0986043c266263a88b09ea4c39e1cc342dd9c5f2b811,,WIRA,pool_groups_2021_01_06_99b3c61d,pool_list.json cluster_name; ticker=WIRA🌎; name=WIRA Pool (G1)
d698c67ed52ea02dae75e0b4e4601a6c86495bcf40c3d0bd44312019,,WIRA,pool_groups_2021_01_06_99b3c61d,pool_list.json cluster_name; ticker=WIRA🌏; name=WIRA Pool (G3)
fcedaf183e9430acc484e4e290f40cb19e98e0e07efea2a327a71b94,,WIRA,pool_groups_2021_01_06_99b3c61d,pool_list.json cluster_name; ticker=WIRA; name=WIRA Pool
fec0c5f77fb6eac6e01124a0a11af032b322157d4c35a14361732d19,,WIRA,pool_groups_2021_01_06_99b3c61d,pool_list.json cluster_name; ticker=WIRA💎; name=WIRA Pool (D1)
b3cdd3bbf09af72badca85e515c0206d6d22038e2af843521e10a928,pool1k0xa8wlsntmjhtw2shj3tspqd4kjyquw9tuyx5s7zz5jsyw4y2p,WMOPS,pool_groups_current_HEAD,pool_clusters.json group; ticker=WMOPS; balanceanalytics_group=WMOPS; adastat_group=None
b81c65f4e17c8e94d89fcd369d11077af9800ae70177013a1a79b349,pool1hqwxta8p0j8ffkyle5mf6yg80tucqzh8q9mszws60xe5ja06nwa,WMOPS,pool_groups_current_HEAD,pool_clusters.json group; ticker=LUKE; balanceanalytics_group=WMOPS; adastat_group=None
788898a81174665316af96880459dcca053f7825abb1b0db9a433630,pool10zyf32q3w3n9x940j6yqgkwuegzn77p94wcmpku6gvmrqw8a97d,XSP,pool_groups_current_HEAD,pool_clusters.json group; ticker=XSP; balanceanalytics_group=XSP; adastat_group=xstakepool.com
aa65bf8422f6b5af3a1197e9fe6649539025f2e18257cfb2f1e631aa,pool14fjmlppz76667ws3jl5luejf2wgztuhpsftulvh3ucc65anqgve,XSP,pool_groups_current_HEAD,pool_clusters.json group; ticker=XSP2; balanceanalytics_group=XSP; adastat_group=xstakepool.com
06b4d54e25e33f3adfa22098749005f7b610721e3c24d547450267ec,pool1q66d2n39uvln4hazyzv8fyq977mpqus78sjd2369qfn7cptdeyh,YUTA,pool_groups_current_HEAD,pool_clusters.json group; ticker=KTN2; balanceanalytics_group=YUTA; adastat_group=katanapool.com
09612bc8cf646ded39886839e962d050fb53b81fbe3487eed973554b,pool1p9sjhjx0v3k76wvgdqu7jcks2ra48wqlhc6g0mkewd25k3zcymy,YUTA,pool_groups_current_HEAD,pool_clusters.json group; ticker=None; balanceanalytics_group=YUTA; adastat_group=staking.cardanofun.com
0b38a13726b9dc3aa11be08af93003e775d9d62091765e0e1e3d027b,pool1pvu2zdexh8wr4ggmuz90jvqrua6an43qj9m9urs785p8kwjzqwl,YUTA,pool_groups_current_HEAD,pool_clusters.json group; ticker=KTN3; balanceanalytics_group=YUTA; adastat_group=katanapool.com
1b94521f14db543dd493b0c170ecb0ef56d7f5e611098d1b8dcfd167,pool1rw29y8c5md2rm4ynkrqhpm9saatd0a0xzyyc6xudelgkww5junh,YUTA,pool_groups_current_HEAD,pool_clusters.json group; ticker=RGDL; balanceanalytics_group=YUTA; adastat_group=None
2e65f9aa580a28d0df07dd2773c09da9604c40127b158919da9db85d,pool19ejln2jcpg5dphc8m5nh8sya49sycsqj0v2cjxw6nku966cc8nu,YUTA,pool_groups_current_HEAD,pool_clusters.json group; ticker=POP; balanceanalytics_group=YUTA; adastat_group=popool.net
2f09336a66c36d0df40dc42f2454fe4f4311c23d312e3683be434081,pool19uynx6nxcdksmaqdcshjg487fap3rs3axyhrdqa7gdqgzgxss4y,YUTA,pool_groups_current_HEAD,pool_clusters.json group; ticker=JAPAN; balanceanalytics_group=YUTA; adastat_group=tokyostaker.com
30c6319d1f680470c8d2d48f8d44fd2848fa9b8cd6ac944d4dfc0c54,pool1xrrrr8gldqz8pjxj6j8c638a9py04xuv66kfgn2dlsx9g52te0t,YUTA,pool_groups_current_HEAD,pool_clusters.json group; ticker=JP3; balanceanalytics_group=YUTA; adastat_group=tokyostaker.com
32ae538b59a19834504e8b22dff0f703572d7ee1d0e2ea233e1b300c,pool1x2h98z6e5xvrg5zw3v3dlu8hqdtj6lhp6r3w5ge7rvcqcx3pafq,YUTA,pool_groups_current_HEAD,pool_clusters.json group; ticker=KTN4; balanceanalytics_group=YUTA; adastat_group=katanapool.com
43a7cf27c04747c306e744e3c51c01bb01c64e5a8e7e46c46f9cdbdc,pool1gwnu7f7qgaruxph8gn3u28qphvquvnj63elyd3r0nndacj9g9pa,YUTA,pool_groups_current_HEAD,pool_clusters.json group; ticker=JAZZ2; balanceanalytics_group=YUTA; adastat_group=stake1ux2g76f0l7cv8g6ugzc3q54shlh57sqzad0tydysw7srqpq377vgr
4ef0c287cc67a951bb0f0eb8d56d1bf69939bd007a2681dbc3055ef6,pool1fmcv9p7vv754rwc0p6ud2mgm76vnn0gq0gngrk7rq400vsvhsvs,YUTA,pool_groups_current_HEAD,pool_clusters.json group; ticker=JAZZ4; balanceanalytics_group=YUTA; adastat_group=stake1ux2g76f0l7cv8g6ugzc3q54shlh57sqzad0tydysw7srqpq377vgr
571b0be3f126255004d9828f37f11026551b9ca391c4aed3b05d6a75,pool12udshcl3ycj4qpxes28n0ugsye23h89rj8z2a5ast4482m08xe7,YUTA,pool_groups_current_HEAD,pool_clusters.json group; ticker=QQQ; balanceanalytics_group=YUTA; adastat_group=None
57e0985d50391676b06b2ecf640d03d59735cd0c9a99d6e9e6f805eb,pool12lsfsh2s8yt8dvrt9m8kgrgr6ktntngvn2vad60xlqz7kxz9fxr,YUTA,pool_groups_current_HEAD,pool_clusters.json group; ticker=POP4; balanceanalytics_group=YUTA; adastat_group=popool.net
6184f6e7229530a2d1f9f746112406100e2696dd7439ff8c52750700,pool1vxz0deezj5c2950e7arpzfqxzq8zd9kawsullrzjw5rsq0yhxgr,YUTA,pool_groups_current_HEAD,pool_clusters.json group; ticker=None; balanceanalytics_group=YUTA; adastat_group=coinzzz.jp
75edaff5db48aa20512e3891747c2a8d68a44f65122142cc1d4dc393,pool1whk6lawmfz4zq5fw8zghglp23452gnm9zgs59nqafhpexwcvute,YUTA,pool_groups_current_HEAD,pool_clusters.json group; ticker=None; balanceanalytics_group=YUTA; adastat_group=staking.cardanofun.com
80790f58f82501881d46bbb4f6b9d6536ac1a60fdd18350a0b7d50b0,pool1spus7k8cy5qcs82xhw60dwwk2d4vrfs0m5vr2zst04gtq700gjn,YUTA,pool_groups_current_HEAD,pool_clusters.json group; ticker=None; balanceanalytics_group=YUTA; adastat_group=coinzzz.jp
86c8a19e4d6227da12d7c9c63c5fd7a83bf227a92089778f7d9ec0f9,pool1smy2r8jdvgna5ykhe8rrch7h4qalyfafyzyh0rmanmq0jxptww7,YUTA,pool_groups_current_HEAD,pool_clusters.json group; ticker=None; balanceanalytics_group=YUTA; adastat_group=coinzzz.jp
91ab082852ea331c39eebae35a3e2a390ea26423d82a91c72a02fb85,pool1jx4ss2zjage3cw0wht3450328y82yeprmq4fr3e2qtac2rhezkv,YUTA,pool_groups_current_HEAD,pool_clusters.json group; ticker=None; balanceanalytics_group=YUTA; adastat_group=coinzzz.jp
aef742cd720083790f58b8dced44b868e2496335061c2c5256b44e45,pool14mm59ntjqzphjr6chrww639cdr3yjce4qcwzc5jkk38y22u7uc6,YUTA,pool_groups_current_HEAD,pool_clusters.json group; ticker=None; balanceanalytics_group=YUTA; adastat_group=coinzzz.jp
b3cc3005f1dccbc88230eb66d6e99c2f1bfa32273044473e17d9e10b,pool1k0xrqp03mn9u3q3sadndd6vu9udl5v38xpzyw0shm8sskuxw2av,YUTA,pool_groups_current_HEAD,pool_clusters.json group; ticker=JP2; balanceanalytics_group=YUTA; adastat_group=tokyostaker.com
bbe8aaed7d10e53102f4cd78fd3e504d8ff0c0009243da208893b970,pool1h0524mtazrjnzqh5e4u060jsfk8lpsqqjfpa5gygjwuhqu34wvt,YUTA,pool_groups_current_HEAD,pool_clusters.json group; ticker=JAZZ; balanceanalytics_group=YUTA; adastat_group=stake1ux2g76f0l7cv8g6ugzc3q54shlh57sqzad0tydysw7srqpq377vgr
bc00a90f9f448be5cfaa4e76dbc13353b83b59cb3f2c5e321555ca28,pool1hsq2jrulgj97tna2femdhsfn2wurkkwt8uk9uvs42h9zs0a783p,YUTA,pool_groups_current_HEAD,pool_clusters.json group; ticker=JAZZ3; balanceanalytics_group=YUTA; adastat_group=stake1ux2g76f0l7cv8g6ugzc3q54shlh57sqzad0tydysw7srqpq377vgr
cad3d1c69faad3a6777143009a367d07bf960a2a621d50bdf215bc0f,pool1etfar35l4tf6vam3gvqf5dnaq7levz32vgw4p00jzk7q7twg2te,YUTA,pool_groups_current_HEAD,pool_clusters.json group; ticker=POP2; balanceanalytics_group=YUTA; adastat_group=popool.net
ee9ef63e4d50a24ecba269de1bfe71c9b36e6f7e4534d2919f1df4c3,pool1a600v0jd2z3yajazd80phln3exekumm7g56d9yvlrh6vx8dx2fc,YUTA,pool_groups_current_HEAD,pool_clusters.json group; ticker=POP3; balanceanalytics_group=YUTA; adastat_group=popool.net
ff46164e9121389ea4e9b9cb318c281f01801f6830d6d306843fb008,pool1larpvn53yyufaf8fh89nrrpgruqcq8mgxrtdxp5y87cqse3yfg2,YUTA,pool_groups_current_HEAD,pool_clusters.json group; ticker=JP5; balanceanalytics_group=YUTA; adastat_group=tokyostaker.com
ffcd73fdf73a0a8b8a3318afe9b599654d58b276f2a70cec5bf168c3,pool1llxh8l0h8g9ghz3nrzh7ndvev4x43vnk72nsemzm795vxqs6dp8,YUTA,pool_groups_current_HEAD,pool_clusters.json group; ticker=JP4; balanceanalytics_group=YUTA; adastat_group=tokyostaker.com
412ddc857057bfcd4e501f2e7f8656ff3f8136f1239a1b063d543f98,,ZERO,pool_groups_2021_01_06_99b3c61d,pool_list.json cluster_name; ticker=VODKA; name=Vodka Staking Pool
7c9bed86fb7ef639a58422c508ad23dcb6bb33bf498f307fcbee5fa6,pool10jd7mphm0mmrnfvyytzs3tfrmjmtkvalfx8nql7tae06v0rkjk3,ZETETIC,pool_groups_current_HEAD,pool_clusters.json group; ticker=DOS; balanceanalytics_group=SINGLEPOOL; adastat_group=None
fc2d8488ef021561a83af7b56f973b94cfcfd8100433ee6fd0b0aa45,pool1lskcfz80qg2kr2p6776kl9emjn8ulkqsqse7um7skz4y2lwa0cu,ZETETIC,pool_groups_current_HEAD,pool_clusters.json group; ticker=CERO; balanceanalytics_group=SINGLEPOOL; adastat_group=None
524591b9cfbeecf4919de48545aac8d5ff599dbd11e8301292b1c16a,pool12fzerww0hmk0fyvaujz5t2kg6hl4n8daz85rqy5jk8qk58r59y6,ZETIC,pool_groups_current_HEAD,pool_clusters.json group; ticker=ZETE2; balanceanalytics_group=ZETIC; adastat_group=zetetic.tech
a087620de93bee6faeb0c33ca5e647f9c4e1e037d8f28e95dc583179,pool15zrkyr0f80hxlt4scv72tej8l8zwrcphmrega9wutqchjekceal,ZETIC,pool_groups_current_HEAD,pool_clusters.json group; ticker=ZETE; balanceanalytics_group=ZETIC; adastat_group=zetetic.tech
50d94f52722e12c23c755dfd258a868cd7a776eb783344b4743f306f,pool12rv575nj9cfvy0r4th7jtz5x3nt6waht0qe5fdr58ucx77tk7pu,ada-pool.s3.amazonaws.com,pool_groups_current_HEAD,pool_clusters.json group; ticker=4BIZ; balanceanalytics_group=SINGLEPOOL; adastat_group=ada-pool.s3.amazonaws.com
51e12f5c3959cfea930c36fe7a3bec2e48d3873795e728e3f865c63a,pool128sj7hpet8874ycvxml85wlv9eyd8pehjhnj3clcvhrr5g5s9qj,ada-pool.s3.amazonaws.com,pool_groups_current_HEAD,pool_clusters.json group; ticker=BIZ; balanceanalytics_group=SINGLEPOOL; adastat_group=ada-pool.s3.amazonaws.com
fd65d95ebd28e7d4dd0fa5389f279a8786318cb7e21a13adcffc69fe,,ada-stakingpool.com,pool_groups_2020_11_27_793e6094,pool_list.json cluster_name; ticker=PHNX; name=PHOENIX Stake Pool
ffff17bc98f7d3a646bd40758588cd75b502eb1c7fcc08dacfdc10c1,,ada-stakingpool.com,pool_groups_2020_11_27_793e6094,pool_list.json cluster_name; ticker=PHNX; name=PHOENIX
5bc8472bcff925e799496a0d0ff87988ff8381514b09142428473f8a,pool1t0yyw270lyj70x2fdgxsl7re3rlc8q23fvy3gfpggulc5g6xe95,ada.asic.network,pool_groups_current_HEAD,pool_clusters.json group; ticker=None; balanceanalytics_group=SINGLEPOOL; adastat_group=ada.asic.network
a7a2ffbb7cf30694dbf57b9721cf0b825a7abd3fa4b7c72a2f1bdbaa,pool15730lwmu7vrffkl40wtjrnctsfd840fl5jmuw230r0d65a74k5e,ada.asic.network,pool_groups_current_HEAD,pool_clusters.json group; ticker=None; balanceanalytics_group=SINGLEPOOL; adastat_group=ada.asic.network
daf728423ab6deca8053ae40c656afcb4a9fb80bb06a83fc2fe67871,pool1mtmjss36km0v4qzn4eqvv440ed9flwqtkp4g8lp0ueu8zy6hvpl,ada.asic.network,pool_groups_current_HEAD,pool_clusters.json group; ticker=None; balanceanalytics_group=SINGLEPOOL; adastat_group=ada.asic.network
69515a7b5592e42ea07b2526d58cd50f3bef9603aceef3fe3b042b13,pool1d9g45764jtjzagrmy5ndtrx4pua7l9sr4nh08l3mqs43xe6wnh9,ada63pool.com,pool_groups_current_HEAD,pool_clusters.json group; ticker=SS63; balanceanalytics_group=SINGLEPOOL; adastat_group=ada63pool.com
bc83d31fe955f785ea2630e01c9442dec8ec0c4e394888cfb8e3fa61,pool1hjpax8lf2hmct63xxrspe9zzmmywcrzw89yg3nacu0axzy0latu,ada63pool.com,pool_groups_current_HEAD,pool_clusters.json group; ticker=GG63; balanceanalytics_group=SINGLEPOOL; adastat_group=ada63pool.com
2b69d986ba5d84c49cdb06cc35e5a3d7d8ea5213b6a824e42a80e0d5,pool19d5anp46tkzvf8xmqmxrtedr6lvw55snk65zfep2srsd2qe2wcc,adacoinprofits.com,pool_groups_current_HEAD,pool_clusters.json group; ticker=ADAC2; balanceanalytics_group=SINGLEPOOL; adastat_group=adacoinprofits.com
804160f722b72369fcbc479661fc8219ed66346fbfa842095a560da4,pool1spqkpaezku3knl9ug7txrlyzr8kkvdr0h75yyz262cx6gls6zlm,adacoinprofits.com,pool_groups_current_HEAD,pool_clusters.json group; ticker=ADAC1; balanceanalytics_group=SINGLEPOOL; adastat_group=adacoinprofits.com
19d392c8e3b2e9415f41e7b0b6352786b418e440fff668403a0c581a,,adanet.io,pool_groups_2020_11_27_793e6094,pool_list.json cluster_name; ticker=EDGE; name=EDGE | AdaNet.io
33804ceb7f4add2479faee0544c802f2369a81a4c94a284bef8f6a3e,,adanet.io,pool_groups_2020_11_27_793e6094,pool_list.json cluster_name; ticker=ANET; name=AdaNet.io
599b872f42ab78df0429d1aebfe2d0a81676e50ba23097a532912b46,,adapool.de,pool_groups_2020_11_27_793e6094,pool_list.json cluster_name; ticker=ADADE; name=The German stake pool
d81db0f144b0f40a297c5d4914f04d57f89bc3c235ae21243c9d9445,,adapool.de,pool_groups_2020_11_27_793e6094,pool_list.json cluster_name; ticker=BONUS; name=100 bonus ADA every epoch from adapool.de
e2eed9f58a161573050ab9324252b4fcccbf9fe06e1a034b6f91d748,pool1uthdnav2zc2hxpg2hyeyy545lnxtl8lqdcdqxjm0j8t5srmyvzj,adastrong.com,pool_groups_current_HEAD,pool_clusters.json group; ticker=ADAST; balanceanalytics_group=SINGLEPOOL; adastat_group=adastrong.com
fc8ab7c3bd36652d347b36528cc9dc257df3572e70f8e64e3c5ac9c7,pool1lj9t0saaxejj6drmxefgejwuy47lx4ewwruwvn3uttyuw6f5389,adastrong.com,pool_groups_current_HEAD,pool_clusters.json group; ticker=ADBV; balanceanalytics_group=SINGLEPOOL; adastat_group=adastrong.com
09284af01cb4bdef764fe99ed0e3cbc5f1f8d1bd350660878e4c9eeb,,ancap-pool.com,pool_groups_2020_11_27_793e6094,pool_list.json cluster_name; ticker=ANCAP; name=Anarcho-Capitalist Pool
3458409df732f210a941997483ee39cae5fd968162a2cf4bde7378d1,,ancap-pool.com,pool_groups_2020_11_27_793e6094,pool_list.json cluster_name; ticker=ANCAP; name=Anarcho-Capitalist Pool
4523431595deae13cb59db46a3f8c34c88cc89756c57310ea96d8df0,,arthurjgoldman.com,pool_groups_2020_11_27_793e6094,pool_list.json cluster_name; ticker=POKER; name=Global POKER Staking Pool for Poker lovers
9442fb70c2d5869a5ef18da223748c35cad46fb00512c9b52dfd4724,,arthurjgoldman.com,pool_groups_2020_11_27_793e6094,pool_list.json cluster_name; ticker=CLOUD; name=Global CLOUD Staking Pool by Digital Entrepreneurs
cfbee6efbab66ac5ae9b5a27e570d856ba2f0bd6c84fc36316933df8,,arthurjgoldman.com,pool_groups_2020_11_27_793e6094,pool_list.json cluster_name; ticker=KING2; name=Global KING2 Staking KING Pool by AJG
de040bdddb4bdee99ef029a94d3b05e732b59b041386ce5fae7a5b68,,arthurjgoldman.com,pool_groups_2020_11_27_793e6094,pool_list.json cluster_name; ticker=ASIA; name=Global Staking Pool for INDIA by Ritesh Patel
003da6afe37eca8d1bec9a040a51f23eb085c3e1b924948a214067e7,,atmstakepool.com,pool_groups_2020_11_27_793e6094,pool_list.json cluster_name; ticker=ATM1; name=ATM Stake Pool
411926ea7159cff212e269e5c021e99880ab3bfb98d086d5c8ba4e3f,,atmstakepool.com,pool_groups_2020_11_27_793e6094,pool_list.json cluster_name; ticker=ATM2; name=ATM Stake Pool
0a37c1f76e2bbae2e2c683026de2650e92da9bf496face1e52cbcd46,pool1pgmuramw9waw9ckxsvpxmcn9p6fd4xl5jmavu8jje0x5vuc00l0,atrmn.github.io,pool_groups_current_HEAD,pool_clusters.json group; ticker=ATRMN; balanceanalytics_group=SINGLEPOOL; adastat_group=atrmn.github.io
e9a6817cf8fa67a0ce5d4d5d41bc155a30eb2d8f163869ce2abfca5a,pool1axngzl8clfn6pnjaf4w5r0q4tgcwktv0zcuxnn32hl995pthddr,atrmn.github.io,pool_groups_current_HEAD,pool_clusters.json group; ticker=NOSP; balanceanalytics_group=SINGLEPOOL; adastat_group=atrmn.github.io
119458f6320cae587e748f2ffc46b8c4c21fea02ca9431e36b7d7331,pool1zx293a3jpjh9sln53uhlc34ccnppl6sze22rrcmt04enzapl935,bestpoolever.com,pool_groups_current_HEAD,pool_clusters.json group; ticker=None; balanceanalytics_group=SINGLEPOOL; adastat_group=bestpoolever.com
79e9c0bcb167fc043a60872195facd5c489fc30d0eae7ce7b6e5c827,pool1085up093vl7qgwnqsuset7kdt3yflscdp6h8eeakuhyzwlhmq68,bestpoolever.com,pool_groups_current_HEAD,pool_clusters.json group; ticker=BPE; balanceanalytics_group=SINGLEPOOL; adastat_group=bestpoolever.com
f109d74adbca421e6aac798c03671defbcd6a20d4191bdbf52690d98,pool17yyawjkmefppu64v0xxqxecaa77ddgsdgxgmm06jdyxeslruzyc,bestpoolever.com,pool_groups_current_HEAD,pool_clusters.json group; ticker=None; balanceanalytics_group=SINGLEPOOL; adastat_group=bestpoolever.com
0dd4dcb0970b3e10c05082716d8fa446a377a214af4c5408f7889984,,binance.com,pool_groups_2020_11_27_793e6094,pool_list.json cluster_name; ticker=BNP; name=Binance Staking - 17
07ec3d0395dee2737bdf6854c99a6f47568057239b18d754261654be,pool1qlkr6qu4mm38x77ldp2vnxn0gatgq4ernvvdw4pxze2tuyw5pfh,bishnoicardanopool.org,pool_groups_current_HEAD,pool_clusters.json group; ticker=None; balanceanalytics_group=SINGLEPOOL; adastat_group=bishnoicardanopool.org
4ab8e5e8f3cda61258e172877d1d1b0e35814db9b7e84da953a09356,pool1f2uwt68neknpyk8pw2rh68gmpc6czndekl5ym22n5zf4vy8ecct,bishnoicardanopool.org,pool_groups_current_HEAD,pool_clusters.json group; ticker=None; balanceanalytics_group=SINGLEPOOL; adastat_group=bishnoicardanopool.org
e7e18f2050fa307fc9405f1d517760e894f8fbdf41a9b1b280571b38,,bloompool.io,pool_groups_2020_11_27_793e6094,pool_list.json cluster_name; ticker=BLOOM; name=Bloom Three
53195c685e224f2aed5dd8b32ac8eb9a9b569adf05a9300962f3bef5,pool12vv4c6z7yf8j4m2amzej4j8tn2d4dxklqk5nqztz7wl02gratjp,bmtxs.github.io,pool_groups_current_HEAD,pool_clusters.json group; ticker=RETIR; balanceanalytics_group=SINGLEPOOL; adastat_group=bmtxs.github.io
cdb10209d937fc1559c635e35b9147febde5307b4a7d276f868775cd,pool1ekcsyzwexl7p2kwxxh34hy28l6772vrmff7jwmuxsa6u6fzty9z,bmtxs.github.io,pool_groups_current_HEAD,pool_clusters.json group; ticker=ADALO; balanceanalytics_group=SINGLEPOOL; adastat_group=bmtxs.github.io
e778b14f2470ba19be2bcf811837d1f19a9cc912ff2bb6a642f6dd90,pool1uautzneywzapn03te7q3sd737xdfejgjlu4mdfjz7mweq92dugg,bmtxs.github.io,pool_groups_current_HEAD,pool_clusters.json group; ticker=RETIR; balanceanalytics_group=SINGLEPOOL; adastat_group=bmtxs.github.io
bb7ee671e73bfd6cea74486663163f2185b8c2e649a47db6068efee4,,boomada.com,pool_groups_2020_11_27_793e6094,pool_list.json cluster_name; ticker=BOOM2; name=Boom Pool 2
dabdc418201dad35588515619fe8f0d9b4280fbf9ef0b8934fe1d6bb,,boomada.com,pool_groups_2020_11_27_793e6094,pool_list.json cluster_name; ticker=BOOM; name=Boom Pool
1e56f8172082bd3639f6f134c633d3126e1347a7d00929feb30f8b0b,pool1ret0s9eqs27nvw0k7y6vvv7nzfhpx3a86qyjnl4np79sk29q8f8,cardano-education.com,pool_groups_current_HEAD,pool_clusters.json group; ticker=edu; balanceanalytics_group=SINGLEPOOL; adastat_group=cardano-education.com
96aa57f4af0652c800cde0d25288bf6d1e35aefd11770d60e6bf8f0a,pool1j6490a90qefvsqxdurf99z9ld50rtthaz9ms6c8xh78s52veuq2,cardano-education.com,pool_groups_current_HEAD,pool_clusters.json group; ticker=CETH; balanceanalytics_group=SINGLEPOOL; adastat_group=cardano-education.com
1dc1e011d522a077a20b2659bd0ee257e0d80f105f5dc998d4cfda7c,pool1rhq7qyw4y2s80gstyevm6rhz2lsdsrcstawunxx5eld8csvuvlu,cardano24,pool_groups_current_HEAD,pool_clusters.json group; ticker=ART; balanceanalytics_group=SINGLEPOOL; adastat_group=None
1a921b9d5b95d1c2d298cc27526652676b0b7b9cbbf44bb927c97f3a,pool1r2fph82mjhgu955cesn4yejjva4sk7uuh06yhwf8e9ln5djy5h7,cardanofoundation.org,pool_groups_current_HEAD,pool_clusters.json group; ticker=CF6; balanceanalytics_group=None; adastat_group=cardanofoundation.org
36fe08c110839dab3b876f028372c2bfedef4aaf097151c41c346541,pool1xmlq3sgssww6kwu8dupgxukzhlk77j40p9c4r3qux3j5z2ysk2c,cardanofoundation.org,pool_groups_current_HEAD,pool_clusters.json group; ticker=CF2; balanceanalytics_group=None; adastat_group=cardanofoundation.org
38e4322371b4febd7a711c423fde62c48dc9f9dd3b63f3b8b3dfc3d8,pool18rjrygm3knlt67n3r3prlhnzcjxun7wa8d3l8w9nmlpasquv4au,cardanofoundation.org,pool_groups_current_HEAD,pool_clusters.json group; ticker=CF1; balanceanalytics_group=None; adastat_group=cardanofoundation.org
9eb2323667378b0ec53b18372f6f04074b9dd12108eb5f4b4d2d9e67,pool1n6erydn8x79sa3fmrqmj7mcyqa9em5fppr447j6d9k0xwfl7sc5,cardanofoundation.org,pool_groups_current_HEAD,pool_clusters.json group; ticker=CF4; balanceanalytics_group=None; adastat_group=cardanofoundation.org
fbf236c879462f96c5b23a8e02c469ea9357543a54c6aa9cd0bca97e,pool1l0erdjregched3dj828q93rfa2f4w4p62nr248xshj5huq6zuvp,cardanofoundation.org,pool_groups_current_HEAD,pool_clusters.json group; ticker=CF3; balanceanalytics_group=None; adastat_group=cardanofoundation.org
ff2fba50c6005f867bb588f0918cfbd6fd5b273e735806a1225d4f13,pool1luhm55xxqp0cv7a43rcfrr8m6m74kfe7wdvqdgfzt483x29lr0t,cardanofoundation.org,pool_groups_current_HEAD,pool_clusters.json group; ticker=CF5; balanceanalytics_group=None; adastat_group=cardanofoundation.org
a776637786bd5e5763983fb2f5f209172dd7b92c35cdb0af4ce20088,pool15amxxauxh409wcuc87e0tusfzuka0wfvxhxmpt6vugqgsw6j4d6,cardanokitty.com,pool_groups_current_HEAD,pool_clusters.json group; ticker=KITTY; balanceanalytics_group=SINGLEPOOL; adastat_group=cardanokitty.com
b093e139447d33ef91bebadf3ff2f12a45be0f6a77190bb38bd7f4b7,pool1kzf7zw2y05e7lyd7ht0nluh39fzmurm2wuvshvut6l6twu0el44,cardanokitty.com,pool_groups_current_HEAD,pool_clusters.json group; ticker=キティ; balanceanalytics_group=SINGLEPOOL; adastat_group=cardanokitty.com
a167ca4a63f4b143dc1d71cef02c22803ca014382ba2339c79cf097f,,cardanolatino.com,pool_groups_2020_11_27_793e6094,pool_list.json cluster_name; ticker=LAT1; name=LAT1_Latino_Staking_Pool
6f5a2bc4fee4feee47d9b68b1b90bdf3aa51a95b1ec7f291e9926f70,pool1dadzh387unlwu37ek693hy9a7w49r22mrmrl9y0fjfhhqe4qtpe,cardanomint.com,pool_groups_current_HEAD,pool_clusters.json group; ticker=CMINT; balanceanalytics_group=SINGLEPOOL; adastat_group=cardanomint.com
ba67e271c925f7b066a00f4c9cbb9f27b13cef1ab02cca4c245c8acc,pool1hfn7yuwfyhmmqe4qpaxfewuly7cnemc6kqkv5npytj9vcrskh6j,cardanomint.com,pool_groups_current_HEAD,pool_clusters.json group; ticker=AMINT; balanceanalytics_group=SINGLEPOOL; adastat_group=cardanomint.com
315e5bf40a542f3557c502c56b0cae72a0598fcc29844b9b29451e42,pool1x909haq22shn2479qtzkkr9ww2s9nr7v9xzyhxefg50yyt3lzfy,cardanonodes.com,pool_groups_current_HEAD,pool_clusters.json group; ticker=None; balanceanalytics_group=SINGLEPOOL; adastat_group=cardanonodes.com
eb7ff9eeb15c67c805931d06f3cafa4048ccb79ed5c77c68c4dc85d6,pool1adllnm43t3nuspvnr5r08jh6gpyvedu76hrhc6xymjzavd5d8f6,cardanonodes.com,pool_groups_current_HEAD,pool_clusters.json group; ticker=HOC; balanceanalytics_group=SINGLEPOOL; adastat_group=cardanonodes.com
32de28d12fdc3465d06783aeb6a8d826c0665aaad9d36a00e99b8f79,pool1xt0z35f0ms6xt5r8swhtd2xcymqxvk42m8fk5q8fnw8hjhr6yax,cardanostakeada.com,pool_groups_current_HEAD,pool_clusters.json group; ticker=None; balanceanalytics_group=SINGLEPOOL; adastat_group=cardanostakeada.com
3cccaa9af6c65d911983921a1594285e8a1ca467a6ce0e9d2d936bbd,pool18nx24xhkcewezxvrjgdpt9pgt69pefr85m8qa8fdjd4m6p7egw9,cardanostakeada.com,pool_groups_current_HEAD,pool_clusters.json group; ticker=None; balanceanalytics_group=SINGLEPOOL; adastat_group=cardanostakeada.com
533dde5bf52e6e92921d400ba7e6cad4b2474c1120994ba3f5ce1976,pool12v7aukl49ehf9ysagq960ek26jeywnq3yzv5hgl4ecvhvyax5p6,cardanostaking.live,pool_groups_current_HEAD,pool_clusters.json group; ticker=WIN; balanceanalytics_group=SINGLEPOOL; adastat_group=cardanostaking.live
bcbf6dac1ce76696339b4ba1c8968868f6b8eacdebcda739c1156c0c,pool1hjlkmtquuanfvvumfwsu395gdrmt36kda0x6wwwpz4kqctg5lyy,cardanostaking.live,pool_groups_current_HEAD,pool_clusters.json group; ticker=STARS; balanceanalytics_group=SINGLEPOOL; adastat_group=cardanostaking.live
05e72c6c84298697bc55e4b5a265b2cd399572c05e5571e9bb590bd5,pool1qhnjcmyy9xrf00z4uj66yedje5ue2ukqte2hr6dmty9a2gz7tu5,celts.io,pool_groups_current_HEAD,pool_clusters.json group; ticker=None; balanceanalytics_group=SINGLEPOOL; adastat_group=celts.io
383bbc1fcc9fd50934e73a62865610bd412738f4288acd6c7a5292c9,pool18qamc87vnl2sjd888f3gv4ssh4qjww859z9v6mr622fvjhemunh,celts.io,pool_groups_current_HEAD,pool_clusters.json group; ticker=None; balanceanalytics_group=SINGLEPOOL; adastat_group=celts.io
65ba4c4d2a830e3309959e4c782b9398bb75ca07cdd652079daafb6e,pool1vkaycnf2sv8rxzv4nex8s2unnzahtjs8eht9ypua4takugjgaa0,celts.io,pool_groups_current_HEAD,pool_clusters.json group; ticker=None; balanceanalytics_group=SINGLEPOOL; adastat_group=celts.io
f06b02416faa4aa27d22fe267038077537c359c09bfb44fca7b40d77,pool17p4syst04f92ylfzlcn8qwq8w5muxkwqn0a5fl98ksxhwj6y7g7,celts.io,pool_groups_current_HEAD,pool_clusters.json group; ticker=None; balanceanalytics_group=SINGLEPOOL; adastat_group=celts.io
628775f4d0a53f00f542dd108cf2f0eb33e9997c3bde49a23a9e530a,,cent.stakepoolcentral.com,pool_groups_2020_11_27_793e6094,pool_list.json cluster_name; ticker=CENT1; name=Stake Pool Central
d34d33e345f006058bf136745a2c6b6e557621cf02dbaa29e71f3a0f,,cent.stakepoolcentral.com,pool_groups_2020_11_27_793e6094,pool_list.json cluster_name; ticker=CENT; name=Stake Pool Central
91e73016519a2fad516434136924df004727a560a76513efe6f41979,,chainups.com,pool_groups_2020_11_27_793e6094,pool_list.json cluster_name; ticker=UPS; name=ups
9e0ecc753046778548dedec598c021edbb71fea2a001de3b4298cb19,,chainups.com,pool_groups_2020_11_27_793e6094,pool_list.json cluster_name; ticker=CHAIN; name=chain
1d2972246d8adda98836626a34e337525f5206e552715d28379b5fdb,pool1r55hyfrd3tw6nzpkvf4rfceh2f04yph92fc462phnd0akp2s5r6,coffeepool.jp,pool_groups_current_HEAD,pool_clusters.json group; ticker=COFFE; balanceanalytics_group=SINGLEPOOL; adastat_group=coffeepool.jp
ff10619d413941b8d20113b18fe6afa2e8d4b453b8fb020d635608c5,pool1lugxr82p89qm35spzwccle405t5dfdznhrasyrtr2cyv2vyfud6,coffeepool.jp,pool_groups_current_HEAD,pool_clusters.json group; ticker=KISSA; balanceanalytics_group=SINGLEPOOL; adastat_group=coffeepool.jp
5b562def7db3d765e55255c6a545a99802d21e840b75a5b5ae23839e,pool1tdtzmmmak0tkte2j2hr223dfnqpdy85ypd66tddwywpeuknn2pn,cswap.info,pool_groups_current_HEAD,pool_clusters.json group; ticker=CSWP2; balanceanalytics_group=SINGLEPOOL; adastat_group=cswap.info
d53f25f8c318719e2c5408725d439c73e5898d9743d346734f6a5e3a,pool165ljt7xrrpceutz5ppe96suuw0jcnrvhg0f5vu60df0r5mt0x0c,cswap.info,pool_groups_current_HEAD,pool_clusters.json group; ticker=CSWP1; balanceanalytics_group=SINGLEPOOL; adastat_group=cswap.info
822ee46a8ae3b3eb4376a7fa6325743cb56de823edd936b6d1868483,pool1sghwg652uwe7ksmk5laxxft58j6km6prahvnddk3s6zgxek5qen,cylonyx.github.io,pool_groups_current_HEAD,pool_clusters.json group; ticker=FLUX; balanceanalytics_group=SINGLEPOOL; adastat_group=cylonyx.github.io
c840d2205cd8c86f38b6b53fed21328305ccc379bc7915a65bdb60ed,pool1epqdygzumryx7w9kk5l76gfjsvzuesmeh3u3tfjmmdsw65ja7k3,cylonyx.github.io,pool_groups_current_HEAD,pool_clusters.json group; ticker=DRRS; balanceanalytics_group=SINGLEPOOL; adastat_group=cylonyx.github.io
18652168f6def2b2184bd8e0b1b9023fcc9d31edf3008714e3a18e3c,pool1rpjjz68kmmetyxztmrstrwgz8lxf6v0d7vqgw98r5x8rc50jrdf,dew-stake.com,pool_groups_current_HEAD,pool_clusters.json group; ticker=DEW; balanceanalytics_group=SINGLEPOOL; adastat_group=dew-stake.com
65f90c17113f016e4033ce01ac7f00eb4c7d20ee0993deb4864b9a3e,pool1vhusc9c38uqkuspnecq6clcqadx86g8wpxfaadyxfwdrukh0kg0,dew-stake.com,pool_groups_current_HEAD,pool_clusters.json group; ticker=MIST; balanceanalytics_group=SINGLEPOOL; adastat_group=dew-stake.com
24b39b1b3cabd5b85bc19c8acb0d632a3e92d24d52c4e70fed8bcbb5,pool1yjeekxeu402msk7pnj9vkrtr9glf95jd2tzwwrld309m2flq7yu,divpools.com,pool_groups_current_HEAD,pool_clusters.json group; ticker=None; balanceanalytics_group=None; adastat_group=divpools.com
52580bb59a71bde15a4d03f56a13e2839afd3bc4eb1674b750dd02eb,pool12fvqhdv6wx77zkjdq06k5ylzswd06w7yavt8fd6sm5pwk30k9l4,divpools.com,pool_groups_current_HEAD,pool_clusters.json group; ticker=None; balanceanalytics_group=None; adastat_group=divpools.com
5cea534d520834ae39292fd676aa9648afc8cc52b588b01c387e953d,pool1tn49xn2jpq62uwff9lt8d25kfzhu3nzjkkytq8pc062n6c7h6tg,divpools.com,pool_groups_current_HEAD,pool_clusters.json group; ticker=None; balanceanalytics_group=SINGLEPOOL; adastat_group=divpools.com
8f102a1325d2292c19cac46cb29bd8c7a81aff66faa42f608fed4d6b,pool13ugz5ye96g5jcxw2c3kt9x7cc75p4lmxl2jz7cy0a4xkkju0dr0,divpools.com,pool_groups_current_HEAD,pool_clusters.json group; ticker=None; balanceanalytics_group=None; adastat_group=divpools.com
9ee1120430f92665657081a3087d0fd88388d68e11269d57e296d244,pool1nms3yppslynx2etssx3sslg0mzpc345wzynf64lzjmfyg6ghj9t,divpools.com,pool_groups_current_HEAD,pool_clusters.json group; ticker=None; balanceanalytics_group=SINGLEPOOL; adastat_group=divpools.com
50de79c63d672319e20be59c620eb57ed1de8b7cc7fa489d8f22e353,pool12r08n33avu33ncstukwxyr440mgaazmuclay38v0yt34xytu2dq,falconstakepool.com,pool_groups_current_HEAD,pool_clusters.json group; ticker=FALCO; balanceanalytics_group=SINGLEPOOL; adastat_group=falconstakepool.com
d7d56e1703630780176cf944a77b7829b4ba97888fa9a32468011985,pool16l2ku9crvvrcq9mvl9z2w7mc9x6t49ug3756xfrgqyvc2e5y6hl,falconstakepool.com,pool_groups_current_HEAD,pool_clusters.json group; ticker=None; balanceanalytics_group=None; adastat_group=falconstakepool.com
b6a8cdb5fc211f6a649fe4dddb34a5d964f9aae924ec6134b5f295ed,pool1k65vmd0uyy0k5eylunwakd99m9j0n2hfynkxzd9472276m32p50,feel-mining.com,pool_groups_current_HEAD,pool_clusters.json group; ticker=FM2; balanceanalytics_group=SINGLEPOOL; adastat_group=feel-mining.com
f009db8d9c5fe0407b1ac6493ee0fd25416d9acd542f58baaced0835,pool17qyahrvutlsyq7c6ceynac8ay4qkmxkd2sh43w4va5yr255x437,feel-mining.com,pool_groups_current_HEAD,pool_clusters.json group; ticker=None; balanceanalytics_group=SINGLEPOOL; adastat_group=feel-mining.com
0eaf83056e6872187ffc056b0bd848b7956a221015efff92cdc3170d,pool1p6hcxptwdpepslluq44shkzgk72k5gsszhhllykdcvts6xnrwvg,fiftystarinvestments.com,pool_groups_current_HEAD,pool_clusters.json group; ticker=None; balanceanalytics_group=SINGLEPOOL; adastat_group=fiftystarinvestments.com
e7a07caf73dbc8fb2ff0f5acc32ba19e434c8f04f39c4fc90eabfc49,pool1u7s8etmnm0y0ktls7kkvx2apnep5ercy7wwyljgw407yjzjastq,fiftystarinvestments.com,pool_groups_current_HEAD,pool_clusters.json group; ticker=None; balanceanalytics_group=SINGLEPOOL; adastat_group=fiftystarinvestments.com
958b3eab7c515cee874108e0fc14f288d97ac99d2d134dc6e69b807d,pool1jk9na2mu29wwap6pprs0c98j3rvh4jva95f5m3hxnwq86tk9c0l,fujistakepool.com,pool_groups_current_HEAD,pool_clusters.json group; ticker=富士山; balanceanalytics_group=SINGLEPOOL; adastat_group=fujistakepool.com
ba0ece7ab72765406f5a240f1c3d1b1d6b2d690ab1e0584e15badcaf,pool1hg8vu74hyaj5qm66ys83c0gmr44j66g2k8s9sns4htw27whsqwf,fujistakepool.com,pool_groups_current_HEAD,pool_clusters.json group; ticker=FUJI; balanceanalytics_group=SINGLEPOOL; adastat_group=fujistakepool.com
ae00a551bfbf804f2f188d1281d86521023fdab80848b96dacf65e87,,github.com,pool_groups_2020_11_27_793e6094,pool_list.json cluster_name; ticker=DONT; name=Do Not Delegate Here 2
d80765c06afe265213d446d5747a38ccbfc592bb97365d8535fb897b,,github.com,pool_groups_2020_11_27_793e6094,pool_list.json cluster_name; ticker=DONT; name=Do Not Delegate Here
48e2e8518edfbf42288eef1521ffbd9bcdb4819a3de888a230e6d447,pool1fr3ws5vwm7l5y2ywau2jrlaan0xmfqv68h5g3g3sum2ywthurt2,gitlab.com/futuristDOTstudio,pool_groups_current_HEAD,pool_clusters.json group; ticker=None; balanceanalytics_group=SINGLEPOOL; adastat_group=gitlab.com/futuristDOTstudio
8b8bbc04fd4d7293b1d076955eee113bbd783f1762e569894b88706b,pool13w9mcp8af4ef8vwsw624ams38w7hs0chvtjknz2t3pcxkm8w9m2,gitlab.com/futuristDOTstudio,pool_groups_current_HEAD,pool_clusters.json group; ticker=None; balanceanalytics_group=SINGLEPOOL; adastat_group=gitlab.com/futuristDOTstudio
89f2aa94572fcb1e8a095053e712e627482c19b780d116002936b54c,pool138e249zh9l93azsf2pf7wyhxyayzcxdhsrg3vqpfx665c8xa348,gnode01.github.io,pool_groups_current_HEAD,pool_clusters.json group; ticker=LGND; balanceanalytics_group=SINGLEPOOL; adastat_group=gnode01.github.io
ca44cdacdfacca2393f9458b2be178ff2b517acf020ead85560a88b0,pool1efzvmtxl4n9z8ylegk9jhctclu44z7k0qg82mp2kp2ytqa9xgf0,gnode01.github.io,pool_groups_current_HEAD,pool_clusters.json group; ticker=1PFP; balanceanalytics_group=SINGLEPOOL; adastat_group=gnode01.github.io
02e5d85c1cfbfb380646c5a1ebe96d9d94aa5dcd3feffc0995f33bde,,goguen.osterlindh.com,pool_groups_2020_11_27_793e6094,pool_list.json cluster_name; ticker=GO1; name=Goguen Pool
66a366fd71c6681aeda19faab6ee4292d33b6daa714f3dd4a0601068,,goguen.osterlindh.com,pool_groups_2020_11_27_793e6094,pool_list.json cluster_name; ticker=GO2; name=Goguen Pool
20b2a92b6a3eb8acb2700dedd1478431df471868280132a573856362,pool1yze2j2m286u2evnsphkaz3uyx805wxrg9qqn9ftns43kypl45kq,gvolcy.github.io,pool_groups_current_HEAD,pool_clusters.json group; ticker=SILEM; balanceanalytics_group=None; adastat_group=gvolcy.github.io
e3f8a83cefed03fe4ebdc4f50f3cdd880a7c2fd0b2ce7ff9da9cdce2,pool1u0u2s080a5plun4acn6s70xa3q98ct7skt88l7w6nnwwyl9ecym,gvolcy.github.io,pool_groups_current_HEAD,pool_clusters.json group; ticker=VOLCY; balanceanalytics_group=SINGLEPOOL; adastat_group=gvolcy.github.io
07c399aad671c987864494b08a8bf075c7dba7d1494a48f727a5a44d,pool1qlpen2kkw8yc0pjyjjcg4zlswhrahf73f99y3ae85kjy6leqk7l,heysoftwareinnovation.com,pool_groups_current_HEAD,pool_clusters.json group; ticker=FOFA; balanceanalytics_group=SINGLEPOOL; adastat_group=heysoftwareinnovation.com
415e6181e01a27e114cd484da37d06765a9f7263c6eea68e5e979f73,pool1g90xrq0qrgn7z9xdfpx6xlgxwedf7unrcmh2drj7j70hxr35jxk,heysoftwareinnovation.com,pool_groups_current_HEAD,pool_clusters.json group; ticker=None; balanceanalytics_group=SINGLEPOOL; adastat_group=heysoftwareinnovation.com
51c670011f289048a535f50bd5021f2779ca2fb6ee711998d5eeb6c9,pool128r8qqgl9zgy3ff4759a2qslyauu5takaec3nxx4a6mvj3ys8da,heysoftwareinnovation.com,pool_groups_current_HEAD,pool_clusters.json group; ticker=BTCAO; balanceanalytics_group=SINGLEPOOL; adastat_group=heysoftwareinnovation.com
71acb0e19dc67871621b95a967cf8a9fdbbf6943eeb65c8567f270c8,pool1wxktpcvaceu8zcsmjk5k0nu2nldm762ra6m9ept87fcvsqucdkx,heysoftwareinnovation.com,pool_groups_current_HEAD,pool_clusters.json group; ticker=IGF; balanceanalytics_group=SINGLEPOOL; adastat_group=heysoftwareinnovation.com
76ce5348012e971dff93887b4870dd8aeb0a7ffc02a25ccdf337fc1c,pool1wm89xjqp96t3mlun3pa5suxa3t4s5lluq239en0nxl7pcm5tprc,heysoftwareinnovation.com,pool_groups_current_HEAD,pool_clusters.json group; ticker=SHOP; balanceanalytics_group=SINGLEPOOL; adastat_group=heysoftwareinnovation.com
aae479cbf142052ab45880f7424b361f6e4586a2b5e30f1d1030ab8a,pool14tj8njl3ggzj4dzcsrm5yjekrahytp4zkh3s78gsxz4c55jfuzv,heysoftwareinnovation.com,pool_groups_current_HEAD,pool_clusters.json group; ticker=None; balanceanalytics_group=SINGLEPOOL; adastat_group=heysoftwareinnovation.com
ad3b67e040364beca62714b81b3c22a12de0f6f820da9ce55f1ce137,pool145ak0czqxe97ef38zjupk0pz5yk7pahcyrdfee2lrnsnwawj6dc,heysoftwareinnovation.com,pool_groups_current_HEAD,pool_clusters.json group; ticker=TIA; balanceanalytics_group=SINGLEPOOL; adastat_group=heysoftwareinnovation.com
5d40561d8649feb355fec02ce04616823603d335a16408263533f062,pool1t4q9v8vxf8ltx407cqkwq3sksgmq85e459jqsf34x0cxyfaqljw,icecoldstakepool.com,pool_groups_current_HEAD,pool_clusters.json group; ticker=None; balanceanalytics_group=SINGLEPOOL; adastat_group=icecoldstakepool.com
ba0a426443de9b0fb8a0f6bd3a2ffc782cac618dad8a5ae98cf13686,pool1hg9yyezrm6dslw9q767n5tlu0qk2ccvd4k9946vv7ymgvsvnttf,icecoldstakepool.com,pool_groups_current_HEAD,pool_clusters.json group; ticker=None; balanceanalytics_group=SINGLEPOOL; adastat_group=icecoldstakepool.com
36eb3efd97891be08b02f8cf57565f1136e00e70bfc2c3bf87868593,pool1xm4nalvh3yd7pzczlr84w4jlzymwqrnshlpv80u8s6zex997kc6,infstones.io,pool_groups_current_HEAD,pool_clusters.json group; ticker=None; balanceanalytics_group=SINGLEPOOL; adastat_group=infstones.io
9cd2e5e69fb8ce334899af4fb3d86ba261cd260a444a8d6300796600,pool1nnfwte5lhr8rxjye4a8m8krt5fsu6fs2g39g6ccq09nqqf8sekw,infstones.io,pool_groups_current_HEAD,pool_clusters.json group; ticker=None; balanceanalytics_group=SINGLEPOOL; adastat_group=infstones.io
1e255b3a33c852170f5052c48044d1cedd5a4caea1dfa8c8a7bc4e38,,iohk.io,pool_groups_2020_11_27_793e6094,pool_list.json cluster_name; ticker=IOG8; name=Input Output Global (IOHK) - 8
288ecda1ab853f05d8e2a7f07da051e9e5742218824b82219c13d8be,,iohk.io,pool_groups_2020_11_27_793e6094,pool_list.json cluster_name; ticker=IOG9; name=Input Output Global (IOHK) - 9
2cc6046dce11cdc2c4bcf8616e588a002828e99592e6ec434500fc62,,iohk.io,pool_groups_2020_11_27_793e6094,pool_list.json cluster_name; ticker=IOG13; name=Input Output Global (IOHK) - 13
31f92814e82bdb8bb8f6673dc3c8535b6faa6b91f692cf0d9a564f59,,iohk.io,pool_groups_2020_11_27_793e6094,pool_list.json cluster_name; ticker=IOG11; name=Input Output Global (IOHK) - 11
5c509eb80b85bb3c2b80be62d6eb3814dcdcf762c1d2ca2446a6e4c9,,iohk.io,pool_groups_2020_11_27_793e6094,pool_list.json cluster_name; ticker=Jumbo; name=Jumbo Stake
6a51e46b9a63215eb3de48d29a2542cc853dcb6c5e5d730888a5e21a,,iohk.io,pool_groups_2020_11_27_793e6094,pool_list.json cluster_name; ticker=IOG6; name=Input Output Global (IOHK) - 6
767f8ab17702eccc2559af5a2e95f30e83e67b156eedb4d35e744c3f,,iohk.io,pool_groups_2020_11_27_793e6094,pool_list.json cluster_name; ticker=IOG12; name=Input Output Global (IOHK) - 12
7b5d25dfd9825d4461f1d339afeb109b27acfc1d33db1b5cebd50662,,iohk.io,pool_groups_2020_11_27_793e6094,pool_list.json cluster_name; ticker=IOG2; name=Input Output Global (IOHK) - 2
8d9bab6b4318ef0bd605098aa0189b80ed2c48918ebe141deb5c4ffb,,iohk.io,pool_groups_2020_11_27_793e6094,pool_list.json cluster_name; ticker=IOG20; name=Input Output Global (IOHK) - 20
92a868fd1c016880bd6b3cd0a9ba291173d5075d3959b4252d76aef1,,iohk.io,pool_groups_2020_11_27_793e6094,pool_list.json cluster_name; ticker=IOG19; name=Input Output Global (IOHK) - 19
9cf0db42fb01262647f968ff3ece9550323c26b73988d9489fb21e6e,,iohk.io,pool_groups_2020_11_27_793e6094,pool_list.json cluster_name; ticker=IOG14; name=Input Output Global (IOHK) - 14
a8c2869b1d723c29018f37fc58cefbfe7da9e874b033192b6c659a8a,,iohk.io,pool_groups_2020_11_27_793e6094,pool_list.json cluster_name; ticker=YASP; name=Yet Another Stake Pool
c08e14eb91d967a8541f2cc686d106aac49f8ea57608fc70949d561e,,iohk.io,pool_groups_2020_11_27_793e6094,pool_list.json cluster_name; ticker=IOG5; name=Input Output Global (IOHK) - 5
c0907ec5088c7bc95ad8495c398ce24d4002826f18ed77d79b1a34fb,,iohk.io,pool_groups_2020_11_27_793e6094,pool_list.json cluster_name; ticker=IOG4; name=Input Output Global (IOHK) - 4
d01a7310556c271450466996c1aa91e1e41278d89d78b2b0aae214f4,,iohk.io,pool_groups_2020_11_27_793e6094,pool_list.json cluster_name; ticker=IOG7; name=Input Output Global (IOHK) - 7
e0337098957416ab539aabdcd59568d81ad56bef6f6e83263f9f9f28,,iohk.io,pool_groups_2020_11_27_793e6094,pool_list.json cluster_name; ticker=IOG10; name=Input Output Global (IOHK) - 10
e10ee86a38d8a3e47793b5f99b926c1d7af276ce5118f62650f3eb15,,iohk.io,pool_groups_2020_11_27_793e6094,pool_list.json cluster_name; ticker=IOG16; name=Input Output Global (IOHK) - 16
ef1083ee689025b30ce2205a0379fad275e05312c71c9f44f2efb102,,iohk.io,pool_groups_2020_11_27_793e6094,pool_list.json cluster_name; ticker=IOG3; name=Input Output Global (IOHK) - 3
f30d745ccb53957c1f05ad3265380177f028959ae6229c1980fceb48,,iohk.io,pool_groups_2020_11_27_793e6094,pool_list.json cluster_name; ticker=IOG15; name=Input Output Global (IOHK) - 15
f3e279601a335129bcd091bdbf1466a287e8730072c74929ebb2a2ea,,iohk.io,pool_groups_2020_11_27_793e6094,pool_list.json cluster_name; ticker=IOG17; name=Input Output Global (IOHK) - 17
fc52cf8badb52e8f1dc48e62fac0ab3ae4234f85d2b2a4ffcb01cca2,,iohk.io,pool_groups_2020_11_27_793e6094,pool_list.json cluster_name; ticker=IOG18; name=Input Output Global (IOHK) - 18
032cd96779710e1bdc766de1896277896be4d3b9aa86d4caccd22c8b,pool1qvkdjemewy8phhrkdhscjcnh3947f5ae42rdfjkv6gkgkjtlfsg,irota1.github.io,pool_groups_current_HEAD,pool_clusters.json group; ticker=RANMA; balanceanalytics_group=SINGLEPOOL; adastat_group=irota1.github.io
bd87416177933138a533c62b205a98598c91da3ebfb8d6826c336b8e,pool1hkr5zcthjvcn3ffncc4jqk5ctxxfrk37h7uddqnvxd4cu872nrt,irota1.github.io,pool_groups_current_HEAD,pool_clusters.json group; ticker=PONTA; balanceanalytics_group=SINGLEPOOL; adastat_group=irota1.github.io
7d08f3a51f2f90aa501e6167679bdd010dd063fc6655235d0eceedd3,pool105y08fgl97g255q7v9nk0x7aqyxaqcluve2jxhgwemkaxkeyd82,jonysarker.zil,pool_groups_current_HEAD,pool_clusters.json group; ticker=None; balanceanalytics_group=None; adastat_group=jonysarker.zil
859616e463fedd371ffed17a00277b62a13573ab0d46511eb75af564,pool1sktpderrlmwnw8l769aqqfmmv2sn2uatp4r9z84htt6kg7jauyn,jonysarker.zil,pool_groups_current_HEAD,pool_clusters.json group; ticker=None; balanceanalytics_group=SINGLEPOOL; adastat_group=jonysarker.zil
c20af20c5096b763d64202f50447682a0c6d26af5dbc9b299ee1034c,pool1cg90yrzsj6mk84jzqt6sg3mg9gxx6f40tk7fk2v7uyp5cxw02wf,jonysarker.zil,pool_groups_current_HEAD,pool_clusters.json group; ticker=None; balanceanalytics_group=SINGLEPOOL; adastat_group=jonysarker.zil
2e13b2163dc0e4a2abeebf6cfff4c3face79b7bc87e29bb500387163,pool19cfmy93acrj292lwhak0laxrlt88ndausl3fhdgq8pckxnxc6le,jotunn.com,pool_groups_current_HEAD,pool_clusters.json group; ticker=None; balanceanalytics_group=None; adastat_group=jotunn.com
4cf43155f03d63c8a5cbbd8f9e827aeaef1179c848ef36c2dc16e1f1,pool1fn6rz40s843u3fwthk8eaqn6ath3z7wgfrhndskuzmslzxgtv50,jotunn.com,pool_groups_current_HEAD,pool_clusters.json group; ticker=None; balanceanalytics_group=None; adastat_group=jotunn.com
82063911328f24200d0b40d74834b3fb2025ecdb8aba6f157fe55172,pool1sgrrjyfj3ujzqrgtgrt5sd9nlvsztmxm32ax79tlu4ghy58ps7q,jotunn.com,pool_groups_current_HEAD,pool_clusters.json group; ticker=None; balanceanalytics_group=None; adastat_group=jotunn.com
fe7e9077891fb7bdb6dde81a7cf8fdf6958d35bf1ced6ee436b79f32,pool1lelfqaufr7mmmdkaaqd8e78a762c6ddlrnkkaepkk70nyp7ku25,jotunn.com,pool_groups_current_HEAD,pool_clusters.json group; ticker=None; balanceanalytics_group=None; adastat_group=jotunn.com
3db67f65e86b0426a58ab605840c99dc9737f2fbb735a0727de605cf,,kanjijin.iptime.org,pool_groups_2020_11_27_793e6094,pool_list.json cluster_name; ticker=KPOP; name=🚀★★★★★KPOP MUSIC
b3340687ad134eb5a7c6d3f83b9d8c8da8c52ef5e421a808212b6986,,kanjijin.iptime.org,pool_groups_2020_11_27_793e6094,pool_list.json cluster_name; ticker=MUSIC; name=🚀★★★★★KPOP MUSIC
3448894f1507bb66d7a60dc225fce74f0f650d7a5f0dcc407bbe7cb6,,kibloc.com,pool_groups_2020_11_27_793e6094,pool_list.json cluster_name; ticker=KIBC1; name=KiBloc Stake Pool #1
7c50cd5f07e18ab673d42f9353bf49e9059230735043189e6d12d1fd,,kibloc.com,pool_groups_2020_11_27_793e6094,pool_list.json cluster_name; ticker=KIBC2; name=KiBloc Stake Pool #2
50251007aac763201e72d068184866f1b9e6b25b550c3ed20f818c18,pool12qj3qpa2ca3jq8nj6p5psjrx7xu7dvjm25xra5s0sxxps4qx7c8,l3labs.org,pool_groups_current_HEAD,pool_clusters.json group; ticker=None; balanceanalytics_group=SINGLEPOOL; adastat_group=l3labs.org
d0c7cae9b825957a024e0691333b9b6c8e2b4a53b99ab6071f200f7d,pool16rru46dcyk2h5qjwq6gnxwumdj8zkjjnhxdtvpclyq8h6q9apua,l3labs.org,pool_groups_current_HEAD,pool_clusters.json group; ticker=None; balanceanalytics_group=SINGLEPOOL; adastat_group=l3labs.org
93c90a47c709cbac872983c0acdcd1b94636d51c0b631eb6c2ef9110,pool1j0ys5378p896epefs0q2ehx3h9rrd4gupd33adkza7g3q02f6np,laobai.io,pool_groups_current_HEAD,pool_clusters.json group; ticker=NOUSE; balanceanalytics_group=SINGLEPOOL; adastat_group=laobai.io
bff85db7784bf65d82c0f7426813bfbb5531bfc3012f73ed03ec5c2b,pool1hlu9mdmcf0m9mqkq7apxsyalhd2nr07rqyhh8mgra3wzkva2d3p,laobai.io,pool_groups_current_HEAD,pool_clusters.json group; ticker=LBP; balanceanalytics_group=None; adastat_group=laobai.io
0f0312f2d1696ff3b11163f2c9c6e6b1888b760fec3369a3c62e026a,pool1pup39uk3d9hl8vg3v0evn3hxkxygkas0asekng7x9cpx5f2r6d6,linkberry.info,pool_groups_current_HEAD,pool_clusters.json group; ticker=None; balanceanalytics_group=SINGLEPOOL; adastat_group=linkberry.info
6d54378bf38d98cc52aea96b4f468898f7a8d3b03de47112275c8237,pool1d42r0zln3kvvc54w4945735gnrm635as8hj8zy38tjprw2l49rd,linkberry.info,pool_groups_current_HEAD,pool_clusters.json group; ticker=None; balanceanalytics_group=SINGLEPOOL; adastat_group=linkberry.info
73e07624a0864a77b39f4404ce41d13bdedd37f8f3adc80dfd0305f1,pool1w0s8vf9qse980vulgszvusw3800d6dlc7wkusr0aqvzlz75qgqg,linkberry.info,pool_groups_current_HEAD,pool_clusters.json group; ticker=LIBE; balanceanalytics_group=SINGLEPOOL; adastat_group=linkberry.info
23eba99f91e0a9454f77115c6f498a44cbf22c8c77e6bcaec4eb180a,pool1y046n8u3uz552nmhz9wx7jv2gn9lytyvwlntetkyavvq52nzqzs,linkedin.com,pool_groups_current_HEAD,pool_clusters.json group; ticker=PRIME; balanceanalytics_group=SINGLEPOOL; adastat_group=linkedin.com
f78dcf516c5381312b083f8a4cda0edc5c0031c940afcfd91f1a6d08,pool177xu75tv2wqnz2cg879yekswm3wqqvwfgzhulkglrfksslsyj9r,linkedin.com,pool_groups_current_HEAD,pool_clusters.json group; ticker=PUP; balanceanalytics_group=SINGLEPOOL; adastat_group=linkedin.com
14eae9da8ab6d322176ea88f40e9d32d843996bf2de88240e35594ea,pool1zn4wnk52kmfjy9mw4z85p6wn9kzrn94l9h5gys8r2k2w57mdnhh,linktr.ee,pool_groups_current_HEAD,pool_clusters.json group; ticker=ENVY; balanceanalytics_group=SINGLEPOOL; adastat_group=linktr.ee
6658713e2cbfa4e347691a0435953f5acbe9f03d330e94caa3a0cfb4,pool1vev8z03vh7jwx3mfrgzrt9fltt97nupaxv8ffj4r5r8mgwts5ze,linktr.ee,pool_groups_current_HEAD,pool_clusters.json group; ticker=ADAOZ; balanceanalytics_group=SINGLEPOOL; adastat_group=linktr.ee
1a9552feaf6e4f3fcbdee7bc4158f637e3d656cf28970763804e4c2c,pool1r2249l40de8nlj77u77yzk8kxl3av4k09ztswcuqfexzcxwx3k8,lucky-pool.com,pool_groups_current_HEAD,pool_clusters.json group; ticker=LUCK2; balanceanalytics_group=SINGLEPOOL; adastat_group=lucky-pool.com
201d1c1b07c1591ac5f4c605481a83ae3cb33ea1bd5ca31e6abe057e,pool1yqw3cxc8c9v34305ccz5sx5r4c7tx04ph4w2x8n2hczhurt9j0h,lucky-pool.com,pool_groups_current_HEAD,pool_clusters.json group; ticker=None; balanceanalytics_group=SINGLEPOOL; adastat_group=lucky-pool.com
358e65be9fc5a30d9f4413b8a32070c8debf22b210d80bda05e15685,pool1xk8xt05lck3sm86yzwu2xgrser0t7g4jzrvqhks9u9tg2tca52s,lucky-pool.com,pool_groups_current_HEAD,pool_clusters.json group; ticker=None; balanceanalytics_group=SINGLEPOOL; adastat_group=lucky-pool.com
4194112bdb4702d01263a5614f48790e23351c867bbe67ca840dbb4a,,lucky-pool.com,pool_groups_2020_11_27_793e6094,pool_list.json cluster_name; ticker=LUCKY; name=Lucky Pool
3f4ecbaff81796fdf6fb4b7e8586100b3b9d2b281163a945abf24a4b,pool18a8vhtlcz7t0mahmfdlgtpsspvae62egz936j3dt7f9ykr4j2av,mattsmith1980.github.io,pool_groups_current_HEAD,pool_clusters.json group; ticker=None; balanceanalytics_group=SINGLEPOOL; adastat_group=mattsmith1980.github.io
88f1026007bbcf42279edc6153a0092a20642b4909ca057b31ff8e7b,pool13rcsycq8h085yfu7m3s48gqf9gsxg26fp89q27e3l788k8xa4ea,mattsmith1980.github.io,pool_groups_current_HEAD,pool_clusters.json group; ticker=None; balanceanalytics_group=SINGLEPOOL; adastat_group=mattsmith1980.github.io
15a500a4ae7a375347deaf879a65d54a481de9073005734b3c85fdf3,,milpools.com,pool_groups_2020_11_27_793e6094,pool_list.json cluster_name; ticker=USAF; name=Milpools
1b6f9f775b3605816ccb3a8d5a8d46aad8cd2f675c0712cd9fa0bca6,,milpools.com,pool_groups_2020_11_27_793e6094,pool_list.json cluster_name; ticker=USSF; name=Milpools
52a547cce776ff015648b97080f66ff8b16dd4216ed63f455f96455c,,milpools.com,pool_groups_2020_11_27_793e6094,pool_list.json cluster_name; ticker=ARMY; name=Milpools
babef0287d7b2f5c611c4e8ac933df20f3931c66357fa05c1799267c,,milpools.com,pool_groups_2020_11_27_793e6094,pool_list.json cluster_name; ticker=USCG; name=Milpools
126ee7508a3ae2f88b5c2022eaf836ba766738ad84ce560ccbc87e85,pool1zfhww5y28t303z6uyq3w47pkhfmxww9dsn89vrxteplg2zjkekl,moomanchoo.github.io,pool_groups_current_HEAD,pool_clusters.json group; ticker=CARE4; balanceanalytics_group=SINGLEPOOL; adastat_group=moomanchoo.github.io
9138b6f09e8e69c29fdee4e11b147b7ad351aab23fc73a9976907f10,pool1jyutduy73e5u9877uns3k9rm0tf4r24j8lrn4xtkjpl3q5sn5mw,moomanchoo.github.io,pool_groups_current_HEAD,pool_clusters.json group; ticker=KOALA; balanceanalytics_group=SINGLEPOOL; adastat_group=moomanchoo.github.io
7819a909acddb9f4c142c6cd2b0c51ad1ce1ba123b5ffbb009d2d123,,mrvl-staking.com,pool_groups_2020_11_27_793e6094,pool_list.json cluster_name; ticker=MRVL2; name=MRVL_Ironman
d97b3167a89cdd7badd78b3f661e24b93550d84aab64c1c918ce2532,,mrvl-staking.com,pool_groups_2020_11_27_793e6094,pool_list.json cluster_name; ticker=MRVL1; name=MRVL_The_Hulk
6932f83b5765659cf9d9da31a6ccd7e839c17a06b596252c3b566d88,pool1dye0sw6hv4jee7wemgc6dnxhaquuz7sxkktz2tpm2ekcsqyyj9l,mtrxpools.com,pool_groups_current_HEAD,pool_clusters.json group; ticker=XMEGA; balanceanalytics_group=SINGLEPOOL; adastat_group=mtrxpools.com
bd17f6db0e4ac339ba552216969d70d6cd6c31e0266055f365b98caf,pool1h5tldkcwftpnnwj4ygtfd8ts6mxkcv0qyes9tum9hxx27zrjzpf,mtrxpools.com,pool_groups_current_HEAD,pool_clusters.json group; ticker=ZION; balanceanalytics_group=SINGLEPOOL; adastat_group=mtrxpools.com
06404fda219e66c5c655df6ea6f5389b6373f311482ec48866f99313,pool1qeqylk3pnenvt3j4mah2dafcnd3h8uc3fqhvfzrxlxf3xuvdvvp,no-tax.biz,pool_groups_current_HEAD,pool_clusters.json group; ticker=LILIE; balanceanalytics_group=SINGLEPOOL; adastat_group=no-tax.biz
974999446e4d0934ef7cf50f1345ca97a2dc65ab4fd13e89b912671b,pool1jayej3rwf5ynfmmu7583x3w2j73dcedtflgnazdezfn3kl6062x,no-tax.biz,pool_groups_current_HEAD,pool_clusters.json group; ticker=TAX; balanceanalytics_group=SINGLEPOOL; adastat_group=no-tax.biz
47bd4f01cc708209c6864981bbedd1988e6c9c780af8003acc8e122b,pool1g7757qwvwzpqn35xfxqmhmw3nz8xe8rcptuqqwkv3cfzk38gedd,nodeprime2023.github.io,pool_groups_current_HEAD,pool_clusters.json group; ticker=eth2s; balanceanalytics_group=SINGLEPOOL; adastat_group=nodeprime2023.github.io
d7def8bcab6805d2e9fa1fd6058c1991bcbc0d50774fa90f62ad0ab3,pool16l00309tdqza9606rltqtrqejx7tcr2swa86jrmz459txfnkgq7,nodeprime2023.github.io,pool_groups_current_HEAD,pool_clusters.json group; ticker=None; balanceanalytics_group=SINGLEPOOL; adastat_group=nodeprime2023.github.io
a79511ed32291c73925164af7aa4ea37dd600dcbbed0ef144bd33dcb,pool15723rmfj9yw88yj3vjhh4f82xlwkqrwthmgw79zt6v7ukx3zv2y,pest39.github.io,pool_groups_current_HEAD,pool_clusters.json group; ticker=None; balanceanalytics_group=SINGLEPOOL; adastat_group=pest39.github.io
d09215fee2381af15f89451cf2e035a8f7479971d86ee5a8ffae0cea,pool16zfptlhz8qd0zhufg5w09cp44rm50xt3mphwt28l4cxw55ewvh0,pest39.github.io,pool_groups_current_HEAD,pool_clusters.json group; ticker=None; balanceanalytics_group=SINGLEPOOL; adastat_group=pest39.github.io
3803789872b360fb916920c7b7cdc6b28bcf3c11b88ed500541f1fce,pool18qph3xrjkds0hytfyrrm0nwxk29u70q3hz8d2qz5ru0uul04v4f,pilo20.github.io,pool_groups_current_HEAD,pool_clusters.json group; ticker=CABAL; balanceanalytics_group=SINGLEPOOL; adastat_group=pilo20.github.io
88ad8407d0ca94fae8254604b29fbc2c5ae3d00a47b7117664ad849d,pool13zkcgp7se22046p9gczt98au93dw85q2g7m3zany4kzf66y46x0,pilo20.github.io,pool_groups_current_HEAD,pool_clusters.json group; ticker=TERO; balanceanalytics_group=SINGLEPOOL; adastat_group=pilo20.github.io
002215ea4fa2c828b15ed36c3a48348f3cfd40e1a99ccdab956de396,,planetstake.com,pool_groups_2020_11_27_793e6094,pool_list.json cluster_name; ticker=PS1; name=🌎 PLANETSTAKE
48cdc5d38323c6ac7d0160dedcbbf0661518a57e4699e618fb86424a,pool1frxut5ury0r2clgpvr0dewlsvc233ft7g6v7vx8msepy5068evn,poolpros.tech,pool_groups_current_HEAD,pool_clusters.json group; ticker=None; balanceanalytics_group=SINGLEPOOL; adastat_group=poolpros.tech
7fe4d9c44e85fcc958c9d2d547d551fd004a9fc63c60bf6cfda46461,pool10ljdn3zwsh7vjkxf6t250423l5qy487x83st7m8a53jxznrkw5g,poolpros.tech,pool_groups_current_HEAD,pool_clusters.json group; ticker=None; balanceanalytics_group=SINGLEPOOL; adastat_group=poolpros.tech
4b90a31c2e719991a5ee02ed10cc0b23bfdb973b891c465e16ea59ba,,publicwifiproject.com,pool_groups_2020_11_27_793e6094,pool_list.json cluster_name; ticker=PWP; name=PublicWifiProject
6b72593332d4c75201339fcd42366f8e84cf106f29c950a810f61935,,publicwifiproject.com,pool_groups_2020_11_27_793e6094,pool_list.json cluster_name; ticker=PWP; name=Public WiFi Project
639e30418933e68c2fc84efe2a4959aa3a1d41a50b87bceeeda9cf92,pool1vw0rqsvfx0ngct7gfmlz5j2e4gap6sd9pwrmemhd488eyxvm88r,ravens.network,pool_groups_current_HEAD,pool_clusters.json group; ticker=None; balanceanalytics_group=SINGLEPOOL; adastat_group=ravens.network
aef9b993cb2fea46cac0b7fe4f98426392f851792b39206567566029,pool14mumny7t9l4ydjkqkllylxzzvwf0s5te9vujqet82eszj3d6ccm,ravens.network,pool_groups_current_HEAD,pool_clusters.json group; ticker=None; balanceanalytics_group=SINGLEPOOL; adastat_group=ravens.network
bf7b4a1a2f80cba111c23e05280df5050fe2fadf2660e7a28f156429,,razorblock52.io,pool_groups_2020_11_27_793e6094,pool_list.json cluster_name; ticker=BLADE; name=RazorBlock52 Stake Pool
6c1c1fc2b1e3e1ac056f6dd4dd4c3b78e66bd01896ca6e98a4d2431e,pool1dswpls43u0s6cpt0dh2d6npm0rnxh5qcjm9xax9y6fp3uq880xm,relaypool.com,pool_groups_current_HEAD,pool_clusters.json group; ticker=None; balanceanalytics_group=SINGLEPOOL; adastat_group=relaypool.com
cf306645133fec58a43c6d1b49d327f4c6f92b8d64e53d94a03e403e,pool1eucxv3gn8lk93fpud5d5n5e87nr0j2udvnjnm99q8eqrucmj25d,relaypool.com,pool_groups_current_HEAD,pool_clusters.json group; ticker=ECHO; balanceanalytics_group=None; adastat_group=relaypool.com
5e30b808b2ce2b4e22d8f9fe4b1d0279210d7a989875147440eff0e8,pool1tcctsz9jec45ugkcl8lyk8gz0yss675cnp63gazqalcwsx2dr37,republiccrypto.com,pool_groups_current_HEAD,pool_clusters.json group; ticker=None; balanceanalytics_group=SINGLEPOOL; adastat_group=republiccrypto.com
f39a0c4f46913713bbe32696ae7fef7a51e45c19935e6e12a153db22,pool17wdqcn6xjym38wlry6t2ull00fg7ghqejd0xuy4p20djyua800c,republiccrypto.com,pool_groups_current_HEAD,pool_clusters.json group; ticker=None; balanceanalytics_group=SINGLEPOOL; adastat_group=republiccrypto.com
68015e22c3b05d71f48a11e4cb1e6c986608a37142a0b155dbe43a1d,pool1dqq4ugkrkpwhray2z8jvk8nvnpnq3gm3g2stz4wmusap6tkuclw,rhoenpool.org,pool_groups_current_HEAD,pool_clusters.json group; ticker=None; balanceanalytics_group=SINGLEPOOL; adastat_group=rhoenpool.org
fd2b9830f7a1a43217708c815dcd352b1cb89386fd12de343e905a65,pool1l54esv8h5xjry9ms3jq4mnf49vwt3yuxl5fdudp7jpdx2swuaah,rhoenpool.org,pool_groups_current_HEAD,pool_clusters.json group; ticker=None; balanceanalytics_group=SINGLEPOOL; adastat_group=rhoenpool.org
3ed0c5c6d486e8c9c2ab073d502df1d2dcf22f233704a14b02f80658,pool18mgvt3k5sm5vns4tqu74qt036tw0yterxuz2zjczlqr9saeas9f,sanada.eco,pool_groups_current_HEAD,pool_clusters.json group; ticker=AMB; balanceanalytics_group=SINGLEPOOL; adastat_group=sanada.eco
54da9f3a89aa5b3f5750a0bfd257b93331094f139ee4e484e9effb0c,pool12ndf7w5f4fdn746s5zlay4aexvcsjncnnmjwfp8falascjqav3y,sanada.eco,pool_groups_current_HEAD,pool_clusters.json group; ticker=SAMON; balanceanalytics_group=SINGLEPOOL; adastat_group=sanada.eco
ac66c8efb8edba3991576235e421ef0524ab351a22598de520de7b16,pool143nv3macakarny2hvg67gg00q5j2kdg6yfvcmefqmea3vnj0nex,sanada.eco,pool_groups_current_HEAD,pool_clusters.json group; ticker=AND; balanceanalytics_group=SINGLEPOOL; adastat_group=sanada.eco
dc1227b22418bf1b527286caae3a85c2614e643d942bdd28664ee86b,pool1msfz0v3yrzl3k5njsm92uw59cfs5uepajs4a62rxfm5xke9d2zr,sman8.github.io,pool_groups_current_HEAD,pool_clusters.json group; ticker=None; balanceanalytics_group=SINGLEPOOL; adastat_group=sman8.github.io
ec736597797c68044b8fccd4e895929c0a842f2e9e0a9e221b0a3026,pool1a3ekt9me035qgju0en2w39vjns9ggtewnc9fugsmpgczvgtl6u9,sman8.github.io,pool_groups_current_HEAD,pool_clusters.json group; ticker=SA8; balanceanalytics_group=SINGLEPOOL; adastat_group=sman8.github.io
09fb1967afb51dea96497c963f033919ccbb946f10cf65ec3ea5f203,,stag-digital.webflow.io,pool_groups_2020_11_27_793e6094,pool_list.json cluster_name; ticker=STAG; name=Stag Digital
9b7854859e08f61d0f56547e2369380cbecbeb81fc5c745fed242baf,,stag-digital.webflow.io,pool_groups_2020_11_27_793e6094,pool_list.json cluster_name; ticker=STAG; name=Stag Digital
4c42b9e5820a1d23455d17a9cf4d77a151601b34bd01f69f5d3b36f9,pool1f3ptnevzpgwjx32az75u7nth59gkqxe5h5qld86a8vm0j5jrms3,stake1u9p5futnwvavsgu3cn0dmnhctgeclvsrj60yj9jpj7dwpmswjudcm,pool_groups_current_HEAD,pool_clusters.json group; ticker=None; balanceanalytics_group=SINGLEPOOL; adastat_group=stake1u9p5futnwvavsgu3cn0dmnhctgeclvsrj60yj9jpj7dwpmswjudcm
d7447cc02f0206b8b1d30837354d428dfd3c9877dd41339863ac1b0d,pool16az8esp0qgrt3vwnpqmn2n2z3h7nexrhm4qn8xrr4sds6tj0dxa,stake1u9p5futnwvavsgu3cn0dmnhctgeclvsrj60yj9jpj7dwpmswjudcm,pool_groups_current_HEAD,pool_clusters.json group; ticker=None; balanceanalytics_group=SINGLEPOOL; adastat_group=stake1u9p5futnwvavsgu3cn0dmnhctgeclvsrj60yj9jpj7dwpmswjudcm
406b6945cf5990696f2aa542824a8483bdbe1a1cdf329163dcc84baf,pool1gp4kj3w0txgxjme254pgyj5ysw7muxsumuefzc7uep9673nsrvc,stake1u9y4vg2xydarwuuqg4q4r9n5clmxqeekszrvwh9z3klnxhswsr3pg,pool_groups_current_HEAD,pool_clusters.json group; ticker=None; balanceanalytics_group=None; adastat_group=stake1u9y4vg2xydarwuuqg4q4r9n5clmxqeekszrvwh9z3klnxhswsr3pg
f34dafb694ad4334271576b23cf9e716e48ef9db25b39f82e05d561b,pool17dx6ld5544pngfc4w6ere708zmjga7wmykeelqhqt4tpkjcpup2,stake1u9y4vg2xydarwuuqg4q4r9n5clmxqeekszrvwh9z3klnxhswsr3pg,pool_groups_current_HEAD,pool_clusters.json group; ticker=None; balanceanalytics_group=SINGLEPOOL; adastat_group=stake1u9y4vg2xydarwuuqg4q4r9n5clmxqeekszrvwh9z3klnxhswsr3pg
3608772c43d89b71aa0094b67065f7198756e15114185db539476eca,pool1xcy8wtzrmzdhr2sqjjm8qe0hrxr4dc23zsv9mdfegahv5t0jud9,stake1uxe76ya02jjg29ecz6r0s7069d5c2ct9sfnu46dlgk5xwec2suv6t,pool_groups_current_HEAD,pool_clusters.json group; ticker=None; balanceanalytics_group=SINGLEPOOL; adastat_group=stake1uxe76ya02jjg29ecz6r0s7069d5c2ct9sfnu46dlgk5xwec2suv6t
94f301e31579d6f13622eb6c65261aa71010d9895e3f9fb5ebc3e4a6,pool1jnesrcc408t0zd3zadkx2fs65ugppkvftcleld0tc0j2v7zsvej,stake1uxe76ya02jjg29ecz6r0s7069d5c2ct9sfnu46dlgk5xwec2suv6t,pool_groups_current_HEAD,pool_clusters.json group; ticker=None; balanceanalytics_group=None; adastat_group=stake1uxe76ya02jjg29ecz6r0s7069d5c2ct9sfnu46dlgk5xwec2suv6t
03e5b1d3dc6da6101ed402d0ba310d900a110c59627472eb4e34ce24,pool1q0jmr57udknpq8k5qtgt5vgdjq9pzrzevf68966wxn8zgz7qy3w,stake1uxf5wzv8vcjxzra466jtlnuhankg48nclr9m3tfv8dvt6ss23h0hm,pool_groups_current_HEAD,pool_clusters.json group; ticker=EPOCH; balanceanalytics_group=SINGLEPOOL; adastat_group=stake1uxf5wzv8vcjxzra466jtlnuhankg48nclr9m3tfv8dvt6ss23h0hm
dc31fffacd510b8a6accf2eecf59852ba4c18fcae383be5c37efd721,pool1mscll7kd2y9c56kv7thv7kv99wjvrr72uwpmuhphaltjz0pkuqa,stake1uxf5wzv8vcjxzra466jtlnuhankg48nclr9m3tfv8dvt6ss23h0hm,pool_groups_current_HEAD,pool_clusters.json group; ticker=RARE; balanceanalytics_group=SINGLEPOOL; adastat_group=stake1uxf5wzv8vcjxzra466jtlnuhankg48nclr9m3tfv8dvt6ss23h0hm
2eb2747b2ce1127ac85540f49a9bb8e377c09a11eb62a8d8662e6a68,pool196e8g7evuyf84jz4gr6f4xacudmupxs3ad323krx9e4xse6cf8y,stake1uxfxeju3023qv9q0xtgs0pwx43dc75khwx0kj5ck30hnqwsldzk0g,pool_groups_current_HEAD,pool_clusters.json group; ticker=None; balanceanalytics_group=SINGLEPOOL; adastat_group=stake1uxfxeju3023qv9q0xtgs0pwx43dc75khwx0kj5ck30hnqwsldzk0g
9ca1acc82c6d971c673ee1f3601393df13b3aa521e6eb455466a8fbf,pool1njs6ejpvdkt3cee7u8ekqyunmufm82jjrehtg42xd28m7zhzn5v,stake1uxfxeju3023qv9q0xtgs0pwx43dc75khwx0kj5ck30hnqwsldzk0g,pool_groups_current_HEAD,pool_clusters.json group; ticker=SSCC; balanceanalytics_group=SINGLEPOOL; adastat_group=stake1uxfxeju3023qv9q0xtgs0pwx43dc75khwx0kj5ck30hnqwsldzk0g
d1b58b2754899bcd0db7d999c8e68f47db715b431b4ad81f56870be9,pool16x6ckf653xdu6rdhmxvu3e50gldhzk6rrd9ds86ksu97jexw7m8,stake1uxsmpj9cgv89ypd5grrgaycsk08x4zdhjxtdlcerjq7g3kcp975cj,pool_groups_current_HEAD,pool_clusters.json group; ticker=None; balanceanalytics_group=None; adastat_group=stake1uxsmpj9cgv89ypd5grrgaycsk08x4zdhjxtdlcerjq7g3kcp975cj
e523d0b6e3cdca996ccb1e1668db22bc9bcc576a4fb096bca46f83a9,pool1u53apdhreh9fjmxtrctx3kezhjduc4m2f7cfd09yd7p6jkc6k2z,stake1uxsmpj9cgv89ypd5grrgaycsk08x4zdhjxtdlcerjq7g3kcp975cj,pool_groups_current_HEAD,pool_clusters.json group; ticker=None; balanceanalytics_group=SINGLEPOOL; adastat_group=stake1uxsmpj9cgv89ypd5grrgaycsk08x4zdhjxtdlcerjq7g3kcp975cj
a38388384df50e8d136f454d1d9b44d5f71ee186535fc04491168d39,pool15wpcswzd758g6ym0g4x3mx6y6hm3acvx2d0uq3y3z6xnj0eajkg,stake1uy5xgc54nu6l8a0qrxgwxaen4x2w30j37ff88803992zz6sgat5sa,pool_groups_current_HEAD,pool_clusters.json group; ticker=None; balanceanalytics_group=None; adastat_group=stake1uy5xgc54nu6l8a0qrxgwxaen4x2w30j37ff88803992zz6sgat5sa
e821f84fae1694a0b4f1d79688715d5a771fa2c5361aea0ef1c68681,pool1aqslsnawz622pd8367tgsu2atfm3lgk9xcdw5rh3c6rgzca33yq,stake1uy5xgc54nu6l8a0qrxgwxaen4x2w30j37ff88803992zz6sgat5sa,pool_groups_current_HEAD,pool_clusters.json group; ticker=None; balanceanalytics_group=SINGLEPOOL; adastat_group=stake1uy5xgc54nu6l8a0qrxgwxaen4x2w30j37ff88803992zz6sgat5sa
0014cda8c1c48b64d542ae26e8b65d9e1953c0d5562ee620d6900f4c,,stakeadacoins.io,pool_groups_2020_11_27_793e6094,pool_list.json cluster_name; ticker=CROWN; name=CROWN Stake Pool
fb83ad3fa6705ac82d7bc5bb10a7a6d792d964d2a55afbbe419d9d4c,,stakeadacoins.io,pool_groups_2020_11_27_793e6094,pool_list.json cluster_name; ticker=VENOX; name=VENOX Stake Pool
208f5223e03f39deb009b86e3559580cfa2ba7ba5f15a5c306613102,,starpool.cc,pool_groups_2020_11_27_793e6094,pool_list.json cluster_name; ticker=STAR2; name=⭐ Star Pool - #2 ⭐
91a50bb569c06d0a278cbb9cbd554119658ce7d59eaae6bd548bf058,,starpool.cc,pool_groups_2020_11_27_793e6094,pool_list.json cluster_name; ticker=STAR; name=⭐ Star Pool - #1 ⭐
8e8053ca6e5bcb107f350dcfa6343c707e8f208c5a9f754c15dead06,pool136q98jnwt093qle4ph86vdpuwplg7gyvt20h2nq4m6ksv8xjcuj,strixjpn.github.io,pool_groups_current_HEAD,pool_clusters.json group; ticker=PNR39; balanceanalytics_group=SINGLEPOOL; adastat_group=strixjpn.github.io
ff1e87419c47d5841b48158a20364ee2db48082a2c5c163a554b0159,pool1lu0gwsvugl2cgx6gzk9zqdjwutd5szp293wpvwj4fvq4jleg8ww,strixjpn.github.io,pool_groups_current_HEAD,pool_clusters.json group; ticker=WBFL; balanceanalytics_group=None; adastat_group=strixjpn.github.io
2a75eaa83fd90ceabaab15f2e7be20d7b0953bd8d698a3ed76d27c93,,teststakepool.com,pool_groups_2020_11_27_793e6094,pool_list.json cluster_name; ticker=SWICH; name=Switchool
f3744cef91741855c7e9a3fc2d339c7be1f091d10417d625ab12e522,,teststakepool.com,pool_groups_2020_11_27_793e6094,pool_list.json cluster_name; ticker=TZB; name=TzbPool
576c1b8f96d9bd504aa9d3a271fe65a3667ebb5fdb7b0c596c561e57,,thc-room335.com,pool_groups_2020_11_27_793e6094,pool_list.json cluster_name; ticker=THC2; name=THC Cardano Stake World
5e8ae74679ea682a4891ec532e394d18a8f83a858f3480bdf6051201,pool1t69ww3neaf5z5jy3a3fjuw2drz50sw593u6gp00kq5fqz3n58h4,thegoodnode.com,pool_groups_current_HEAD,pool_clusters.json group; ticker=SDG1; balanceanalytics_group=SINGLEPOOL; adastat_group=thegoodnode.com
bd0cdc8bd27cf19720d0aece925a4b2c85c21f4b3e5fbf6fdb57fc57,pool1h5xdez7j0ncewgxs4m8fykjt9jzuy86t8e0m7m7m2l79w4jzzk2,thegoodnode.com,pool_groups_current_HEAD,pool_clusters.json group; ticker=GOOD; balanceanalytics_group=SINGLEPOOL; adastat_group=thegoodnode.com
c42fc4be44abfa78a3e8776d91acb81266018480d09c0f915e7d3637,pool1cshuf0jy40a83glgwakert9czfnqrpyq6zwqly2705mrwkajuhu,thegoodnode.com,pool_groups_current_HEAD,pool_clusters.json group; ticker=TGN; balanceanalytics_group=SINGLEPOOL; adastat_group=thegoodnode.com
40445f4ee0466077a113ca730ba233aa06118feb6b04019e02a25864,pool1gpz97nhqges80ggnefeshg3n4grprrltdvzqr8sz5fvxg3lekqh,tigrpool.com,pool_groups_current_HEAD,pool_clusters.json group; ticker=None; balanceanalytics_group=SINGLEPOOL; adastat_group=tigrpool.com
9679adda758c30723c89a49cb49348a131efec8b8861b52ffccf8294,pool1jeu6mkn43sc8y0yf5jwtfy6g5yc7lmyt3psm2tlue7pfg8deygg,tigrpool.com,pool_groups_current_HEAD,pool_clusters.json group; ticker=None; balanceanalytics_group=SINGLEPOOL; adastat_group=tigrpool.com
239f484ea1297ca0ebf06b8a8aadcc719a9f28605a78c74dee0fa3a6,pool1yw05sn4p9972p6lsdw9g4twvwxdf72rqtfuvwn0wp736vh4azfn,tlaib.com,pool_groups_current_HEAD,pool_clusters.json group; ticker=TLB; balanceanalytics_group=SINGLEPOOL; adastat_group=tlaib.com
7a608a12c2c4b8205122d9592d36246be520211a04c5dd70ee581faf,pool10fsg5ykzcjuzq5fzm9vj6d3yd0jjqgg6qnza6u8wtq0677vam2t,tlaib.com,pool_groups_current_HEAD,pool_clusters.json group; ticker=None; balanceanalytics_group=SINGLEPOOL; adastat_group=tlaib.com
62addcd26ecc51af8d6b259cc10cb9337214ea8ca310964b0643bd36,,toast-pool.us,pool_groups_2020_11_27_793e6094,pool_list.json cluster_name; ticker=TOAS2; name=Toasty Too
b43a281762c70838ed2363aa76e28eb2212c644bed89bdb3d209bf9f,,toast-pool.us,pool_groups_2020_11_27_793e6094,pool_list.json cluster_name; ticker=TOAST; name=TOASTY POOL
8fa4537044c02b232430dca78f51ca74c22d1ed7fb990be8b65d2794,pool137j9xuzycq4jxfpsmjnc75w2wnpz68khlwvsh69kt5negg6ldhg,topopool.com,pool_groups_current_HEAD,pool_clusters.json group; ticker=WHITE; balanceanalytics_group=SINGLEPOOL; adastat_group=topopool.com
9dda57fac3474adbe8b64be48aafeff6aa31f59909231f202b642d33,pool1nhd907krga9dh69kf0jg4tl0764rravepy337gptvsknxyyx94k,topopool.com,pool_groups_current_HEAD,pool_clusters.json group; ticker=TOPO⚡; balanceanalytics_group=SINGLEPOOL; adastat_group=topopool.com
04d1d6ff18fcec0435cdafe2c0d11b4371ec06c9cdbda0786286000b,pool1qngadlcclnkqgdwd4l3vp5gmgdc7cpkfek76q7rzscqqk5ak9y8,unitegrity.com,pool_groups_current_HEAD,pool_clusters.json group; ticker=UNIT; balanceanalytics_group=SINGLEPOOL; adastat_group=unitegrity.com
d23a78c60e3ac5c630f1401480e844e3af28feddacf2c9f792a2061e,pool16ga833sw8tzuvv83gq2gp6zyuwhj3lka4nevnauj5grpuq8y2al,unitegrity.com,pool_groups_current_HEAD,pool_clusters.json group; ticker=UNIF1; balanceanalytics_group=SINGLEPOOL; adastat_group=unitegrity.com
01fbe26f514707ff29c38aa597ad8ff86a1572e760858d0e7ae4fc32,pool1q8a7ym63gurl72wr32je0tv0lp4p2uh8vzzc6rn6un7ryslvqmu,uptime.live,pool_groups_current_HEAD,pool_clusters.json group; ticker=LSSP; balanceanalytics_group=SINGLEPOOL; adastat_group=uptime.live
be6d07b366b26dd577682e0e499c0d81988d8b3f49b52b853691eeba,pool1heks0vmxkfka2amg9c8yn8qdsxvgmzelfx6jhpfkj8ht5mn0r2m,uptime.live,pool_groups_current_HEAD,pool_clusters.json group; ticker=ADA; balanceanalytics_group=SINGLEPOOL; adastat_group=uptime.live
830562e2cd868678cd8855bce2de0217557e81a5173c9e1111f64e84,pool1svzk9ckds6r83nvg2k7w9hszza2haqd9zu7fuyg37e8gg3dylrf,vivi-chao.github.io,pool_groups_current_HEAD,pool_clusters.json group; ticker=None; balanceanalytics_group=SINGLEPOOL; adastat_group=vivi-chao.github.io
b3db480adb141da7c6845c3676b3d46d72ee5116dfb1e6de12e20bc6,pool1k0d5szkmzsw6035ytsm8dv75d4ewu5gkm7c7dhsjug9uvkaunz3,vivi-chao.github.io,pool_groups_current_HEAD,pool_clusters.json group; ticker=None; balanceanalytics_group=SINGLEPOOL; adastat_group=vivi-chao.github.io
5ed675dd3d0640ca94bf8c3d6a5bfaac0f59930c99a94ffe3686cb70,pool1tmt8thfaqeqv499l3s7k5kl64s84nycvnx55ll3ksm9hq50p0ks,wafflepool.org,pool_groups_current_HEAD,pool_clusters.json group; ticker=WFFL; balanceanalytics_group=SINGLEPOOL; adastat_group=wafflepool.org
82e5cb6e4b443c36b087e6218a5629291585d35083ce2cb625506e1f,pool1stjukmjtgs7rdvy8ucsc543f9y2ct56ss08zed392php7k0teaq,wafflepool.org,pool_groups_current_HEAD,pool_clusters.json group; ticker=None; balanceanalytics_group=SINGLEPOOL; adastat_group=wafflepool.org
4827fe6503b4e0a94aa5621933b193a70e4aed5b8982b355d343135c,pool1fqnluegrkns2jj49vgvn8vvn5u8y4m2m3xptx4wngvf4cnwa2fk,wolfschedule.com,pool_groups_current_HEAD,pool_clusters.json group; ticker=None; balanceanalytics_group=SINGLEPOOL; adastat_group=wolfschedule.com
7743f16b02aad5c841e0c416775812a2862b90ac48e921961928646f,pool1waplz6cz4t2uss0qcst8wkqj52rzhy9vfr5jr9se9pjx7ucjcfm,wolfschedule.com,pool_groups_current_HEAD,pool_clusters.json group; ticker=None; balanceanalytics_group=SINGLEPOOL; adastat_group=wolfschedule.com
9f5b5e2997fb8326a934534284d0778ea6b6361b89f66d89736af788,pool1nad4u2vhlwpjd2f52dpgf5rh36ntvdsm38mxmztndtmcscpy82u,wolfschedule.com,pool_groups_current_HEAD,pool_clusters.json group; ticker=None; balanceanalytics_group=SINGLEPOOL; adastat_group=wolfschedule.com
cd1a686e98b740fb15282ded8fe06d97aaff53ceaac092c2d1a396a5,pool1e5dxsm5ckaq0k9fg9hkclcrdj740757w4tqf9sk35wt22swypdu,wolfschedule.com,pool_groups_current_HEAD,pool_clusters.json group; ticker=None; balanceanalytics_group=SINGLEPOOL; adastat_group=wolfschedule.com
3e6a77126cb65994c1f8a1397f3e9cd2c247eea64fd147eac178f4c4,pool18e48wynvkevefs0c5yuh705u6tpy0m4xflg506kp0r6vga9gkmr,yoda.team,pool_groups_current_HEAD,pool_clusters.json group; ticker=None; balanceanalytics_group=SINGLEPOOL; adastat_group=yoda.team
ec87f8c6822ab8d26a8837d101b177497304da01d6d444c49e0627e9,pool1ajrl335z92udy65gxlgsrvthf9esfksp6m2yf3y7qcn7jqp0zsc,yoda.team,pool_groups_current_HEAD,pool_clusters.json group; ticker=None; balanceanalytics_group=SINGLEPOOL; adastat_group=yoda.team
